symbol,fundingTime,fundingRate,markPrice,markPriceSource,markPriceTimestamp,stalenessMs
BNBUSDT,1581321600000,0,,MARK_PRICE_NO_DATA,,
BNBUSDT,1581350400009,0.00304635,,MARK_PRICE_NO_DATA,,
BNBUSDT,1581379200000,0.00161571,,MARK_PRICE_NO_DATA,,
BNBUSDT,1581408000000,0.00261274,,MARK_PRICE_NO_DATA,,
BNBUSDT,1581436800000,0.00155591,,MARK_PRICE_NO_DATA,,
BNBUSDT,1581465600000,0.00326618,,MARK_PRICE_NO_DATA,,
BNBUSDT,1581494400001,0.00222329,,MARK_PRICE_NO_DATA,,
BNBUSDT,1581523200000,0.00123233,,MARK_PRICE_NO_DATA,,
BNBUSDT,1581552000001,0.00066404,,MARK_PRICE_NO_DATA,,
BNBUSDT,1581580800000,0.00339783,,MARK_PRICE_NO_DATA,,
BNBUSDT,1581609600000,0.00051288,,MARK_PRICE_NO_DATA,,
BNBUSDT,1581638400000,0,,MARK_PRICE_NO_DATA,,
BNBUSDT,1581667200000,0.0008311,,MARK_PRICE_NO_DATA,,
BNBUSDT,1581696000000,0.00045706,,MARK_PRICE_NO_DATA,,
BNBUSDT,1581724800000,0.00205219,,MARK_PRICE_NO_DATA,,
BNBUSDT,1581753600000,0.00121877,,MARK_PRICE_NO_DATA,,
BNBUSDT,1581782400000,0.00231415,,MARK_PRICE_NO_DATA,,
BNBUSDT,1581811200000,0,,MARK_PRICE_NO_DATA,,
BNBUSDT,1581840000000,0,,MARK_PRICE_NO_DATA,,
BNBUSDT,1581868800000,0,,MARK_PRICE_NO_DATA,,
BNBUSDT,1581897600000,0,,MARK_PRICE_NO_DATA,,
BNBUSDT,1581926400000,0.0003025,,MARK_PRICE_NO_DATA,,
BNBUSDT,1581955200000,0.00110646,,MARK_PRICE_NO_DATA,,
BNBUSDT,1581984000000,0.00007369,,MARK_PRICE_NO_DATA,,
BNBUSDT,1582012800000,0,,MARK_PRICE_NO_DATA,,
BNBUSDT,1582041600000,0.00017557,,MARK_PRICE_NO_DATA,,
BNBUSDT,1582070400000,0.00002421,,MARK_PRICE_NO_DATA,,
BNBUSDT,1582099200001,0.00137686,,MARK_PRICE_NO_DATA,,
BNBUSDT,1582128000000,0,,MARK_PRICE_NO_DATA,,
BNBUSDT,1582156800004,0.00046778,,MARK_PRICE_NO_DATA,,
BNBUSDT,1582185600000,0.00072738,,MARK_PRICE_NO_DATA,,
BNBUSDT,1582214400000,0.00020171,,MARK_PRICE_NO_DATA,,
BNBUSDT,1582243200000,0,,MARK_PRICE_NO_DATA,,
BNBUSDT,1582272000000,0.0002414,,MARK_PRICE_NO_DATA,,
BNBUSDT,1582300800000,0.00042486,,MARK_PRICE_NO_DATA,,
BNBUSDT,1582329600000,0.00064889,,MARK_PRICE_NO_DATA,,
BNBUSDT,1582358400001,0.00049596,,MARK_PRICE_NO_DATA,,
BNBUSDT,1582387200000,0.00052603,,MARK_PRICE_NO_DATA,,
BNBUSDT,1582416000000,0.00075795,,MARK_PRICE_NO_DATA,,
BNBUSDT,1582444800000,0.00081155,,MARK_PRICE_NO_DATA,,
BNBUSDT,1582473600000,0.00020372,,MARK_PRICE_NO_DATA,,
BNBUSDT,1582502400015,0.00043004,,MARK_PRICE_NO_DATA,,
BNBUSDT,1582531200000,0.00015968,,MARK_PRICE_NO_DATA,,
BNBUSDT,1582560000000,0.00043662,,MARK_PRICE_NO_DATA,,
BNBUSDT,1582588800001,0.00012455,,MARK_PRICE_NO_DATA,,
BNBUSDT,1582617600000,0.00030493,,MARK_PRICE_NO_DATA,,
BNBUSDT,1582646400001,0.00031773,,MARK_PRICE_NO_DATA,,
BNBUSDT,1582675200000,0.00015623,,MARK_PRICE_NO_DATA,,
BNBUSDT,1582704000001,0.00018209,,MARK_PRICE_NO_DATA,,
BNBUSDT,1582732800000,0,,MARK_PRICE_NO_DATA,,
BNBUSDT,1582761600001,0,,MARK_PRICE_NO_DATA,,
BNBUSDT,1582790400001,0,,MARK_PRICE_NO_DATA,,
BNBUSDT,1582819200000,0,,MARK_PRICE_NO_DATA,,
BNBUSDT,1582848000000,0,,MARK_PRICE_NO_DATA,,
BNBUSDT,1582876800000,0,,MARK_PRICE_NO_DATA,,
BNBUSDT,1582905600000,0,,MARK_PRICE_NO_DATA,,
BNBUSDT,1582934400000,0,,MARK_PRICE_NO_DATA,,
BNBUSDT,1582963200000,0,,MARK_PRICE_NO_DATA,,
BNBUSDT,1582992000000,0.00028972,,MARK_PRICE_NO_DATA,,
BNBUSDT,1583020800000,0.00019026,,MARK_PRICE_NO_DATA,,
BNBUSDT,1583049600000,0.00031743,,MARK_PRICE_NO_DATA,,
BNBUSDT,1583078400001,0.00038074,,MARK_PRICE_NO_DATA,,
BNBUSDT,1583107200000,0,,MARK_PRICE_NO_DATA,,
BNBUSDT,1583136000000,0,,MARK_PRICE_NO_DATA,,
BNBUSDT,1583164800004,0,,MARK_PRICE_NO_DATA,,
BNBUSDT,1583193600000,-0.00001823,,MARK_PRICE_NO_DATA,,
BNBUSDT,1583222400003,-0.00020427,,MARK_PRICE_NO_DATA,,
BNBUSDT,1583251200000,0,,MARK_PRICE_NO_DATA,,
BNBUSDT,1583280000002,0,,MARK_PRICE_NO_DATA,,
BNBUSDT,1583308800000,0,,MARK_PRICE_NO_DATA,,
BNBUSDT,1583337600001,-0.0006366,,MARK_PRICE_NO_DATA,,
BNBUSDT,1583366400000,0,,MARK_PRICE_NO_DATA,,
BNBUSDT,1583395200000,0.00016672,,MARK_PRICE_NO_DATA,,
BNBUSDT,1583424000000,0.00003555,,MARK_PRICE_NO_DATA,,
BNBUSDT,1583452800003,0.00072615,,MARK_PRICE_NO_DATA,,
BNBUSDT,1583481600000,0.00006931,,MARK_PRICE_NO_DATA,,
BNBUSDT,1583510400000,0.00018643,,MARK_PRICE_NO_DATA,,
BNBUSDT,1583539200000,0,,MARK_PRICE_NO_DATA,,
BNBUSDT,1583568000001,0.00099038,,MARK_PRICE_NO_DATA,,
BNBUSDT,1583596800000,0.00076374,,MARK_PRICE_NO_DATA,,
BNBUSDT,1583625600001,0.00084351,,MARK_PRICE_NO_DATA,,
BNBUSDT,1583654400000,0.00050183,,MARK_PRICE_NO_DATA,,
BNBUSDT,1583683200006,0.00066063,,MARK_PRICE_NO_DATA,,
BNBUSDT,1583712000000,0.00076211,,MARK_PRICE_NO_DATA,,
BNBUSDT,1583740800000,0,,MARK_PRICE_NO_DATA,,
BNBUSDT,1583769600000,0,,MARK_PRICE_NO_DATA,,
BNBUSDT,1583798400000,0,,MARK_PRICE_NO_DATA,,
BNBUSDT,1583827200000,0,,MARK_PRICE_NO_DATA,,
BNBUSDT,1583856000000,0,,MARK_PRICE_NO_DATA,,
BNBUSDT,1583884800001,0,,MARK_PRICE_NO_DATA,,
BNBUSDT,1583913600000,0,,MARK_PRICE_NO_DATA,,
BNBUSDT,1583942400000,0,,MARK_PRICE_NO_DATA,,
BNBUSDT,1583971200001,0,,MARK_PRICE_NO_DATA,,
BNBUSDT,1584000000001,0,,MARK_PRICE_NO_DATA,,
BNBUSDT,1584028800000,-0.0004214,,MARK_PRICE_NO_DATA,,
BNBUSDT,1584057600000,0.00001447,,MARK_PRICE_NO_DATA,,
BNBUSDT,1584086400000,-0.00584369,,MARK_PRICE_NO_DATA,,
BNBUSDT,1584115200002,-0.00142512,,MARK_PRICE_NO_DATA,,
BNBUSDT,1584144000000,-0.00003866,,MARK_PRICE_NO_DATA,,
BNBUSDT,1584172800001,0.00138786,,MARK_PRICE_NO_DATA,,
BNBUSDT,1584201600000,0.00061685,,MARK_PRICE_NO_DATA,,
BNBUSDT,1584230400000,0.00031569,,MARK_PRICE_NO_DATA,,
BNBUSDT,1584259200000,0,,MARK_PRICE_NO_DATA,,
BNBUSDT,1584288000001,0.00049659,,MARK_PRICE_NO_DATA,,
BNBUSDT,1584316800000,0,,MARK_PRICE_NO_DATA,,
BNBUSDT,1584345600000,0,,MARK_PRICE_NO_DATA,,
BNBUSDT,1584374400001,-0.00025194,,MARK_PRICE_NO_DATA,,
BNBUSDT,1584403200000,0,,MARK_PRICE_NO_DATA,,
BNBUSDT,1584432000000,0.00006145,,MARK_PRICE_NO_DATA,,
BNBUSDT,1584460800000,0,,MARK_PRICE_NO_DATA,,
BNBUSDT,1584489600000,0,,MARK_PRICE_NO_DATA,,
BNBUSDT,1584518400000,0,,MARK_PRICE_NO_DATA,,
BNBUSDT,1584547200000,0,,MARK_PRICE_NO_DATA,,
BNBUSDT,1584576000000,0,,MARK_PRICE_NO_DATA,,
BNBUSDT,1584604800000,0,,MARK_PRICE_NO_DATA,,
BNBUSDT,1584633600000,0,,MARK_PRICE_NO_DATA,,
BNBUSDT,1584662400000,0,,MARK_PRICE_NO_DATA,,
BNBUSDT,1584691200000,0,,MARK_PRICE_NO_DATA,,
BNBUSDT,1584720000000,0.00003196,,MARK_PRICE_NO_DATA,,
BNBUSDT,1584748800000,0,,MARK_PRICE_NO_DATA,,
BNBUSDT,1584777600000,0,,MARK_PRICE_NO_DATA,,
BNBUSDT,1584806400000,0,,MARK_PRICE_NO_DATA,,
BNBUSDT,1584835200000,0,,MARK_PRICE_NO_DATA,,
BNBUSDT,1584864000001,0,,MARK_PRICE_NO_DATA,,
BNBUSDT,1584892800000,0,,MARK_PRICE_NO_DATA,,
BNBUSDT,1584921600000,0,,MARK_PRICE_NO_DATA,,
BNBUSDT,1584950400000,0,,MARK_PRICE_NO_DATA,,
BNBUSDT,1584979200000,0,,MARK_PRICE_NO_DATA,,
BNBUSDT,1585008000000,0,,MARK_PRICE_NO_DATA,,
BNBUSDT,1585036800000,0,,MARK_PRICE_NO_DATA,,
BNBUSDT,1585065600000,0,,MARK_PRICE_NO_DATA,,
BNBUSDT,1585094400000,-0.00028381,,MARK_PRICE_NO_DATA,,
BNBUSDT,1585123200000,-0.00063857,,MARK_PRICE_NO_DATA,,
BNBUSDT,1585152000001,-0.00116804,,MARK_PRICE_NO_DATA,,
BNBUSDT,1585180800006,-0.00136474,,MARK_PRICE_NO_DATA,,
BNBUSDT,1585209600002,-0.00101418,,MARK_PRICE_NO_DATA,,
BNBUSDT,1585238400000,0,,MARK_PRICE_NO_DATA,,
BNBUSDT,1585267200000,0,,MARK_PRICE_NO_DATA,,
BNBUSDT,1585296000000,0,,MARK_PRICE_NO_DATA,,
BNBUSDT,1585324800000,-0.00088447,,MARK_PRICE_NO_DATA,,
BNBUSDT,1585353600000,-0.00069922,,MARK_PRICE_NO_DATA,,
BNBUSDT,1585382400000,0,,MARK_PRICE_NO_DATA,,
BNBUSDT,1585411200000,-0.00096105,,MARK_PRICE_NO_DATA,,
BNBUSDT,1585440000000,-0.0009582,,MARK_PRICE_NO_DATA,,
BNBUSDT,1585468800001,-0.00071773,,MARK_PRICE_NO_DATA,,
BNBUSDT,1585497600000,-0.00030985,,MARK_PRICE_NO_DATA,,
BNBUSDT,1585526400000,-0.00058307,,MARK_PRICE_NO_DATA,,
BNBUSDT,1585555200000,-0.00051558,,MARK_PRICE_NO_DATA,,
BNBUSDT,1585584000000,-0.00037297,,MARK_PRICE_NO_DATA,,
BNBUSDT,1585612800000,-0.00034341,,MARK_PRICE_NO_DATA,,
BNBUSDT,1585641600001,-0.00044911,,MARK_PRICE_NO_DATA,,
BNBUSDT,1585670400001,0,,MARK_PRICE_NO_DATA,,
BNBUSDT,1585699200002,0,,MARK_PRICE_NO_DATA,,
BNBUSDT,1585728000000,0,,MARK_PRICE_NO_DATA,,
BNBUSDT,1585756800001,0,,MARK_PRICE_NO_DATA,,
BNBUSDT,1585785600000,-0.00038278,,MARK_PRICE_NO_DATA,,
BNBUSDT,1585814400000,-0.0005377,,MARK_PRICE_NO_DATA,,
BNBUSDT,1585843200000,0,,MARK_PRICE_NO_DATA,,
BNBUSDT,1585872000000,-0.00005878,,MARK_PRICE_NO_DATA,,
BNBUSDT,1585900800000,-0.00093878,,MARK_PRICE_NO_DATA,,
BNBUSDT,1585929600000,0,,MARK_PRICE_NO_DATA,,
BNBUSDT,1585958400000,0,,MARK_PRICE_NO_DATA,,
BNBUSDT,1585987200000,0,,MARK_PRICE_NO_DATA,,
BNBUSDT,1586016000000,0,,MARK_PRICE_NO_DATA,,
BNBUSDT,1586044800001,0.00001815,,MARK_PRICE_NO_DATA,,
BNBUSDT,1586073600000,0.00003597,,MARK_PRICE_NO_DATA,,
BNBUSDT,1586102400000,0,,MARK_PRICE_NO_DATA,,
BNBUSDT,1586131200000,0.0001949,,MARK_PRICE_NO_DATA,,
BNBUSDT,1586160000000,0.00012984,,MARK_PRICE_NO_DATA,,
BNBUSDT,1586188800000,0,,MARK_PRICE_NO_DATA,,
BNBUSDT,1586217600000,0,,MARK_PRICE_NO_DATA,,
BNBUSDT,1586246400000,0.00008068,,MARK_PRICE_NO_DATA,,
BNBUSDT,1586275200000,0.00006871,,MARK_PRICE_NO_DATA,,
BNBUSDT,1586304000000,0,,MARK_PRICE_NO_DATA,,
BNBUSDT,1586332800000,0,,MARK_PRICE_NO_DATA,,
BNBUSDT,1586361600000,0,,MARK_PRICE_NO_DATA,,
BNBUSDT,1586390400000,0,,MARK_PRICE_NO_DATA,,
BNBUSDT,1586419200001,0,,MARK_PRICE_NO_DATA,,
BNBUSDT,1586448000000,0,,MARK_PRICE_NO_DATA,,
BNBUSDT,1586476800001,0,,MARK_PRICE_NO_DATA,,
BNBUSDT,1586505600000,0,,MARK_PRICE_NO_DATA,,
BNBUSDT,1586534400000,0,,MARK_PRICE_NO_DATA,,
BNBUSDT,1586563200000,-0.00012615,,MARK_PRICE_NO_DATA,,
BNBUSDT,1586592000000,0,,MARK_PRICE_NO_DATA,,
BNBUSDT,1586620800000,0,,MARK_PRICE_NO_DATA,,
BNBUSDT,1586649600000,0,,MARK_PRICE_NO_DATA,,
BNBUSDT,1586678400006,0,,MARK_PRICE_NO_DATA,,
BNBUSDT,1586707200001,0,,MARK_PRICE_NO_DATA,,
BNBUSDT,1586736000001,0,,MARK_PRICE_NO_DATA,,
BNBUSDT,1586764800000,0,,MARK_PRICE_NO_DATA,,
BNBUSDT,1586793600000,-0.00106444,,MARK_PRICE_NO_DATA,,
BNBUSDT,1586822400000,-0.00105536,,MARK_PRICE_NO_DATA,,
BNBUSDT,1586851200000,-0.00048669,,MARK_PRICE_NO_DATA,,
BNBUSDT,1586880000000,-0.00163126,,MARK_PRICE_NO_DATA,,
BNBUSDT,1586908800000,-0.00161834,,MARK_PRICE_NO_DATA,,
BNBUSDT,1586937600000,-0.00054383,,MARK_PRICE_NO_DATA,,
BNBUSDT,1586966400000,0,,MARK_PRICE_NO_DATA,,
BNBUSDT,1586995200000,-0.00022565,,MARK_PRICE_NO_DATA,,
BNBUSDT,1587024000000,-0.00154515,,MARK_PRICE_NO_DATA,,
BNBUSDT,1587052800000,-0.00162046,,MARK_PRICE_NO_DATA,,
BNBUSDT,1587081600000,-0.00244099,,MARK_PRICE_NO_DATA,,
BNBUSDT,1587110400000,-0.0021833,,MARK_PRICE_NO_DATA,,
BNBUSDT,1587139200000,-0.00082619,,MARK_PRICE_NO_DATA,,
BNBUSDT,1587168000000,-0.00088774,,MARK_PRICE_NO_DATA,,
BNBUSDT,1587196800000,-0.00023463,,MARK_PRICE_NO_DATA,,
BNBUSDT,1587225600000,-0.00019125,,MARK_PRICE_NO_DATA,,
BNBUSDT,1587254400000,-0.0007285,,MARK_PRICE_NO_DATA,,
BNBUSDT,1587283200000,-0.00098575,,MARK_PRICE_NO_DATA,,
BNBUSDT,1587312000000,-0.00097202,,MARK_PRICE_NO_DATA,,
BNBUSDT,1587340800000,-0.00083493,,MARK_PRICE_NO_DATA,,
BNBUSDT,1587369600000,-0.00040011,,MARK_PRICE_NO_DATA,,
BNBUSDT,1587398400000,-0.00120041,,MARK_PRICE_NO_DATA,,
BNBUSDT,1587427200000,-0.00205524,,MARK_PRICE_NO_DATA,,
BNBUSDT,1587456000001,-0.0002257,,MARK_PRICE_NO_DATA,,
BNBUSDT,1587484800000,-0.00129702,,MARK_PRICE_NO_DATA,,
BNBUSDT,1587513600001,-0.00099634,,MARK_PRICE_NO_DATA,,
BNBUSDT,1587542400000,-0.00048035,,MARK_PRICE_NO_DATA,,
BNBUSDT,1587571200000,0,,MARK_PRICE_NO_DATA,,
BNBUSDT,1587600000000,0,,MARK_PRICE_NO_DATA,,
BNBUSDT,1587628800001,-0.0005323,,MARK_PRICE_NO_DATA,,
BNBUSDT,1587657600000,0,,MARK_PRICE_NO_DATA,,
BNBUSDT,1587686400000,0,,MARK_PRICE_NO_DATA,,
BNBUSDT,1587715200000,0,,MARK_PRICE_NO_DATA,,
BNBUSDT,1587744000000,0,,MARK_PRICE_NO_DATA,,
BNBUSDT,1587772800003,0,,MARK_PRICE_NO_DATA,,
BNBUSDT,1587801600000,0,,MARK_PRICE_NO_DATA,,
BNBUSDT,1587830400000,0,,MARK_PRICE_NO_DATA,,
BNBUSDT,1587859200000,0,,MARK_PRICE_NO_DATA,,
BNBUSDT,1587888000000,-0.00009795,,MARK_PRICE_NO_DATA,,
BNBUSDT,1587916800000,0,,MARK_PRICE_NO_DATA,,
BNBUSDT,1587945600000,0,,MARK_PRICE_NO_DATA,,
BNBUSDT,1587974400005,0,,MARK_PRICE_NO_DATA,,
BNBUSDT,1588003200000,0,,MARK_PRICE_NO_DATA,,
BNBUSDT,1588032000000,0,,MARK_PRICE_NO_DATA,,
BNBUSDT,1588060800000,-0.00064392,,MARK_PRICE_NO_DATA,,
BNBUSDT,1588089600000,0,,MARK_PRICE_NO_DATA,,
BNBUSDT,1588118400000,0,,MARK_PRICE_NO_DATA,,
BNBUSDT,1588147200001,0,,MARK_PRICE_NO_DATA,,
BNBUSDT,1588176000000,0,,MARK_PRICE_NO_DATA,,
BNBUSDT,1588204800000,-0.00065188,,MARK_PRICE_NO_DATA,,
BNBUSDT,1588233600000,-0.00016727,,MARK_PRICE_NO_DATA,,
BNBUSDT,1588262400000,-0.00190521,,MARK_PRICE_NO_DATA,,
BNBUSDT,1588291200000,-0.00132408,,MARK_PRICE_NO_DATA,,
BNBUSDT,1588320000000,-0.00021921,,MARK_PRICE_NO_DATA,,
BNBUSDT,1588348800000,-0.00043006,,MARK_PRICE_NO_DATA,,
BNBUSDT,1588377600000,-0.00069085,,MARK_PRICE_NO_DATA,,
BNBUSDT,1588406400000,-0.00080576,,MARK_PRICE_NO_DATA,,
BNBUSDT,1588435200000,-0.00006443,,MARK_PRICE_NO_DATA,,
BNBUSDT,1588464000000,0,,MARK_PRICE_NO_DATA,,
BNBUSDT,1588492800000,0,,MARK_PRICE_NO_DATA,,
BNBUSDT,1588521600000,-0.00121372,,MARK_PRICE_NO_DATA,,
BNBUSDT,1588550400000,-0.00119549,,MARK_PRICE_NO_DATA,,
BNBUSDT,1588579200005,0,,MARK_PRICE_NO_DATA,,
BNBUSDT,1588608000000,0,,MARK_PRICE_NO_DATA,,
BNBUSDT,1588636800000,0,,MARK_PRICE_NO_DATA,,
BNBUSDT,1588665600000,0,,MARK_PRICE_NO_DATA,,
BNBUSDT,1588694400000,0,,MARK_PRICE_NO_DATA,,
BNBUSDT,1588723200001,-0.00056844,,MARK_PRICE_NO_DATA,,
BNBUSDT,1588752000000,-0.00080135,,MARK_PRICE_NO_DATA,,
BNBUSDT,1588780800000,0,,MARK_PRICE_NO_DATA,,
BNBUSDT,1588809600000,0,,MARK_PRICE_NO_DATA,,
BNBUSDT,1588838400011,-0.00021386,,MARK_PRICE_NO_DATA,,
BNBUSDT,1588867200000,0,,MARK_PRICE_NO_DATA,,
BNBUSDT,1588896000000,0,,MARK_PRICE_NO_DATA,,
BNBUSDT,1588924800001,0,,MARK_PRICE_NO_DATA,,
BNBUSDT,1588953600000,0,,MARK_PRICE_NO_DATA,,
BNBUSDT,1588982400000,0,,MARK_PRICE_NO_DATA,,
BNBUSDT,1589011200000,0,,MARK_PRICE_NO_DATA,,
BNBUSDT,1589040000000,0,,MARK_PRICE_NO_DATA,,
BNBUSDT,1589068800000,0,,MARK_PRICE_NO_DATA,,
BNBUSDT,1589097600000,-0.00078928,,MARK_PRICE_NO_DATA,,
BNBUSDT,1589126400000,-0.00060654,,MARK_PRICE_NO_DATA,,
BNBUSDT,1589155200000,0,,MARK_PRICE_NO_DATA,,
BNBUSDT,1589184000000,-0.00025328,,MARK_PRICE_NO_DATA,,
BNBUSDT,1589212800000,0,,MARK_PRICE_NO_DATA,,
BNBUSDT,1589241600000,-0.00029358,,MARK_PRICE_NO_DATA,,
BNBUSDT,1589270400001,0,,MARK_PRICE_NO_DATA,,
BNBUSDT,1589299200000,0,,MARK_PRICE_NO_DATA,,
BNBUSDT,1589328000000,-0.00025472,,MARK_PRICE_NO_DATA,,
BNBUSDT,1589356800000,-0.00099136,,MARK_PRICE_NO_DATA,,
BNBUSDT,1589385600000,0,,MARK_PRICE_NO_DATA,,
BNBUSDT,1589414400000,0,,MARK_PRICE_NO_DATA,,
BNBUSDT,1589443200000,-0.00095429,,MARK_PRICE_NO_DATA,,
BNBUSDT,1589472000000,-0.00009641,,MARK_PRICE_NO_DATA,,
BNBUSDT,1589500800000,0,,MARK_PRICE_NO_DATA,,
BNBUSDT,1589529600000,0,,MARK_PRICE_NO_DATA,,
BNBUSDT,1589558400001,0,,MARK_PRICE_NO_DATA,,
BNBUSDT,1589587200008,0,,MARK_PRICE_NO_DATA,,
BNBUSDT,1589616000000,0,,MARK_PRICE_NO_DATA,,
BNBUSDT,1589644800000,0,,MARK_PRICE_NO_DATA,,
BNBUSDT,1589673600002,0,,MARK_PRICE_NO_DATA,,
BNBUSDT,1589702400000,0,,MARK_PRICE_NO_DATA,,
BNBUSDT,1589731200000,0,,MARK_PRICE_NO_DATA,,
BNBUSDT,1589760000000,0,,MARK_PRICE_NO_DATA,,
BNBUSDT,1589788800000,0,,MARK_PRICE_NO_DATA,,
BNBUSDT,1589817600001,0,,MARK_PRICE_NO_DATA,,
BNBUSDT,1589846400005,0,,MARK_PRICE_NO_DATA,,
BNBUSDT,1589875200000,0,,MARK_PRICE_NO_DATA,,
BNBUSDT,1589904000000,0,,MARK_PRICE_NO_DATA,,
BNBUSDT,1589932800000,0,,MARK_PRICE_NO_DATA,,
BNBUSDT,1589961600000,0,,MARK_PRICE_NO_DATA,,
BNBUSDT,1589990400006,0,,MARK_PRICE_NO_DATA,,
BNBUSDT,1590019200000,0,,MARK_PRICE_NO_DATA,,
BNBUSDT,1590048000000,0,,MARK_PRICE_NO_DATA,,
BNBUSDT,1590076800000,0,,MARK_PRICE_NO_DATA,,
BNBUSDT,1590105600006,0,,MARK_PRICE_NO_DATA,,
BNBUSDT,1590134400000,0.00002744,,MARK_PRICE_NO_DATA,,
BNBUSDT,1590163200000,0,,MARK_PRICE_NO_DATA,,
BNBUSDT,1590192000003,0.0000999,,MARK_PRICE_NO_DATA,,
BNBUSDT,1590220800000,0.00005223,,MARK_PRICE_NO_DATA,,
BNBUSDT,1590249600000,0,,MARK_PRICE_NO_DATA,,
BNBUSDT,1590278400006,0.00005841,,MARK_PRICE_NO_DATA,,
BNBUSDT,1590307200000,0.00023836,,MARK_PRICE_NO_DATA,,
BNBUSDT,1590336000000,0,,MARK_PRICE_NO_DATA,,
BNBUSDT,1590364800000,0,,MARK_PRICE_NO_DATA,,
BNBUSDT,1590393600000,0,,MARK_PRICE_NO_DATA,,
BNBUSDT,1590422400000,0,,MARK_PRICE_NO_DATA,,
BNBUSDT,1590451200000,0,,MARK_PRICE_NO_DATA,,
BNBUSDT,1590480000006,0,,MARK_PRICE_NO_DATA,,
BNBUSDT,1590508800000,0,,MARK_PRICE_NO_DATA,,
BNBUSDT,1590537600000,0,,MARK_PRICE_NO_DATA,,
BNBUSDT,1590566400000,0,,MARK_PRICE_NO_DATA,,
BNBUSDT,1590595200000,0,,MARK_PRICE_NO_DATA,,
BNBUSDT,1590624000000,0,,MARK_PRICE_NO_DATA,,
BNBUSDT,1590652800000,0,,MARK_PRICE_NO_DATA,,
BNBUSDT,1590681600000,0,,MARK_PRICE_NO_DATA,,
BNBUSDT,1590710400000,0,,MARK_PRICE_NO_DATA,,
BNBUSDT,1590739200000,0,,MARK_PRICE_NO_DATA,,
BNBUSDT,1590768000000,0,,MARK_PRICE_NO_DATA,,
BNBUSDT,1590796800000,0,,MARK_PRICE_NO_DATA,,
BNBUSDT,1590825600001,0,,MARK_PRICE_NO_DATA,,
BNBUSDT,1590854400000,0.00000896,,MARK_PRICE_NO_DATA,,
BNBUSDT,1590883200000,0.00003531,,MARK_PRICE_NO_DATA,,
BNBUSDT,1590912000001,0.00035834,,MARK_PRICE_NO_DATA,,
BNBUSDT,1590940800000,0,,MARK_PRICE_NO_DATA,,
BNBUSDT,1590969600000,0,,MARK_PRICE_NO_DATA,,
BNBUSDT,1590998400001,0,,MARK_PRICE_NO_DATA,,
BNBUSDT,1591027200000,0,,MARK_PRICE_NO_DATA,,
BNBUSDT,1591056000000,0.00008273,,MARK_PRICE_NO_DATA,,
BNBUSDT,1591084800002,0.00150317,,MARK_PRICE_NO_DATA,,
BNBUSDT,1591113600000,0.00015673,,MARK_PRICE_NO_DATA,,
BNBUSDT,1591142400000,0,,MARK_PRICE_NO_DATA,,
BNBUSDT,1591171200000,0,,MARK_PRICE_NO_DATA,,
BNBUSDT,1591200000002,0,,MARK_PRICE_NO_DATA,,
BNBUSDT,1591228800001,0,,MARK_PRICE_NO_DATA,,
BNBUSDT,1591257600004,0,,MARK_PRICE_NO_DATA,,
BNBUSDT,1591286400001,0,,MARK_PRICE_NO_DATA,,
BNBUSDT,1591315200001,0,,MARK_PRICE_NO_DATA,,
BNBUSDT,1591344000000,0,,MARK_PRICE_NO_DATA,,
BNBUSDT,1591372800001,0,,MARK_PRICE_NO_DATA,,
BNBUSDT,1591401600000,0,,MARK_PRICE_NO_DATA,,
BNBUSDT,1591430400000,0,,MARK_PRICE_NO_DATA,,
BNBUSDT,1591459200000,0,,MARK_PRICE_NO_DATA,,
BNBUSDT,1591488000000,0,,MARK_PRICE_NO_DATA,,
BNBUSDT,1591516800000,0,,MARK_PRICE_NO_DATA,,
BNBUSDT,1591545600006,0.00003662,,MARK_PRICE_NO_DATA,,
BNBUSDT,1591574400008,0,,MARK_PRICE_NO_DATA,,
BNBUSDT,1591603200007,0,,MARK_PRICE_NO_DATA,,
BNBUSDT,1591632000000,0,,MARK_PRICE_NO_DATA,,
BNBUSDT,1591660800000,0,,MARK_PRICE_NO_DATA,,
BNBUSDT,1591689600000,0,,MARK_PRICE_NO_DATA,,
BNBUSDT,1591718400000,0.00028021,,MARK_PRICE_NO_DATA,,
BNBUSDT,1591747200000,0,,MARK_PRICE_NO_DATA,,
BNBUSDT,1591776000000,0,,MARK_PRICE_NO_DATA,,
BNBUSDT,1591804800000,0,,MARK_PRICE_NO_DATA,,
BNBUSDT,1591833600008,0.00003271,,MARK_PRICE_NO_DATA,,
BNBUSDT,1591862400001,0.00006225,,MARK_PRICE_NO_DATA,,
BNBUSDT,1591891200000,0.00022627,,MARK_PRICE_NO_DATA,,
BNBUSDT,1591920000003,0,,MARK_PRICE_NO_DATA,,
BNBUSDT,1591948800000,0,,MARK_PRICE_NO_DATA,,
BNBUSDT,1591977600002,0,,MARK_PRICE_NO_DATA,,
BNBUSDT,1592006400000,0,,MARK_PRICE_NO_DATA,,
BNBUSDT,1592035200001,0,,MARK_PRICE_NO_DATA,,
BNBUSDT,1592064000000,0,,MARK_PRICE_NO_DATA,,
BNBUSDT,1592092800007,0,,MARK_PRICE_NO_DATA,,
BNBUSDT,1592121600000,0,,MARK_PRICE_NO_DATA,,
BNBUSDT,1592150400001,0,,MARK_PRICE_NO_DATA,,
BNBUSDT,1592179200000,0,,MARK_PRICE_NO_DATA,,
BNBUSDT,1592208000001,0,,MARK_PRICE_NO_DATA,,
BNBUSDT,1592236800000,0,,MARK_PRICE_NO_DATA,,
BNBUSDT,1592265600002,0,,MARK_PRICE_NO_DATA,,
BNBUSDT,1592294400000,0,,MARK_PRICE_NO_DATA,,
BNBUSDT,1592323200006,0,,MARK_PRICE_NO_DATA,,
BNBUSDT,1592352000000,0,,MARK_PRICE_NO_DATA,,
BNBUSDT,1592380800007,0,,MARK_PRICE_NO_DATA,,
BNBUSDT,1592409600000,0,,MARK_PRICE_NO_DATA,,
BNBUSDT,1592438400003,0,,MARK_PRICE_NO_DATA,,
BNBUSDT,1592467200001,0,,MARK_PRICE_NO_DATA,,
BNBUSDT,1592496000002,0,,MARK_PRICE_NO_DATA,,
BNBUSDT,1592524800001,0,,MARK_PRICE_NO_DATA,,
BNBUSDT,1592553600003,0,,MARK_PRICE_NO_DATA,,
BNBUSDT,1592582400000,0,,MARK_PRICE_NO_DATA,,
BNBUSDT,1592611200000,0,,MARK_PRICE_NO_DATA,,
BNBUSDT,1592640000009,0,,MARK_PRICE_NO_DATA,,
BNBUSDT,1592668800006,0,,MARK_PRICE_NO_DATA,,
BNBUSDT,1592697600000,0.00022272,,MARK_PRICE_NO_DATA,,
BNBUSDT,1592726400000,0.00023167,,MARK_PRICE_NO_DATA,,
BNBUSDT,1592755200000,0.00012856,,MARK_PRICE_NO_DATA,,
BNBUSDT,1592784000000,0.00015194,,MARK_PRICE_NO_DATA,,
BNBUSDT,1592812800000,0.00055942,,MARK_PRICE_NO_DATA,,
BNBUSDT,1592841600001,0.00050433,,MARK_PRICE_NO_DATA,,
BNBUSDT,1592870400000,0.00041717,,MARK_PRICE_NO_DATA,,
BNBUSDT,1592899200002,0.00032418,,MARK_PRICE_NO_DATA,,
BNBUSDT,1592928000000,0.00022358,,MARK_PRICE_NO_DATA,,
BNBUSDT,1592956800001,0.00032558,,MARK_PRICE_NO_DATA,,
BNBUSDT,1592985600000,0.00031154,,MARK_PRICE_NO_DATA,,
BNBUSDT,1593014400000,0.00022791,,MARK_PRICE_NO_DATA,,
BNBUSDT,1593043200000,0.00065156,,MARK_PRICE_NO_DATA,,
BNBUSDT,1593072000000,0,,MARK_PRICE_NO_DATA,,
BNBUSDT,1593100800000,0,,MARK_PRICE_NO_DATA,,
BNBUSDT,1593129600000,0,,MARK_PRICE_NO_DATA,,
BNBUSDT,1593158400000,0,,MARK_PRICE_NO_DATA,,
BNBUSDT,1593187200000,0,,MARK_PRICE_NO_DATA,,
BNBUSDT,1593216000003,0,,MARK_PRICE_NO_DATA,,
BNBUSDT,1593244800004,0,,MARK_PRICE_NO_DATA,,
BNBUSDT,1593273600000,0,,MARK_PRICE_NO_DATA,,
BNBUSDT,1593302400003,0,,MARK_PRICE_NO_DATA,,
BNBUSDT,1593331200001,0,,MARK_PRICE_NO_DATA,,
BNBUSDT,1593360000000,0,,MARK_PRICE_NO_DATA,,
BNBUSDT,1593388800000,0,,MARK_PRICE_NO_DATA,,
BNBUSDT,1593417600005,0,,MARK_PRICE_NO_DATA,,
BNBUSDT,1593446400000,0,,MARK_PRICE_NO_DATA,,
BNBUSDT,1593475200000,0,,MARK_PRICE_NO_DATA,,
BNBUSDT,1593504000001,0.0000746,,MARK_PRICE_NO_DATA,,
BNBUSDT,1593532800002,0,,MARK_PRICE_NO_DATA,,
BNBUSDT,1593561600002,0.00006488,,MARK_PRICE_NO_DATA,,
BNBUSDT,1593590400000,0.00022682,,MARK_PRICE_NO_DATA,,
BNBUSDT,1593619200000,0.00003501,,MARK_PRICE_NO_DATA,,
BNBUSDT,1593648000001,0,,MARK_PRICE_NO_DATA,,
BNBUSDT,1593676800001,0,,MARK_PRICE_NO_DATA,,
BNBUSDT,1593705600000,0,,MARK_PRICE_NO_DATA,,
BNBUSDT,1593734400000,0.00015225,,MARK_PRICE_NO_DATA,,
BNBUSDT,1593763200001,0,,MARK_PRICE_NO_DATA,,
BNBUSDT,1593792000000,0,,MARK_PRICE_NO_DATA,,
BNBUSDT,1593820800002,0,,MARK_PRICE_NO_DATA,,
BNBUSDT,1593849600002,0.00026054,,MARK_PRICE_NO_DATA,,
BNBUSDT,1593878400001,0.00020423,,MARK_PRICE_NO_DATA,,
BNBUSDT,1593907200000,0,,MARK_PRICE_NO_DATA,,
BNBUSDT,1593936000000,0,,MARK_PRICE_NO_DATA,,
BNBUSDT,1593964800000,0,,MARK_PRICE_NO_DATA,,
BNBUSDT,1593993600000,0,,MARK_PRICE_NO_DATA,,
BNBUSDT,1594022400001,0,,MARK_PRICE_NO_DATA,,
BNBUSDT,1594051200000,0.0010617,,MARK_PRICE_NO_DATA,,
BNBUSDT,1594080000000,0.00045655,,MARK_PRICE_NO_DATA,,
BNBUSDT,1594108800006,0.00098882,,MARK_PRICE_NO_DATA,,
BNBUSDT,1594137600000,0.00088952,,MARK_PRICE_NO_DATA,,
BNBUSDT,1594166400000,0.00078954,,MARK_PRICE_NO_DATA,,
BNBUSDT,1594195200000,0,,MARK_PRICE_NO_DATA,,
BNBUSDT,1594224000000,0.00013316,,MARK_PRICE_NO_DATA,,
BNBUSDT,1594252800001,0.00048519,,MARK_PRICE_NO_DATA,,
BNBUSDT,1594281600002,0.00010307,,MARK_PRICE_NO_DATA,,
BNBUSDT,1594310400000,0.00019539,,MARK_PRICE_NO_DATA,,
BNBUSDT,1594339200000,0,,MARK_PRICE_NO_DATA,,
BNBUSDT,1594368000001,0.00004959,,MARK_PRICE_NO_DATA,,
BNBUSDT,1594396800000,0.00016453,,MARK_PRICE_NO_DATA,,
BNBUSDT,1594425600000,0.00013604,,MARK_PRICE_NO_DATA,,
BNBUSDT,1594454400000,0.00028831,,MARK_PRICE_NO_DATA,,
BNBUSDT,1594483200000,0,,MARK_PRICE_NO_DATA,,
BNBUSDT,1594512000000,0,,MARK_PRICE_NO_DATA,,
BNBUSDT,1594540800000,0,,MARK_PRICE_NO_DATA,,
BNBUSDT,1594569600000,0.00078054,,MARK_PRICE_NO_DATA,,
BNBUSDT,1594598400000,0.00095522,,MARK_PRICE_NO_DATA,,
BNBUSDT,1594627200001,0.00044795,,MARK_PRICE_NO_DATA,,
BNBUSDT,1594656000000,0.000551,,MARK_PRICE_NO_DATA,,
BNBUSDT,1594684800001,0.00010593,,MARK_PRICE_NO_DATA,,
BNBUSDT,1594713600000,0.00066729,,MARK_PRICE_NO_DATA,,
BNBUSDT,1594742400000,0.00084732,,MARK_PRICE_NO_DATA,,
BNBUSDT,1594771200000,0.000419,,MARK_PRICE_NO_DATA,,
BNBUSDT,1594800000000,0.00032947,,MARK_PRICE_NO_DATA,,
BNBUSDT,1594828800000,0.00023178,,MARK_PRICE_NO_DATA,,
BNBUSDT,1594857600000,0.00060186,,MARK_PRICE_NO_DATA,,
BNBUSDT,1594886400002,0.0003019,,MARK_PRICE_NO_DATA,,
BNBUSDT,1594915200001,0,,MARK_PRICE_NO_DATA,,
BNBUSDT,1594944000001,0,,MARK_PRICE_NO_DATA,,
BNBUSDT,1594972800000,0,,MARK_PRICE_NO_DATA,,
BNBUSDT,1595001600000,0,,MARK_PRICE_NO_DATA,,
BNBUSDT,1595030400003,0,,MARK_PRICE_NO_DATA,,
BNBUSDT,1595059200001,0,,MARK_PRICE_NO_DATA,,
BNBUSDT,1595088000000,0,,MARK_PRICE_NO_DATA,,
BNBUSDT,1595116800000,0,,MARK_PRICE_NO_DATA,,
BNBUSDT,1595145600000,0,,MARK_PRICE_NO_DATA,,
BNBUSDT,1595174400000,0,,MARK_PRICE_NO_DATA,,
BNBUSDT,1595203200000,0.00054102,,MARK_PRICE_NO_DATA,,
BNBUSDT,1595232000000,0,,MARK_PRICE_NO_DATA,,
BNBUSDT,1595260800001,0.0004598,,MARK_PRICE_NO_DATA,,
BNBUSDT,1595289600000,0.00027418,,MARK_PRICE_NO_DATA,,
BNBUSDT,1595318400001,0.00069242,,MARK_PRICE_NO_DATA,,
BNBUSDT,1595347200004,0,,MARK_PRICE_NO_DATA,,
BNBUSDT,1595376000000,0,,MARK_PRICE_NO_DATA,,
BNBUSDT,1595404800000,0,,MARK_PRICE_NO_DATA,,
BNBUSDT,1595433600000,0.00019297,,MARK_PRICE_NO_DATA,,
BNBUSDT,1595462400001,0.00028134,,MARK_PRICE_NO_DATA,,
BNBUSDT,1595491200000,0,,MARK_PRICE_NO_DATA,,
BNBUSDT,1595520000001,0.00020308,,MARK_PRICE_NO_DATA,,
BNBUSDT,1595548800000,0.00000766,,MARK_PRICE_NO_DATA,,
BNBUSDT,1595577600000,0,,MARK_PRICE_NO_DATA,,
BNBUSDT,1595606400000,0.00020401,,MARK_PRICE_NO_DATA,,
BNBUSDT,1595635200000,0.00004774,,MARK_PRICE_NO_DATA,,
BNBUSDT,1595664000001,0.00003634,,MARK_PRICE_NO_DATA,,
BNBUSDT,1595692800000,0,,MARK_PRICE_NO_DATA,,
BNBUSDT,1595721600000,0.00012314,,MARK_PRICE_NO_DATA,,
BNBUSDT,1595750400000,0.00052438,,MARK_PRICE_NO_DATA,,
BNBUSDT,1595779200000,0.00015007,,MARK_PRICE_NO_DATA,,
BNBUSDT,1595808000000,0.00014051,,MARK_PRICE_NO_DATA,,
BNBUSDT,1595836800000,0.00073344,,MARK_PRICE_NO_DATA,,
BNBUSDT,1595865600000,0.00015918,,MARK_PRICE_NO_DATA,,
BNBUSDT,1595894400000,0.00012999,,MARK_PRICE_NO_DATA,,
BNBUSDT,1595923200001,0.00027606,,MARK_PRICE_NO_DATA,,
BNBUSDT,1595952000000,0.00076482,,MARK_PRICE_NO_DATA,,
BNBUSDT,1595980800000,0.00017989,,MARK_PRICE_NO_DATA,,
BNBUSDT,1596009600000,0.00062354,,MARK_PRICE_NO_DATA,,
BNBUSDT,1596038400000,0.00068354,,MARK_PRICE_NO_DATA,,
BNBUSDT,1596067200000,0.0005463,,MARK_PRICE_NO_DATA,,
BNBUSDT,1596096000001,0.00044976,,MARK_PRICE_NO_DATA,,
BNBUSDT,1596124800000,0.00042414,,MARK_PRICE_NO_DATA,,
BNBUSDT,1596153600000,0.00061617,,MARK_PRICE_NO_DATA,,
BNBUSDT,1596182400001,0.00051379,,MARK_PRICE_NO_DATA,,
BNBUSDT,1596211200000,0.00024454,,MARK_PRICE_NO_DATA,,
BNBUSDT,1596240000005,0.00010009,,MARK_PRICE_NO_DATA,,
BNBUSDT,1596268800000,0.00027659,,MARK_PRICE_NO_DATA,,
BNBUSDT,1596297600001,0.0002282,,MARK_PRICE_NO_DATA,,
BNBUSDT,1596326400000,0.00129589,,MARK_PRICE_NO_DATA,,
BNBUSDT,1596355200001,0,,MARK_PRICE_NO_DATA,,
BNBUSDT,1596384000001,0,,MARK_PRICE_NO_DATA,,
BNBUSDT,1596412800000,0,,MARK_PRICE_NO_DATA,,
BNBUSDT,1596441600001,0,,MARK_PRICE_NO_DATA,,
BNBUSDT,1596470400000,0.00049705,,MARK_PRICE_NO_DATA,,
BNBUSDT,1596499200003,0.000442,,MARK_PRICE_NO_DATA,,
BNBUSDT,1596528000000,0.00069085,,MARK_PRICE_NO_DATA,,
BNBUSDT,1596556800000,0.00060812,,MARK_PRICE_NO_DATA,,
BNBUSDT,1596585600000,0.00043398,,MARK_PRICE_NO_DATA,,
BNBUSDT,1596614400000,0.00027106,,MARK_PRICE_NO_DATA,,
BNBUSDT,1596643200000,0,,MARK_PRICE_NO_DATA,,
BNBUSDT,1596672000000,0,,MARK_PRICE_NO_DATA,,
BNBUSDT,1596700800007,-0.00013679,,MARK_PRICE_NO_DATA,,
BNBUSDT,1596729600000,-0.00020248,,MARK_PRICE_NO_DATA,,
BNBUSDT,1596758400001,0,,MARK_PRICE_NO_DATA,,
BNBUSDT,1596787200000,0,,MARK_PRICE_NO_DATA,,
BNBUSDT,1596816000000,0,,MARK_PRICE_NO_DATA,,
BNBUSDT,1596844800000,-0.00219836,,MARK_PRICE_NO_DATA,,
BNBUSDT,1596873600000,-0.00055752,,MARK_PRICE_NO_DATA,,
BNBUSDT,1596902400000,-0.00150728,,MARK_PRICE_NO_DATA,,
BNBUSDT,1596931200000,-0.00058693,,MARK_PRICE_NO_DATA,,
BNBUSDT,1596960000000,-0.00029548,,MARK_PRICE_NO_DATA,,
BNBUSDT,1596988800000,-0.00036793,,MARK_PRICE_NO_DATA,,
BNBUSDT,1597017600001,0,,MARK_PRICE_NO_DATA,,
BNBUSDT,1597046400000,0,,MARK_PRICE_NO_DATA,,
BNBUSDT,1597075200001,0.00035918,,MARK_PRICE_NO_DATA,,
BNBUSDT,1597104000001,0.00041831,,MARK_PRICE_NO_DATA,,
BNBUSDT,1597132800000,0.00024776,,MARK_PRICE_NO_DATA,,
BNBUSDT,1597161600001,0,,MARK_PRICE_NO_DATA,,
BNBUSDT,1597190400000,0,,MARK_PRICE_NO_DATA,,
BNBUSDT,1597219200000,0,,MARK_PRICE_NO_DATA,,
BNBUSDT,1597248000000,0.00019557,,MARK_PRICE_NO_DATA,,
BNBUSDT,1597276800002,0,,MARK_PRICE_NO_DATA,,
BNBUSDT,1597305600000,0.00074298,,MARK_PRICE_NO_DATA,,
BNBUSDT,1597334400000,0.00063237,,MARK_PRICE_NO_DATA,,
BNBUSDT,1597363200000,0.00075067,,MARK_PRICE_NO_DATA,,
BNBUSDT,1597392000000,0.00057341,,MARK_PRICE_NO_DATA,,
BNBUSDT,1597420800000,0.00097859,,MARK_PRICE_NO_DATA,,
BNBUSDT,1597449600000,0.00014737,,MARK_PRICE_NO_DATA,,
BNBUSDT,1597478400001,0.00038377,,MARK_PRICE_NO_DATA,,
BNBUSDT,1597507200001,0.00053827,,MARK_PRICE_NO_DATA,,
BNBUSDT,1597536000000,0.00042953,,MARK_PRICE_NO_DATA,,
BNBUSDT,1597564800000,0.00017072,,MARK_PRICE_NO_DATA,,
BNBUSDT,1597593600000,0.00014081,,MARK_PRICE_NO_DATA,,
BNBUSDT,1597622400000,0.00066913,,MARK_PRICE_NO_DATA,,
BNBUSDT,1597651200000,0.0005746,,MARK_PRICE_NO_DATA,,
BNBUSDT,1597680000000,0.00047913,,MARK_PRICE_NO_DATA,,
BNBUSDT,1597708800001,0.00156863,,MARK_PRICE_NO_DATA,,
BNBUSDT,1597737600008,0.00080128,,MARK_PRICE_NO_DATA,,
BNBUSDT,1597766400000,0.00047931,,MARK_PRICE_NO_DATA,,
BNBUSDT,1597795200000,0.00014429,,MARK_PRICE_NO_DATA,,
BNBUSDT,1597824000000,0.00015509,,MARK_PRICE_NO_DATA,,
BNBUSDT,1597852800000,0.00037422,,MARK_PRICE_NO_DATA,,
BNBUSDT,1597881600001,0.00133633,,MARK_PRICE_NO_DATA,,
BNBUSDT,1597910400000,0.0004041,,MARK_PRICE_NO_DATA,,
BNBUSDT,1597939200000,0.00045232,,MARK_PRICE_NO_DATA,,
BNBUSDT,1597968000000,0.00072622,,MARK_PRICE_NO_DATA,,
BNBUSDT,1597996800000,0.0002474,,MARK_PRICE_NO_DATA,,
BNBUSDT,1598025600017,0.0001544,,MARK_PRICE_NO_DATA,,
BNBUSDT,1598054400000,0.00016151,,MARK_PRICE_NO_DATA,,
BNBUSDT,1598083200000,0,,MARK_PRICE_NO_DATA,,
BNBUSDT,1598112000000,0.00007395,,MARK_PRICE_NO_DATA,,
BNBUSDT,1598140800000,0.00027256,,MARK_PRICE_NO_DATA,,
BNBUSDT,1598169600000,0.00023605,,MARK_PRICE_NO_DATA,,
BNBUSDT,1598198400000,0.00006471,,MARK_PRICE_NO_DATA,,
BNBUSDT,1598227200006,0,,MARK_PRICE_NO_DATA,,
BNBUSDT,1598256000001,0.0001374,,MARK_PRICE_NO_DATA,,
BNBUSDT,1598284800000,0.00031156,,MARK_PRICE_NO_DATA,,
BNBUSDT,1598313600000,0.00039606,,MARK_PRICE_NO_DATA,,
BNBUSDT,1598342400000,0.00015343,,MARK_PRICE_NO_DATA,,
BNBUSDT,1598371200000,0.00027732,,MARK_PRICE_NO_DATA,,
BNBUSDT,1598400000000,0.00018175,,MARK_PRICE_NO_DATA,,
BNBUSDT,1598428800008,0.00014978,,MARK_PRICE_NO_DATA,,
BNBUSDT,1598457600002,0.00026014,,MARK_PRICE_NO_DATA,,
BNBUSDT,1598486400000,0.00019237,,MARK_PRICE_NO_DATA,,
BNBUSDT,1598515200010,0.00012595,,MARK_PRICE_NO_DATA,,
BNBUSDT,1598544000000,0.00020294,,MARK_PRICE_NO_DATA,,
BNBUSDT,1598572800000,0.00016187,,MARK_PRICE_NO_DATA,,
BNBUSDT,1598601600001,0.00065202,,MARK_PRICE_NO_DATA,,
BNBUSDT,1598630400000,0.00063368,,MARK_PRICE_NO_DATA,,
BNBUSDT,1598659200002,0.00010505,,MARK_PRICE_NO_DATA,,
BNBUSDT,1598688000006,0.00031093,,MARK_PRICE_NO_DATA,,
BNBUSDT,1598716800003,0.00038383,,MARK_PRICE_NO_DATA,,
BNBUSDT,1598745600000,0.00048968,,MARK_PRICE_NO_DATA,,
BNBUSDT,1598774400000,0.0002535,,MARK_PRICE_NO_DATA,,
BNBUSDT,1598803200000,0.00070995,,MARK_PRICE_NO_DATA,,
BNBUSDT,1598832000000,0.00084799,,MARK_PRICE_NO_DATA,,
BNBUSDT,1598860800001,0.00038615,,MARK_PRICE_NO_DATA,,
BNBUSDT,1598889600001,0.00014816,,MARK_PRICE_NO_DATA,,
BNBUSDT,1598918400000,0.00052251,,MARK_PRICE_NO_DATA,,
BNBUSDT,1598947200000,0.00068999,,MARK_PRICE_NO_DATA,,
BNBUSDT,1598976000000,0.00106256,,MARK_PRICE_NO_DATA,,
BNBUSDT,1599004800000,0.0020059,,MARK_PRICE_NO_DATA,,
BNBUSDT,1599033600006,0.00070794,,MARK_PRICE_NO_DATA,,
BNBUSDT,1599062400000,0.00037792,,MARK_PRICE_NO_DATA,,
BNBUSDT,1599091200001,0.00048099,,MARK_PRICE_NO_DATA,,
BNBUSDT,1599120000004,0.00015812,,MARK_PRICE_NO_DATA,,
BNBUSDT,1599148800000,0.00032226,,MARK_PRICE_NO_DATA,,
BNBUSDT,1599177600005,0,,MARK_PRICE_NO_DATA,,
BNBUSDT,1599206400000,0,,MARK_PRICE_NO_DATA,,
BNBUSDT,1599235200006,-0.00009235,,MARK_PRICE_NO_DATA,,
BNBUSDT,1599264000000,-0.00035671,,MARK_PRICE_NO_DATA,,
BNBUSDT,1599292800004,0,,MARK_PRICE_NO_DATA,,
BNBUSDT,1599321600001,-0.00098128,,MARK_PRICE_NO_DATA,,
BNBUSDT,1599350400004,-0.00227287,,MARK_PRICE_NO_DATA,,
BNBUSDT,1599379200000,-0.00038531,,MARK_PRICE_NO_DATA,,
BNBUSDT,1599408000000,0,,MARK_PRICE_NO_DATA,,
BNBUSDT,1599436800002,0,,MARK_PRICE_NO_DATA,,
BNBUSDT,1599465600004,0,,MARK_PRICE_NO_DATA,,
BNBUSDT,1599494400001,-0.00145349,,MARK_PRICE_NO_DATA,,
BNBUSDT,1599523200007,-0.00081396,,MARK_PRICE_NO_DATA,,
BNBUSDT,1599552000006,-0.00186081,,MARK_PRICE_NO_DATA,,
BNBUSDT,1599580800014,-0.00095672,,MARK_PRICE_NO_DATA,,
BNBUSDT,1599609600000,-0.00112424,,MARK_PRICE_NO_DATA,,
BNBUSDT,1599638400000,-0.00151416,,MARK_PRICE_NO_DATA,,
BNBUSDT,1599667200000,-0.00007669,,MARK_PRICE_NO_DATA,,
BNBUSDT,1599696000000,-0.00014308,,MARK_PRICE_NO_DATA,,
BNBUSDT,1599724800005,0,,MARK_PRICE_NO_DATA,,
BNBUSDT,1599753600000,-0.00005155,,MARK_PRICE_NO_DATA,,
BNBUSDT,1599782400000,-0.00055362,,MARK_PRICE_NO_DATA,,
BNBUSDT,1599811200008,-0.00055812,,MARK_PRICE_NO_DATA,,
BNBUSDT,1599840000000,-0.00015613,,MARK_PRICE_NO_DATA,,
BNBUSDT,1599868800008,-0.00044648,,MARK_PRICE_NO_DATA,,
BNBUSDT,1599897600000,-0.00091674,,MARK_PRICE_NO_DATA,,
BNBUSDT,1599926400008,-0.00171385,,MARK_PRICE_NO_DATA,,
BNBUSDT,1599955200000,-0.00136262,,MARK_PRICE_NO_DATA,,
BNBUSDT,1599984000000,-0.00046387,,MARK_PRICE_NO_DATA,,
BNBUSDT,1600012800004,-0.00218179,,MARK_PRICE_NO_DATA,,
BNBUSDT,1600041600003,-0.00170488,,MARK_PRICE_NO_DATA,,
BNBUSDT,1600070400008,-0.00177477,,MARK_PRICE_NO_DATA,,
BNBUSDT,1600099200000,-0.0025029,,MARK_PRICE_NO_DATA,,
BNBUSDT,1600128000000,-0.00162444,,MARK_PRICE_NO_DATA,,
BNBUSDT,1600156800010,-0.00050242,,MARK_PRICE_NO_DATA,,
BNBUSDT,1600185600003,-0.0021692,,MARK_PRICE_NO_DATA,,
BNBUSDT,1600214400014,-0.00066392,,MARK_PRICE_NO_DATA,,
BNBUSDT,1600243200000,-0.00044773,,MARK_PRICE_NO_DATA,,
BNBUSDT,1600272000001,-0.00158392,,MARK_PRICE_NO_DATA,,
BNBUSDT,1600300800006,-0.00065281,,MARK_PRICE_NO_DATA,,
BNBUSDT,1600329600012,-0.00007914,,MARK_PRICE_NO_DATA,,
BNBUSDT,1600358400000,0,,MARK_PRICE_NO_DATA,,
BNBUSDT,1600387200001,-0.00013131,,MARK_PRICE_NO_DATA,,
BNBUSDT,1600416000002,-0.00116222,,MARK_PRICE_NO_DATA,,
BNBUSDT,1600444800002,0,,MARK_PRICE_NO_DATA,,
BNBUSDT,1600473600000,0,,MARK_PRICE_NO_DATA,,
BNBUSDT,1600502400005,9.9e-7,,MARK_PRICE_NO_DATA,,
BNBUSDT,1600531200008,0.00036939,,MARK_PRICE_NO_DATA,,
BNBUSDT,1600560000002,0.00046118,,MARK_PRICE_NO_DATA,,
BNBUSDT,1600588800005,0.00042487,,MARK_PRICE_NO_DATA,,
BNBUSDT,1600617600005,0,,MARK_PRICE_NO_DATA,,
BNBUSDT,1600646400000,0.00006052,,MARK_PRICE_NO_DATA,,
BNBUSDT,1600675200001,0,,MARK_PRICE_NO_DATA,,
BNBUSDT,1600704000000,0,,MARK_PRICE_NO_DATA,,
BNBUSDT,1600732800001,0,,MARK_PRICE_NO_DATA,,
BNBUSDT,1600761600000,0,,MARK_PRICE_NO_DATA,,
BNBUSDT,1600790400004,0,,MARK_PRICE_NO_DATA,,
BNBUSDT,1600819200007,0,,MARK_PRICE_NO_DATA,,
BNBUSDT,1600848000001,0,,MARK_PRICE_NO_DATA,,
BNBUSDT,1600876800001,0,,MARK_PRICE_NO_DATA,,
BNBUSDT,1600905600000,0,,MARK_PRICE_NO_DATA,,
BNBUSDT,1600934400000,0,,MARK_PRICE_NO_DATA,,
BNBUSDT,1600963200000,0,,MARK_PRICE_NO_DATA,,
BNBUSDT,1600992000009,0,,MARK_PRICE_NO_DATA,,
BNBUSDT,1601020800045,-0.00014236,,MARK_PRICE_NO_DATA,,
BNBUSDT,1601049600000,0,,MARK_PRICE_NO_DATA,,
BNBUSDT,1601078400000,0,,MARK_PRICE_NO_DATA,,
BNBUSDT,1601107200000,0,,MARK_PRICE_NO_DATA,,
BNBUSDT,1601136000005,0,,MARK_PRICE_NO_DATA,,
BNBUSDT,1601164800000,-0.00067742,,MARK_PRICE_NO_DATA,,
BNBUSDT,1601193600000,-0.00135555,,MARK_PRICE_NO_DATA,,
BNBUSDT,1601222400019,-0.00065884,,MARK_PRICE_NO_DATA,,
BNBUSDT,1601251200001,-0.00098357,,MARK_PRICE_NO_DATA,,
BNBUSDT,1601280000000,0,,MARK_PRICE_NO_DATA,,
BNBUSDT,1601308800002,-0.00060424,,MARK_PRICE_NO_DATA,,
BNBUSDT,1601337600000,-0.00160076,,MARK_PRICE_NO_DATA,,
BNBUSDT,1601366400000,-0.00138124,,MARK_PRICE_NO_DATA,,
BNBUSDT,1601395200000,-0.00151,,MARK_PRICE_NO_DATA,,
BNBUSDT,1601424000005,-0.00066187,,MARK_PRICE_NO_DATA,,
BNBUSDT,1601452800000,-0.00223882,,MARK_PRICE_NO_DATA,,
BNBUSDT,1601481600000,-0.00281779,,MARK_PRICE_NO_DATA,,
BNBUSDT,1601510400000,-0.00123407,,MARK_PRICE_NO_DATA,,
BNBUSDT,1601539200000,-0.00076986,,MARK_PRICE_NO_DATA,,
BNBUSDT,1601568000000,-0.00066939,,MARK_PRICE_NO_DATA,,
BNBUSDT,1601596800011,-0.00071798,,MARK_PRICE_NO_DATA,,
BNBUSDT,1601625600000,-0.00122515,,MARK_PRICE_NO_DATA,,
BNBUSDT,1601654400005,-0.00044083,,MARK_PRICE_NO_DATA,,
BNBUSDT,1601683200000,-0.00080154,,MARK_PRICE_NO_DATA,,
BNBUSDT,1601712000001,-0.0015424,,MARK_PRICE_NO_DATA,,
BNBUSDT,1601740800000,-0.00174458,,MARK_PRICE_NO_DATA,,
BNBUSDT,1601769600000,-0.00219036,,MARK_PRICE_NO_DATA,,
BNBUSDT,1601798400003,-0.00239764,,MARK_PRICE_NO_DATA,,
BNBUSDT,1601827200001,-0.00220642,,MARK_PRICE_NO_DATA,,
BNBUSDT,1601856000000,-0.00209453,,MARK_PRICE_NO_DATA,,
BNBUSDT,1601884800000,-0.00209556,,MARK_PRICE_NO_DATA,,
BNBUSDT,1601913600012,-0.00079132,,MARK_PRICE_NO_DATA,,
BNBUSDT,1601942400000,-0.000497,,MARK_PRICE_NO_DATA,,
BNBUSDT,1601971200005,-0.00149526,,MARK_PRICE_NO_DATA,,
BNBUSDT,1602000000000,-0.00081215,,MARK_PRICE_NO_DATA,,
BNBUSDT,1602028800000,-0.00070831,,MARK_PRICE_NO_DATA,,
BNBUSDT,1602057600000,-0.00057549,,MARK_PRICE_NO_DATA,,
BNBUSDT,1602086400000,-0.00034934,,MARK_PRICE_NO_DATA,,
BNBUSDT,1602115200000,-0.00053273,,MARK_PRICE_NO_DATA,,
BNBUSDT,1602144000009,0,,MARK_PRICE_NO_DATA,,
BNBUSDT,1602172800003,0,,MARK_PRICE_NO_DATA,,
BNBUSDT,1602201600001,-0.00020094,,MARK_PRICE_NO_DATA,,
BNBUSDT,1602230400000,0,,MARK_PRICE_NO_DATA,,
BNBUSDT,1602259200004,-0.0001996,,MARK_PRICE_NO_DATA,,
BNBUSDT,1602288000005,-0.00087665,,MARK_PRICE_NO_DATA,,
BNBUSDT,1602316800000,0,,MARK_PRICE_NO_DATA,,
BNBUSDT,1602345600011,0,,MARK_PRICE_NO_DATA,,
BNBUSDT,1602374400002,0,,MARK_PRICE_NO_DATA,,
BNBUSDT,1602403200003,0,,MARK_PRICE_NO_DATA,,
BNBUSDT,1602432000004,0,,MARK_PRICE_NO_DATA,,
BNBUSDT,1602460800001,0,,MARK_PRICE_NO_DATA,,
BNBUSDT,1602489600000,0,,MARK_PRICE_NO_DATA,,
BNBUSDT,1602518400011,-0.00041136,,MARK_PRICE_NO_DATA,,
BNBUSDT,1602547200003,-0.00184087,,MARK_PRICE_NO_DATA,,
BNBUSDT,1602576000000,-0.00102663,,MARK_PRICE_NO_DATA,,
BNBUSDT,1602604800001,-0.0010211,,MARK_PRICE_NO_DATA,,
BNBUSDT,1602633600001,-0.00127855,,MARK_PRICE_NO_DATA,,
BNBUSDT,1602662400000,-0.00057013,,MARK_PRICE_NO_DATA,,
BNBUSDT,1602691200001,-0.00069117,,MARK_PRICE_NO_DATA,,
BNBUSDT,1602720000000,-0.00055756,,MARK_PRICE_NO_DATA,,
BNBUSDT,1602748800000,-0.00089281,,MARK_PRICE_NO_DATA,,
BNBUSDT,1602777600000,-0.0015306,,MARK_PRICE_NO_DATA,,
BNBUSDT,1602806400002,0,,MARK_PRICE_NO_DATA,,
BNBUSDT,1602835200003,0,,MARK_PRICE_NO_DATA,,
BNBUSDT,1602864000000,-0.00006873,,MARK_PRICE_NO_DATA,,
BNBUSDT,1602892800006,0,,MARK_PRICE_NO_DATA,,
BNBUSDT,1602921600007,0,,MARK_PRICE_NO_DATA,,
BNBUSDT,1602950400009,-0.00012938,,MARK_PRICE_NO_DATA,,
BNBUSDT,1602979200006,0,,MARK_PRICE_NO_DATA,,
BNBUSDT,1603008000000,-0.00015302,,MARK_PRICE_NO_DATA,,
BNBUSDT,1603036800000,0,,MARK_PRICE_NO_DATA,,
BNBUSDT,1603065600000,-0.00013596,,MARK_PRICE_NO_DATA,,
BNBUSDT,1603094400000,-0.00013061,,MARK_PRICE_NO_DATA,,
BNBUSDT,1603123200000,-0.00018203,,MARK_PRICE_NO_DATA,,
BNBUSDT,1603152000015,0,,MARK_PRICE_NO_DATA,,
BNBUSDT,1603180800000,0,,MARK_PRICE_NO_DATA,,
BNBUSDT,1603209600008,0,,MARK_PRICE_NO_DATA,,
BNBUSDT,1603238400009,0,,MARK_PRICE_NO_DATA,,
BNBUSDT,1603267200004,0,,MARK_PRICE_NO_DATA,,
BNBUSDT,1603296000000,0,,MARK_PRICE_NO_DATA,,
BNBUSDT,1603324800000,0,,MARK_PRICE_NO_DATA,,
BNBUSDT,1603353600000,0.00043594,,MARK_PRICE_NO_DATA,,
BNBUSDT,1603382400004,0.00023644,,MARK_PRICE_NO_DATA,,
BNBUSDT,1603411200007,0.00015567,,MARK_PRICE_NO_DATA,,
BNBUSDT,1603440000000,0,,MARK_PRICE_NO_DATA,,
BNBUSDT,1603468800000,0,,MARK_PRICE_NO_DATA,,
BNBUSDT,1603497600000,0,,MARK_PRICE_NO_DATA,,
BNBUSDT,1603526400000,0,,MARK_PRICE_NO_DATA,,
BNBUSDT,1603555200008,0,,MARK_PRICE_NO_DATA,,
BNBUSDT,1603584000005,0,,MARK_PRICE_NO_DATA,,
BNBUSDT,1603612800014,0,,MARK_PRICE_NO_DATA,,
BNBUSDT,1603641600000,0,,MARK_PRICE_NO_DATA,,
BNBUSDT,1603670400004,0,,MARK_PRICE_NO_DATA,,
BNBUSDT,1603699200000,0,,MARK_PRICE_NO_DATA,,
BNBUSDT,1603728000000,-0.00029603,,MARK_PRICE_NO_DATA,,
BNBUSDT,1603756800000,-0.00033136,,MARK_PRICE_NO_DATA,,
BNBUSDT,1603785600000,0,,MARK_PRICE_NO_DATA,,
BNBUSDT,1603814400000,0,,MARK_PRICE_NO_DATA,,
BNBUSDT,1603843200000,0,,MARK_PRICE_NO_DATA,,
BNBUSDT,1603872000006,0,,MARK_PRICE_NO_DATA,,
BNBUSDT,1603900800001,0,,MARK_PRICE_NO_DATA,,
BNBUSDT,1603929600000,0,,MARK_PRICE_NO_DATA,,
BNBUSDT,1603958400000,0,,MARK_PRICE_NO_DATA,,
BNBUSDT,1603987200000,0,,MARK_PRICE_NO_DATA,,
BNBUSDT,1604016000000,0,,MARK_PRICE_NO_DATA,,
BNBUSDT,1604044800002,-0.00055634,,MARK_PRICE_NO_DATA,,
BNBUSDT,1604073600002,0,,MARK_PRICE_NO_DATA,,
BNBUSDT,1604102400003,0.00002876,,MARK_PRICE_NO_DATA,,
BNBUSDT,1604131200000,0,,MARK_PRICE_NO_DATA,,
BNBUSDT,1604160000000,0.00001981,,MARK_PRICE_NO_DATA,,
BNBUSDT,1604188800000,0,,MARK_PRICE_NO_DATA,,
BNBUSDT,1604217600000,0,,MARK_PRICE_NO_DATA,,
BNBUSDT,1604246400000,0.00017913,,MARK_PRICE_NO_DATA,,
BNBUSDT,1604275200000,0.00018021,,MARK_PRICE_NO_DATA,,
BNBUSDT,1604304000010,0,,MARK_PRICE_NO_DATA,,
BNBUSDT,1604332800000,0,,MARK_PRICE_NO_DATA,,
BNBUSDT,1604361600000,0,,MARK_PRICE_NO_DATA,,
BNBUSDT,1604390400004,0,,MARK_PRICE_NO_DATA,,
BNBUSDT,1604419200009,0,,MARK_PRICE_NO_DATA,,
BNBUSDT,1604448000000,0,,MARK_PRICE_NO_DATA,,
BNBUSDT,1604476800000,0.00008636,,MARK_PRICE_NO_DATA,,
BNBUSDT,1604505600005,0,,MARK_PRICE_NO_DATA,,
BNBUSDT,1604534400017,0,,MARK_PRICE_NO_DATA,,
BNBUSDT,1604563200001,0,,MARK_PRICE_NO_DATA,,
BNBUSDT,1604592000000,0.00026077,,MARK_PRICE_NO_DATA,,
BNBUSDT,1604620800000,0.0004253,,MARK_PRICE_NO_DATA,,
BNBUSDT,1604649600001,0.00028471,,MARK_PRICE_NO_DATA,,
BNBUSDT,1604678400001,0.00080594,,MARK_PRICE_NO_DATA,,
BNBUSDT,1604707200001,0.00082688,,MARK_PRICE_NO_DATA,,
BNBUSDT,1604736000000,0.00050306,,MARK_PRICE_NO_DATA,,
BNBUSDT,1604764800006,0.00066532,,MARK_PRICE_NO_DATA,,
BNBUSDT,1604793600000,0.00006083,,MARK_PRICE_NO_DATA,,
BNBUSDT,1604822400000,0.00024159,,MARK_PRICE_NO_DATA,,
BNBUSDT,1604851200000,0.00000312,,MARK_PRICE_NO_DATA,,
BNBUSDT,1604880000007,0.00026115,,MARK_PRICE_NO_DATA,,
BNBUSDT,1604908800001,0.0001787,,MARK_PRICE_NO_DATA,,
BNBUSDT,1604937600002,0.00031898,,MARK_PRICE_NO_DATA,,
BNBUSDT,1604966400003,0.00066931,,MARK_PRICE_NO_DATA,,
BNBUSDT,1604995200011,0.00020756,,MARK_PRICE_NO_DATA,,
BNBUSDT,1605024000000,0.00040816,,MARK_PRICE_NO_DATA,,
BNBUSDT,1605052800000,0.00048119,,MARK_PRICE_NO_DATA,,
BNBUSDT,1605081600009,0.00050153,,MARK_PRICE_NO_DATA,,
BNBUSDT,1605110400003,0.00041231,,MARK_PRICE_NO_DATA,,
BNBUSDT,1605139200001,0.00021018,,MARK_PRICE_NO_DATA,,
BNBUSDT,1605168000001,0.00041082,,MARK_PRICE_NO_DATA,,
BNBUSDT,1605196800000,0.00028223,,MARK_PRICE_NO_DATA,,
BNBUSDT,1605225600000,0.00012098,,MARK_PRICE_NO_DATA,,
BNBUSDT,1605254400000,0.00068895,,MARK_PRICE_NO_DATA,,
BNBUSDT,1605283200000,0,,MARK_PRICE_NO_DATA,,
BNBUSDT,1605312000005,0.00026108,,MARK_PRICE_NO_DATA,,
BNBUSDT,1605340800004,0.00007188,,MARK_PRICE_NO_DATA,,
BNBUSDT,1605369600001,0.00045721,,MARK_PRICE_NO_DATA,,
BNBUSDT,1605398400001,0,,MARK_PRICE_NO_DATA,,
BNBUSDT,1605427200000,0,,MARK_PRICE_NO_DATA,,
BNBUSDT,1605456000003,0,,MARK_PRICE_NO_DATA,,
BNBUSDT,1605484800000,0.00012458,,MARK_PRICE_NO_DATA,,
BNBUSDT,1605513600010,0.00006633,,MARK_PRICE_NO_DATA,,
BNBUSDT,1605542400001,0.00028833,,MARK_PRICE_NO_DATA,,
BNBUSDT,1605571200002,0.00037759,,MARK_PRICE_NO_DATA,,
BNBUSDT,1605600000003,0.00064437,,MARK_PRICE_NO_DATA,,
BNBUSDT,1605628800003,0.00032459,,MARK_PRICE_NO_DATA,,
BNBUSDT,1605657600005,0.00078963,,MARK_PRICE_NO_DATA,,
BNBUSDT,1605686400006,0.00020545,,MARK_PRICE_NO_DATA,,
BNBUSDT,1605715200000,0.00076341,,MARK_PRICE_NO_DATA,,
BNBUSDT,1605744000008,0.00023643,,MARK_PRICE_NO_DATA,,
BNBUSDT,1605772800000,0.00019603,,MARK_PRICE_NO_DATA,,
BNBUSDT,1605801600001,0.00041661,,MARK_PRICE_NO_DATA,,
BNBUSDT,1605830400003,0,,MARK_PRICE_NO_DATA,,
BNBUSDT,1605859200005,0,,MARK_PRICE_NO_DATA,,
BNBUSDT,1605888000000,0.00073079,,MARK_PRICE_NO_DATA,,
BNBUSDT,1605916800000,0.00090816,,MARK_PRICE_NO_DATA,,
BNBUSDT,1605945600000,0.00066893,,MARK_PRICE_NO_DATA,,
BNBUSDT,1605974400001,0.00138168,,MARK_PRICE_NO_DATA,,
BNBUSDT,1606003200005,0.00095751,,MARK_PRICE_NO_DATA,,
BNBUSDT,1606032000000,0.00073493,,MARK_PRICE_NO_DATA,,
BNBUSDT,1606060800000,0.00045091,,MARK_PRICE_NO_DATA,,
BNBUSDT,1606089600005,0.00146231,,MARK_PRICE_NO_DATA,,
BNBUSDT,1606118400000,0.00159497,,MARK_PRICE_NO_DATA,,
BNBUSDT,1606147200003,0.0016533,,MARK_PRICE_NO_DATA,,
BNBUSDT,1606176000000,0.00052801,,MARK_PRICE_NO_DATA,,
BNBUSDT,1606204800000,0.00226902,,MARK_PRICE_NO_DATA,,
BNBUSDT,1606233600005,0.00102967,,MARK_PRICE_NO_DATA,,
BNBUSDT,1606262400005,0.00079941,,MARK_PRICE_NO_DATA,,
BNBUSDT,1606291200005,0.00045736,,MARK_PRICE_NO_DATA,,
BNBUSDT,1606320000015,0.0016366,,MARK_PRICE_NO_DATA,,
BNBUSDT,1606348800012,0.00023057,,MARK_PRICE_NO_DATA,,
BNBUSDT,1606377600002,0,,MARK_PRICE_NO_DATA,,
BNBUSDT,1606406400001,0,,MARK_PRICE_NO_DATA,,
BNBUSDT,1606435200001,0,,MARK_PRICE_NO_DATA,,
BNBUSDT,1606464000000,0,,MARK_PRICE_NO_DATA,,
BNBUSDT,1606492800007,0.00017518,,MARK_PRICE_NO_DATA,,
BNBUSDT,1606521600007,0.0001589,,MARK_PRICE_NO_DATA,,
BNBUSDT,1606550400012,0.00003871,,MARK_PRICE_NO_DATA,,
BNBUSDT,1606579200000,0.00009293,,MARK_PRICE_NO_DATA,,
BNBUSDT,1606608000007,0.00009222,,MARK_PRICE_NO_DATA,,
BNBUSDT,1606636800000,0.00016366,,MARK_PRICE_NO_DATA,,
BNBUSDT,1606665600000,0,,MARK_PRICE_NO_DATA,,
BNBUSDT,1606694400004,0,,MARK_PRICE_NO_DATA,,
BNBUSDT,1606723200007,0.00024799,,MARK_PRICE_NO_DATA,,
BNBUSDT,1606752000000,0.00048125,,MARK_PRICE_NO_DATA,,
BNBUSDT,1606780800000,0.00067741,,MARK_PRICE_NO_DATA,,
BNBUSDT,1606809600003,0.00087932,,MARK_PRICE_NO_DATA,,
BNBUSDT,1606838400000,0.00007411,,MARK_PRICE_NO_DATA,,
BNBUSDT,1606867200001,0.00016771,,MARK_PRICE_NO_DATA,,
BNBUSDT,1606896000011,0.00042473,,MARK_PRICE_NO_DATA,,
BNBUSDT,1606924800005,0.00070363,,MARK_PRICE_NO_DATA,,
BNBUSDT,1606953600001,0.00067342,,MARK_PRICE_NO_DATA,,
BNBUSDT,1606982400031,0.00054614,,MARK_PRICE_NO_DATA,,
BNBUSDT,1607011200000,0.00073819,,MARK_PRICE_NO_DATA,,
BNBUSDT,1607040000006,0.00047345,,MARK_PRICE_NO_DATA,,
BNBUSDT,1607068800009,0.00055499,,MARK_PRICE_NO_DATA,,
BNBUSDT,1607097600000,0.00003769,,MARK_PRICE_NO_DATA,,
BNBUSDT,1607126400000,0.00003844,,MARK_PRICE_NO_DATA,,
BNBUSDT,1607155200000,0.00043845,,MARK_PRICE_NO_DATA,,
BNBUSDT,1607184000000,0.00035579,,MARK_PRICE_NO_DATA,,
BNBUSDT,1607212800004,0,,MARK_PRICE_NO_DATA,,
BNBUSDT,1607241600000,0,,MARK_PRICE_NO_DATA,,
BNBUSDT,1607270400001,0,,MARK_PRICE_NO_DATA,,
BNBUSDT,1607299200000,0,,MARK_PRICE_NO_DATA,,
BNBUSDT,1607328000008,0,,MARK_PRICE_NO_DATA,,
BNBUSDT,1607356800000,0.00007966,,MARK_PRICE_NO_DATA,,
BNBUSDT,1607385600003,0.00001597,,MARK_PRICE_NO_DATA,,
BNBUSDT,1607414400003,0,,MARK_PRICE_NO_DATA,,
BNBUSDT,1607443200033,0,,MARK_PRICE_NO_DATA,,
BNBUSDT,1607472000000,0,,MARK_PRICE_NO_DATA,,
BNBUSDT,1607500800010,0,,MARK_PRICE_NO_DATA,,
BNBUSDT,1607529600000,0,,MARK_PRICE_NO_DATA,,
BNBUSDT,1607558400000,0,,MARK_PRICE_NO_DATA,,
BNBUSDT,1607587200000,0,,MARK_PRICE_NO_DATA,,
BNBUSDT,1607616000007,0,,MARK_PRICE_NO_DATA,,
BNBUSDT,1607644800000,0,,MARK_PRICE_NO_DATA,,
BNBUSDT,1607673600016,0,,MARK_PRICE_NO_DATA,,
BNBUSDT,1607702400010,0,,MARK_PRICE_NO_DATA,,
BNBUSDT,1607731200009,0.00021507,,MARK_PRICE_NO_DATA,,
BNBUSDT,1607760000002,0,,MARK_PRICE_NO_DATA,,
BNBUSDT,1607788800000,0,,MARK_PRICE_NO_DATA,,
BNBUSDT,1607817600007,0,,MARK_PRICE_NO_DATA,,
BNBUSDT,1607846400000,0,,MARK_PRICE_NO_DATA,,
BNBUSDT,1607875200000,0.00075115,,MARK_PRICE_NO_DATA,,
BNBUSDT,1607904000000,0.00073964,,MARK_PRICE_NO_DATA,,
BNBUSDT,1607932800000,0.000108,,MARK_PRICE_NO_DATA,,
BNBUSDT,1607961600000,0,,MARK_PRICE_NO_DATA,,
BNBUSDT,1607990400006,0,,MARK_PRICE_NO_DATA,,
BNBUSDT,1608019200001,0,,MARK_PRICE_NO_DATA,,
BNBUSDT,1608048000000,0,,MARK_PRICE_NO_DATA,,
BNBUSDT,1608076800001,0,,MARK_PRICE_NO_DATA,,
BNBUSDT,1608105600000,0,,MARK_PRICE_NO_DATA,,
BNBUSDT,1608134400000,0.00031585,,MARK_PRICE_NO_DATA,,
BNBUSDT,1608163200000,0.00086845,,MARK_PRICE_NO_DATA,,
BNBUSDT,1608192000000,0.00099769,,MARK_PRICE_NO_DATA,,
BNBUSDT,1608220800011,0.00115376,,MARK_PRICE_NO_DATA,,
BNBUSDT,1608249600000,0.00036886,,MARK_PRICE_NO_DATA,,
BNBUSDT,1608278400000,0.00025063,,MARK_PRICE_NO_DATA,,
BNBUSDT,1608307200000,0.0011082,,MARK_PRICE_NO_DATA,,
BNBUSDT,1608336000000,0.00068098,,MARK_PRICE_NO_DATA,,
BNBUSDT,1608364800018,0.00040192,,MARK_PRICE_NO_DATA,,
BNBUSDT,1608393600000,0.00195991,,MARK_PRICE_NO_DATA,,
BNBUSDT,1608422400001,0.00154561,,MARK_PRICE_NO_DATA,,
BNBUSDT,1608451200011,0.00171781,,MARK_PRICE_NO_DATA,,
BNBUSDT,1608480000023,0.00092076,,MARK_PRICE_NO_DATA,,
BNBUSDT,1608508800011,0.00072237,,MARK_PRICE_NO_DATA,,
BNBUSDT,1608537600000,0.00100009,,MARK_PRICE_NO_DATA,,
BNBUSDT,1608566400000,0,,MARK_PRICE_NO_DATA,,
BNBUSDT,1608595200001,0,,MARK_PRICE_NO_DATA,,
BNBUSDT,1608624000006,0.00023339,,MARK_PRICE_NO_DATA,,
BNBUSDT,1608652800000,0,,MARK_PRICE_NO_DATA,,
BNBUSDT,1608681600000,0.00022685,,MARK_PRICE_NO_DATA,,
BNBUSDT,1608710400000,0,,MARK_PRICE_NO_DATA,,
BNBUSDT,1608739200000,0.00011562,,MARK_PRICE_NO_DATA,,
BNBUSDT,1608768000012,0,,MARK_PRICE_NO_DATA,,
BNBUSDT,1608796800009,0,,MARK_PRICE_NO_DATA,,
BNBUSDT,1608825600001,0,,MARK_PRICE_NO_DATA,,
BNBUSDT,1608854400000,0,,MARK_PRICE_NO_DATA,,
BNBUSDT,1608883200000,0,,MARK_PRICE_NO_DATA,,
BNBUSDT,1608912000000,0.00010832,,MARK_PRICE_NO_DATA,,
BNBUSDT,1608940800009,0,,MARK_PRICE_NO_DATA,,
BNBUSDT,1608969600001,0.00003928,,MARK_PRICE_NO_DATA,,
BNBUSDT,1608998400006,0.00007426,,MARK_PRICE_NO_DATA,,
BNBUSDT,1609027200000,0.00013631,,MARK_PRICE_NO_DATA,,
BNBUSDT,1609056000000,0.00056858,,MARK_PRICE_NO_DATA,,
BNBUSDT,1609084800001,0.00040994,,MARK_PRICE_NO_DATA,,
BNBUSDT,1609113600015,0.00055837,,MARK_PRICE_NO_DATA,,
BNBUSDT,1609142400019,0.00049391,,MARK_PRICE_NO_DATA,,
BNBUSDT,1609171200000,0.00078046,,MARK_PRICE_NO_DATA,,
BNBUSDT,1609200000004,0.00153255,,MARK_PRICE_NO_DATA,,
BNBUSDT,1609228800003,0.00052219,,MARK_PRICE_NO_DATA,,
BNBUSDT,1609257600000,0.00043125,,MARK_PRICE_NO_DATA,,
BNBUSDT,1609286400001,0.00046595,,MARK_PRICE_NO_DATA,,
BNBUSDT,1609315200001,0.00061042,,MARK_PRICE_NO_DATA,,
BNBUSDT,1609344000012,0.00080909,,MARK_PRICE_NO_DATA,,
BNBUSDT,1609372800009,0.00053089,,MARK_PRICE_NO_DATA,,
BNBUSDT,1609401600000,0.00069171,,MARK_PRICE_NO_DATA,,
BNBUSDT,1609430400010,0.00051749,,MARK_PRICE_NO_DATA,,
BNBUSDT,1609459200002,0.0005917,37.40171073,MARK_PRICE_PREVIOUS_FALLBACK,1609459200000,2
BNBUSDT,1609488000006,0.00056828,37.69715174,MARK_PRICE_PREVIOUS_FALLBACK,1609488000000,6
BNBUSDT,1609516800003,0.00087348,38.25160324,MARK_PRICE_PREVIOUS_FALLBACK,1609516800000,3
BNBUSDT,1609545600000,0.00011634,37.7932692,MARK_PRICE_EXACT_OPEN,1609545600000,0
BNBUSDT,1609574400000,0.00033705,37.38503484,MARK_PRICE_EXACT_OPEN,1609574400000,0
BNBUSDT,1609603200006,0.00067125,38.15899316,MARK_PRICE_PREVIOUS_FALLBACK,1609603200000,6
BNBUSDT,1609632000018,0.00062325,38.22669982,MARK_PRICE_PREVIOUS_FALLBACK,1609632000000,18
BNBUSDT,1609660800000,0.00137736,38.101,MARK_PRICE_EXACT_OPEN,1609660800000,0
BNBUSDT,1609689600002,0.00189349,40.72934939,MARK_PRICE_PREVIOUS_FALLBACK,1609689600000,2
BNBUSDT,1609718400000,0.00287483,41.303,MARK_PRICE_EXACT_OPEN,1609718400000,0
BNBUSDT,1609747200000,0.00343153,40.917,MARK_PRICE_EXACT_OPEN,1609747200000,0
BNBUSDT,1609776000000,0.00112134,39.84937245,MARK_PRICE_EXACT_OPEN,1609776000000,0
BNBUSDT,1609804800020,0.00089558,41.13976001,MARK_PRICE_PREVIOUS_FALLBACK,1609804800000,20
BNBUSDT,1609833600003,0.00039534,39.791,MARK_PRICE_PREVIOUS_FALLBACK,1609833600000,3
BNBUSDT,1609862400003,0.00088404,40.22251986,MARK_PRICE_PREVIOUS_FALLBACK,1609862400000,3
BNBUSDT,1609891200010,0.00124305,41.78216031,MARK_PRICE_PREVIOUS_FALLBACK,1609891200000,10
BNBUSDT,1609920000003,0.00257128,41.16534896,MARK_PRICE_PREVIOUS_FALLBACK,1609920000000,3
BNBUSDT,1609948800000,0.00282457,41.424,MARK_PRICE_EXACT_OPEN,1609948800000,0
BNBUSDT,1609977600007,0.00138368,42.35829847,MARK_PRICE_PREVIOUS_FALLBACK,1609977600000,7
BNBUSDT,1610006400000,0.00157182,43.21172323,MARK_PRICE_EXACT_OPEN,1610006400000,0
BNBUSDT,1610035200004,0.00183982,44.54088476,MARK_PRICE_PREVIOUS_FALLBACK,1610035200000,4
BNBUSDT,1610064000000,0.00136268,43.628,MARK_PRICE_EXACT_OPEN,1610064000000,0
BNBUSDT,1610092800000,0.00021238,42.52488162,MARK_PRICE_EXACT_OPEN,1610092800000,0
BNBUSDT,1610121600000,0.00065217,42.40194883,MARK_PRICE_EXACT_OPEN,1610121600000,0
BNBUSDT,1610150400009,0.00030532,42.39988561,MARK_PRICE_PREVIOUS_FALLBACK,1610150400000,9
BNBUSDT,1610179200004,0.00011567,41.8869963,MARK_PRICE_PREVIOUS_FALLBACK,1610179200000,4
BNBUSDT,1610208000000,0.00023037,42.89045831,MARK_PRICE_EXACT_OPEN,1610208000000,0
BNBUSDT,1610236800000,0.00139198,43.907,MARK_PRICE_EXACT_OPEN,1610236800000,0
BNBUSDT,1610265600005,0.0009064,44.549,MARK_PRICE_PREVIOUS_FALLBACK,1610265600000,5
BNBUSDT,1610294400000,0.0000378,43.59259787,MARK_PRICE_EXACT_OPEN,1610294400000,0
BNBUSDT,1610323200000,0,42.4002411,MARK_PRICE_EXACT_OPEN,1610323200000,0
BNBUSDT,1610352000012,0,39.237,MARK_PRICE_PREVIOUS_FALLBACK,1610352000000,12
BNBUSDT,1610380800000,0,36.474,MARK_PRICE_EXACT_OPEN,1610380800000,0
BNBUSDT,1610409600000,0,38.17562224,MARK_PRICE_EXACT_OPEN,1610409600000,0
BNBUSDT,1610438400000,0,39.69755561,MARK_PRICE_EXACT_OPEN,1610438400000,0
BNBUSDT,1610467200008,0,38.40510789,MARK_PRICE_PREVIOUS_FALLBACK,1610467200000,8
BNBUSDT,1610496000001,0,38.21503308,MARK_PRICE_PREVIOUS_FALLBACK,1610496000000,1
BNBUSDT,1610524800000,0.00015524,38.362,MARK_PRICE_EXACT_OPEN,1610524800000,0
BNBUSDT,1610553600003,0.00043853,38.97824905,MARK_PRICE_PREVIOUS_FALLBACK,1610553600000,3
BNBUSDT,1610582400000,0.00027043,40.16350264,MARK_PRICE_EXACT_OPEN,1610582400000,0
BNBUSDT,1610611200012,0.00084769,40.829,MARK_PRICE_PREVIOUS_FALLBACK,1610611200000,12
BNBUSDT,1610640000000,0.00092805,41.65965919,MARK_PRICE_EXACT_OPEN,1610640000000,0
BNBUSDT,1610668800002,0.00054411,41.92518981,MARK_PRICE_PREVIOUS_FALLBACK,1610668800000,2
BNBUSDT,1610697600000,0.0007094,41.81675714,MARK_PRICE_EXACT_OPEN,1610697600000,0
BNBUSDT,1610726400004,0.00078102,39.70594363,MARK_PRICE_PREVIOUS_FALLBACK,1610726400000,4
BNBUSDT,1610755200000,0.00030613,40.91185829,MARK_PRICE_EXACT_OPEN,1610755200000,0
BNBUSDT,1610784000008,0.00063134,41.76690147,MARK_PRICE_PREVIOUS_FALLBACK,1610784000000,8
BNBUSDT,1610812800000,0.00117698,43.829,MARK_PRICE_EXACT_OPEN,1610812800000,0
BNBUSDT,1610841600009,0.00117036,42.99358467,MARK_PRICE_PREVIOUS_FALLBACK,1610841600000,9
BNBUSDT,1610870400000,0.00073946,41.5692773,MARK_PRICE_EXACT_OPEN,1610870400000,0
BNBUSDT,1610899200001,0.00083505,43.523,MARK_PRICE_PREVIOUS_FALLBACK,1610899200000,1
BNBUSDT,1610928000000,0.00037017,45.873,MARK_PRICE_EXACT_OPEN,1610928000000,0
BNBUSDT,1610956800004,0.00127435,46.14586956,MARK_PRICE_PREVIOUS_FALLBACK,1610956800000,4
BNBUSDT,1610985600000,0.00172842,44.816,MARK_PRICE_EXACT_OPEN,1610985600000,0
BNBUSDT,1611014400000,0.00126416,45.40606181,MARK_PRICE_EXACT_OPEN,1611014400000,0
BNBUSDT,1611043200005,0.00227175,46.04378746,MARK_PRICE_PREVIOUS_FALLBACK,1611043200000,5
BNBUSDT,1611072000012,0.00118764,44.292,MARK_PRICE_PREVIOUS_FALLBACK,1611072000000,12
BNBUSDT,1611100800012,0,42.24765667,MARK_PRICE_PREVIOUS_FALLBACK,1611100800000,12
BNBUSDT,1611129600001,0,42.29968482,MARK_PRICE_PREVIOUS_FALLBACK,1611129600000,1
BNBUSDT,1611158400001,0,40.82320173,MARK_PRICE_PREVIOUS_FALLBACK,1611158400000,1
BNBUSDT,1611187200000,0.00022178,42.62359697,MARK_PRICE_EXACT_OPEN,1611187200000,0
BNBUSDT,1611216000000,0.00020751,41.578,MARK_PRICE_EXACT_OPEN,1611216000000,0
BNBUSDT,1611244800004,0.00001846,39.69998198,MARK_PRICE_PREVIOUS_FALLBACK,1611244800000,4
BNBUSDT,1611273600012,0.00030046,38.69043887,MARK_PRICE_PREVIOUS_FALLBACK,1611273600000,12
BNBUSDT,1611302400003,0,39.40516414,MARK_PRICE_PREVIOUS_FALLBACK,1611302400000,3
BNBUSDT,1611331200001,0,40.7205142,MARK_PRICE_PREVIOUS_FALLBACK,1611331200000,1
BNBUSDT,1611360000000,0,40.89016642,MARK_PRICE_EXACT_OPEN,1611360000000,0
BNBUSDT,1611388800002,-0.00015448,41.212,MARK_PRICE_PREVIOUS_FALLBACK,1611388800000,2
BNBUSDT,1611417600000,0,40.453,MARK_PRICE_EXACT_OPEN,1611417600000,0
BNBUSDT,1611446400001,0.00029714,40.873,MARK_PRICE_PREVIOUS_FALLBACK,1611446400000,1
BNBUSDT,1611475200011,0.00012677,41.919,MARK_PRICE_PREVIOUS_FALLBACK,1611475200000,11
BNBUSDT,1611504000005,0.00069247,41.10824031,MARK_PRICE_PREVIOUS_FALLBACK,1611504000000,5
BNBUSDT,1611532800007,0.00039638,41.874,MARK_PRICE_PREVIOUS_FALLBACK,1611532800000,7
BNBUSDT,1611561600012,0.00079754,42.24597997,MARK_PRICE_PREVIOUS_FALLBACK,1611561600000,12
BNBUSDT,1611590400000,0.00056007,43.044,MARK_PRICE_EXACT_OPEN,1611590400000,0
BNBUSDT,1611619200007,0.00061107,41.40828863,MARK_PRICE_PREVIOUS_FALLBACK,1611619200000,7
BNBUSDT,1611648000000,0.00014018,40.91627583,MARK_PRICE_EXACT_OPEN,1611648000000,0
BNBUSDT,1611676800000,0.00026739,40.685,MARK_PRICE_EXACT_OPEN,1611676800000,0
BNBUSDT,1611705600000,0.00010778,41.85000868,MARK_PRICE_EXACT_OPEN,1611705600000,0
BNBUSDT,1611734400011,0,41.6488464,MARK_PRICE_PREVIOUS_FALLBACK,1611734400000,11
BNBUSDT,1611763200003,0.00038909,40.542,MARK_PRICE_PREVIOUS_FALLBACK,1611763200000,3
BNBUSDT,1611792000000,0.00006272,40.90067697,MARK_PRICE_EXACT_OPEN,1611792000000,0
BNBUSDT,1611820800000,0.00025273,41.967,MARK_PRICE_EXACT_OPEN,1611820800000,0
BNBUSDT,1611849600000,0,42.24565057,MARK_PRICE_EXACT_OPEN,1611849600000,0
BNBUSDT,1611878400009,-0.00071147,42.468,MARK_PRICE_PREVIOUS_FALLBACK,1611878400000,9
BNBUSDT,1611907200000,0,42.57278791,MARK_PRICE_EXACT_OPEN,1611907200000,0
BNBUSDT,1611936000000,0.00150672,43.608,MARK_PRICE_EXACT_OPEN,1611936000000,0
BNBUSDT,1611964800000,0,42.8511691,MARK_PRICE_EXACT_OPEN,1611964800000,0
BNBUSDT,1611993600000,0,43.415,MARK_PRICE_EXACT_OPEN,1611993600000,0
BNBUSDT,1612022400000,-0.00038647,44.918,MARK_PRICE_EXACT_OPEN,1612022400000,0
BNBUSDT,1612051200009,0,44.78773698,MARK_PRICE_PREVIOUS_FALLBACK,1612051200000,9
BNBUSDT,1612080000000,-0.00021993,44.232,MARK_PRICE_EXACT_OPEN,1612080000000,0
BNBUSDT,1612108800000,-0.00009557,43.6387264,MARK_PRICE_EXACT_OPEN,1612108800000,0
BNBUSDT,1612137600001,0,44.21704768,MARK_PRICE_PREVIOUS_FALLBACK,1612137600000,1
BNBUSDT,1612166400014,0,45.85220309,MARK_PRICE_PREVIOUS_FALLBACK,1612166400000,14
BNBUSDT,1612195200000,-0.00210508,48.28,MARK_PRICE_EXACT_OPEN,1612195200000,0
BNBUSDT,1612224000000,0,51.483,MARK_PRICE_EXACT_OPEN,1612224000000,0
BNBUSDT,1612252800006,0.00028841,50.14468779,MARK_PRICE_PREVIOUS_FALLBACK,1612252800000,6
BNBUSDT,1612281600000,-0.00140269,50.176,MARK_PRICE_EXACT_OPEN,1612281600000,0
BNBUSDT,1612310400009,-0.00137817,50.75414247,MARK_PRICE_PREVIOUS_FALLBACK,1612310400000,9
BNBUSDT,1612339200006,0,50.25046612,MARK_PRICE_PREVIOUS_FALLBACK,1612339200000,6
BNBUSDT,1612368000006,-0.00000341,51.255,MARK_PRICE_PREVIOUS_FALLBACK,1612368000000,6
BNBUSDT,1612396800005,-0.00018986,52.215,MARK_PRICE_PREVIOUS_FALLBACK,1612396800000,5
BNBUSDT,1612425600000,0,53.00713378,MARK_PRICE_EXACT_OPEN,1612425600000,0
BNBUSDT,1612454400011,-0.00028705,53.06375933,MARK_PRICE_PREVIOUS_FALLBACK,1612454400000,11
BNBUSDT,1612483200009,-0.00007679,56.25403018,MARK_PRICE_PREVIOUS_FALLBACK,1612483200000,9
BNBUSDT,1612512000004,0.00018485,57.81996637,MARK_PRICE_PREVIOUS_FALLBACK,1612512000000,4
BNBUSDT,1612540800000,0.00028044,60.755,MARK_PRICE_EXACT_OPEN,1612540800000,0
BNBUSDT,1612569600008,-0.00057475,67.41937596,MARK_PRICE_PREVIOUS_FALLBACK,1612569600000,8
BNBUSDT,1612598400009,0,70.7332592,MARK_PRICE_PREVIOUS_FALLBACK,1612598400000,9
BNBUSDT,1612627200000,0.00071564,71.472,MARK_PRICE_EXACT_OPEN,1612627200000,0
BNBUSDT,1612656000000,-0.0002485,72.67760383,MARK_PRICE_EXACT_OPEN,1612656000000,0
BNBUSDT,1612684800005,-0.000665,70.90665587,MARK_PRICE_PREVIOUS_FALLBACK,1612684800000,5
BNBUSDT,1612713600001,-0.00015453,66.62607332,MARK_PRICE_PREVIOUS_FALLBACK,1612713600000,1
BNBUSDT,1612742400000,-0.00033902,68.34529813,MARK_PRICE_EXACT_OPEN,1612742400000,0
BNBUSDT,1612771200001,-0.00177124,72.99625698,MARK_PRICE_PREVIOUS_FALLBACK,1612771200000,1
BNBUSDT,1612800000000,0.00319303,73.784,MARK_PRICE_EXACT_OPEN,1612800000000,0
BNBUSDT,1612828800010,0.0007417,80.19809496,MARK_PRICE_PREVIOUS_FALLBACK,1612828800000,10
BNBUSDT,1612857600006,0.00326459,93.70044424,MARK_PRICE_PREVIOUS_FALLBACK,1612857600000,6
BNBUSDT,1612886400007,0.00147289,105.417,MARK_PRICE_PREVIOUS_FALLBACK,1612886400000,7
BNBUSDT,1612915200009,0.00336062,108.316,MARK_PRICE_PREVIOUS_FALLBACK,1612915200000,9
BNBUSDT,1612944000014,0.00259611,142.0431799,MARK_PRICE_PREVIOUS_FALLBACK,1612944000000,14
BNBUSDT,1612972800005,0.00269911,120.56449657,MARK_PRICE_PREVIOUS_FALLBACK,1612972800000,5
BNBUSDT,1613001600000,0.00131536,128.935,MARK_PRICE_EXACT_OPEN,1613001600000,0
BNBUSDT,1613030400000,0.00142378,122.931,MARK_PRICE_EXACT_OPEN,1613030400000,0
BNBUSDT,1613059200000,0.0030064,127.03136134,MARK_PRICE_EXACT_OPEN,1613059200000,0
BNBUSDT,1613088000000,0.00255821,123.95479549,MARK_PRICE_EXACT_OPEN,1613088000000,0
BNBUSDT,1613116800000,0.00221925,124.23,MARK_PRICE_EXACT_OPEN,1613116800000,0
BNBUSDT,1613145600000,0.00253196,133.78110681,MARK_PRICE_EXACT_OPEN,1613145600000,0
BNBUSDT,1613174400001,0.00205233,137.61744894,MARK_PRICE_PREVIOUS_FALLBACK,1613174400000,1
BNBUSDT,1613203200003,0.00226669,131.31208297,MARK_PRICE_PREVIOUS_FALLBACK,1613203200000,3
BNBUSDT,1613232000000,0.0003426,131.21284278,MARK_PRICE_EXACT_OPEN,1613232000000,0
BNBUSDT,1613260800013,0.0023488,134.176,MARK_PRICE_PREVIOUS_FALLBACK,1613260800000,13
BNBUSDT,1613289600000,0.00291102,130.51,MARK_PRICE_EXACT_OPEN,1613289600000,0
BNBUSDT,1613318400008,0.00171654,131.625,MARK_PRICE_PREVIOUS_FALLBACK,1613318400000,8
BNBUSDT,1613347200000,0.00210067,135.875,MARK_PRICE_EXACT_OPEN,1613347200000,0
BNBUSDT,1613376000006,0,130.43341666,MARK_PRICE_PREVIOUS_FALLBACK,1613376000000,6
BNBUSDT,1613404800000,0,131.41519514,MARK_PRICE_EXACT_OPEN,1613404800000,0
BNBUSDT,1613433600001,0.00001485,129.787,MARK_PRICE_PREVIOUS_FALLBACK,1613433600000,1
BNBUSDT,1613462400000,0.00075155,130.60663589,MARK_PRICE_EXACT_OPEN,1613462400000,0
BNBUSDT,1613491200010,0.00098132,130.53015859,MARK_PRICE_PREVIOUS_FALLBACK,1613491200000,10
BNBUSDT,1613520000005,0.0004757,130.133,MARK_PRICE_PREVIOUS_FALLBACK,1613520000000,5
BNBUSDT,1613548800010,0.00050673,131.177,MARK_PRICE_PREVIOUS_FALLBACK,1613548800000,10
BNBUSDT,1613577600008,0.00173046,147.762,MARK_PRICE_PREVIOUS_FALLBACK,1613577600000,8
BNBUSDT,1613606400012,0.00190499,166.85703749,MARK_PRICE_PREVIOUS_FALLBACK,1613606400000,12
BNBUSDT,1613635200000,0.00167118,179.98615333,MARK_PRICE_EXACT_OPEN,1613635200000,0
BNBUSDT,1613664000009,0.00144754,196.297,MARK_PRICE_PREVIOUS_FALLBACK,1613664000000,9
BNBUSDT,1613692800010,0.00090562,195.97,MARK_PRICE_PREVIOUS_FALLBACK,1613692800000,10
BNBUSDT,1613721600002,0.00201514,263.39493354,MARK_PRICE_PREVIOUS_FALLBACK,1613721600000,2
BNBUSDT,1613750400008,0.00397817,315.61108279,MARK_PRICE_PREVIOUS_FALLBACK,1613750400000,8
BNBUSDT,1613779200000,0.002824,333.72217538,MARK_PRICE_EXACT_OPEN,1613779200000,0
BNBUSDT,1613808000009,0.00240137,294.927,MARK_PRICE_PREVIOUS_FALLBACK,1613808000000,9
BNBUSDT,1613836800000,0.00441898,274.444,MARK_PRICE_EXACT_OPEN,1613836800000,0
BNBUSDT,1613865600007,0.00201279,254.854,MARK_PRICE_PREVIOUS_FALLBACK,1613865600000,7
BNBUSDT,1613894400012,0.0006923,258.27102903,MARK_PRICE_PREVIOUS_FALLBACK,1613894400000,12
BNBUSDT,1613923200001,0.00043311,302.20737538,MARK_PRICE_PREVIOUS_FALLBACK,1613923200000,1
BNBUSDT,1613952000006,0.00076508,295.20233192,MARK_PRICE_PREVIOUS_FALLBACK,1613952000000,6
BNBUSDT,1613980800002,0.00121046,279.40226014,MARK_PRICE_PREVIOUS_FALLBACK,1613980800000,2
BNBUSDT,1614009600000,0,262.82,MARK_PRICE_EXACT_OPEN,1614009600000,0
BNBUSDT,1614038400000,0.00029882,267.62912889,MARK_PRICE_EXACT_OPEN,1614038400000,0
BNBUSDT,1614067200006,0,233.00540998,MARK_PRICE_PREVIOUS_FALLBACK,1614067200000,6
BNBUSDT,1614096000000,-0.00044901,230.335,MARK_PRICE_EXACT_OPEN,1614096000000,0
BNBUSDT,1614124800012,-0.00014344,230.1779231,MARK_PRICE_PREVIOUS_FALLBACK,1614124800000,12
BNBUSDT,1614153600016,-0.00089659,253.09649861,MARK_PRICE_PREVIOUS_FALLBACK,1614153600000,16
BNBUSDT,1614182400011,0,254.802,MARK_PRICE_PREVIOUS_FALLBACK,1614182400000,11
BNBUSDT,1614211200007,0,253.45563622,MARK_PRICE_PREVIOUS_FALLBACK,1614211200000,7
BNBUSDT,1614240000000,0.00028644,248.04,MARK_PRICE_EXACT_OPEN,1614240000000,0
BNBUSDT,1614268800010,0.00013543,255.77470699,MARK_PRICE_PREVIOUS_FALLBACK,1614268800000,10
BNBUSDT,1614297600000,0,234.66312161,MARK_PRICE_EXACT_OPEN,1614297600000,0
BNBUSDT,1614326400025,-0.00059456,216.34964458,MARK_PRICE_PREVIOUS_FALLBACK,1614326400000,25
BNBUSDT,1614355200010,0,233.05,MARK_PRICE_PREVIOUS_FALLBACK,1614355200000,10
BNBUSDT,1614384000001,0,221.58220163,MARK_PRICE_PREVIOUS_FALLBACK,1614384000000,1
BNBUSDT,1614412800000,0.00009595,231.96172818,MARK_PRICE_EXACT_OPEN,1614412800000,0
BNBUSDT,1614441600000,0,223.54655945,MARK_PRICE_EXACT_OPEN,1614441600000,0
BNBUSDT,1614470400021,0,224.06693993,MARK_PRICE_PREVIOUS_FALLBACK,1614470400000,21
BNBUSDT,1614499200009,0,210.55137815,MARK_PRICE_PREVIOUS_FALLBACK,1614499200000,9
BNBUSDT,1614528000000,0.0001051,198.50462363,MARK_PRICE_EXACT_OPEN,1614528000000,0
BNBUSDT,1614556800000,0,210.30145074,MARK_PRICE_EXACT_OPEN,1614556800000,0
BNBUSDT,1614585600003,0,223.18540706,MARK_PRICE_PREVIOUS_FALLBACK,1614585600000,3
BNBUSDT,1614614400001,0.00003391,255.971,MARK_PRICE_PREVIOUS_FALLBACK,1614614400000,1
BNBUSDT,1614643200000,0,254.89399941,MARK_PRICE_EXACT_OPEN,1614643200000,0
BNBUSDT,1614672000000,0,246.37049082,MARK_PRICE_EXACT_OPEN,1614672000000,0
BNBUSDT,1614700800004,0.00034725,247.1,MARK_PRICE_PREVIOUS_FALLBACK,1614700800000,4
BNBUSDT,1614729600000,0,239.62219635,MARK_PRICE_EXACT_OPEN,1614729600000,0
BNBUSDT,1614758400016,0,249.56273031,MARK_PRICE_PREVIOUS_FALLBACK,1614758400000,16
BNBUSDT,1614787200000,0.0004679,245.39140807,MARK_PRICE_EXACT_OPEN,1614787200000,0
BNBUSDT,1614816000000,0.00033678,240.56479642,MARK_PRICE_EXACT_OPEN,1614816000000,0
BNBUSDT,1614844800015,0.00002204,243.90509906,MARK_PRICE_PREVIOUS_FALLBACK,1614844800000,15
BNBUSDT,1614873600001,0.0001561,238.519,MARK_PRICE_PREVIOUS_FALLBACK,1614873600000,1
BNBUSDT,1614902400000,0,229.74287381,MARK_PRICE_EXACT_OPEN,1614902400000,0
BNBUSDT,1614931200002,0,224.0086589,MARK_PRICE_PREVIOUS_FALLBACK,1614931200000,2
BNBUSDT,1614960000008,0,222.78864336,MARK_PRICE_PREVIOUS_FALLBACK,1614960000000,8
BNBUSDT,1614988800000,0,225.59009012,MARK_PRICE_EXACT_OPEN,1614988800000,0
BNBUSDT,1615017600000,0,228.79297043,MARK_PRICE_EXACT_OPEN,1615017600000,0
BNBUSDT,1615046400000,0,221.8151263,MARK_PRICE_EXACT_OPEN,1615046400000,0
BNBUSDT,1615075200006,0,226.81186576,MARK_PRICE_PREVIOUS_FALLBACK,1615075200000,6
BNBUSDT,1615104000005,0.00012207,231.10072478,MARK_PRICE_PREVIOUS_FALLBACK,1615104000000,5
BNBUSDT,1615132800008,0.00085147,236.39338825,MARK_PRICE_PREVIOUS_FALLBACK,1615132800000,8
BNBUSDT,1615161600000,0.00061761,240.219,MARK_PRICE_EXACT_OPEN,1615161600000,0
BNBUSDT,1615190400000,0.00024577,232.752,MARK_PRICE_EXACT_OPEN,1615190400000,0
BNBUSDT,1615219200006,0.00084219,236.00696418,MARK_PRICE_PREVIOUS_FALLBACK,1615219200000,6
BNBUSDT,1615248000000,0.00060021,240.619,MARK_PRICE_EXACT_OPEN,1615248000000,0
BNBUSDT,1615276800000,0.00108241,242.812,MARK_PRICE_EXACT_OPEN,1615276800000,0
BNBUSDT,1615305600000,0.00156346,276.47253452,MARK_PRICE_EXACT_OPEN,1615305600000,0
BNBUSDT,1615334400009,0.0009945,295.4834421,MARK_PRICE_PREVIOUS_FALLBACK,1615334400000,9
BNBUSDT,1615363200006,0.00019159,286.301,MARK_PRICE_PREVIOUS_FALLBACK,1615363200000,6
BNBUSDT,1615392000008,0.00095313,285.09259764,MARK_PRICE_PREVIOUS_FALLBACK,1615392000000,8
BNBUSDT,1615420800000,0.00021756,278.52281001,MARK_PRICE_EXACT_OPEN,1615420800000,0
BNBUSDT,1615449600000,0.00072803,279.152,MARK_PRICE_EXACT_OPEN,1615449600000,0
BNBUSDT,1615478400014,0.0018102,294.55911535,MARK_PRICE_PREVIOUS_FALLBACK,1615478400000,14
BNBUSDT,1615507200002,0.00184398,290.28,MARK_PRICE_PREVIOUS_FALLBACK,1615507200000,2
BNBUSDT,1615536000005,0.00108321,279.11655379,MARK_PRICE_PREVIOUS_FALLBACK,1615536000000,5
BNBUSDT,1615564800011,0.00048915,273.60834721,MARK_PRICE_PREVIOUS_FALLBACK,1615564800000,11
BNBUSDT,1615593600000,0.00063652,263.55523646,MARK_PRICE_EXACT_OPEN,1615593600000,0
BNBUSDT,1615622400002,0.00026329,272.39633193,MARK_PRICE_PREVIOUS_FALLBACK,1615622400000,2
BNBUSDT,1615651200000,0.00151595,276.502057,MARK_PRICE_EXACT_OPEN,1615651200000,0
BNBUSDT,1615680000011,0.00121028,276.13827781,MARK_PRICE_PREVIOUS_FALLBACK,1615680000000,11
BNBUSDT,1615708800000,0.00113247,269.11059098,MARK_PRICE_EXACT_OPEN,1615708800000,0
BNBUSDT,1615737600000,0.00101075,266.84,MARK_PRICE_EXACT_OPEN,1615737600000,0
BNBUSDT,1615766400012,0.00111632,264.94352794,MARK_PRICE_PREVIOUS_FALLBACK,1615766400000,12
BNBUSDT,1615795200016,0.00120751,255.148,MARK_PRICE_PREVIOUS_FALLBACK,1615795200000,16
BNBUSDT,1615824000030,0.00017538,254.18249151,MARK_PRICE_PREVIOUS_FALLBACK,1615824000000,30
BNBUSDT,1615852800005,0.00075049,253.612,MARK_PRICE_PREVIOUS_FALLBACK,1615852800000,5
BNBUSDT,1615881600008,0,253.05604063,MARK_PRICE_PREVIOUS_FALLBACK,1615881600000,8
BNBUSDT,1615910400012,0.00032876,257.804,MARK_PRICE_PREVIOUS_FALLBACK,1615910400000,12
BNBUSDT,1615939200010,0.00069949,259.05467759,MARK_PRICE_PREVIOUS_FALLBACK,1615939200000,10
BNBUSDT,1615968000000,0.00077658,254.801,MARK_PRICE_EXACT_OPEN,1615968000000,0
BNBUSDT,1615996800009,0.0008253,251.82623425,MARK_PRICE_PREVIOUS_FALLBACK,1615996800000,9
BNBUSDT,1616025600001,0.00068787,271.29718164,MARK_PRICE_PREVIOUS_FALLBACK,1616025600000,1
BNBUSDT,1616054400000,0.00033243,274.63132414,MARK_PRICE_EXACT_OPEN,1616054400000,0
BNBUSDT,1616083200000,0.00101434,269.807,MARK_PRICE_EXACT_OPEN,1616083200000,0
BNBUSDT,1616112000011,0.00044185,261.7597312,MARK_PRICE_PREVIOUS_FALLBACK,1616112000000,11
BNBUSDT,1616140800001,0.0005089,262.72635835,MARK_PRICE_PREVIOUS_FALLBACK,1616140800000,1
BNBUSDT,1616169600000,0.00078686,266.88487189,MARK_PRICE_EXACT_OPEN,1616169600000,0
BNBUSDT,1616198400000,0.0006074,263.17214595,MARK_PRICE_EXACT_OPEN,1616198400000,0
BNBUSDT,1616227200000,0.00082919,270.1606616,MARK_PRICE_EXACT_OPEN,1616227200000,0
BNBUSDT,1616256000007,0.00174,271.942,MARK_PRICE_PREVIOUS_FALLBACK,1616256000000,7
BNBUSDT,1616284800000,0.00087788,264.389,MARK_PRICE_EXACT_OPEN,1616284800000,0
BNBUSDT,1616313600000,0.00054596,263.888,MARK_PRICE_EXACT_OPEN,1616313600000,0
BNBUSDT,1616342400000,0.00035663,263.368,MARK_PRICE_EXACT_OPEN,1616342400000,0
BNBUSDT,1616371200007,0.00071726,265.11487828,MARK_PRICE_PREVIOUS_FALLBACK,1616371200000,7
BNBUSDT,1616400000001,0.00064104,266.03634604,MARK_PRICE_PREVIOUS_FALLBACK,1616400000000,1
BNBUSDT,1616428800000,0.00085694,267.756,MARK_PRICE_EXACT_OPEN,1616428800000,0
BNBUSDT,1616457600000,0.00016046,254.95,MARK_PRICE_EXACT_OPEN,1616457600000,0
BNBUSDT,1616486400010,0.00006827,257.4750178,MARK_PRICE_PREVIOUS_FALLBACK,1616486400000,10
BNBUSDT,1616515200023,0.00002292,259.901,MARK_PRICE_PREVIOUS_FALLBACK,1616515200000,23
BNBUSDT,1616544000002,0.00027494,254.96425905,MARK_PRICE_PREVIOUS_FALLBACK,1616544000000,2
BNBUSDT,1616572800000,0.00013666,259.72341723,MARK_PRICE_EXACT_OPEN,1616572800000,0
BNBUSDT,1616601600000,0,262.88648591,MARK_PRICE_EXACT_OPEN,1616601600000,0
BNBUSDT,1616630400000,0,248.4660543,MARK_PRICE_EXACT_OPEN,1616630400000,0
BNBUSDT,1616659200000,0,241.93623584,MARK_PRICE_EXACT_OPEN,1616659200000,0
BNBUSDT,1616688000000,-0.00042256,231.06,MARK_PRICE_EXACT_OPEN,1616688000000,0
BNBUSDT,1616716800008,0,234.337,MARK_PRICE_PREVIOUS_FALLBACK,1616716800000,8
BNBUSDT,1616745600000,0,246.14729987,MARK_PRICE_EXACT_OPEN,1616745600000,0
BNBUSDT,1616774400012,-0.00054376,248.17501118,MARK_PRICE_PREVIOUS_FALLBACK,1616774400000,12
BNBUSDT,1616803200018,0,255.43202069,MARK_PRICE_PREVIOUS_FALLBACK,1616803200000,18
BNBUSDT,1616832000000,-0.00032468,252.36619851,MARK_PRICE_EXACT_OPEN,1616832000000,0
BNBUSDT,1616860800001,0,261.834,MARK_PRICE_PREVIOUS_FALLBACK,1616860800000,1
BNBUSDT,1616889600000,0.00008039,269.687,MARK_PRICE_EXACT_OPEN,1616889600000,0
BNBUSDT,1616918400000,0.00021146,277.50743106,MARK_PRICE_EXACT_OPEN,1616918400000,0
BNBUSDT,1616947200005,0.00015098,272.732,MARK_PRICE_PREVIOUS_FALLBACK,1616947200000,5
BNBUSDT,1616976000003,0.0001046,268.43507846,MARK_PRICE_PREVIOUS_FALLBACK,1616976000000,3
BNBUSDT,1617004800000,0.00010607,273.81177336,MARK_PRICE_EXACT_OPEN,1617004800000,0
BNBUSDT,1617033600000,0.00065241,272.44245603,MARK_PRICE_EXACT_OPEN,1617033600000,0
BNBUSDT,1617062400018,0.00030035,275.55330496,MARK_PRICE_PREVIOUS_FALLBACK,1617062400000,18
BNBUSDT,1617091200012,0.00067628,282.17995601,MARK_PRICE_PREVIOUS_FALLBACK,1617091200000,12
BNBUSDT,1617120000001,0.00098543,298.65472049,MARK_PRICE_PREVIOUS_FALLBACK,1617120000000,1
BNBUSDT,1617148800000,0.00053492,312.22516262,MARK_PRICE_EXACT_OPEN,1617148800000,0
BNBUSDT,1617177600000,0.00079309,302.328,MARK_PRICE_EXACT_OPEN,1617177600000,0
BNBUSDT,1617206400000,0.00039337,306.77826097,MARK_PRICE_EXACT_OPEN,1617206400000,0
BNBUSDT,1617235200025,0.00038678,303.56473756,MARK_PRICE_PREVIOUS_FALLBACK,1617235200000,25
BNBUSDT,1617264000011,0.00063875,314.461,MARK_PRICE_PREVIOUS_FALLBACK,1617264000000,11
BNBUSDT,1617292800004,0.00083402,328.89,MARK_PRICE_PREVIOUS_FALLBACK,1617292800000,4
BNBUSDT,1617321600000,0.00041167,335.25646652,MARK_PRICE_EXACT_OPEN,1617321600000,0
BNBUSDT,1617350400000,0.00147709,352.561,MARK_PRICE_EXACT_OPEN,1617350400000,0
BNBUSDT,1617379200000,0.00125716,347.036,MARK_PRICE_EXACT_OPEN,1617379200000,0
BNBUSDT,1617408000003,0.00117138,338.76467753,MARK_PRICE_PREVIOUS_FALLBACK,1617408000000,3
BNBUSDT,1617436800000,0.00141924,342.796,MARK_PRICE_EXACT_OPEN,1617436800000,0
BNBUSDT,1617465600000,0.00054845,338.94,MARK_PRICE_EXACT_OPEN,1617465600000,0
BNBUSDT,1617494400000,0.00010345,322.23489357,MARK_PRICE_EXACT_OPEN,1617494400000,0
BNBUSDT,1617523200000,0.00022305,336.73482796,MARK_PRICE_EXACT_OPEN,1617523200000,0
BNBUSDT,1617552000016,0.00041287,344.37817439,MARK_PRICE_PREVIOUS_FALLBACK,1617552000000,16
BNBUSDT,1617580800000,0.00015106,349.17445948,MARK_PRICE_EXACT_OPEN,1617580800000,0
BNBUSDT,1617609600001,0.00002577,340.83689108,MARK_PRICE_PREVIOUS_FALLBACK,1617609600000,1
BNBUSDT,1617638400001,0.00164929,378.48259833,MARK_PRICE_PREVIOUS_FALLBACK,1617638400000,1
BNBUSDT,1617667200010,0.00073497,369.24526345,MARK_PRICE_PREVIOUS_FALLBACK,1617667200000,10
BNBUSDT,1617696000000,0.00195528,377.394,MARK_PRICE_EXACT_OPEN,1617696000000,0
BNBUSDT,1617724800003,0.00031634,386.8254981,MARK_PRICE_PREVIOUS_FALLBACK,1617724800000,3
BNBUSDT,1617753600000,0.00071335,403.39665222,MARK_PRICE_EXACT_OPEN,1617753600000,0
BNBUSDT,1617782400006,0.00000712,403.13,MARK_PRICE_PREVIOUS_FALLBACK,1617782400000,6
BNBUSDT,1617811200004,0.00049727,373.10517673,MARK_PRICE_PREVIOUS_FALLBACK,1617811200000,4
BNBUSDT,1617840000013,0.00010663,376.25230663,MARK_PRICE_PREVIOUS_FALLBACK,1617840000000,13
BNBUSDT,1617868800003,0.00061145,399.84302412,MARK_PRICE_PREVIOUS_FALLBACK,1617868800000,3
BNBUSDT,1617897600005,0.00022063,419.21930543,MARK_PRICE_PREVIOUS_FALLBACK,1617897600000,5
BNBUSDT,1617926400000,0.00068515,418.813,MARK_PRICE_EXACT_OPEN,1617926400000,0
BNBUSDT,1617955200004,0.00046039,420.27152236,MARK_PRICE_PREVIOUS_FALLBACK,1617955200000,4
BNBUSDT,1617984000004,0.00010097,439.52457501,MARK_PRICE_PREVIOUS_FALLBACK,1617984000000,4
BNBUSDT,1618012800011,0,453.13,MARK_PRICE_PREVIOUS_FALLBACK,1618012800000,11
BNBUSDT,1618041600005,0.00143481,476.52151813,MARK_PRICE_PREVIOUS_FALLBACK,1618041600000,5
BNBUSDT,1618070400000,0.00121535,475.39174976,MARK_PRICE_EXACT_OPEN,1618070400000,0
BNBUSDT,1618099200004,0.00165386,473.73185839,MARK_PRICE_PREVIOUS_FALLBACK,1618099200000,4
BNBUSDT,1618128000000,0.00142916,473.747,MARK_PRICE_EXACT_OPEN,1618128000000,0
BNBUSDT,1618156800000,0.00123461,493.62284856,MARK_PRICE_EXACT_OPEN,1618156800000,0
BNBUSDT,1618185600001,0.00070132,527.49670494,MARK_PRICE_PREVIOUS_FALLBACK,1618185600000,1
BNBUSDT,1618214400001,0.00225006,580.894,MARK_PRICE_PREVIOUS_FALLBACK,1618214400000,1
BNBUSDT,1618243200008,0.00127767,570.48120509,MARK_PRICE_PREVIOUS_FALLBACK,1618243200000,8
BNBUSDT,1618272000003,0.00135657,600.807,MARK_PRICE_PREVIOUS_FALLBACK,1618272000000,3
BNBUSDT,1618300800008,0.00252418,553.29205075,MARK_PRICE_PREVIOUS_FALLBACK,1618300800000,8
BNBUSDT,1618329600008,0.00240702,564.56892358,MARK_PRICE_PREVIOUS_FALLBACK,1618329600000,8
BNBUSDT,1618358400008,0.00265731,555.93187512,MARK_PRICE_PREVIOUS_FALLBACK,1618358400000,8
BNBUSDT,1618387200000,0.00292519,575.91,MARK_PRICE_EXACT_OPEN,1618387200000,0
BNBUSDT,1618416000012,0.00138875,549.55239096,MARK_PRICE_PREVIOUS_FALLBACK,1618416000000,12
BNBUSDT,1618444800006,0.00154067,550.79005898,MARK_PRICE_PREVIOUS_FALLBACK,1618444800000,6
BNBUSDT,1618473600000,0.00153437,550.66283821,MARK_PRICE_EXACT_OPEN,1618473600000,0
BNBUSDT,1618502400008,0.0016646,552.75,MARK_PRICE_PREVIOUS_FALLBACK,1618502400000,8
BNBUSDT,1618531200008,0.00294158,545.20645477,MARK_PRICE_PREVIOUS_FALLBACK,1618531200000,8
BNBUSDT,1618560000000,0.00202932,540.61504734,MARK_PRICE_EXACT_OPEN,1618560000000,0
BNBUSDT,1618588800002,0.00203238,518.664,MARK_PRICE_PREVIOUS_FALLBACK,1618588800000,2
BNBUSDT,1618617600008,0.00135713,510.87247459,MARK_PRICE_PREVIOUS_FALLBACK,1618617600000,8
BNBUSDT,1618646400000,0.00156647,537.84042929,MARK_PRICE_EXACT_OPEN,1618646400000,0
BNBUSDT,1618675200001,0.00088307,509.50487618,MARK_PRICE_PREVIOUS_FALLBACK,1618675200000,1
BNBUSDT,1618704000006,0.00067694,518.0331468,MARK_PRICE_PREVIOUS_FALLBACK,1618704000000,6
BNBUSDT,1618732800004,-0.00030474,483.347,MARK_PRICE_PREVIOUS_FALLBACK,1618732800000,4
BNBUSDT,1618761600000,0,467.366,MARK_PRICE_EXACT_OPEN,1618761600000,0
BNBUSDT,1618790400000,0,481.90646687,MARK_PRICE_EXACT_OPEN,1618790400000,0
BNBUSDT,1618819200000,0.00044766,533.86942308,MARK_PRICE_EXACT_OPEN,1618819200000,0
BNBUSDT,1618848000009,0.00047664,482.381,MARK_PRICE_PREVIOUS_FALLBACK,1618848000000,9
BNBUSDT,1618876800004,0,507.242,MARK_PRICE_PREVIOUS_FALLBACK,1618876800000,4
BNBUSDT,1618905600000,0,494.015,MARK_PRICE_EXACT_OPEN,1618905600000,0
BNBUSDT,1618934400001,0,535.64556633,MARK_PRICE_PREVIOUS_FALLBACK,1618934400000,1
BNBUSDT,1618963200013,0.0006092,589.37381645,MARK_PRICE_PREVIOUS_FALLBACK,1618963200000,13
BNBUSDT,1618992000001,0.00032157,596.48492551,MARK_PRICE_PREVIOUS_FALLBACK,1618992000000,1
BNBUSDT,1619020800002,0.0004063,584.92049393,MARK_PRICE_PREVIOUS_FALLBACK,1619020800000,2
BNBUSDT,1619049600000,0.00047857,544.33767426,MARK_PRICE_EXACT_OPEN,1619049600000,0
BNBUSDT,1619078400000,0.00061757,555.902,MARK_PRICE_EXACT_OPEN,1619078400000,0
BNBUSDT,1619107200001,0.00048198,577.27348211,MARK_PRICE_PREVIOUS_FALLBACK,1619107200000,1
BNBUSDT,1619136000002,0.00009468,503.09481475,MARK_PRICE_PREVIOUS_FALLBACK,1619136000000,2
BNBUSDT,1619164800009,0.00059952,470.6,MARK_PRICE_PREVIOUS_FALLBACK,1619164800000,9
BNBUSDT,1619193600001,0.00003041,505.279,MARK_PRICE_PREVIOUS_FALLBACK,1619193600000,1
BNBUSDT,1619222400019,0,526.88393107,MARK_PRICE_PREVIOUS_FALLBACK,1619222400000,19
BNBUSDT,1619251200001,0.00005065,513.62174027,MARK_PRICE_PREVIOUS_FALLBACK,1619251200000,1
BNBUSDT,1619280000011,0.00020691,505.21557071,MARK_PRICE_PREVIOUS_FALLBACK,1619280000000,11
BNBUSDT,1619308800000,0,497.065,MARK_PRICE_EXACT_OPEN,1619308800000,0
BNBUSDT,1619337600010,0,492.026,MARK_PRICE_PREVIOUS_FALLBACK,1619337600000,10
BNBUSDT,1619366400000,0,512.28266327,MARK_PRICE_EXACT_OPEN,1619366400000,0
BNBUSDT,1619395200003,0.00033529,506.57132184,MARK_PRICE_PREVIOUS_FALLBACK,1619395200000,3
BNBUSDT,1619424000002,0.00015626,540.715,MARK_PRICE_PREVIOUS_FALLBACK,1619424000000,2
BNBUSDT,1619452800004,0.00025275,538.8131734,MARK_PRICE_PREVIOUS_FALLBACK,1619452800000,4
BNBUSDT,1619481600000,0,535.34068261,MARK_PRICE_EXACT_OPEN,1619481600000,0
BNBUSDT,1619510400000,0,540.489,MARK_PRICE_EXACT_OPEN,1619510400000,0
BNBUSDT,1619539200009,0.00046534,568.81624774,MARK_PRICE_PREVIOUS_FALLBACK,1619539200000,9
BNBUSDT,1619568000000,0.00038386,569.03610495,MARK_PRICE_EXACT_OPEN,1619568000000,0
BNBUSDT,1619596800000,0.00037287,554.93433127,MARK_PRICE_EXACT_OPEN,1619596800000,0
BNBUSDT,1619625600001,0.00038748,556.07012729,MARK_PRICE_PREVIOUS_FALLBACK,1619625600000,1
BNBUSDT,1619654400004,0.00012761,563.94985041,MARK_PRICE_PREVIOUS_FALLBACK,1619654400000,4
BNBUSDT,1619683200013,0,580.91563771,MARK_PRICE_PREVIOUS_FALLBACK,1619683200000,13
BNBUSDT,1619712000003,0.00066704,589.88706656,MARK_PRICE_PREVIOUS_FALLBACK,1619712000000,3
BNBUSDT,1619740800004,0.00024164,598.48899444,MARK_PRICE_PREVIOUS_FALLBACK,1619740800000,4
BNBUSDT,1619769600019,0.00075987,618.15801943,MARK_PRICE_PREVIOUS_FALLBACK,1619769600000,19
BNBUSDT,1619798400003,0.00013237,605.885,MARK_PRICE_PREVIOUS_FALLBACK,1619798400000,3
BNBUSDT,1619827200002,0.00067731,621.69647126,MARK_PRICE_PREVIOUS_FALLBACK,1619827200000,2
BNBUSDT,1619856000006,0.00081693,627.17293435,MARK_PRICE_PREVIOUS_FALLBACK,1619856000000,6
BNBUSDT,1619884800000,0.00044737,619.489,MARK_PRICE_EXACT_OPEN,1619884800000,0
BNBUSDT,1619913600010,0.00084511,620.26382376,MARK_PRICE_PREVIOUS_FALLBACK,1619913600000,10
BNBUSDT,1619942400011,0.00037474,610.15628781,MARK_PRICE_PREVIOUS_FALLBACK,1619942400000,11
BNBUSDT,1619971200007,0.00006867,624.567,MARK_PRICE_PREVIOUS_FALLBACK,1619971200000,7
BNBUSDT,1620000000003,0.00012795,622.38164276,MARK_PRICE_PREVIOUS_FALLBACK,1620000000000,3
BNBUSDT,1620028800000,0.00079033,636.21,MARK_PRICE_EXACT_OPEN,1620028800000,0
BNBUSDT,1620057600043,0.00073129,664.03623058,MARK_PRICE_PREVIOUS_FALLBACK,1620057600000,43
BNBUSDT,1620086400004,0.00075259,677.30799317,MARK_PRICE_PREVIOUS_FALLBACK,1620086400000,4
BNBUSDT,1620115200003,0.000091,654.34140317,MARK_PRICE_PREVIOUS_FALLBACK,1620115200000,3
BNBUSDT,1620144000011,0.00075677,612.16227487,MARK_PRICE_PREVIOUS_FALLBACK,1620144000000,11
BNBUSDT,1620172800001,0.00003701,608.37,MARK_PRICE_PREVIOUS_FALLBACK,1620172800000,1
BNBUSDT,1620201600007,0.0005597,644.31544355,MARK_PRICE_PREVIOUS_FALLBACK,1620201600000,7
BNBUSDT,1620230400001,0.00030604,646.00896143,MARK_PRICE_PREVIOUS_FALLBACK,1620230400000,1
BNBUSDT,1620259200003,0.00099213,652.267,MARK_PRICE_PREVIOUS_FALLBACK,1620259200000,3
BNBUSDT,1620288000001,0.00081318,641.22369538,MARK_PRICE_PREVIOUS_FALLBACK,1620288000000,1
BNBUSDT,1620316800000,0.0018025,640.84205748,MARK_PRICE_EXACT_OPEN,1620316800000,0
BNBUSDT,1620345600000,0.00050626,634.09454171,MARK_PRICE_EXACT_OPEN,1620345600000,0
BNBUSDT,1620374400000,0.00122283,621.6381269,MARK_PRICE_EXACT_OPEN,1620374400000,0
BNBUSDT,1620403200001,0.00037155,637.05219654,MARK_PRICE_PREVIOUS_FALLBACK,1620403200000,1
BNBUSDT,1620432000006,0.00066409,624.48481681,MARK_PRICE_PREVIOUS_FALLBACK,1620432000000,6
BNBUSDT,1620460800000,0.00063567,629.844,MARK_PRICE_EXACT_OPEN,1620460800000,0
BNBUSDT,1620489600000,0.00082358,639.22825382,MARK_PRICE_EXACT_OPEN,1620489600000,0
BNBUSDT,1620518400005,0.00046777,646.70135717,MARK_PRICE_PREVIOUS_FALLBACK,1620518400000,5
BNBUSDT,1620547200016,0.00014449,644.64956341,MARK_PRICE_PREVIOUS_FALLBACK,1620547200000,16
BNBUSDT,1620576000000,0.00074994,666.19,MARK_PRICE_EXACT_OPEN,1620576000000,0
BNBUSDT,1620604800004,0.00056994,661.95235834,MARK_PRICE_PREVIOUS_FALLBACK,1620604800000,4
BNBUSDT,1620633600000,0.00039864,678.893,MARK_PRICE_EXACT_OPEN,1620633600000,0
BNBUSDT,1620662400013,0.00082189,666.94909938,MARK_PRICE_PREVIOUS_FALLBACK,1620662400000,13
BNBUSDT,1620691200000,0,631.60867971,MARK_PRICE_EXACT_OPEN,1620691200000,0
BNBUSDT,1620720000000,0,654.66428154,MARK_PRICE_EXACT_OPEN,1620720000000,0
BNBUSDT,1620748800002,0,667.34858288,MARK_PRICE_PREVIOUS_FALLBACK,1620748800000,2
BNBUSDT,1620777600004,-0.00024352,669.28399858,MARK_PRICE_PREVIOUS_FALLBACK,1620777600000,4
BNBUSDT,1620806400007,0,670.85,MARK_PRICE_PREVIOUS_FALLBACK,1620806400000,7
BNBUSDT,1620835200012,0.00021819,650.03,MARK_PRICE_PREVIOUS_FALLBACK,1620835200000,12
BNBUSDT,1620864000016,0.00046965,590.87911122,MARK_PRICE_PREVIOUS_FALLBACK,1620864000000,16
BNBUSDT,1620892800000,0,622.97,MARK_PRICE_EXACT_OPEN,1620892800000,0
BNBUSDT,1620921600008,0.00004765,597.17207613,MARK_PRICE_PREVIOUS_FALLBACK,1620921600000,8
BNBUSDT,1620950400007,0,567.71923081,MARK_PRICE_PREVIOUS_FALLBACK,1620950400000,7
BNBUSDT,1620979200001,0,597.87,MARK_PRICE_PREVIOUS_FALLBACK,1620979200000,1
BNBUSDT,1621008000004,0.00025001,613.89,MARK_PRICE_PREVIOUS_FALLBACK,1621008000000,4
BNBUSDT,1621036800022,0.00046237,602.65,MARK_PRICE_PREVIOUS_FALLBACK,1621036800000,22
BNBUSDT,1621065600014,0.00065366,582.12,MARK_PRICE_PREVIOUS_FALLBACK,1621065600000,14
BNBUSDT,1621094400002,0.00031982,585.1,MARK_PRICE_PREVIOUS_FALLBACK,1621094400000,2
BNBUSDT,1621123200000,0.000223,563.94388629,MARK_PRICE_EXACT_OPEN,1621123200000,0
BNBUSDT,1621152000003,0.00045998,593.58644202,MARK_PRICE_PREVIOUS_FALLBACK,1621152000000,3
BNBUSDT,1621180800002,0.00046329,571.22,MARK_PRICE_PREVIOUS_FALLBACK,1621180800000,2
BNBUSDT,1621209600005,0.00024769,563.00395397,MARK_PRICE_PREVIOUS_FALLBACK,1621209600000,5
BNBUSDT,1621238400001,0.000206,537.01787573,MARK_PRICE_PREVIOUS_FALLBACK,1621238400000,1
BNBUSDT,1621267200000,0.00045626,505.87081468,MARK_PRICE_EXACT_OPEN,1621267200000,0
BNBUSDT,1621296000019,0.00042337,514.73080158,MARK_PRICE_PREVIOUS_FALLBACK,1621296000000,19
BNBUSDT,1621324800001,0.0000471,525.91,MARK_PRICE_PREVIOUS_FALLBACK,1621324800000,1
BNBUSDT,1621353600006,0.00072366,504.10139572,MARK_PRICE_PREVIOUS_FALLBACK,1621353600000,6
BNBUSDT,1621382400000,0.00011351,508.1,MARK_PRICE_EXACT_OPEN,1621382400000,0
BNBUSDT,1621411200003,0.00027662,437.49545463,MARK_PRICE_PREVIOUS_FALLBACK,1621411200000,3
BNBUSDT,1621440000018,-0.00303109,375.1026805,MARK_PRICE_PREVIOUS_FALLBACK,1621440000000,18
BNBUSDT,1621468800005,0,340.44974828,MARK_PRICE_PREVIOUS_FALLBACK,1621468800000,5
BNBUSDT,1621497600000,0,370.58497836,MARK_PRICE_EXACT_OPEN,1621497600000,0
BNBUSDT,1621526400005,-0.00087888,397.19,MARK_PRICE_PREVIOUS_FALLBACK,1621526400000,5
BNBUSDT,1621555200000,0,391.17804194,MARK_PRICE_EXACT_OPEN,1621555200000,0
BNBUSDT,1621584000000,-0.0004058,383.2,MARK_PRICE_EXACT_OPEN,1621584000000,0
BNBUSDT,1621612800001,0,323.98,MARK_PRICE_PREVIOUS_FALLBACK,1621612800000,1
BNBUSDT,1621641600001,-0.00043913,324.87474126,MARK_PRICE_PREVIOUS_FALLBACK,1621641600000,1
BNBUSDT,1621670400002,0,300.53799167,MARK_PRICE_PREVIOUS_FALLBACK,1621670400000,2
BNBUSDT,1621699200005,0,317.54,MARK_PRICE_PREVIOUS_FALLBACK,1621699200000,5
BNBUSDT,1621728000006,0,298.85,MARK_PRICE_PREVIOUS_FALLBACK,1621728000000,6
BNBUSDT,1621756800004,0,276.93300652,MARK_PRICE_PREVIOUS_FALLBACK,1621756800000,4
BNBUSDT,1621785600002,-0.00019009,234.93,MARK_PRICE_PREVIOUS_FALLBACK,1621785600000,2
BNBUSDT,1621814400007,-0.00176447,262.49,MARK_PRICE_PREVIOUS_FALLBACK,1621814400000,7
BNBUSDT,1621843200005,-0.00017363,292.73962986,MARK_PRICE_PREVIOUS_FALLBACK,1621843200000,5
BNBUSDT,1621872000005,-0.00060706,320.48715473,MARK_PRICE_PREVIOUS_FALLBACK,1621872000000,5
BNBUSDT,1621900800000,-0.0002195,345.19,MARK_PRICE_EXACT_OPEN,1621900800000,0
BNBUSDT,1621929600014,0,356.10038409,MARK_PRICE_PREVIOUS_FALLBACK,1621929600000,14
BNBUSDT,1621958400000,0,337.7,MARK_PRICE_EXACT_OPEN,1621958400000,0
BNBUSDT,1621987200022,0.00013767,344.15,MARK_PRICE_PREVIOUS_FALLBACK,1621987200000,22
BNBUSDT,1622016000018,0,383.78597559,MARK_PRICE_PREVIOUS_FALLBACK,1622016000000,18
BNBUSDT,1622044800004,0.00030765,365.89,MARK_PRICE_PREVIOUS_FALLBACK,1622044800000,4
BNBUSDT,1622073600000,0,379.15730797,MARK_PRICE_EXACT_OPEN,1622073600000,0
BNBUSDT,1622102400017,-0.00001668,362.03120887,MARK_PRICE_PREVIOUS_FALLBACK,1622102400000,17
BNBUSDT,1622131200000,0,379.55,MARK_PRICE_EXACT_OPEN,1622131200000,0
BNBUSDT,1622160000005,0,366.88259976,MARK_PRICE_PREVIOUS_FALLBACK,1622160000000,5
BNBUSDT,1622188800009,-0.00039361,340.24803908,MARK_PRICE_PREVIOUS_FALLBACK,1622188800000,9
BNBUSDT,1622217600000,-0.0005446,337.3,MARK_PRICE_EXACT_OPEN,1622217600000,0
BNBUSDT,1622246400006,0,329.86516023,MARK_PRICE_PREVIOUS_FALLBACK,1622246400000,6
BNBUSDT,1622275200000,0,336.14,MARK_PRICE_EXACT_OPEN,1622275200000,0
BNBUSDT,1622304000000,0,309.51196724,MARK_PRICE_EXACT_OPEN,1622304000000,0
BNBUSDT,1622332800003,-0.00083951,304.04808866,MARK_PRICE_PREVIOUS_FALLBACK,1622332800000,3
BNBUSDT,1622361600004,-0.00115648,331.88,MARK_PRICE_PREVIOUS_FALLBACK,1622361600000,4
BNBUSDT,1622390400018,0,324.65756143,MARK_PRICE_PREVIOUS_FALLBACK,1622390400000,18
BNBUSDT,1622419200002,0,323.28643568,MARK_PRICE_PREVIOUS_FALLBACK,1622419200000,2
BNBUSDT,1622448000000,-0.00066724,328.2,MARK_PRICE_EXACT_OPEN,1622448000000,0
BNBUSDT,1622476800000,0,346.80608981,MARK_PRICE_EXACT_OPEN,1622476800000,0
BNBUSDT,1622505600001,0,351.22757351,MARK_PRICE_PREVIOUS_FALLBACK,1622505600000,1
BNBUSDT,1622534400010,0,353.5,MARK_PRICE_PREVIOUS_FALLBACK,1622534400000,10
BNBUSDT,1622563200010,-0.00007534,347.11466203,MARK_PRICE_PREVIOUS_FALLBACK,1622563200000,10
BNBUSDT,1622592000008,0,364.54561749,MARK_PRICE_PREVIOUS_FALLBACK,1622592000000,8
BNBUSDT,1622620800000,-0.00000831,374.8427208,MARK_PRICE_EXACT_OPEN,1622620800000,0
BNBUSDT,1622649600007,0,413.97589767,MARK_PRICE_PREVIOUS_FALLBACK,1622649600000,7
BNBUSDT,1622678400019,0,400.26569324,MARK_PRICE_PREVIOUS_FALLBACK,1622678400000,19
BNBUSDT,1622707200002,-0.00013549,411.60108905,MARK_PRICE_PREVIOUS_FALLBACK,1622707200000,2
BNBUSDT,1622736000003,0,414.85869182,MARK_PRICE_PREVIOUS_FALLBACK,1622736000000,3
BNBUSDT,1622764800003,0,428.39,MARK_PRICE_PREVIOUS_FALLBACK,1622764800000,3
BNBUSDT,1622793600006,0,373.06154027,MARK_PRICE_PREVIOUS_FALLBACK,1622793600000,6
BNBUSDT,1622822400002,0,386.70965725,MARK_PRICE_PREVIOUS_FALLBACK,1622822400000,2
BNBUSDT,1622851200000,0,390.76287914,MARK_PRICE_EXACT_OPEN,1622851200000,0
BNBUSDT,1622880000004,0,419.45,MARK_PRICE_PREVIOUS_FALLBACK,1622880000000,4
BNBUSDT,1622908800020,0,399.32,MARK_PRICE_PREVIOUS_FALLBACK,1622908800000,20
BNBUSDT,1622937600000,0,389.70987182,MARK_PRICE_EXACT_OPEN,1622937600000,0
BNBUSDT,1622966400004,0,394.83853608,MARK_PRICE_PREVIOUS_FALLBACK,1622966400000,4
BNBUSDT,1622995200000,0,392.19142491,MARK_PRICE_EXACT_OPEN,1622995200000,0
BNBUSDT,1623024000007,0,394.58665208,MARK_PRICE_PREVIOUS_FALLBACK,1623024000000,7
BNBUSDT,1623052800007,0,395.68370673,MARK_PRICE_PREVIOUS_FALLBACK,1623052800000,7
BNBUSDT,1623081600003,0,394.96893159,MARK_PRICE_PREVIOUS_FALLBACK,1623081600000,3
BNBUSDT,1623110400000,0,358,MARK_PRICE_EXACT_OPEN,1623110400000,0
BNBUSDT,1623139200000,0,349.43262383,MARK_PRICE_EXACT_OPEN,1623139200000,0
BNBUSDT,1623168000002,0,329.41,MARK_PRICE_PREVIOUS_FALLBACK,1623168000000,2
BNBUSDT,1623196800009,0,352.38,MARK_PRICE_PREVIOUS_FALLBACK,1623196800000,9
BNBUSDT,1623225600002,0,351.52280885,MARK_PRICE_PREVIOUS_FALLBACK,1623225600000,2
BNBUSDT,1623254400000,-0.00006007,368.01550392,MARK_PRICE_EXACT_OPEN,1623254400000,0
BNBUSDT,1623283200007,0,375.53250826,MARK_PRICE_PREVIOUS_FALLBACK,1623283200000,7
BNBUSDT,1623312000003,0,364.60893661,MARK_PRICE_PREVIOUS_FALLBACK,1623312000000,3
BNBUSDT,1623340800000,0,356.81009179,MARK_PRICE_EXACT_OPEN,1623340800000,0
BNBUSDT,1623369600010,0,352.1,MARK_PRICE_PREVIOUS_FALLBACK,1623369600000,10
BNBUSDT,1623398400007,0,354.13,MARK_PRICE_PREVIOUS_FALLBACK,1623398400000,7
BNBUSDT,1623427200006,0,355.13744192,MARK_PRICE_PREVIOUS_FALLBACK,1623427200000,6
BNBUSDT,1623456000005,0,344.22414926,MARK_PRICE_PREVIOUS_FALLBACK,1623456000000,5
BNBUSDT,1623484800000,-0.00001534,334.26,MARK_PRICE_EXACT_OPEN,1623484800000,0
BNBUSDT,1623513600018,0,340.99721989,MARK_PRICE_PREVIOUS_FALLBACK,1623513600000,18
BNBUSDT,1623542400002,0,344.48,MARK_PRICE_PREVIOUS_FALLBACK,1623542400000,2
BNBUSDT,1623571200000,0,335.67212081,MARK_PRICE_EXACT_OPEN,1623571200000,0
BNBUSDT,1623600000003,0,334.41322879,MARK_PRICE_PREVIOUS_FALLBACK,1623600000000,3
BNBUSDT,1623628800000,0,365.89,MARK_PRICE_EXACT_OPEN,1623628800000,0
BNBUSDT,1623657600015,0,361.21,MARK_PRICE_PREVIOUS_FALLBACK,1623657600000,15
BNBUSDT,1623686400000,0,374.98,MARK_PRICE_EXACT_OPEN,1623686400000,0
BNBUSDT,1623715200000,0,369.85,MARK_PRICE_EXACT_OPEN,1623715200000,0
BNBUSDT,1623744000000,0,376,MARK_PRICE_EXACT_OPEN,1623744000000,0
BNBUSDT,1623772800004,0,366.41937687,MARK_PRICE_PREVIOUS_FALLBACK,1623772800000,4
BNBUSDT,1623801600004,0,365.90241212,MARK_PRICE_PREVIOUS_FALLBACK,1623801600000,4
BNBUSDT,1623830400001,0,364.47,MARK_PRICE_PREVIOUS_FALLBACK,1623830400000,1
BNBUSDT,1623859200000,0,349.59499787,MARK_PRICE_EXACT_OPEN,1623859200000,0
BNBUSDT,1623888000004,0,347.2712582,MARK_PRICE_PREVIOUS_FALLBACK,1623888000000,4
BNBUSDT,1623916800000,-0.00008312,360.03,MARK_PRICE_EXACT_OPEN,1623916800000,0
BNBUSDT,1623945600002,0,356.33005459,MARK_PRICE_PREVIOUS_FALLBACK,1623945600000,2
BNBUSDT,1623974400009,-0.00000725,351.94,MARK_PRICE_PREVIOUS_FALLBACK,1623974400000,9
BNBUSDT,1624003200014,0,353.83,MARK_PRICE_PREVIOUS_FALLBACK,1624003200000,14
BNBUSDT,1624032000007,0,335.02819722,MARK_PRICE_PREVIOUS_FALLBACK,1624032000000,7
BNBUSDT,1624060800003,-0.00035235,336.17978258,MARK_PRICE_PREVIOUS_FALLBACK,1624060800000,3
BNBUSDT,1624089600001,0,339.83596327,MARK_PRICE_PREVIOUS_FALLBACK,1624089600000,1
BNBUSDT,1624118400000,0,340.59462398,MARK_PRICE_EXACT_OPEN,1624118400000,0
BNBUSDT,1624147200005,-0.00010304,333.6924111,MARK_PRICE_PREVIOUS_FALLBACK,1624147200000,5
BNBUSDT,1624176000000,-0.00009143,336.37,MARK_PRICE_EXACT_OPEN,1624176000000,0
BNBUSDT,1624204800002,-0.00040332,324.05,MARK_PRICE_PREVIOUS_FALLBACK,1624204800000,2
BNBUSDT,1624233600019,0,339.95443226,MARK_PRICE_PREVIOUS_FALLBACK,1624233600000,19
BNBUSDT,1624262400000,0,317.63,MARK_PRICE_EXACT_OPEN,1624262400000,0
BNBUSDT,1624291200024,-0.00030215,304.07416659,MARK_PRICE_PREVIOUS_FALLBACK,1624291200000,24
BNBUSDT,1624320000008,-0.00016777,272.14,MARK_PRICE_PREVIOUS_FALLBACK,1624320000000,8
BNBUSDT,1624348800009,-0.00041554,281.15721315,MARK_PRICE_PREVIOUS_FALLBACK,1624348800000,9
BNBUSDT,1624377600001,-0.00121365,260.02217242,MARK_PRICE_PREVIOUS_FALLBACK,1624377600000,1
BNBUSDT,1624406400003,-0.00033586,261.49628204,MARK_PRICE_PREVIOUS_FALLBACK,1624406400000,3
BNBUSDT,1624435200000,-0.00048865,289.47,MARK_PRICE_EXACT_OPEN,1624435200000,0
BNBUSDT,1624464000000,-0.00003264,291.6,MARK_PRICE_EXACT_OPEN,1624464000000,0
BNBUSDT,1624492800009,-0.00050795,295.4,MARK_PRICE_PREVIOUS_FALLBACK,1624492800000,9
BNBUSDT,1624521600018,-0.00012498,296.06,MARK_PRICE_PREVIOUS_FALLBACK,1624521600000,18
BNBUSDT,1624550400001,0,304.90502454,MARK_PRICE_PREVIOUS_FALLBACK,1624550400000,1
BNBUSDT,1624579200009,-0.00000647,308.86925239,MARK_PRICE_PREVIOUS_FALLBACK,1624579200000,9
BNBUSDT,1624608000004,-0.00005346,295.53547568,MARK_PRICE_PREVIOUS_FALLBACK,1624608000000,4
BNBUSDT,1624636800000,0,286.76,MARK_PRICE_EXACT_OPEN,1624636800000,0
BNBUSDT,1624665600007,0,281.69747906,MARK_PRICE_PREVIOUS_FALLBACK,1624665600000,7
BNBUSDT,1624694400000,-0.00008996,269.29183529,MARK_PRICE_EXACT_OPEN,1624694400000,0
BNBUSDT,1624723200002,-0.00002297,272.62337129,MARK_PRICE_PREVIOUS_FALLBACK,1624723200000,2
BNBUSDT,1624752000005,-0.00030894,279.4307852,MARK_PRICE_PREVIOUS_FALLBACK,1624752000000,5
BNBUSDT,1624780800010,0,280.76398524,MARK_PRICE_PREVIOUS_FALLBACK,1624780800000,10
BNBUSDT,1624809600001,-0.00044564,275.98214322,MARK_PRICE_PREVIOUS_FALLBACK,1624809600000,1
BNBUSDT,1624838400025,-0.00038173,290.17477427,MARK_PRICE_PREVIOUS_FALLBACK,1624838400000,25
BNBUSDT,1624867200017,0,294.1080733,MARK_PRICE_PREVIOUS_FALLBACK,1624867200000,17
BNBUSDT,1624896000007,0,298.16636578,MARK_PRICE_PREVIOUS_FALLBACK,1624896000000,7
BNBUSDT,1624924800008,0,290.53,MARK_PRICE_PREVIOUS_FALLBACK,1624924800000,8
BNBUSDT,1624953600000,0,296.46411649,MARK_PRICE_EXACT_OPEN,1624953600000,0
BNBUSDT,1624982400000,0,309.56,MARK_PRICE_EXACT_OPEN,1624982400000,0
BNBUSDT,1625011200011,0,300.63843249,MARK_PRICE_PREVIOUS_FALLBACK,1625011200000,11
BNBUSDT,1625040000044,-0.00014264,299.72194872,MARK_PRICE_PREVIOUS_FALLBACK,1625040000000,44
BNBUSDT,1625068800005,0,282.98704262,MARK_PRICE_PREVIOUS_FALLBACK,1625068800000,5
BNBUSDT,1625097600000,-0.0002592,303.43,MARK_PRICE_PREVIOUS_FALLBACK,1625097540000,60000
BNBUSDT,1625126400004,0,,MARK_PRICE_TOO_STALE,1625097540000,28860004
BNBUSDT,1625155200028,-0.0003286,,MARK_PRICE_TOO_STALE,1625097540000,57660028
BNBUSDT,1625184000002,-0.00023488,287.63826345,MARK_PRICE_PREVIOUS_FALLBACK,1625184000000,2
BNBUSDT,1625212800016,-0.00052655,283.13536002,MARK_PRICE_PREVIOUS_FALLBACK,1625212800000,16
BNBUSDT,1625241600007,-0.00092227,284.03670194,MARK_PRICE_PREVIOUS_FALLBACK,1625241600000,7
BNBUSDT,1625270400008,-0.0004581,287.31902958,MARK_PRICE_PREVIOUS_FALLBACK,1625270400000,8
BNBUSDT,1625299200000,-0.0002612,293.90223429,MARK_PRICE_EXACT_OPEN,1625299200000,0
BNBUSDT,1625328000004,0,297.39890327,MARK_PRICE_PREVIOUS_FALLBACK,1625328000000,4
BNBUSDT,1625356800012,0,297.31125131,MARK_PRICE_PREVIOUS_FALLBACK,1625356800000,12
BNBUSDT,1625385600002,0,308.53,MARK_PRICE_PREVIOUS_FALLBACK,1625385600000,2
BNBUSDT,1625414400003,-0.00000251,309.78,MARK_PRICE_PREVIOUS_FALLBACK,1625414400000,3
BNBUSDT,1625443200004,0,305.97212293,MARK_PRICE_PREVIOUS_FALLBACK,1625443200000,4
BNBUSDT,1625472000000,-0.00017506,300.06810614,MARK_PRICE_EXACT_OPEN,1625472000000,0
BNBUSDT,1625500800009,-0.0000773,296.29,MARK_PRICE_PREVIOUS_FALLBACK,1625500800000,9
BNBUSDT,1625529600008,-0.0001273,302.03623633,MARK_PRICE_PREVIOUS_FALLBACK,1625529600000,8
BNBUSDT,1625558400019,0,320.71,MARK_PRICE_PREVIOUS_FALLBACK,1625558400000,19
BNBUSDT,1625587200000,-0.00010615,315.69071092,MARK_PRICE_EXACT_OPEN,1625587200000,0
BNBUSDT,1625616000007,-0.00019932,318.80328183,MARK_PRICE_PREVIOUS_FALLBACK,1625616000000,7
BNBUSDT,1625644800001,-0.00023745,331.30135977,MARK_PRICE_PREVIOUS_FALLBACK,1625644800000,1
BNBUSDT,1625673600008,-0.0002231,334.05471049,MARK_PRICE_PREVIOUS_FALLBACK,1625673600000,8
BNBUSDT,1625702400002,-0.00003055,325.80578596,MARK_PRICE_PREVIOUS_FALLBACK,1625702400000,2
BNBUSDT,1625731200010,-0.00008925,312.81014434,MARK_PRICE_PREVIOUS_FALLBACK,1625731200000,10
BNBUSDT,1625760000003,0,315.51042804,MARK_PRICE_PREVIOUS_FALLBACK,1625760000000,3
BNBUSDT,1625788800000,-0.00017712,309.81068693,MARK_PRICE_EXACT_OPEN,1625788800000,0
BNBUSDT,1625817600006,-0.00002713,309.8984505,MARK_PRICE_PREVIOUS_FALLBACK,1625817600000,6
BNBUSDT,1625846400000,-0.00038104,315.7,MARK_PRICE_EXACT_OPEN,1625846400000,0
BNBUSDT,1625875200002,-0.00039217,316.2259097,MARK_PRICE_PREVIOUS_FALLBACK,1625875200000,2
BNBUSDT,1625904000000,-0.00034065,313.06645455,MARK_PRICE_EXACT_OPEN,1625904000000,0
BNBUSDT,1625932800001,-0.00070106,317.1,MARK_PRICE_PREVIOUS_FALLBACK,1625932800000,1
BNBUSDT,1625961600001,-0.00030641,316.5876903,MARK_PRICE_PREVIOUS_FALLBACK,1625961600000,1
BNBUSDT,1625990400025,-0.00028462,315.89,MARK_PRICE_PREVIOUS_FALLBACK,1625990400000,25
BNBUSDT,1626019200006,-0.00034069,324.38711445,MARK_PRICE_PREVIOUS_FALLBACK,1626019200000,6
BNBUSDT,1626048000000,-0.00014834,321.79231622,MARK_PRICE_EXACT_OPEN,1626048000000,0
BNBUSDT,1626076800021,-0.00028756,330.97,MARK_PRICE_PREVIOUS_FALLBACK,1626076800000,21
BNBUSDT,1626105600000,-0.00017111,320.84,MARK_PRICE_EXACT_OPEN,1626105600000,0
BNBUSDT,1626134400000,-0.00109129,315.56,MARK_PRICE_EXACT_OPEN,1626134400000,0
BNBUSDT,1626163200013,-0.00018288,314.91397648,MARK_PRICE_PREVIOUS_FALLBACK,1626163200000,13
BNBUSDT,1626192000005,0,311.85820375,MARK_PRICE_PREVIOUS_FALLBACK,1626192000000,5
BNBUSDT,1626220800000,0,308.87577406,MARK_PRICE_EXACT_OPEN,1626220800000,0
BNBUSDT,1626249600000,0,295.17,MARK_PRICE_EXACT_OPEN,1626249600000,0
BNBUSDT,1626278400005,-0.00037142,309.84,MARK_PRICE_PREVIOUS_FALLBACK,1626278400000,5
BNBUSDT,1626307200005,0,309.25,MARK_PRICE_PREVIOUS_FALLBACK,1626307200000,5
BNBUSDT,1626336000001,-0.0001495,304.75,MARK_PRICE_PREVIOUS_FALLBACK,1626336000000,1
BNBUSDT,1626364800000,-0.00071658,312.36,MARK_PRICE_EXACT_OPEN,1626364800000,0
BNBUSDT,1626393600000,-0.0009896,315.63938106,MARK_PRICE_EXACT_OPEN,1626393600000,0
BNBUSDT,1626422400000,-0.00074238,312.42,MARK_PRICE_EXACT_OPEN,1626422400000,0
BNBUSDT,1626451200001,-0.00086301,311.37319277,MARK_PRICE_PREVIOUS_FALLBACK,1626451200000,1
BNBUSDT,1626480000004,-0.000081,302.73,MARK_PRICE_PREVIOUS_FALLBACK,1626480000000,4
BNBUSDT,1626508800009,-0.00117845,298.58,MARK_PRICE_PREVIOUS_FALLBACK,1626508800000,9
BNBUSDT,1626537600006,-0.00085262,299.73748957,MARK_PRICE_PREVIOUS_FALLBACK,1626537600000,6
BNBUSDT,1626566400000,-0.00075486,300.06,MARK_PRICE_EXACT_OPEN,1626566400000,0
BNBUSDT,1626595200001,-0.00084031,303.13497223,MARK_PRICE_PREVIOUS_FALLBACK,1626595200000,1
BNBUSDT,1626624000003,-0.00073448,301.79,MARK_PRICE_PREVIOUS_FALLBACK,1626624000000,3
BNBUSDT,1626652800002,-0.00044604,301.10807581,MARK_PRICE_PREVIOUS_FALLBACK,1626652800000,2
BNBUSDT,1626681600006,-0.00034509,299.73295859,MARK_PRICE_PREVIOUS_FALLBACK,1626681600000,6
BNBUSDT,1626710400006,-0.00077746,283.0914352,MARK_PRICE_PREVIOUS_FALLBACK,1626710400000,6
BNBUSDT,1626739200002,-0.00014526,279.93,MARK_PRICE_PREVIOUS_FALLBACK,1626739200000,2
BNBUSDT,1626768000011,-0.00113106,266.58453851,MARK_PRICE_PREVIOUS_FALLBACK,1626768000000,11
BNBUSDT,1626796800001,-0.00051948,269.02,MARK_PRICE_PREVIOUS_FALLBACK,1626796800000,1
BNBUSDT,1626825600022,-0.00024253,264.11677889,MARK_PRICE_PREVIOUS_FALLBACK,1626825600000,22
BNBUSDT,1626854400000,-0.00076601,280.5228385,MARK_PRICE_EXACT_OPEN,1626854400000,0
BNBUSDT,1626883200018,-0.00046886,290.63665658,MARK_PRICE_PREVIOUS_FALLBACK,1626883200000,18
BNBUSDT,1626912000002,0,292.41,MARK_PRICE_PREVIOUS_FALLBACK,1626912000000,2
BNBUSDT,1626940800006,0,295.3,MARK_PRICE_PREVIOUS_FALLBACK,1626940800000,6
BNBUSDT,1626969600010,0,296.43115648,MARK_PRICE_PREVIOUS_FALLBACK,1626969600000,10
BNBUSDT,1626998400013,-0.0003805,293.30671278,MARK_PRICE_PREVIOUS_FALLBACK,1626998400000,13
BNBUSDT,1627027200000,-0.00060895,297.39,MARK_PRICE_EXACT_OPEN,1627027200000,0
BNBUSDT,1627056000005,0,287.01,MARK_PRICE_PREVIOUS_FALLBACK,1627056000000,5
BNBUSDT,1627084800000,0,299.22204368,MARK_PRICE_PREVIOUS_FALLBACK,1627084740000,60000
BNBUSDT,1627113600002,0,,MARK_PRICE_TOO_STALE,1627084740000,28860002
BNBUSDT,1627142400001,0,,MARK_PRICE_TOO_STALE,1627084740000,57660001
BNBUSDT,1627171200003,-0.00013077,,MARK_PRICE_TOO_STALE,1627084740000,86460003
BNBUSDT,1627200000015,0,,MARK_PRICE_TOO_STALE,1627084740000,115260015
BNBUSDT,1627228800000,0,,MARK_PRICE_TOO_STALE,1627084740000,144060000
BNBUSDT,1627257600000,-0.00024538,,MARK_PRICE_TOO_STALE,1627084740000,172860000
BNBUSDT,1627286400000,0,,MARK_PRICE_TOO_STALE,1627084740000,201660000
BNBUSDT,1627315200000,0,,MARK_PRICE_TOO_STALE,1627084740000,230460000
BNBUSDT,1627344000046,-0.00007105,,MARK_PRICE_TOO_STALE,1627084740000,259260046
BNBUSDT,1627372800014,-0.00029762,,MARK_PRICE_TOO_STALE,1627084740000,288060014
BNBUSDT,1627401600007,0,,MARK_PRICE_TOO_STALE,1627084740000,316860007
BNBUSDT,1627430400000,0,313.35,MARK_PRICE_EXACT_OPEN,1627430400000,0
BNBUSDT,1627459200002,0,314.82616826,MARK_PRICE_PREVIOUS_FALLBACK,1627459200000,2
BNBUSDT,1627488000005,0,313.42,MARK_PRICE_PREVIOUS_FALLBACK,1627488000000,5
BNBUSDT,1627516800004,0,313.69,MARK_PRICE_PREVIOUS_FALLBACK,1627516800000,4
BNBUSDT,1627545600000,0,313.35292054,MARK_PRICE_EXACT_OPEN,1627545600000,0
BNBUSDT,1627574400007,0,314.02,MARK_PRICE_PREVIOUS_FALLBACK,1627574400000,7
BNBUSDT,1627603200004,0,317.59571951,MARK_PRICE_PREVIOUS_FALLBACK,1627603200000,4
BNBUSDT,1627632000000,0,318.96,MARK_PRICE_EXACT_OPEN,1627632000000,0
BNBUSDT,1627660800000,-0.00016185,311.59361502,MARK_PRICE_EXACT_OPEN,1627660800000,0
BNBUSDT,1627689600000,0,322.70826004,MARK_PRICE_EXACT_OPEN,1627689600000,0
BNBUSDT,1627718400014,0,319.75165624,MARK_PRICE_PREVIOUS_FALLBACK,1627718400000,14
BNBUSDT,1627747200003,0,329.70082545,MARK_PRICE_PREVIOUS_FALLBACK,1627747200000,3
BNBUSDT,1627776000005,0,332.42,MARK_PRICE_PREVIOUS_FALLBACK,1627776000000,5
BNBUSDT,1627804800016,0,342.21070385,MARK_PRICE_PREVIOUS_FALLBACK,1627804800000,16
BNBUSDT,1627833600001,0,338.4323157,MARK_PRICE_PREVIOUS_FALLBACK,1627833600000,1
BNBUSDT,1627862400000,0,332.65682502,MARK_PRICE_EXACT_OPEN,1627862400000,0
BNBUSDT,1627891200014,0,336.37869377,MARK_PRICE_PREVIOUS_FALLBACK,1627891200000,14
BNBUSDT,1627920000021,0,334.35,MARK_PRICE_PREVIOUS_FALLBACK,1627920000000,21
BNBUSDT,1627948800000,0,330.60300131,MARK_PRICE_EXACT_OPEN,1627948800000,0
BNBUSDT,1627977600000,0,323.16178674,MARK_PRICE_EXACT_OPEN,1627977600000,0
BNBUSDT,1628006400009,0,321.61960595,MARK_PRICE_PREVIOUS_FALLBACK,1628006400000,9
BNBUSDT,1628035200000,0,323.48778967,MARK_PRICE_EXACT_OPEN,1628035200000,0
BNBUSDT,1628064000000,0,321.81034848,MARK_PRICE_EXACT_OPEN,1628064000000,0
BNBUSDT,1628092800003,0,332.28998023,MARK_PRICE_PREVIOUS_FALLBACK,1628092800000,3
BNBUSDT,1628121600000,0,334.87302733,MARK_PRICE_EXACT_OPEN,1628121600000,0
BNBUSDT,1628150400000,0,329.82,MARK_PRICE_EXACT_OPEN,1628150400000,0
BNBUSDT,1628179200001,0,330.51495998,MARK_PRICE_PREVIOUS_FALLBACK,1628179200000,1
BNBUSDT,1628208000000,0,338.06319187,MARK_PRICE_EXACT_OPEN,1628208000000,0
BNBUSDT,1628236800004,0,335.21633658,MARK_PRICE_PREVIOUS_FALLBACK,1628236800000,4
BNBUSDT,1628265600003,0,343.93,MARK_PRICE_PREVIOUS_FALLBACK,1628265600000,3
BNBUSDT,1628294400015,0,341.97,MARK_PRICE_PREVIOUS_FALLBACK,1628294400000,15
BNBUSDT,1628323200001,0.00019655,347.62,MARK_PRICE_PREVIOUS_FALLBACK,1628323200000,1
BNBUSDT,1628352000002,0.00005519,351.61922562,MARK_PRICE_PREVIOUS_FALLBACK,1628352000000,2
BNBUSDT,1628380800000,0,356.2937834,MARK_PRICE_EXACT_OPEN,1628380800000,0
BNBUSDT,1628409600002,0,356.41453757,MARK_PRICE_PREVIOUS_FALLBACK,1628409600000,2
BNBUSDT,1628438400018,0.00005377,346.4,MARK_PRICE_PREVIOUS_FALLBACK,1628438400000,18
BNBUSDT,1628467200000,0,341.99,MARK_PRICE_EXACT_OPEN,1628467200000,0
BNBUSDT,1628496000000,0,343.47034918,MARK_PRICE_EXACT_OPEN,1628496000000,0
BNBUSDT,1628524800002,0,355.98498018,MARK_PRICE_PREVIOUS_FALLBACK,1628524800000,2
BNBUSDT,1628553600000,0,354.43252677,MARK_PRICE_EXACT_OPEN,1628553600000,0
BNBUSDT,1628582400003,0,354.78845409,MARK_PRICE_PREVIOUS_FALLBACK,1628582400000,3
BNBUSDT,1628611200000,0.00015928,369.69523872,MARK_PRICE_EXACT_OPEN,1628611200000,0
BNBUSDT,1628640000006,0.00003839,371.89839511,MARK_PRICE_PREVIOUS_FALLBACK,1628640000000,6
BNBUSDT,1628668800003,0,388.69,MARK_PRICE_PREVIOUS_FALLBACK,1628668800000,3
BNBUSDT,1628697600000,0.00017826,397.14,MARK_PRICE_EXACT_OPEN,1628697600000,0
BNBUSDT,1628726400013,0.00062829,389.96927095,MARK_PRICE_PREVIOUS_FALLBACK,1628726400000,13
BNBUSDT,1628755200001,0.00042907,387.36,MARK_PRICE_PREVIOUS_FALLBACK,1628755200000,1
BNBUSDT,1628784000000,0.00031064,376.58,MARK_PRICE_EXACT_OPEN,1628784000000,0
BNBUSDT,1628812800000,0.00004053,385.75436772,MARK_PRICE_EXACT_OPEN,1628812800000,0
BNBUSDT,1628841600000,0.00016258,402.79914921,MARK_PRICE_EXACT_OPEN,1628841600000,0
BNBUSDT,1628870400002,0.00028382,395.4,MARK_PRICE_PREVIOUS_FALLBACK,1628870400000,2
BNBUSDT,1628899200006,0.00012725,410.45,MARK_PRICE_PREVIOUS_FALLBACK,1628899200000,6
BNBUSDT,1628928000000,0.00037961,415.96108416,MARK_PRICE_EXACT_OPEN,1628928000000,0
BNBUSDT,1628956800000,0.00046486,409.7,MARK_PRICE_EXACT_OPEN,1628956800000,0
BNBUSDT,1628985600003,0,409.75963229,MARK_PRICE_PREVIOUS_FALLBACK,1628985600000,3
BNBUSDT,1629014400000,0.00011936,398.21903829,MARK_PRICE_EXACT_OPEN,1629014400000,0
BNBUSDT,1629043200007,0,403.86308581,MARK_PRICE_PREVIOUS_FALLBACK,1629043200000,7
BNBUSDT,1629072000012,0.00021688,415.18,MARK_PRICE_PREVIOUS_FALLBACK,1629072000000,12
BNBUSDT,1629100800003,0.0004423,420.88738916,MARK_PRICE_PREVIOUS_FALLBACK,1629100800000,3
BNBUSDT,1629129600010,0.00053165,425.66160977,MARK_PRICE_PREVIOUS_FALLBACK,1629129600000,10
BNBUSDT,1629158400018,0.000167,416.01725847,MARK_PRICE_PREVIOUS_FALLBACK,1629158400000,18
BNBUSDT,1629187200015,0.00035571,419.78866115,MARK_PRICE_PREVIOUS_FALLBACK,1629187200000,15
BNBUSDT,1629216000006,0.00029456,419.03328673,MARK_PRICE_PREVIOUS_FALLBACK,1629216000000,6
BNBUSDT,1629244800000,0,401.92593797,MARK_PRICE_EXACT_OPEN,1629244800000,0
BNBUSDT,1629273600000,0,397.63,MARK_PRICE_EXACT_OPEN,1629273600000,0
BNBUSDT,1629302400011,0.0001167,408.95322778,MARK_PRICE_PREVIOUS_FALLBACK,1629302400000,11
BNBUSDT,1629331200000,0,396.19119341,MARK_PRICE_EXACT_OPEN,1629331200000,0
BNBUSDT,1629360000014,0,398.22,MARK_PRICE_PREVIOUS_FALLBACK,1629360000000,14
BNBUSDT,1629388800000,0,422.84,MARK_PRICE_EXACT_OPEN,1629388800000,0
BNBUSDT,1629417600000,0.00002627,431.51,MARK_PRICE_EXACT_OPEN,1629417600000,0
BNBUSDT,1629446400001,0,425.54,MARK_PRICE_PREVIOUS_FALLBACK,1629446400000,1
BNBUSDT,1629475200001,0.00033569,448.70387325,MARK_PRICE_PREVIOUS_FALLBACK,1629475200000,1
BNBUSDT,1629504000005,0.00041808,455.10377346,MARK_PRICE_PREVIOUS_FALLBACK,1629504000000,5
BNBUSDT,1629532800001,0.00054738,459.80368753,MARK_PRICE_PREVIOUS_FALLBACK,1629532800000,1
BNBUSDT,1629561600000,0.00043634,454.67,MARK_PRICE_EXACT_OPEN,1629561600000,0
BNBUSDT,1629590400005,0.00057623,449.64539,MARK_PRICE_PREVIOUS_FALLBACK,1629590400000,5
BNBUSDT,1629619200007,0.00044363,456.81399869,MARK_PRICE_PREVIOUS_FALLBACK,1629619200000,7
BNBUSDT,1629648000002,0.00022649,443.67219819,MARK_PRICE_PREVIOUS_FALLBACK,1629648000000,2
BNBUSDT,1629676800003,0.00018494,449.45209842,MARK_PRICE_PREVIOUS_FALLBACK,1629676800000,3
BNBUSDT,1629705600005,0.0008496,486.34347735,MARK_PRICE_PREVIOUS_FALLBACK,1629705600000,5
BNBUSDT,1629734400002,0.00054251,497.49180474,MARK_PRICE_PREVIOUS_FALLBACK,1629734400000,2
BNBUSDT,1629763200006,0.00026917,498.87,MARK_PRICE_PREVIOUS_FALLBACK,1629763200000,6
BNBUSDT,1629792000004,0.00074689,496.91083563,MARK_PRICE_PREVIOUS_FALLBACK,1629792000000,4
BNBUSDT,1629820800000,0.0005905,473.40577731,MARK_PRICE_EXACT_OPEN,1629820800000,0
BNBUSDT,1629849600015,0.00016288,473.08999942,MARK_PRICE_PREVIOUS_FALLBACK,1629849600000,15
BNBUSDT,1629878400000,0.00017896,488.43,MARK_PRICE_EXACT_OPEN,1629878400000,0
BNBUSDT,1629907200000,0.00036777,502.68,MARK_PRICE_EXACT_OPEN,1629907200000,0
BNBUSDT,1629936000001,0.00027002,503.18,MARK_PRICE_PREVIOUS_FALLBACK,1629936000000,1
BNBUSDT,1629964800016,0.0003879,482.32599593,MARK_PRICE_PREVIOUS_FALLBACK,1629964800000,16
BNBUSDT,1629993600004,0.00003328,482.12,MARK_PRICE_PREVIOUS_FALLBACK,1629993600000,4
BNBUSDT,1630022400013,0,477.19,MARK_PRICE_PREVIOUS_FALLBACK,1630022400000,13
BNBUSDT,1630051200001,0,480.04,MARK_PRICE_PREVIOUS_FALLBACK,1630051200000,1
BNBUSDT,1630080000004,0,488.69609067,MARK_PRICE_PREVIOUS_FALLBACK,1630080000000,4
BNBUSDT,1630108800000,0,494.74219167,MARK_PRICE_EXACT_OPEN,1630108800000,0
BNBUSDT,1630137600000,0.00030431,487.00100062,MARK_PRICE_EXACT_OPEN,1630137600000,0
BNBUSDT,1630166400000,0.00042497,486.67736797,MARK_PRICE_EXACT_OPEN,1630166400000,0
BNBUSDT,1630195200000,0.00062404,486.57679643,MARK_PRICE_EXACT_OPEN,1630195200000,0
BNBUSDT,1630224000002,0.00029155,488.43648928,MARK_PRICE_PREVIOUS_FALLBACK,1630224000000,2
BNBUSDT,1630252800005,0.00021999,483.30263641,MARK_PRICE_PREVIOUS_FALLBACK,1630252800000,5
BNBUSDT,1630281600013,0.00026235,479.69,MARK_PRICE_PREVIOUS_FALLBACK,1630281600000,13
BNBUSDT,1630310400008,0.00061558,478.46,MARK_PRICE_PREVIOUS_FALLBACK,1630310400000,8
BNBUSDT,1630339200000,0.00055705,472.71944275,MARK_PRICE_EXACT_OPEN,1630339200000,0
BNBUSDT,1630368000000,0.00051061,460.13946766,MARK_PRICE_EXACT_OPEN,1630368000000,0
BNBUSDT,1630396800007,0.00030399,468.26238871,MARK_PRICE_PREVIOUS_FALLBACK,1630396800000,7
BNBUSDT,1630425600003,0.00021071,472.59,MARK_PRICE_PREVIOUS_FALLBACK,1630425600000,3
BNBUSDT,1630454400000,0.00054552,464.46,MARK_PRICE_EXACT_OPEN,1630454400000,0
BNBUSDT,1630483200006,0.00035795,469.45,MARK_PRICE_PREVIOUS_FALLBACK,1630483200000,6
BNBUSDT,1630512000000,0.00051031,480.01019663,MARK_PRICE_EXACT_OPEN,1630512000000,0
BNBUSDT,1630540800009,0.00008513,489.7,MARK_PRICE_PREVIOUS_FALLBACK,1630540800000,9
BNBUSDT,1630569600006,0.00058676,490.23802805,MARK_PRICE_PREVIOUS_FALLBACK,1630569600000,6
BNBUSDT,1630598400007,0.00023242,483.05462547,MARK_PRICE_PREVIOUS_FALLBACK,1630598400000,7
BNBUSDT,1630627200011,0.00044367,484.31443533,MARK_PRICE_PREVIOUS_FALLBACK,1630627200000,11
BNBUSDT,1630656000000,0.00042711,484.49,MARK_PRICE_EXACT_OPEN,1630656000000,0
BNBUSDT,1630684800002,0.00025233,493.5187111,MARK_PRICE_PREVIOUS_FALLBACK,1630684800000,2
BNBUSDT,1630713600003,0.00049804,488.39425359,MARK_PRICE_PREVIOUS_FALLBACK,1630713600000,3
BNBUSDT,1630742400008,0.00056228,490.07815578,MARK_PRICE_PREVIOUS_FALLBACK,1630742400000,8
BNBUSDT,1630771200009,0.00083205,500.31,MARK_PRICE_PREVIOUS_FALLBACK,1630771200000,9
BNBUSDT,1630800000002,0.00083872,497.43739464,MARK_PRICE_PREVIOUS_FALLBACK,1630800000000,2
BNBUSDT,1630828800002,0.00038216,494.74182232,MARK_PRICE_PREVIOUS_FALLBACK,1630828800000,2
BNBUSDT,1630857600000,0.00067472,495.48,MARK_PRICE_EXACT_OPEN,1630857600000,0
BNBUSDT,1630886400003,0.00087994,506.01584277,MARK_PRICE_PREVIOUS_FALLBACK,1630886400000,3
BNBUSDT,1630915200008,0.00110313,504.71149635,MARK_PRICE_PREVIOUS_FALLBACK,1630915200000,8
BNBUSDT,1630944000009,0.00018174,498.90624157,MARK_PRICE_PREVIOUS_FALLBACK,1630944000000,9
BNBUSDT,1630972800004,0.00039914,496.54,MARK_PRICE_PREVIOUS_FALLBACK,1630972800000,4
BNBUSDT,1631001600002,0.00070154,491.24542376,MARK_PRICE_PREVIOUS_FALLBACK,1631001600000,2
BNBUSDT,1631030400001,-0.00141569,415.64,MARK_PRICE_PREVIOUS_FALLBACK,1631030400000,1
BNBUSDT,1631059200005,-0.00041319,419.21,MARK_PRICE_PREVIOUS_FALLBACK,1631059200000,5
BNBUSDT,1631088000000,0,390.52564204,MARK_PRICE_EXACT_OPEN,1631088000000,0
BNBUSDT,1631116800000,0,413.64666623,MARK_PRICE_EXACT_OPEN,1631116800000,0
BNBUSDT,1631145600006,0,414.71468694,MARK_PRICE_PREVIOUS_FALLBACK,1631145600000,6
BNBUSDT,1631174400014,0,416.72860378,MARK_PRICE_PREVIOUS_FALLBACK,1631174400000,14
BNBUSDT,1631203200002,0,420.61609775,MARK_PRICE_PREVIOUS_FALLBACK,1631203200000,2
BNBUSDT,1631232000001,0,421.65158935,MARK_PRICE_PREVIOUS_FALLBACK,1631232000000,1
BNBUSDT,1631260800018,0,418.69827421,MARK_PRICE_PREVIOUS_FALLBACK,1631260800000,18
BNBUSDT,1631289600006,0,404.34990594,MARK_PRICE_PREVIOUS_FALLBACK,1631289600000,6
BNBUSDT,1631318400000,0,401.34,MARK_PRICE_EXACT_OPEN,1631318400000,0
BNBUSDT,1631347200001,0,406.91934238,MARK_PRICE_PREVIOUS_FALLBACK,1631347200000,1
BNBUSDT,1631376000000,0,410.96065439,MARK_PRICE_EXACT_OPEN,1631376000000,0
BNBUSDT,1631404800000,0,404.94340748,MARK_PRICE_EXACT_OPEN,1631404800000,0
BNBUSDT,1631433600002,0,406.66,MARK_PRICE_PREVIOUS_FALLBACK,1631433600000,2
BNBUSDT,1631462400000,0,418.35315362,MARK_PRICE_EXACT_OPEN,1631462400000,0
BNBUSDT,1631491200000,0,416.42,MARK_PRICE_EXACT_OPEN,1631491200000,0
BNBUSDT,1631520000007,0,392.33,MARK_PRICE_PREVIOUS_FALLBACK,1631520000000,7
BNBUSDT,1631548800005,0,394.71395821,MARK_PRICE_PREVIOUS_FALLBACK,1631548800000,5
BNBUSDT,1631577600002,0,399.1826759,MARK_PRICE_PREVIOUS_FALLBACK,1631577600000,2
BNBUSDT,1631606400000,0,401.95503923,MARK_PRICE_EXACT_OPEN,1631606400000,0
BNBUSDT,1631635200007,0,409.06959902,MARK_PRICE_PREVIOUS_FALLBACK,1631635200000,7
BNBUSDT,1631664000012,0,414.65046038,MARK_PRICE_PREVIOUS_FALLBACK,1631664000000,12
BNBUSDT,1631692800003,0,421.54256365,MARK_PRICE_PREVIOUS_FALLBACK,1631692800000,3
BNBUSDT,1631721600006,0,435.20258057,MARK_PRICE_PREVIOUS_FALLBACK,1631721600000,6
BNBUSDT,1631750400008,0,430.93239426,MARK_PRICE_PREVIOUS_FALLBACK,1631750400000,8
BNBUSDT,1631779200005,0,430.07,MARK_PRICE_PREVIOUS_FALLBACK,1631779200000,5
BNBUSDT,1631808000002,0,426.38103569,MARK_PRICE_PREVIOUS_FALLBACK,1631808000000,2
BNBUSDT,1631836800000,0.00014813,424.37177809,MARK_PRICE_EXACT_OPEN,1631836800000,0
BNBUSDT,1631865600047,0.00008261,417.42,MARK_PRICE_PREVIOUS_FALLBACK,1631865600000,47
BNBUSDT,1631894400013,0,411.58,MARK_PRICE_PREVIOUS_FALLBACK,1631894400000,13
BNBUSDT,1631923200000,0.00002763,406.93767583,MARK_PRICE_EXACT_OPEN,1631923200000,0
BNBUSDT,1631952000010,0,418,MARK_PRICE_PREVIOUS_FALLBACK,1631952000000,10
BNBUSDT,1631980800005,0,415.5,MARK_PRICE_PREVIOUS_FALLBACK,1631980800000,5
BNBUSDT,1632009600006,0,410.49,MARK_PRICE_PREVIOUS_FALLBACK,1632009600000,6
BNBUSDT,1632038400015,0,410.93733367,MARK_PRICE_PREVIOUS_FALLBACK,1632038400000,15
BNBUSDT,1632067200007,0.00010744,415.68512489,MARK_PRICE_PREVIOUS_FALLBACK,1632067200000,7
BNBUSDT,1632096000018,0,408.81,MARK_PRICE_PREVIOUS_FALLBACK,1632096000000,18
BNBUSDT,1632124800000,0,382.46662239,MARK_PRICE_EXACT_OPEN,1632124800000,0
BNBUSDT,1632153600005,0,370.09725978,MARK_PRICE_PREVIOUS_FALLBACK,1632153600000,5
BNBUSDT,1632182400005,0,363.79899772,MARK_PRICE_PREVIOUS_FALLBACK,1632182400000,5
BNBUSDT,1632211200007,0,369.52001582,MARK_PRICE_PREVIOUS_FALLBACK,1632211200000,7
BNBUSDT,1632240000000,0,369.79,MARK_PRICE_EXACT_OPEN,1632240000000,0
BNBUSDT,1632268800005,0,343.82646118,MARK_PRICE_PREVIOUS_FALLBACK,1632268800000,5
BNBUSDT,1632297600006,-0.00018317,361.65,MARK_PRICE_PREVIOUS_FALLBACK,1632297600000,6
BNBUSDT,1632326400000,0,369.50254566,MARK_PRICE_EXACT_OPEN,1632326400000,0
BNBUSDT,1632355200003,-0.00043523,378.33523178,MARK_PRICE_PREVIOUS_FALLBACK,1632355200000,3
BNBUSDT,1632384000000,-0.00007308,382.79,MARK_PRICE_EXACT_OPEN,1632384000000,0
BNBUSDT,1632412800007,0,373.82,MARK_PRICE_PREVIOUS_FALLBACK,1632412800000,7
BNBUSDT,1632441600000,-0.0000882,383.30643673,MARK_PRICE_EXACT_OPEN,1632441600000,0
BNBUSDT,1632470400017,-0.00016961,376.84527732,MARK_PRICE_PREVIOUS_FALLBACK,1632470400000,17
BNBUSDT,1632499200000,0,347.71540951,MARK_PRICE_EXACT_OPEN,1632499200000,0
BNBUSDT,1632528000007,-0.00006607,355.02085291,MARK_PRICE_PREVIOUS_FALLBACK,1632528000000,7
BNBUSDT,1632556800002,0,352.16,MARK_PRICE_PREVIOUS_FALLBACK,1632556800000,2
BNBUSDT,1632585600004,-0.00006666,350.59123517,MARK_PRICE_PREVIOUS_FALLBACK,1632585600000,4
BNBUSDT,1632614400013,-0.00024844,349.24864075,MARK_PRICE_PREVIOUS_FALLBACK,1632614400000,13
BNBUSDT,1632643200000,-0.00042273,324.74083078,MARK_PRICE_EXACT_OPEN,1632643200000,0
BNBUSDT,1632672000005,-0.0000551,351.17,MARK_PRICE_PREVIOUS_FALLBACK,1632672000000,5
BNBUSDT,1632700800000,0,343.94592832,MARK_PRICE_EXACT_OPEN,1632700800000,0
BNBUSDT,1632729600001,0,349.22,MARK_PRICE_PREVIOUS_FALLBACK,1632729600000,1
BNBUSDT,1632758400000,0,345.59,MARK_PRICE_EXACT_OPEN,1632758400000,0
BNBUSDT,1632787200000,-0.00007669,335.11336267,MARK_PRICE_EXACT_OPEN,1632787200000,0
BNBUSDT,1632816000014,0,334.18,MARK_PRICE_PREVIOUS_FALLBACK,1632816000000,14
BNBUSDT,1632844800000,0,335.3635415,MARK_PRICE_EXACT_OPEN,1632844800000,0
BNBUSDT,1632873600000,0,333.01077496,MARK_PRICE_EXACT_OPEN,1632873600000,0
BNBUSDT,1632902400002,0,344.61816167,MARK_PRICE_PREVIOUS_FALLBACK,1632902400000,2
BNBUSDT,1632931200000,-0.00040927,367.68426271,MARK_PRICE_EXACT_OPEN,1632931200000,0
BNBUSDT,1632960000000,-0.00100209,366.70437151,MARK_PRICE_EXACT_OPEN,1632960000000,0
BNBUSDT,1632988800004,-0.00050155,374.77031331,MARK_PRICE_PREVIOUS_FALLBACK,1632988800000,4
BNBUSDT,1633017600005,-0.00063287,378.6561719,MARK_PRICE_PREVIOUS_FALLBACK,1633017600000,5
BNBUSDT,1633046400012,-0.00132805,387.266725,MARK_PRICE_PREVIOUS_FALLBACK,1633046400000,12
BNBUSDT,1633075200008,-0.00050562,398.15052598,MARK_PRICE_PREVIOUS_FALLBACK,1633075200000,8
BNBUSDT,1633104000000,-0.00010282,413.07,MARK_PRICE_EXACT_OPEN,1633104000000,0
BNBUSDT,1633132800000,-0.00098666,421.19,MARK_PRICE_EXACT_OPEN,1633132800000,0
BNBUSDT,1633161600002,-0.00017296,418.10181202,MARK_PRICE_PREVIOUS_FALLBACK,1633161600000,2
BNBUSDT,1633190400011,-0.00007472,431.99960173,MARK_PRICE_PREVIOUS_FALLBACK,1633190400000,11
BNBUSDT,1633219200019,-0.00002145,427.5,MARK_PRICE_PREVIOUS_FALLBACK,1633219200000,19
BNBUSDT,1633248000011,-0.00059484,428.52286439,MARK_PRICE_PREVIOUS_FALLBACK,1633248000000,11
BNBUSDT,1633276800004,-0.00095523,426.95454922,MARK_PRICE_PREVIOUS_FALLBACK,1633276800000,4
BNBUSDT,1633305600004,-0.00020598,429.3,MARK_PRICE_PREVIOUS_FALLBACK,1633305600000,4
BNBUSDT,1633334400000,-0.00029886,422.35,MARK_PRICE_EXACT_OPEN,1633334400000,0
BNBUSDT,1633363200000,-0.00051603,420.59,MARK_PRICE_EXACT_OPEN,1633363200000,0
BNBUSDT,1633392000007,-0.00002176,426.09,MARK_PRICE_PREVIOUS_FALLBACK,1633392000000,7
BNBUSDT,1633420800007,-0.00026348,433.91183338,MARK_PRICE_PREVIOUS_FALLBACK,1633420800000,7
BNBUSDT,1633449600004,-0.00000607,434.79,MARK_PRICE_PREVIOUS_FALLBACK,1633449600000,4
BNBUSDT,1633478400002,-0.00058585,441.68858756,MARK_PRICE_PREVIOUS_FALLBACK,1633478400000,2
BNBUSDT,1633507200000,-0.00052793,431.79,MARK_PRICE_EXACT_OPEN,1633507200000,0
BNBUSDT,1633536000003,-0.0001896,439.96222336,MARK_PRICE_PREVIOUS_FALLBACK,1633536000000,3
BNBUSDT,1633564800007,0,434.55385576,MARK_PRICE_PREVIOUS_FALLBACK,1633564800000,7
BNBUSDT,1633593600002,-0.00000146,445.53,MARK_PRICE_PREVIOUS_FALLBACK,1633593600000,2
BNBUSDT,1633622400000,0,439.28156623,MARK_PRICE_EXACT_OPEN,1633622400000,0
BNBUSDT,1633651200011,0,438.28,MARK_PRICE_PREVIOUS_FALLBACK,1633651200000,11
BNBUSDT,1633680000003,-0.00015581,435.78608149,MARK_PRICE_PREVIOUS_FALLBACK,1633680000000,3
BNBUSDT,1633708800002,0.00049807,423.91,MARK_PRICE_PREVIOUS_FALLBACK,1633708800000,2
BNBUSDT,1633737600006,0.00002603,419.67,MARK_PRICE_PREVIOUS_FALLBACK,1633737600000,6
BNBUSDT,1633766400003,0,423.44326892,MARK_PRICE_PREVIOUS_FALLBACK,1633766400000,3
BNBUSDT,1633795200000,0.00007305,422.78,MARK_PRICE_EXACT_OPEN,1633795200000,0
BNBUSDT,1633824000000,0.00006252,422.30934869,MARK_PRICE_EXACT_OPEN,1633824000000,0
BNBUSDT,1633852800008,0.00035215,421.14,MARK_PRICE_PREVIOUS_FALLBACK,1633852800000,8
BNBUSDT,1633881600000,0.00035668,419.91994838,MARK_PRICE_EXACT_OPEN,1633881600000,0
BNBUSDT,1633910400002,0,404.03,MARK_PRICE_PREVIOUS_FALLBACK,1633910400000,2
BNBUSDT,1633939200001,0.00019149,420.5507073,MARK_PRICE_PREVIOUS_FALLBACK,1633939200000,1
BNBUSDT,1633968000006,0.00024432,417.9,MARK_PRICE_PREVIOUS_FALLBACK,1633968000000,6
BNBUSDT,1633996800008,0,412.47452536,MARK_PRICE_PREVIOUS_FALLBACK,1633996800000,8
BNBUSDT,1634025600013,0,403.6,MARK_PRICE_PREVIOUS_FALLBACK,1634025600000,13
BNBUSDT,1634054400003,0,435.0438407,MARK_PRICE_PREVIOUS_FALLBACK,1634054400000,3
BNBUSDT,1634083200003,0.00013415,444.56793922,MARK_PRICE_PREVIOUS_FALLBACK,1634083200000,3
BNBUSDT,1634112000015,0.00022324,449.94452808,MARK_PRICE_PREVIOUS_FALLBACK,1634112000000,15
BNBUSDT,1634140800000,0,454.24,MARK_PRICE_EXACT_OPEN,1634140800000,0
BNBUSDT,1634169600011,-0.00003305,470.55,MARK_PRICE_PREVIOUS_FALLBACK,1634169600000,11
BNBUSDT,1634198400017,-0.00051909,474.71,MARK_PRICE_PREVIOUS_FALLBACK,1634198400000,17
BNBUSDT,1634227200000,-0.00010645,474.35634174,MARK_PRICE_EXACT_OPEN,1634227200000,0
BNBUSDT,1634256000005,-0.00005124,471.27868836,MARK_PRICE_PREVIOUS_FALLBACK,1634256000000,5
BNBUSDT,1634284800002,0,467.12,MARK_PRICE_PREVIOUS_FALLBACK,1634284800000,2
BNBUSDT,1634313600005,-0.00030906,464.28865191,MARK_PRICE_PREVIOUS_FALLBACK,1634313600000,5
BNBUSDT,1634342400009,-0.00032721,473.95618181,MARK_PRICE_PREVIOUS_FALLBACK,1634342400000,9
BNBUSDT,1634371200000,-0.00020611,478.91405065,MARK_PRICE_EXACT_OPEN,1634371200000,0
BNBUSDT,1634400000003,-0.0004658,467.14341374,MARK_PRICE_PREVIOUS_FALLBACK,1634400000000,3
BNBUSDT,1634428800001,-0.0007323,464.31484589,MARK_PRICE_PREVIOUS_FALLBACK,1634428800000,1
BNBUSDT,1634457600002,-0.00061497,465.57043258,MARK_PRICE_PREVIOUS_FALLBACK,1634457600000,2
BNBUSDT,1634486400002,-0.00046742,465.33,MARK_PRICE_PREVIOUS_FALLBACK,1634486400000,2
BNBUSDT,1634515200006,-0.00155446,470.32,MARK_PRICE_PREVIOUS_FALLBACK,1634515200000,6
BNBUSDT,1634544000004,-0.00021453,471.27,MARK_PRICE_PREVIOUS_FALLBACK,1634544000000,4
BNBUSDT,1634572800001,-0.00002043,477.91611231,MARK_PRICE_PREVIOUS_FALLBACK,1634572800000,1
BNBUSDT,1634601600002,-0.00078657,484.18075153,MARK_PRICE_PREVIOUS_FALLBACK,1634601600000,2
BNBUSDT,1634630400000,-0.00002352,492.8534952,MARK_PRICE_EXACT_OPEN,1634630400000,0
BNBUSDT,1634659200000,-0.00081327,483.20554273,MARK_PRICE_EXACT_OPEN,1634659200000,0
BNBUSDT,1634688000017,-0.00065641,486.82664751,MARK_PRICE_PREVIOUS_FALLBACK,1634688000000,17
BNBUSDT,1634716800004,-0.00042888,485.58,MARK_PRICE_PREVIOUS_FALLBACK,1634716800000,4
BNBUSDT,1634745600020,-0.00019455,499.75,MARK_PRICE_PREVIOUS_FALLBACK,1634745600000,20
BNBUSDT,1634774400000,-0.00022341,500.90960542,MARK_PRICE_EXACT_OPEN,1634774400000,0
BNBUSDT,1634803200000,-0.00088283,491.47122971,MARK_PRICE_EXACT_OPEN,1634803200000,0
BNBUSDT,1634832000008,0.00094894,472.61,MARK_PRICE_PREVIOUS_FALLBACK,1634832000000,8
BNBUSDT,1634860800005,0.00018106,471.42,MARK_PRICE_PREVIOUS_FALLBACK,1634860800000,5
BNBUSDT,1634889600005,0.00020044,489.42246235,MARK_PRICE_PREVIOUS_FALLBACK,1634889600000,5
BNBUSDT,1634918400018,0.00060124,481.28928605,MARK_PRICE_PREVIOUS_FALLBACK,1634918400000,18
BNBUSDT,1634947200005,0.00044424,479.66,MARK_PRICE_PREVIOUS_FALLBACK,1634947200000,5
BNBUSDT,1634976000001,0.0002304,481.08096821,MARK_PRICE_PREVIOUS_FALLBACK,1634976000000,1
BNBUSDT,1635004800004,0.00032033,482.81654129,MARK_PRICE_PREVIOUS_FALLBACK,1635004800000,4
BNBUSDT,1635033600006,0.00039286,486.23328167,MARK_PRICE_PREVIOUS_FALLBACK,1635033600000,6
BNBUSDT,1635062400012,0.00029372,481.3,MARK_PRICE_PREVIOUS_FALLBACK,1635062400000,12
BNBUSDT,1635091200001,0.00052865,472.18997658,MARK_PRICE_PREVIOUS_FALLBACK,1635091200000,1
BNBUSDT,1635120000012,0.00031655,477.0359086,MARK_PRICE_PREVIOUS_FALLBACK,1635120000000,12
BNBUSDT,1635148800002,0.00044234,484.12471425,MARK_PRICE_PREVIOUS_FALLBACK,1635148800000,2
BNBUSDT,1635177600022,0.00036856,487.93,MARK_PRICE_PREVIOUS_FALLBACK,1635177600000,22
BNBUSDT,1635206400005,0.00045264,485.56241039,MARK_PRICE_PREVIOUS_FALLBACK,1635206400000,5
BNBUSDT,1635235200016,0.00052636,485.89,MARK_PRICE_PREVIOUS_FALLBACK,1635235200000,16
BNBUSDT,1635264000000,0.00042621,483.84,MARK_PRICE_EXACT_OPEN,1635264000000,0
BNBUSDT,1635292800004,0.00024036,478.6,MARK_PRICE_PREVIOUS_FALLBACK,1635292800000,4
BNBUSDT,1635321600000,0.00042998,474.37,MARK_PRICE_EXACT_OPEN,1635321600000,0
BNBUSDT,1635350400002,0,454.45557972,MARK_PRICE_PREVIOUS_FALLBACK,1635350400000,2
BNBUSDT,1635379200002,0,449.71118763,MARK_PRICE_PREVIOUS_FALLBACK,1635379200000,2
BNBUSDT,1635408000000,0,455.99776474,MARK_PRICE_EXACT_OPEN,1635408000000,0
BNBUSDT,1635436800005,0,487.5895398,MARK_PRICE_PREVIOUS_FALLBACK,1635436800000,5
BNBUSDT,1635465600000,0,492.06619489,MARK_PRICE_EXACT_OPEN,1635465600000,0
BNBUSDT,1635494400007,0,492.73,MARK_PRICE_PREVIOUS_FALLBACK,1635494400000,7
BNBUSDT,1635523200001,0,519.21082978,MARK_PRICE_PREVIOUS_FALLBACK,1635523200000,1
BNBUSDT,1635552000000,0.00035782,530.55635499,MARK_PRICE_EXACT_OPEN,1635552000000,0
BNBUSDT,1635580800001,0.00020281,532.55762735,MARK_PRICE_PREVIOUS_FALLBACK,1635580800000,1
BNBUSDT,1635609600013,0.00014993,521.77140811,MARK_PRICE_PREVIOUS_FALLBACK,1635609600000,13
BNBUSDT,1635638400008,0,530.05,MARK_PRICE_PREVIOUS_FALLBACK,1635638400000,8
BNBUSDT,1635667200010,0,530.88455806,MARK_PRICE_PREVIOUS_FALLBACK,1635667200000,10
BNBUSDT,1635696000001,0,513.2407008,MARK_PRICE_PREVIOUS_FALLBACK,1635696000000,1
BNBUSDT,1635724800009,-0.00036528,525.27525773,MARK_PRICE_PREVIOUS_FALLBACK,1635724800000,9
BNBUSDT,1635753600014,0,528.76345428,MARK_PRICE_PREVIOUS_FALLBACK,1635753600000,14
BNBUSDT,1635782400001,0,537.53,MARK_PRICE_PREVIOUS_FALLBACK,1635782400000,1
BNBUSDT,1635811200000,0,551.05,MARK_PRICE_EXACT_OPEN,1635811200000,0
BNBUSDT,1635840000007,-0.00001756,540.14314113,MARK_PRICE_PREVIOUS_FALLBACK,1635840000000,7
BNBUSDT,1635868800010,0,561.96,MARK_PRICE_PREVIOUS_FALLBACK,1635868800000,10
BNBUSDT,1635897600019,0,554.45,MARK_PRICE_PREVIOUS_FALLBACK,1635897600000,19
BNBUSDT,1635926400000,0,554.16,MARK_PRICE_EXACT_OPEN,1635926400000,0
BNBUSDT,1635955200005,0,549.35,MARK_PRICE_PREVIOUS_FALLBACK,1635955200000,5
BNBUSDT,1635984000006,0,568.45995712,MARK_PRICE_PREVIOUS_FALLBACK,1635984000000,6
BNBUSDT,1636012800004,0,552.45,MARK_PRICE_PREVIOUS_FALLBACK,1636012800000,4
BNBUSDT,1636041600004,0,547.09,MARK_PRICE_PREVIOUS_FALLBACK,1636041600000,4
BNBUSDT,1636070400000,0,558.86,MARK_PRICE_EXACT_OPEN,1636070400000,0
BNBUSDT,1636099200013,0.00023238,594.82021614,MARK_PRICE_PREVIOUS_FALLBACK,1636099200000,13
BNBUSDT,1636128000016,0,601.00438731,MARK_PRICE_PREVIOUS_FALLBACK,1636128000000,16
BNBUSDT,1636156800010,-0.0001515,606.11367569,MARK_PRICE_PREVIOUS_FALLBACK,1636156800000,10
BNBUSDT,1636185600000,-0.00045138,617.92,MARK_PRICE_EXACT_OPEN,1636185600000,0
BNBUSDT,1636214400007,0,610.46,MARK_PRICE_PREVIOUS_FALLBACK,1636214400000,7
BNBUSDT,1636243200013,-0.00062379,636.02,MARK_PRICE_PREVIOUS_FALLBACK,1636243200000,13
BNBUSDT,1636272000005,0,659.06,MARK_PRICE_PREVIOUS_FALLBACK,1636272000000,5
BNBUSDT,1636300800004,0,660.66898918,MARK_PRICE_PREVIOUS_FALLBACK,1636300800000,4
BNBUSDT,1636329600001,0,649.48331967,MARK_PRICE_PREVIOUS_FALLBACK,1636329600000,1
BNBUSDT,1636358400000,0.00001202,641.38,MARK_PRICE_EXACT_OPEN,1636358400000,0
BNBUSDT,1636387200000,0,648.55924811,MARK_PRICE_EXACT_OPEN,1636387200000,0
BNBUSDT,1636416000000,0,653.55,MARK_PRICE_EXACT_OPEN,1636416000000,0
BNBUSDT,1636444800014,0,646.18,MARK_PRICE_PREVIOUS_FALLBACK,1636444800000,14
BNBUSDT,1636473600001,0.00003602,642.3,MARK_PRICE_PREVIOUS_FALLBACK,1636473600000,1
BNBUSDT,1636502400000,0.0003217,635.2,MARK_PRICE_EXACT_OPEN,1636502400000,0
BNBUSDT,1636531200003,0.00019369,646.58669698,MARK_PRICE_PREVIOUS_FALLBACK,1636531200000,3
BNBUSDT,1636560000001,0,652.05803545,MARK_PRICE_PREVIOUS_FALLBACK,1636560000000,1
BNBUSDT,1636588800008,-0.0003087,612.67,MARK_PRICE_PREVIOUS_FALLBACK,1636588800000,8
BNBUSDT,1636617600012,-0.00011674,630.21,MARK_PRICE_PREVIOUS_FALLBACK,1636617600000,12
BNBUSDT,1636646400007,-0.0000511,624.96,MARK_PRICE_PREVIOUS_FALLBACK,1636646400000,7
BNBUSDT,1636675200000,-0.00043283,628.21,MARK_PRICE_EXACT_OPEN,1636675200000,0
BNBUSDT,1636704000000,-0.00035834,623.11558575,MARK_PRICE_EXACT_OPEN,1636704000000,0
BNBUSDT,1636732800004,-0.00034697,612.2,MARK_PRICE_PREVIOUS_FALLBACK,1636732800000,4
BNBUSDT,1636761600000,-0.00066347,626.33313269,MARK_PRICE_EXACT_OPEN,1636761600000,0
BNBUSDT,1636790400004,-0.00045186,626.7,MARK_PRICE_PREVIOUS_FALLBACK,1636790400000,4
BNBUSDT,1636819200006,-0.00013015,648.27763722,MARK_PRICE_PREVIOUS_FALLBACK,1636819200000,6
BNBUSDT,1636848000010,-0.00056032,648.20680739,MARK_PRICE_PREVIOUS_FALLBACK,1636848000000,10
BNBUSDT,1636876800001,-0.00010145,645.27453869,MARK_PRICE_PREVIOUS_FALLBACK,1636876800000,1
BNBUSDT,1636905600000,-0.00045547,653,MARK_PRICE_EXACT_OPEN,1636905600000,0
BNBUSDT,1636934400008,-0.00007715,650.83834234,MARK_PRICE_PREVIOUS_FALLBACK,1636934400000,8
BNBUSDT,1636963200000,0,653.63198392,MARK_PRICE_EXACT_OPEN,1636963200000,0
BNBUSDT,1636992000000,0,636.96047018,MARK_PRICE_EXACT_OPEN,1636992000000,0
BNBUSDT,1637020800000,0,633.59979331,MARK_PRICE_EXACT_OPEN,1637020800000,0
BNBUSDT,1637049600001,-0.00037642,607.44,MARK_PRICE_PREVIOUS_FALLBACK,1637049600000,1
BNBUSDT,1637078400018,0,586.76214119,MARK_PRICE_PREVIOUS_FALLBACK,1637078400000,18
BNBUSDT,1637107200005,0,589.89,MARK_PRICE_PREVIOUS_FALLBACK,1637107200000,5
BNBUSDT,1637136000007,0.00012726,569.18923746,MARK_PRICE_PREVIOUS_FALLBACK,1637136000000,7
BNBUSDT,1637164800003,0,570.77,MARK_PRICE_PREVIOUS_FALLBACK,1637164800000,3
BNBUSDT,1637193600017,0,578.28,MARK_PRICE_PREVIOUS_FALLBACK,1637193600000,17
BNBUSDT,1637222400007,0,573.53824155,MARK_PRICE_PREVIOUS_FALLBACK,1637222400000,7
BNBUSDT,1637251200011,0.00003624,545.3391478,MARK_PRICE_PREVIOUS_FALLBACK,1637251200000,11
BNBUSDT,1637280000000,0,532.05,MARK_PRICE_EXACT_OPEN,1637280000000,0
BNBUSDT,1637308800000,0,545.99218436,MARK_PRICE_EXACT_OPEN,1637308800000,0
BNBUSDT,1637337600005,0,576.88,MARK_PRICE_PREVIOUS_FALLBACK,1637337600000,5
BNBUSDT,1637366400012,0,581.20758339,MARK_PRICE_PREVIOUS_FALLBACK,1637366400000,12
BNBUSDT,1637395200000,0,581.54224272,MARK_PRICE_EXACT_OPEN,1637395200000,0
BNBUSDT,1637424000007,4.6e-7,574.82,MARK_PRICE_PREVIOUS_FALLBACK,1637424000000,7
BNBUSDT,1637452800000,0,604.35704748,MARK_PRICE_EXACT_OPEN,1637452800000,0
BNBUSDT,1637481600006,0.00010463,587.53210931,MARK_PRICE_PREVIOUS_FALLBACK,1637481600000,6
BNBUSDT,1637510400000,9.7e-7,592.7661415,MARK_PRICE_EXACT_OPEN,1637510400000,0
BNBUSDT,1637539200004,0,584.39914503,MARK_PRICE_PREVIOUS_FALLBACK,1637539200000,4
BNBUSDT,1637568000000,0.00015492,568.43,MARK_PRICE_EXACT_OPEN,1637568000000,0
BNBUSDT,1637596800000,0,575.87986261,MARK_PRICE_EXACT_OPEN,1637596800000,0
BNBUSDT,1637625600004,0,559.49,MARK_PRICE_PREVIOUS_FALLBACK,1637625600000,4
BNBUSDT,1637654400010,0,564.10035372,MARK_PRICE_PREVIOUS_FALLBACK,1637654400000,10
BNBUSDT,1637683200005,0.00015094,593.7016787,MARK_PRICE_PREVIOUS_FALLBACK,1637683200000,5
BNBUSDT,1637712000001,0.00019831,591.98858588,MARK_PRICE_PREVIOUS_FALLBACK,1637712000000,1
BNBUSDT,1637740800003,0.00006496,586.55569658,MARK_PRICE_PREVIOUS_FALLBACK,1637740800000,3
BNBUSDT,1637769600010,0.0001357,592.62,MARK_PRICE_PREVIOUS_FALLBACK,1637769600000,10
BNBUSDT,1637798400000,0.00010036,590.56,MARK_PRICE_EXACT_OPEN,1637798400000,0
BNBUSDT,1637827200010,0.00035203,609.73297208,MARK_PRICE_PREVIOUS_FALLBACK,1637827200000,10
BNBUSDT,1637856000000,0.00057619,643.37961941,MARK_PRICE_EXACT_OPEN,1637856000000,0
BNBUSDT,1637884800000,0.00029279,639.25460283,MARK_PRICE_EXACT_OPEN,1637884800000,0
BNBUSDT,1637913600000,0.0002718,609.39,MARK_PRICE_EXACT_OPEN,1637913600000,0
BNBUSDT,1637942400016,0,586.35897931,MARK_PRICE_PREVIOUS_FALLBACK,1637942400000,16
BNBUSDT,1637971200005,0,588.57893824,MARK_PRICE_PREVIOUS_FALLBACK,1637971200000,5
BNBUSDT,1638000000008,0,591.51293212,MARK_PRICE_PREVIOUS_FALLBACK,1638000000000,8
BNBUSDT,1638028800007,0,607.57950411,MARK_PRICE_PREVIOUS_FALLBACK,1638028800000,7
BNBUSDT,1638057600018,0.00013471,598.3623362,MARK_PRICE_PREVIOUS_FALLBACK,1638057600000,18
BNBUSDT,1638086400000,0,590.73187837,MARK_PRICE_EXACT_OPEN,1638086400000,0
BNBUSDT,1638115200004,0.00011508,593.64,MARK_PRICE_PREVIOUS_FALLBACK,1638115200000,4
BNBUSDT,1638144000002,0,612.62,MARK_PRICE_PREVIOUS_FALLBACK,1638144000000,2
BNBUSDT,1638172800004,0.00002349,618.87,MARK_PRICE_PREVIOUS_FALLBACK,1638172800000,4
BNBUSDT,1638201600000,0.00005117,619.26432223,MARK_PRICE_EXACT_OPEN,1638201600000,0
BNBUSDT,1638230400000,0,624.12875752,MARK_PRICE_EXACT_OPEN,1638230400000,0
BNBUSDT,1638259200006,0.00004117,613.09,MARK_PRICE_PREVIOUS_FALLBACK,1638259200000,6
BNBUSDT,1638288000000,0.00003202,619.05886735,MARK_PRICE_EXACT_OPEN,1638288000000,0
BNBUSDT,1638316800000,0,622.54088279,MARK_PRICE_EXACT_OPEN,1638316800000,0
BNBUSDT,1638345600000,0.00001348,637.13899977,MARK_PRICE_EXACT_OPEN,1638345600000,0
BNBUSDT,1638374400001,0.00001416,648.08730958,MARK_PRICE_PREVIOUS_FALLBACK,1638374400000,1
BNBUSDT,1638403200000,0.00011406,627.45767232,MARK_PRICE_EXACT_OPEN,1638403200000,0
BNBUSDT,1638432000007,0,628.53241263,MARK_PRICE_PREVIOUS_FALLBACK,1638432000000,7
BNBUSDT,1638460800008,0.00010252,622.99,MARK_PRICE_PREVIOUS_FALLBACK,1638460800000,8
BNBUSDT,1638489600004,0.00003977,620.7,MARK_PRICE_PREVIOUS_FALLBACK,1638489600000,4
BNBUSDT,1638518400002,0,622.03819237,MARK_PRICE_PREVIOUS_FALLBACK,1638518400000,2
BNBUSDT,1638547200006,0,606.62718165,MARK_PRICE_PREVIOUS_FALLBACK,1638547200000,6
BNBUSDT,1638576000006,0,595.15521696,MARK_PRICE_PREVIOUS_FALLBACK,1638576000000,6
BNBUSDT,1638604800004,-0.00006161,533.74698784,MARK_PRICE_PREVIOUS_FALLBACK,1638604800000,4
BNBUSDT,1638633600000,-0.0001964,562.56481234,MARK_PRICE_EXACT_OPEN,1638633600000,0
BNBUSDT,1638662400003,-0.00026037,569.41,MARK_PRICE_PREVIOUS_FALLBACK,1638662400000,3
BNBUSDT,1638691200008,0,573.55,MARK_PRICE_PREVIOUS_FALLBACK,1638691200000,8
BNBUSDT,1638720000007,0,547.33,MARK_PRICE_PREVIOUS_FALLBACK,1638720000000,7
BNBUSDT,1638748800009,0,557.96,MARK_PRICE_PREVIOUS_FALLBACK,1638748800000,9
BNBUSDT,1638777600001,0,554.60005734,MARK_PRICE_PREVIOUS_FALLBACK,1638777600000,1
BNBUSDT,1638806400000,-0.00009407,570.77527441,MARK_PRICE_EXACT_OPEN,1638806400000,0
BNBUSDT,1638835200018,-0.0005325,587.29,MARK_PRICE_PREVIOUS_FALLBACK,1638835200000,18
BNBUSDT,1638864000000,-0.00081513,584.46948844,MARK_PRICE_EXACT_OPEN,1638864000000,0
BNBUSDT,1638892800000,-0.00076752,585.89,MARK_PRICE_EXACT_OPEN,1638892800000,0
BNBUSDT,1638921600000,-0.00063789,578.34,MARK_PRICE_EXACT_OPEN,1638921600000,0
BNBUSDT,1638950400018,-0.00045824,580.95,MARK_PRICE_PREVIOUS_FALLBACK,1638950400000,18
BNBUSDT,1638979200010,-0.00011763,592.23,MARK_PRICE_PREVIOUS_FALLBACK,1638979200000,10
BNBUSDT,1639008000010,-0.0004996,606.74197507,MARK_PRICE_PREVIOUS_FALLBACK,1639008000000,10
BNBUSDT,1639036800000,-0.00020967,603.48,MARK_PRICE_EXACT_OPEN,1639036800000,0
BNBUSDT,1639065600000,-0.00035578,579.47393648,MARK_PRICE_EXACT_OPEN,1639065600000,0
BNBUSDT,1639094400000,-0.00043999,569.46449256,MARK_PRICE_EXACT_OPEN,1639094400000,0
BNBUSDT,1639123200008,-0.00046336,569.77,MARK_PRICE_PREVIOUS_FALLBACK,1639123200000,8
BNBUSDT,1639152000012,-0.00093486,568.87215518,MARK_PRICE_PREVIOUS_FALLBACK,1639152000000,12
BNBUSDT,1639180800009,-0.00020823,553.09,MARK_PRICE_PREVIOUS_FALLBACK,1639180800000,9
BNBUSDT,1639209600008,-0.00040625,543.84971388,MARK_PRICE_PREVIOUS_FALLBACK,1639209600000,8
BNBUSDT,1639238400000,-0.00050253,559.05,MARK_PRICE_EXACT_OPEN,1639238400000,0
BNBUSDT,1639267200001,-0.00049651,563.83,MARK_PRICE_PREVIOUS_FALLBACK,1639267200000,1
BNBUSDT,1639296000015,-0.0004758,565.82631069,MARK_PRICE_PREVIOUS_FALLBACK,1639296000000,15
BNBUSDT,1639324800011,-0.00035172,561.82752753,MARK_PRICE_PREVIOUS_FALLBACK,1639324800000,11
BNBUSDT,1639353600006,-0.00049297,569.51419281,MARK_PRICE_PREVIOUS_FALLBACK,1639353600000,6
BNBUSDT,1639382400019,-0.00026124,551.62613661,MARK_PRICE_PREVIOUS_FALLBACK,1639382400000,19
BNBUSDT,1639411200000,-0.00030003,526.15,MARK_PRICE_EXACT_OPEN,1639411200000,0
BNBUSDT,1639440000004,-0.00035707,520.17542351,MARK_PRICE_PREVIOUS_FALLBACK,1639440000000,4
BNBUSDT,1639468800000,-0.00016492,529.46,MARK_PRICE_EXACT_OPEN,1639468800000,0
BNBUSDT,1639497600015,0,517.76933237,MARK_PRICE_PREVIOUS_FALLBACK,1639497600000,15
BNBUSDT,1639526400000,0,528.07,MARK_PRICE_EXACT_OPEN,1639526400000,0
BNBUSDT,1639555200008,0,531.69019712,MARK_PRICE_PREVIOUS_FALLBACK,1639555200000,8
BNBUSDT,1639584000005,0,502.45723543,MARK_PRICE_PREVIOUS_FALLBACK,1639584000000,5
BNBUSDT,1639612800006,0,541.46119636,MARK_PRICE_PREVIOUS_FALLBACK,1639612800000,6
BNBUSDT,1639641600009,0,532.924038,MARK_PRICE_PREVIOUS_FALLBACK,1639641600000,9
BNBUSDT,1639670400000,0,539.7150411,MARK_PRICE_EXACT_OPEN,1639670400000,0
BNBUSDT,1639699200000,0,526.05391795,MARK_PRICE_EXACT_OPEN,1639699200000,0
BNBUSDT,1639728000005,0,525.9174505,MARK_PRICE_PREVIOUS_FALLBACK,1639728000000,5
BNBUSDT,1639756800006,0,524.68516553,MARK_PRICE_PREVIOUS_FALLBACK,1639756800000,6
BNBUSDT,1639785600014,0,527.12615261,MARK_PRICE_PREVIOUS_FALLBACK,1639785600000,14
BNBUSDT,1639814400012,0,525.62268226,MARK_PRICE_PREVIOUS_FALLBACK,1639814400000,12
BNBUSDT,1639843200000,0,530.39,MARK_PRICE_EXACT_OPEN,1639843200000,0
BNBUSDT,1639872000031,0,533.62193523,MARK_PRICE_PREVIOUS_FALLBACK,1639872000000,31
BNBUSDT,1639900800000,0,538.68918989,MARK_PRICE_EXACT_OPEN,1639900800000,0
BNBUSDT,1639929600003,0,533.26619977,MARK_PRICE_PREVIOUS_FALLBACK,1639929600000,3
BNBUSDT,1639958400015,0,529.82695762,MARK_PRICE_PREVIOUS_FALLBACK,1639958400000,15
BNBUSDT,1639987200007,0,520.95,MARK_PRICE_PREVIOUS_FALLBACK,1639987200000,7
BNBUSDT,1640016000005,0,511.96,MARK_PRICE_PREVIOUS_FALLBACK,1640016000000,5
BNBUSDT,1640044800003,0,525.21,MARK_PRICE_PREVIOUS_FALLBACK,1640044800000,3
BNBUSDT,1640073600012,0,527.75,MARK_PRICE_PREVIOUS_FALLBACK,1640073600000,12
BNBUSDT,1640102400005,0,525.46521617,MARK_PRICE_PREVIOUS_FALLBACK,1640102400000,5
BNBUSDT,1640131200000,0,528.47699279,MARK_PRICE_EXACT_OPEN,1640131200000,0
BNBUSDT,1640160000001,0,535.52,MARK_PRICE_PREVIOUS_FALLBACK,1640160000000,1
BNBUSDT,1640188800006,0,541.79,MARK_PRICE_PREVIOUS_FALLBACK,1640188800000,6
BNBUSDT,1640217600011,0,534.49,MARK_PRICE_PREVIOUS_FALLBACK,1640217600000,11
BNBUSDT,1640246400000,0,526.31689256,MARK_PRICE_EXACT_OPEN,1640246400000,0
BNBUSDT,1640275200000,0,529.66973011,MARK_PRICE_EXACT_OPEN,1640275200000,0
BNBUSDT,1640304000005,0,548.5641088,MARK_PRICE_PREVIOUS_FALLBACK,1640304000000,5
BNBUSDT,1640332800000,0,545.94693849,MARK_PRICE_EXACT_OPEN,1640332800000,0
BNBUSDT,1640361600011,0,548.03492741,MARK_PRICE_PREVIOUS_FALLBACK,1640361600000,11
BNBUSDT,1640390400000,0,542.14739743,MARK_PRICE_EXACT_OPEN,1640390400000,0
BNBUSDT,1640419200001,0,546.37678814,MARK_PRICE_PREVIOUS_FALLBACK,1640419200000,1
BNBUSDT,1640448000005,0,546.07,MARK_PRICE_PREVIOUS_FALLBACK,1640448000000,5
BNBUSDT,1640476800004,0,547.04,MARK_PRICE_PREVIOUS_FALLBACK,1640476800000,4
BNBUSDT,1640505600002,0,540.90288694,MARK_PRICE_PREVIOUS_FALLBACK,1640505600000,2
BNBUSDT,1640534400000,0,543.39448286,MARK_PRICE_EXACT_OPEN,1640534400000,0
BNBUSDT,1640563200002,0,547.05,MARK_PRICE_PREVIOUS_FALLBACK,1640563200000,2
BNBUSDT,1640592000005,0,545.54,MARK_PRICE_PREVIOUS_FALLBACK,1640592000000,5
BNBUSDT,1640620800000,0,558.79920925,MARK_PRICE_EXACT_OPEN,1640620800000,0
BNBUSDT,1640649600000,0,563.73641122,MARK_PRICE_EXACT_OPEN,1640649600000,0
BNBUSDT,1640678400012,0,547.03,MARK_PRICE_PREVIOUS_FALLBACK,1640678400000,12
BNBUSDT,1640707200000,0,548.01,MARK_PRICE_EXACT_OPEN,1640707200000,0
BNBUSDT,1640736000006,0,534.81296615,MARK_PRICE_PREVIOUS_FALLBACK,1640736000000,6
BNBUSDT,1640764800003,0,536.2449291,MARK_PRICE_PREVIOUS_FALLBACK,1640764800000,3
BNBUSDT,1640793600004,0,529.44221272,MARK_PRICE_PREVIOUS_FALLBACK,1640793600000,4
BNBUSDT,1640822400003,0,514.92021731,MARK_PRICE_PREVIOUS_FALLBACK,1640822400000,3
BNBUSDT,1640851200001,0,521.1810868,MARK_PRICE_PREVIOUS_FALLBACK,1640851200000,1
BNBUSDT,1640880000017,0,519.53,MARK_PRICE_PREVIOUS_FALLBACK,1640880000000,17
BNBUSDT,1640908800006,0,517.6,MARK_PRICE_PREVIOUS_FALLBACK,1640908800000,6
BNBUSDT,1640937600009,0,513.14,MARK_PRICE_PREVIOUS_FALLBACK,1640937600000,9
BNBUSDT,1640966400000,0,521.84061791,MARK_PRICE_EXACT_OPEN,1640966400000,0
BNBUSDT,1640995200006,0,512.20609399,MARK_PRICE_PREVIOUS_FALLBACK,1640995200000,6
BNBUSDT,1641024000009,0,515.8,MARK_PRICE_PREVIOUS_FALLBACK,1641024000000,9
BNBUSDT,1641052800000,0,518.65448334,MARK_PRICE_EXACT_OPEN,1641052800000,0
BNBUSDT,1641081600028,0,527.55671456,MARK_PRICE_PREVIOUS_FALLBACK,1641081600000,28
BNBUSDT,1641110400000,0,521.97769988,MARK_PRICE_EXACT_OPEN,1641110400000,0
BNBUSDT,1641139200000,0,525.91582865,MARK_PRICE_EXACT_OPEN,1641139200000,0
BNBUSDT,1641168000010,0,530.3576532,MARK_PRICE_PREVIOUS_FALLBACK,1641168000000,10
BNBUSDT,1641196800013,0,525.82643539,MARK_PRICE_PREVIOUS_FALLBACK,1641196800000,13
BNBUSDT,1641225600018,0,526.85,MARK_PRICE_PREVIOUS_FALLBACK,1641225600000,18
BNBUSDT,1641254400000,0.00007356,512.24609116,MARK_PRICE_EXACT_OPEN,1641254400000,0
BNBUSDT,1641283200010,0,512.55709564,MARK_PRICE_PREVIOUS_FALLBACK,1641283200000,10
BNBUSDT,1641312000002,0,513.69484655,MARK_PRICE_PREVIOUS_FALLBACK,1641312000000,2
BNBUSDT,1641340800001,0,507.9679451,MARK_PRICE_PREVIOUS_FALLBACK,1641340800000,1
BNBUSDT,1641369600017,0,514.2724421,MARK_PRICE_PREVIOUS_FALLBACK,1641369600000,17
BNBUSDT,1641398400000,0,512.44834566,MARK_PRICE_EXACT_OPEN,1641398400000,0
BNBUSDT,1641427200002,0,473.21415534,MARK_PRICE_PREVIOUS_FALLBACK,1641427200000,2
BNBUSDT,1641456000021,0,472.15613283,MARK_PRICE_PREVIOUS_FALLBACK,1641456000000,21
BNBUSDT,1641484800006,0,472.65,MARK_PRICE_PREVIOUS_FALLBACK,1641484800000,6
BNBUSDT,1641513600005,0,473.58,MARK_PRICE_PREVIOUS_FALLBACK,1641513600000,5
BNBUSDT,1641542400000,0,447.14,MARK_PRICE_EXACT_OPEN,1641542400000,0
BNBUSDT,1641571200001,0,446.68,MARK_PRICE_PREVIOUS_FALLBACK,1641571200000,1
BNBUSDT,1641600000014,0,448.7417122,MARK_PRICE_PREVIOUS_FALLBACK,1641600000000,14
BNBUSDT,1641628800013,0,456.69539291,MARK_PRICE_PREVIOUS_FALLBACK,1641628800000,13
BNBUSDT,1641657600000,0,447.74369702,MARK_PRICE_EXACT_OPEN,1641657600000,0
BNBUSDT,1641686400003,-0.00017817,429.07581599,MARK_PRICE_PREVIOUS_FALLBACK,1641686400000,3
BNBUSDT,1641715200000,-0.00010275,433.33009531,MARK_PRICE_EXACT_OPEN,1641715200000,0
BNBUSDT,1641744000000,0,429.65,MARK_PRICE_EXACT_OPEN,1641744000000,0
BNBUSDT,1641772800000,-0.00035535,438.33,MARK_PRICE_EXACT_OPEN,1641772800000,0
BNBUSDT,1641801600010,-0.00010057,441.65,MARK_PRICE_PREVIOUS_FALLBACK,1641801600000,10
BNBUSDT,1641830400007,0,414.89474832,MARK_PRICE_PREVIOUS_FALLBACK,1641830400000,7
BNBUSDT,1641859200013,0,425.06236697,MARK_PRICE_PREVIOUS_FALLBACK,1641859200000,13
BNBUSDT,1641888000004,0,451.96998156,MARK_PRICE_PREVIOUS_FALLBACK,1641888000000,4
BNBUSDT,1641916800000,-0.0002741,452.2,MARK_PRICE_EXACT_OPEN,1641916800000,0
BNBUSDT,1641945600012,-0.00124953,462.75900148,MARK_PRICE_PREVIOUS_FALLBACK,1641945600000,12
BNBUSDT,1641974400015,-0.0005687,458.22,MARK_PRICE_PREVIOUS_FALLBACK,1641974400000,15
BNBUSDT,1642003200000,-0.00108975,481.58,MARK_PRICE_EXACT_OPEN,1642003200000,0
BNBUSDT,1642032000007,-0.00158912,485.85,MARK_PRICE_PREVIOUS_FALLBACK,1642032000000,7
BNBUSDT,1642060800000,-0.00064833,482.85527818,MARK_PRICE_EXACT_OPEN,1642060800000,0
BNBUSDT,1642089600014,-0.00079825,474.81,MARK_PRICE_PREVIOUS_FALLBACK,1642089600000,14
BNBUSDT,1642118400000,-0.00079953,474.46462947,MARK_PRICE_EXACT_OPEN,1642118400000,0
BNBUSDT,1642147200006,-0.00047792,483.09001926,MARK_PRICE_PREVIOUS_FALLBACK,1642147200000,6
BNBUSDT,1642176000014,-0.00138791,480.74607787,MARK_PRICE_PREVIOUS_FALLBACK,1642176000000,14
BNBUSDT,1642204800000,-0.00075342,489.51,MARK_PRICE_EXACT_OPEN,1642204800000,0
BNBUSDT,1642233600002,-0.00077696,493.23,MARK_PRICE_PREVIOUS_FALLBACK,1642233600000,2
BNBUSDT,1642262400000,-0.00087986,499.14,MARK_PRICE_EXACT_OPEN,1642262400000,0
BNBUSDT,1642291200000,-0.00126663,493.80806072,MARK_PRICE_EXACT_OPEN,1642291200000,0
BNBUSDT,1642320000017,-0.00052259,496.27,MARK_PRICE_PREVIOUS_FALLBACK,1642320000000,17
BNBUSDT,1642348800011,-0.00099898,501.38369791,MARK_PRICE_PREVIOUS_FALLBACK,1642348800000,11
BNBUSDT,1642377600005,-0.00128685,498.23735358,MARK_PRICE_PREVIOUS_FALLBACK,1642377600000,5
BNBUSDT,1642406400006,-0.00067301,485.12,MARK_PRICE_PREVIOUS_FALLBACK,1642406400000,6
BNBUSDT,1642435200012,-0.00060939,471.33,MARK_PRICE_PREVIOUS_FALLBACK,1642435200000,12
BNBUSDT,1642464000020,-0.0005153,475.08200236,MARK_PRICE_PREVIOUS_FALLBACK,1642464000000,20
BNBUSDT,1642492800000,-0.00058499,473.8247293,MARK_PRICE_EXACT_OPEN,1642492800000,0
BNBUSDT,1642521600013,-0.00038108,461.22127146,MARK_PRICE_PREVIOUS_FALLBACK,1642521600000,13
BNBUSDT,1642550400001,-0.00066342,471.08,MARK_PRICE_PREVIOUS_FALLBACK,1642550400000,1
BNBUSDT,1642579200000,-0.00069935,455.77,MARK_PRICE_EXACT_OPEN,1642579200000,0
BNBUSDT,1642608000000,-0.00051438,465.92592691,MARK_PRICE_EXACT_OPEN,1642608000000,0
BNBUSDT,1642636800015,-0.00052222,462.79,MARK_PRICE_PREVIOUS_FALLBACK,1642636800000,15
BNBUSDT,1642665600000,-0.00037769,476.77,MARK_PRICE_EXACT_OPEN,1642665600000,0
BNBUSDT,1642694400000,0,473.31651746,MARK_PRICE_EXACT_OPEN,1642694400000,0
BNBUSDT,1642723200007,0,439.73,MARK_PRICE_PREVIOUS_FALLBACK,1642723200000,7
BNBUSDT,1642752000015,0,430.43617873,MARK_PRICE_PREVIOUS_FALLBACK,1642752000000,15
BNBUSDT,1642780800000,0,422.80474275,MARK_PRICE_EXACT_OPEN,1642780800000,0
BNBUSDT,1642809600017,0,385.53,MARK_PRICE_PREVIOUS_FALLBACK,1642809600000,17
BNBUSDT,1642838400003,-0.00007151,353.27,MARK_PRICE_PREVIOUS_FALLBACK,1642838400000,3
BNBUSDT,1642867200021,-0.00026144,356.35730131,MARK_PRICE_PREVIOUS_FALLBACK,1642867200000,21
BNBUSDT,1642896000026,0,358.50417969,MARK_PRICE_PREVIOUS_FALLBACK,1642896000000,26
BNBUSDT,1642924800010,0,379.48607609,MARK_PRICE_PREVIOUS_FALLBACK,1642924800000,10
BNBUSDT,1642953600009,-0.00012949,372.08,MARK_PRICE_PREVIOUS_FALLBACK,1642953600000,9
BNBUSDT,1642982400010,0,382.81,MARK_PRICE_PREVIOUS_FALLBACK,1642982400000,10
BNBUSDT,1643011200000,-0.00007805,361.55,MARK_PRICE_EXACT_OPEN,1643011200000,0
BNBUSDT,1643040000021,0,350.48595531,MARK_PRICE_PREVIOUS_FALLBACK,1643040000000,21
BNBUSDT,1643068800000,-0.00011132,370.98,MARK_PRICE_EXACT_OPEN,1643068800000,0
BNBUSDT,1643097600000,0,362.62,MARK_PRICE_EXACT_OPEN,1643097600000,0
BNBUSDT,1643126400012,-0.00001041,371.80707061,MARK_PRICE_PREVIOUS_FALLBACK,1643126400000,12
BNBUSDT,1643155200000,-0.00013818,384.83172626,MARK_PRICE_EXACT_OPEN,1643155200000,0
BNBUSDT,1643184000001,-0.00008717,381.11,MARK_PRICE_PREVIOUS_FALLBACK,1643184000000,1
BNBUSDT,1643212800005,-0.0000718,391.96386731,MARK_PRICE_PREVIOUS_FALLBACK,1643212800000,5
BNBUSDT,1643241600004,-0.00012189,374.18461705,MARK_PRICE_PREVIOUS_FALLBACK,1643241600000,4
BNBUSDT,1643270400004,-0.0002612,366.37425404,MARK_PRICE_PREVIOUS_FALLBACK,1643270400000,4
BNBUSDT,1643299200019,-0.0002404,373.86813793,MARK_PRICE_PREVIOUS_FALLBACK,1643299200000,19
BNBUSDT,1643328000000,-0.00027472,389.38565841,MARK_PRICE_EXACT_OPEN,1643328000000,0
BNBUSDT,1643356800000,-0.00001656,384.86,MARK_PRICE_EXACT_OPEN,1643356800000,0
BNBUSDT,1643385600025,-0.00016179,383.3731666,MARK_PRICE_PREVIOUS_FALLBACK,1643385600000,25
BNBUSDT,1643414400017,0,385.39267089,MARK_PRICE_PREVIOUS_FALLBACK,1643414400000,17
BNBUSDT,1643443200000,-0.00000663,391.65,MARK_PRICE_EXACT_OPEN,1643443200000,0
BNBUSDT,1643472000013,-0.00001465,383.31,MARK_PRICE_PREVIOUS_FALLBACK,1643472000000,13
BNBUSDT,1643500800025,-0.00015692,387.9474472,MARK_PRICE_PREVIOUS_FALLBACK,1643500800000,25
BNBUSDT,1643529600009,0,386.90564434,MARK_PRICE_PREVIOUS_FALLBACK,1643529600000,9
BNBUSDT,1643558400000,0,380.58779544,MARK_PRICE_EXACT_OPEN,1643558400000,0
BNBUSDT,1643587200000,-0.00023536,376.9,MARK_PRICE_EXACT_OPEN,1643587200000,0
BNBUSDT,1643616000000,-0.00005941,371.25,MARK_PRICE_EXACT_OPEN,1643616000000,0
BNBUSDT,1643644800000,0,378.27,MARK_PRICE_EXACT_OPEN,1643644800000,0
BNBUSDT,1643673600010,0,374.21,MARK_PRICE_PREVIOUS_FALLBACK,1643673600000,10
BNBUSDT,1643702400000,0,381.85,MARK_PRICE_EXACT_OPEN,1643702400000,0
BNBUSDT,1643731200004,-0.0000512,383.44023638,MARK_PRICE_PREVIOUS_FALLBACK,1643731200000,4
BNBUSDT,1643760000004,0,384.04,MARK_PRICE_PREVIOUS_FALLBACK,1643760000000,4
BNBUSDT,1643788800000,0,379.77,MARK_PRICE_EXACT_OPEN,1643788800000,0
BNBUSDT,1643817600002,-0.00003712,370.34629606,MARK_PRICE_PREVIOUS_FALLBACK,1643817600000,2
BNBUSDT,1643846400002,-0.00013032,367.09764883,MARK_PRICE_PREVIOUS_FALLBACK,1643846400000,2
BNBUSDT,1643875200000,-0.00008246,368.69,MARK_PRICE_EXACT_OPEN,1643875200000,0
BNBUSDT,1643904000000,0,367.97,MARK_PRICE_EXACT_OPEN,1643904000000,0
BNBUSDT,1643932800018,0,371.09565855,MARK_PRICE_PREVIOUS_FALLBACK,1643932800000,18
BNBUSDT,1643961600005,-0.00010614,378.20131763,MARK_PRICE_PREVIOUS_FALLBACK,1643961600000,5
BNBUSDT,1643990400010,0,382.6,MARK_PRICE_PREVIOUS_FALLBACK,1643990400000,10
BNBUSDT,1644019200014,0,398.48465185,MARK_PRICE_PREVIOUS_FALLBACK,1644019200000,14
BNBUSDT,1644048000000,-0.0003478,422.86002101,MARK_PRICE_EXACT_OPEN,1644048000000,0
BNBUSDT,1644076800000,0,421.46370353,MARK_PRICE_EXACT_OPEN,1644076800000,0
BNBUSDT,1644105600000,-0.00010182,413.31817465,MARK_PRICE_EXACT_OPEN,1644105600000,0
BNBUSDT,1644134400000,-0.0000458,416.26,MARK_PRICE_EXACT_OPEN,1644134400000,0
BNBUSDT,1644163200000,-0.00006134,410.8,MARK_PRICE_EXACT_OPEN,1644163200000,0
BNBUSDT,1644192000003,-0.00003128,420.7,MARK_PRICE_PREVIOUS_FALLBACK,1644192000000,3
BNBUSDT,1644220800014,-0.00004468,425.83,MARK_PRICE_PREVIOUS_FALLBACK,1644220800000,14
BNBUSDT,1644249600003,-0.0002096,437.45,MARK_PRICE_PREVIOUS_FALLBACK,1644249600000,3
BNBUSDT,1644278400001,-0.0000765,433.75320573,MARK_PRICE_PREVIOUS_FALLBACK,1644278400000,1
BNBUSDT,1644307200003,0,439.3623307,MARK_PRICE_PREVIOUS_FALLBACK,1644307200000,3
BNBUSDT,1644336000002,0,419.19496821,MARK_PRICE_PREVIOUS_FALLBACK,1644336000000,2
BNBUSDT,1644364800000,0,407.91,MARK_PRICE_EXACT_OPEN,1644364800000,0
BNBUSDT,1644393600005,0,415.68373436,MARK_PRICE_PREVIOUS_FALLBACK,1644393600000,5
BNBUSDT,1644422400001,0,420.39425415,MARK_PRICE_PREVIOUS_FALLBACK,1644422400000,1
BNBUSDT,1644451200012,-0.0000575,422.65893046,MARK_PRICE_PREVIOUS_FALLBACK,1644451200000,12
BNBUSDT,1644480000000,-0.0000647,420.95151507,MARK_PRICE_EXACT_OPEN,1644480000000,0
BNBUSDT,1644508800006,0,423.93020949,MARK_PRICE_PREVIOUS_FALLBACK,1644508800000,6
BNBUSDT,1644537600000,0,414.44953602,MARK_PRICE_EXACT_OPEN,1644537600000,0
BNBUSDT,1644566400009,-0.00012609,416.98596508,MARK_PRICE_PREVIOUS_FALLBACK,1644566400000,9
BNBUSDT,1644595200015,-0.0001024,415.19,MARK_PRICE_PREVIOUS_FALLBACK,1644595200000,15
BNBUSDT,1644624000020,0,399.15574556,MARK_PRICE_PREVIOUS_FALLBACK,1644624000000,20
BNBUSDT,1644652800001,0,398.13,MARK_PRICE_PREVIOUS_FALLBACK,1644652800000,1
BNBUSDT,1644681600007,0,398.09960618,MARK_PRICE_PREVIOUS_FALLBACK,1644681600000,7
BNBUSDT,1644710400022,0,403.03,MARK_PRICE_PREVIOUS_FALLBACK,1644710400000,22
BNBUSDT,1644739200001,0,403.27337271,MARK_PRICE_PREVIOUS_FALLBACK,1644739200000,1
BNBUSDT,1644768000007,0,403.84,MARK_PRICE_PREVIOUS_FALLBACK,1644768000000,7
BNBUSDT,1644796800005,0,398.45,MARK_PRICE_PREVIOUS_FALLBACK,1644796800000,5
BNBUSDT,1644825600013,0,395.77677845,MARK_PRICE_PREVIOUS_FALLBACK,1644825600000,13
BNBUSDT,1644854400019,0,401.09323176,MARK_PRICE_PREVIOUS_FALLBACK,1644854400000,19
BNBUSDT,1644883200012,0,403.83,MARK_PRICE_PREVIOUS_FALLBACK,1644883200000,12
BNBUSDT,1644912000005,0,427.47849316,MARK_PRICE_PREVIOUS_FALLBACK,1644912000000,5
BNBUSDT,1644940800011,0,432.07,MARK_PRICE_PREVIOUS_FALLBACK,1644940800000,11
BNBUSDT,1644969600009,0,431.12054046,MARK_PRICE_PREVIOUS_FALLBACK,1644969600000,9
BNBUSDT,1644998400001,-0.00001311,430.93,MARK_PRICE_PREVIOUS_FALLBACK,1644998400000,1
BNBUSDT,1645027200014,0,424.79031235,MARK_PRICE_PREVIOUS_FALLBACK,1645027200000,14
BNBUSDT,1645056000018,-0.00023939,427.55,MARK_PRICE_PREVIOUS_FALLBACK,1645056000000,18
BNBUSDT,1645084800000,0,427.18240646,MARK_PRICE_EXACT_OPEN,1645084800000,0
BNBUSDT,1645113600010,0,412.96626228,MARK_PRICE_PREVIOUS_FALLBACK,1645113600000,10
BNBUSDT,1645142400000,-0.0001889,402.03058415,MARK_PRICE_EXACT_OPEN,1645142400000,0
BNBUSDT,1645171200002,-0.00015659,407.33983023,MARK_PRICE_PREVIOUS_FALLBACK,1645171200000,2
BNBUSDT,1645200000000,-0.00003328,394.96315224,MARK_PRICE_EXACT_OPEN,1645200000000,0
BNBUSDT,1645228800007,-0.00016833,398.80515654,MARK_PRICE_PREVIOUS_FALLBACK,1645228800000,7
BNBUSDT,1645257600000,-0.00016878,404.69,MARK_PRICE_EXACT_OPEN,1645257600000,0
BNBUSDT,1645286400023,0,399.65,MARK_PRICE_PREVIOUS_FALLBACK,1645286400000,23
BNBUSDT,1645315200001,-0.00017806,399.1211014,MARK_PRICE_PREVIOUS_FALLBACK,1645315200000,1
BNBUSDT,1645344000003,-0.00027941,380.95280973,MARK_PRICE_PREVIOUS_FALLBACK,1645344000000,3
BNBUSDT,1645372800001,-0.00028431,379.32,MARK_PRICE_PREVIOUS_FALLBACK,1645372800000,1
BNBUSDT,1645401600000,-0.00009596,380.32,MARK_PRICE_EXACT_OPEN,1645401600000,0
BNBUSDT,1645430400001,-0.00032626,392.21697026,MARK_PRICE_PREVIOUS_FALLBACK,1645430400000,1
BNBUSDT,1645459200005,0,378.84,MARK_PRICE_PREVIOUS_FALLBACK,1645459200000,5
BNBUSDT,1645488000005,-0.00022337,356.92,MARK_PRICE_PREVIOUS_FALLBACK,1645488000000,5
BNBUSDT,1645516800000,0,355.82802932,MARK_PRICE_EXACT_OPEN,1645516800000,0
BNBUSDT,1645545600000,-0.00006405,366.93166774,MARK_PRICE_EXACT_OPEN,1645545600000,0
BNBUSDT,1645574400002,-0.00003262,373.92050908,MARK_PRICE_PREVIOUS_FALLBACK,1645574400000,2
BNBUSDT,1645603200005,-0.00002415,377.71494774,MARK_PRICE_PREVIOUS_FALLBACK,1645603200000,5
BNBUSDT,1645632000010,0,378.40821863,MARK_PRICE_PREVIOUS_FALLBACK,1645632000000,10
BNBUSDT,1645660800008,0,364.97846454,MARK_PRICE_PREVIOUS_FALLBACK,1645660800000,8
BNBUSDT,1645689600003,-0.00003529,334.4406098,MARK_PRICE_PREVIOUS_FALLBACK,1645689600000,3
BNBUSDT,1645718400001,-0.00020486,345.09147404,MARK_PRICE_PREVIOUS_FALLBACK,1645718400000,1
BNBUSDT,1645747200000,-0.00011321,360.92338662,MARK_PRICE_EXACT_OPEN,1645747200000,0
BNBUSDT,1645776000006,-0.00002775,363.0202985,MARK_PRICE_PREVIOUS_FALLBACK,1645776000000,6
BNBUSDT,1645804800001,-0.00023451,369.48,MARK_PRICE_PREVIOUS_FALLBACK,1645804800000,1
BNBUSDT,1645833600004,-0.00002515,374.74745073,MARK_PRICE_PREVIOUS_FALLBACK,1645833600000,4
BNBUSDT,1645862400004,0,375.9,MARK_PRICE_PREVIOUS_FALLBACK,1645862400000,4
BNBUSDT,1645891200007,0,374.81703947,MARK_PRICE_PREVIOUS_FALLBACK,1645891200000,7
BNBUSDT,1645920000012,-0.00000341,373.59,MARK_PRICE_PREVIOUS_FALLBACK,1645920000000,12
BNBUSDT,1645948800000,-0.00000389,371.61,MARK_PRICE_EXACT_OPEN,1645948800000,0
BNBUSDT,1645977600000,0,375.49657396,MARK_PRICE_EXACT_OPEN,1645977600000,0
BNBUSDT,1646006400000,0,359.98,MARK_PRICE_EXACT_OPEN,1646006400000,0
BNBUSDT,1646035200001,-0.00000848,365.60624989,MARK_PRICE_PREVIOUS_FALLBACK,1646035200000,1
BNBUSDT,1646064000002,0,383.17,MARK_PRICE_PREVIOUS_FALLBACK,1646064000000,2
BNBUSDT,1646092800002,0,395.77244927,MARK_PRICE_PREVIOUS_FALLBACK,1646092800000,2
BNBUSDT,1646121600001,0,414.05265782,MARK_PRICE_PREVIOUS_FALLBACK,1646121600000,1
BNBUSDT,1646150400000,0,404.62104056,MARK_PRICE_EXACT_OPEN,1646150400000,0
BNBUSDT,1646179200000,0,408.61,MARK_PRICE_EXACT_OPEN,1646179200000,0
BNBUSDT,1646208000000,-0.00013979,409.8,MARK_PRICE_EXACT_OPEN,1646208000000,0
BNBUSDT,1646236800002,-0.00013356,408.06,MARK_PRICE_PREVIOUS_FALLBACK,1646236800000,2
BNBUSDT,1646265600000,-0.00009498,408.98878685,MARK_PRICE_EXACT_OPEN,1646265600000,0
BNBUSDT,1646294400000,0,406.83,MARK_PRICE_EXACT_OPEN,1646294400000,0
BNBUSDT,1646323200005,-0.00014664,400.95139084,MARK_PRICE_PREVIOUS_FALLBACK,1646323200000,5
BNBUSDT,1646352000018,-0.00012499,401.81,MARK_PRICE_PREVIOUS_FALLBACK,1646352000000,18
BNBUSDT,1646380800000,-0.00023376,394.02834415,MARK_PRICE_EXACT_OPEN,1646380800000,0
BNBUSDT,1646409600000,-0.00027034,386.87,MARK_PRICE_EXACT_OPEN,1646409600000,0
BNBUSDT,1646438400006,-0.0002238,374.16111826,MARK_PRICE_PREVIOUS_FALLBACK,1646438400000,6
BNBUSDT,1646467200004,-0.00071402,377.72,MARK_PRICE_PREVIOUS_FALLBACK,1646467200000,4
BNBUSDT,1646496000000,-0.00017122,379.85,MARK_PRICE_EXACT_OPEN,1646496000000,0
BNBUSDT,1646524800004,-0.00043414,384.22,MARK_PRICE_PREVIOUS_FALLBACK,1646524800000,4
BNBUSDT,1646553600000,-0.00027293,382.23,MARK_PRICE_EXACT_OPEN,1646553600000,0
BNBUSDT,1646582400013,-0.00044034,380.25728481,MARK_PRICE_PREVIOUS_FALLBACK,1646582400000,13
BNBUSDT,1646611200008,-0.0004385,374.93469624,MARK_PRICE_PREVIOUS_FALLBACK,1646611200000,8
BNBUSDT,1646640000006,-0.00030887,370.6,MARK_PRICE_PREVIOUS_FALLBACK,1646640000000,6
BNBUSDT,1646668800000,-0.00034382,381.58312551,MARK_PRICE_EXACT_OPEN,1646668800000,0
BNBUSDT,1646697600008,-0.00044868,380.57,MARK_PRICE_PREVIOUS_FALLBACK,1646697600000,8
BNBUSDT,1646726400002,-0.00021034,381.5,MARK_PRICE_PREVIOUS_FALLBACK,1646726400000,2
BNBUSDT,1646755200000,-0.00021489,382.79,MARK_PRICE_EXACT_OPEN,1646755200000,0
BNBUSDT,1646784000008,-0.00034539,380.89158072,MARK_PRICE_PREVIOUS_FALLBACK,1646784000000,8
BNBUSDT,1646812800000,-0.00003886,395.76477547,MARK_PRICE_EXACT_OPEN,1646812800000,0
BNBUSDT,1646841600004,0,397.09,MARK_PRICE_PREVIOUS_FALLBACK,1646841600000,4
BNBUSDT,1646870400000,0,393.03,MARK_PRICE_EXACT_OPEN,1646870400000,0
BNBUSDT,1646899200017,-0.00002639,377.34147797,MARK_PRICE_PREVIOUS_FALLBACK,1646899200000,17
BNBUSDT,1646928000000,0,365.49242172,MARK_PRICE_EXACT_OPEN,1646928000000,0
BNBUSDT,1646956800008,-0.00017397,372.59807625,MARK_PRICE_PREVIOUS_FALLBACK,1646956800000,8
BNBUSDT,1646985600000,-0.00003005,372.86,MARK_PRICE_EXACT_OPEN,1646985600000,0
BNBUSDT,1647014400001,-0.00006194,372.17277283,MARK_PRICE_PREVIOUS_FALLBACK,1647014400000,1
BNBUSDT,1647043200010,0,371.55382276,MARK_PRICE_PREVIOUS_FALLBACK,1647043200000,10
BNBUSDT,1647072000001,0,375.22344181,MARK_PRICE_PREVIOUS_FALLBACK,1647072000000,1
BNBUSDT,1647100800002,0,377.05,MARK_PRICE_PREVIOUS_FALLBACK,1647100800000,2
BNBUSDT,1647129600008,0,371.80002015,MARK_PRICE_PREVIOUS_FALLBACK,1647129600000,8
BNBUSDT,1647158400000,-0.00005366,374.47760551,MARK_PRICE_EXACT_OPEN,1647158400000,0
BNBUSDT,1647187200002,-0.00005308,370.31,MARK_PRICE_PREVIOUS_FALLBACK,1647187200000,2
BNBUSDT,1647216000014,-0.00024568,360.78830381,MARK_PRICE_PREVIOUS_FALLBACK,1647216000000,14
BNBUSDT,1647244800005,-0.00005074,369.54,MARK_PRICE_PREVIOUS_FALLBACK,1647244800000,5
BNBUSDT,1647273600002,0,368.13363619,MARK_PRICE_PREVIOUS_FALLBACK,1647273600000,2
BNBUSDT,1647302400008,0,373.54395805,MARK_PRICE_PREVIOUS_FALLBACK,1647302400000,8
BNBUSDT,1647331200000,-0.00013892,364,MARK_PRICE_EXACT_OPEN,1647331200000,0
BNBUSDT,1647360000006,-0.00008191,368.8,MARK_PRICE_PREVIOUS_FALLBACK,1647360000000,6
BNBUSDT,1647388800013,0,371.76442283,MARK_PRICE_PREVIOUS_FALLBACK,1647388800000,13
BNBUSDT,1647417600000,0,372.34,MARK_PRICE_EXACT_OPEN,1647417600000,0
BNBUSDT,1647446400008,0,378.35405705,MARK_PRICE_PREVIOUS_FALLBACK,1647446400000,8
BNBUSDT,1647475200004,0,385.24,MARK_PRICE_PREVIOUS_FALLBACK,1647475200000,4
BNBUSDT,1647504000000,0,384.61097236,MARK_PRICE_EXACT_OPEN,1647504000000,0
BNBUSDT,1647532800004,0,387.26745551,MARK_PRICE_PREVIOUS_FALLBACK,1647532800000,4
BNBUSDT,1647561600000,0,391.74,MARK_PRICE_EXACT_OPEN,1647561600000,0
BNBUSDT,1647590400000,-0.00005118,386.76,MARK_PRICE_EXACT_OPEN,1647590400000,0
BNBUSDT,1647619200017,0,393.68844202,MARK_PRICE_PREVIOUS_FALLBACK,1647619200000,17
BNBUSDT,1647648000008,0,397.19,MARK_PRICE_PREVIOUS_FALLBACK,1647648000000,8
BNBUSDT,1647676800015,0,394.79891599,MARK_PRICE_PREVIOUS_FALLBACK,1647676800000,15
BNBUSDT,1647705600000,0,403.1163531,MARK_PRICE_EXACT_OPEN,1647705600000,0
BNBUSDT,1647734400000,0,399.77961519,MARK_PRICE_EXACT_OPEN,1647734400000,0
BNBUSDT,1647763200001,0,396.96739457,MARK_PRICE_PREVIOUS_FALLBACK,1647763200000,1
BNBUSDT,1647792000002,0,390.09,MARK_PRICE_PREVIOUS_FALLBACK,1647792000000,2
BNBUSDT,1647820800013,0,390.74344896,MARK_PRICE_PREVIOUS_FALLBACK,1647820800000,13
BNBUSDT,1647849600004,0,392.8677393,MARK_PRICE_PREVIOUS_FALLBACK,1647849600000,4
BNBUSDT,1647878400010,0,398.23611756,MARK_PRICE_PREVIOUS_FALLBACK,1647878400000,10
BNBUSDT,1647907200012,0,395.77247575,MARK_PRICE_PREVIOUS_FALLBACK,1647907200000,12
BNBUSDT,1647936000001,0,404.99923434,MARK_PRICE_PREVIOUS_FALLBACK,1647936000000,1
BNBUSDT,1647964800022,0,406.2185025,MARK_PRICE_PREVIOUS_FALLBACK,1647964800000,22
BNBUSDT,1647993600007,0,403.90636276,MARK_PRICE_PREVIOUS_FALLBACK,1647993600000,7
BNBUSDT,1648022400000,0,401.23,MARK_PRICE_EXACT_OPEN,1648022400000,0
BNBUSDT,1648051200006,0,409.97,MARK_PRICE_PREVIOUS_FALLBACK,1648051200000,6
BNBUSDT,1648080000013,0,408.63153152,MARK_PRICE_PREVIOUS_FALLBACK,1648080000000,13
BNBUSDT,1648108800006,0,410.72686594,MARK_PRICE_PREVIOUS_FALLBACK,1648108800000,6
BNBUSDT,1648137600020,0,414.46402917,MARK_PRICE_PREVIOUS_FALLBACK,1648137600000,20
BNBUSDT,1648166400010,0,413.71410124,MARK_PRICE_PREVIOUS_FALLBACK,1648166400000,10
BNBUSDT,1648195200001,0,412.09329012,MARK_PRICE_PREVIOUS_FALLBACK,1648195200000,1
BNBUSDT,1648224000014,0,412.68654015,MARK_PRICE_PREVIOUS_FALLBACK,1648224000000,14
BNBUSDT,1648252800020,0,410.24,MARK_PRICE_PREVIOUS_FALLBACK,1648252800000,20
BNBUSDT,1648281600006,0,413.2,MARK_PRICE_PREVIOUS_FALLBACK,1648281600000,6
BNBUSDT,1648310400000,0,413.03205736,MARK_PRICE_EXACT_OPEN,1648310400000,0
BNBUSDT,1648339200004,0,415.89367024,MARK_PRICE_PREVIOUS_FALLBACK,1648339200000,4
BNBUSDT,1648368000001,0,417.08271679,MARK_PRICE_PREVIOUS_FALLBACK,1648368000000,1
BNBUSDT,1648396800006,0,416.79647218,MARK_PRICE_PREVIOUS_FALLBACK,1648396800000,6
BNBUSDT,1648425600012,0,430.06787699,MARK_PRICE_PREVIOUS_FALLBACK,1648425600000,12
BNBUSDT,1648454400007,0,431.09,MARK_PRICE_PREVIOUS_FALLBACK,1648454400000,7
BNBUSDT,1648483200000,0,436.61851867,MARK_PRICE_EXACT_OPEN,1648483200000,0
BNBUSDT,1648512000000,0,430.1176331,MARK_PRICE_EXACT_OPEN,1648512000000,0
BNBUSDT,1648540800015,0,434.44492046,MARK_PRICE_PREVIOUS_FALLBACK,1648540800000,15
BNBUSDT,1648569600000,0,434.66,MARK_PRICE_EXACT_OPEN,1648569600000,0
BNBUSDT,1648598400000,0,434.28,MARK_PRICE_EXACT_OPEN,1648598400000,0
BNBUSDT,1648627200002,0,437.41099343,MARK_PRICE_PREVIOUS_FALLBACK,1648627200000,2
BNBUSDT,1648656000028,0.00008729,439.45191694,MARK_PRICE_PREVIOUS_FALLBACK,1648656000000,28
BNBUSDT,1648684800017,0,441.24708751,MARK_PRICE_PREVIOUS_FALLBACK,1648684800000,17
BNBUSDT,1648713600000,0,445.16,MARK_PRICE_EXACT_OPEN,1648713600000,0
BNBUSDT,1648742400015,0,434.61317783,MARK_PRICE_PREVIOUS_FALLBACK,1648742400000,15
BNBUSDT,1648771200000,0,428.76,MARK_PRICE_EXACT_OPEN,1648771200000,0
BNBUSDT,1648800000000,0,427.44140348,MARK_PRICE_EXACT_OPEN,1648800000000,0
BNBUSDT,1648828800018,0,441.58738946,MARK_PRICE_PREVIOUS_FALLBACK,1648828800000,18
BNBUSDT,1648857600000,0,447.56213731,MARK_PRICE_EXACT_OPEN,1648857600000,0
BNBUSDT,1648886400002,0,449.61494943,MARK_PRICE_PREVIOUS_FALLBACK,1648886400000,2
BNBUSDT,1648915200006,0,442.1777818,MARK_PRICE_PREVIOUS_FALLBACK,1648915200000,6
BNBUSDT,1648944000018,0,437.68498554,MARK_PRICE_PREVIOUS_FALLBACK,1648944000000,18
BNBUSDT,1648972800018,0,445.08439367,MARK_PRICE_PREVIOUS_FALLBACK,1648972800000,18
BNBUSDT,1649001600015,0,447.39548011,MARK_PRICE_PREVIOUS_FALLBACK,1649001600000,15
BNBUSDT,1649030400006,0,450,MARK_PRICE_PREVIOUS_FALLBACK,1649030400000,6
BNBUSDT,1649059200000,0,446.96820311,MARK_PRICE_EXACT_OPEN,1649059200000,0
BNBUSDT,1649088000016,0,437.69151123,MARK_PRICE_PREVIOUS_FALLBACK,1649088000000,16
BNBUSDT,1649116800000,0,447.46,MARK_PRICE_EXACT_OPEN,1649116800000,0
BNBUSDT,1649145600010,0,455.32,MARK_PRICE_PREVIOUS_FALLBACK,1649145600000,10
BNBUSDT,1649174400008,0,448.33940716,MARK_PRICE_PREVIOUS_FALLBACK,1649174400000,8
BNBUSDT,1649203200001,0,443.98578582,MARK_PRICE_PREVIOUS_FALLBACK,1649203200000,1
BNBUSDT,1649232000021,0,441.14,MARK_PRICE_PREVIOUS_FALLBACK,1649232000000,21
BNBUSDT,1649260800000,0,426.54863981,MARK_PRICE_EXACT_OPEN,1649260800000,0
BNBUSDT,1649289600009,-0.00002025,420.36,MARK_PRICE_PREVIOUS_FALLBACK,1649289600000,9
BNBUSDT,1649318400000,-0.00000742,430.73,MARK_PRICE_EXACT_OPEN,1649318400000,0
BNBUSDT,1649347200000,0,431.90291222,MARK_PRICE_EXACT_OPEN,1649347200000,0
BNBUSDT,1649376000000,0,435.97152399,MARK_PRICE_EXACT_OPEN,1649376000000,0
BNBUSDT,1649404800004,0,432.47,MARK_PRICE_PREVIOUS_FALLBACK,1649404800000,4
BNBUSDT,1649433600008,0,430.30013051,MARK_PRICE_PREVIOUS_FALLBACK,1649433600000,8
BNBUSDT,1649462400008,0,421.67,MARK_PRICE_PREVIOUS_FALLBACK,1649462400000,8
BNBUSDT,1649491200000,0,424.25,MARK_PRICE_EXACT_OPEN,1649491200000,0
BNBUSDT,1649520000001,0,420.67361044,MARK_PRICE_PREVIOUS_FALLBACK,1649520000000,1
BNBUSDT,1649548800004,0,426.86,MARK_PRICE_PREVIOUS_FALLBACK,1649548800000,4
BNBUSDT,1649577600007,0,425.36,MARK_PRICE_PREVIOUS_FALLBACK,1649577600000,7
BNBUSDT,1649606400016,0,422.23,MARK_PRICE_PREVIOUS_FALLBACK,1649606400000,16
BNBUSDT,1649635200000,0,417.76417166,MARK_PRICE_EXACT_OPEN,1649635200000,0
BNBUSDT,1649664000000,-0.00002485,417.01,MARK_PRICE_EXACT_OPEN,1649664000000,0
BNBUSDT,1649692800009,0,399.25,MARK_PRICE_PREVIOUS_FALLBACK,1649692800000,9
BNBUSDT,1649721600000,-0.0000102,394.3201566,MARK_PRICE_EXACT_OPEN,1649721600000,0
BNBUSDT,1649750400006,-0.0000203,406.86,MARK_PRICE_PREVIOUS_FALLBACK,1649750400000,6
BNBUSDT,1649779200013,-0.00002025,411.8592428,MARK_PRICE_PREVIOUS_FALLBACK,1649779200000,13
BNBUSDT,1649808000005,0,413.58730207,MARK_PRICE_PREVIOUS_FALLBACK,1649808000000,5
BNBUSDT,1649836800008,-0.00012415,417.97,MARK_PRICE_PREVIOUS_FALLBACK,1649836800000,8
BNBUSDT,1649865600013,0,417.24,MARK_PRICE_PREVIOUS_FALLBACK,1649865600000,13
BNBUSDT,1649894400007,-0.00011454,423.09,MARK_PRICE_PREVIOUS_FALLBACK,1649894400000,7
BNBUSDT,1649923200000,-0.0001157,421.61554296,MARK_PRICE_EXACT_OPEN,1649923200000,0
BNBUSDT,1649952000006,-0.00008813,411.79398303,MARK_PRICE_PREVIOUS_FALLBACK,1649952000000,6
BNBUSDT,1649980800008,0,414.19923098,MARK_PRICE_PREVIOUS_FALLBACK,1649980800000,8
BNBUSDT,1650009600002,0,416.52,MARK_PRICE_PREVIOUS_FALLBACK,1650009600000,2
BNBUSDT,1650038400000,0,417.71,MARK_PRICE_EXACT_OPEN,1650038400000,0
BNBUSDT,1650067200011,-0.00003331,417.11180511,MARK_PRICE_PREVIOUS_FALLBACK,1650067200000,11
BNBUSDT,1650096000007,0,414.58444635,MARK_PRICE_PREVIOUS_FALLBACK,1650096000000,7
BNBUSDT,1650124800007,-0.00006356,412.41,MARK_PRICE_PREVIOUS_FALLBACK,1650124800000,7
BNBUSDT,1650153600000,0,417.14,MARK_PRICE_EXACT_OPEN,1650153600000,0
BNBUSDT,1650182400004,0,414.18959167,MARK_PRICE_PREVIOUS_FALLBACK,1650182400000,4
BNBUSDT,1650211200000,0,416.55472543,MARK_PRICE_EXACT_OPEN,1650211200000,0
BNBUSDT,1650240000008,-0.00006225,406.22614306,MARK_PRICE_PREVIOUS_FALLBACK,1650240000000,8
BNBUSDT,1650268800012,-0.00001491,397.9,MARK_PRICE_PREVIOUS_FALLBACK,1650268800000,12
BNBUSDT,1650297600000,-0.00009688,405.7315874,MARK_PRICE_EXACT_OPEN,1650297600000,0
BNBUSDT,1650326400021,0,417.1,MARK_PRICE_PREVIOUS_FALLBACK,1650326400000,21
BNBUSDT,1650355200031,0,421.73409966,MARK_PRICE_PREVIOUS_FALLBACK,1650355200000,31
BNBUSDT,1650384000000,0,419.73294644,MARK_PRICE_EXACT_OPEN,1650384000000,0
BNBUSDT,1650412800025,0,421.57347113,MARK_PRICE_PREVIOUS_FALLBACK,1650412800000,25
BNBUSDT,1650441600003,0,421.03,MARK_PRICE_PREVIOUS_FALLBACK,1650441600000,3
BNBUSDT,1650470400000,0,421.6932122,MARK_PRICE_EXACT_OPEN,1650470400000,0
BNBUSDT,1650499200000,0,418.12177866,MARK_PRICE_EXACT_OPEN,1650499200000,0
BNBUSDT,1650528000000,0,420.56694703,MARK_PRICE_EXACT_OPEN,1650528000000,0
BNBUSDT,1650556800024,0,420.5007857,MARK_PRICE_PREVIOUS_FALLBACK,1650556800000,24
BNBUSDT,1650585600008,0,404.42,MARK_PRICE_PREVIOUS_FALLBACK,1650585600000,8
BNBUSDT,1650614400008,-0.00002719,409.79,MARK_PRICE_PREVIOUS_FALLBACK,1650614400000,8
BNBUSDT,1650643200008,0,406.54557965,MARK_PRICE_PREVIOUS_FALLBACK,1650643200000,8
BNBUSDT,1650672000000,0,406.45,MARK_PRICE_EXACT_OPEN,1650672000000,0
BNBUSDT,1650700800000,-0.00008577,403.94423429,MARK_PRICE_EXACT_OPEN,1650700800000,0
BNBUSDT,1650729600012,0,406.24459072,MARK_PRICE_PREVIOUS_FALLBACK,1650729600000,12
BNBUSDT,1650758400004,0,400.86,MARK_PRICE_PREVIOUS_FALLBACK,1650758400000,4
BNBUSDT,1650787200003,-0.00011321,403.87171183,MARK_PRICE_PREVIOUS_FALLBACK,1650787200000,3
BNBUSDT,1650816000000,0,401.59,MARK_PRICE_EXACT_OPEN,1650816000000,0
BNBUSDT,1650844800008,0,399.13,MARK_PRICE_PREVIOUS_FALLBACK,1650844800000,8
BNBUSDT,1650873600018,-0.00000416,383.48262341,MARK_PRICE_PREVIOUS_FALLBACK,1650873600000,18
BNBUSDT,1650902400000,-0.00024334,393.93856895,MARK_PRICE_EXACT_OPEN,1650902400000,0
BNBUSDT,1650931200014,0,404.86,MARK_PRICE_PREVIOUS_FALLBACK,1650931200000,14
BNBUSDT,1650960000000,0,402.83,MARK_PRICE_EXACT_OPEN,1650960000000,0
BNBUSDT,1650988800017,0,388.29208982,MARK_PRICE_PREVIOUS_FALLBACK,1650988800000,17
BNBUSDT,1651017600012,-0.00004547,385.55,MARK_PRICE_PREVIOUS_FALLBACK,1651017600000,12
BNBUSDT,1651046400000,-0.00006832,393.75061804,MARK_PRICE_EXACT_OPEN,1651046400000,0
BNBUSDT,1651075200002,0,389.25,MARK_PRICE_PREVIOUS_FALLBACK,1651075200000,2
BNBUSDT,1651104000000,0,391.23104669,MARK_PRICE_EXACT_OPEN,1651104000000,0
BNBUSDT,1651132800004,-0.00008404,394.614701,MARK_PRICE_PREVIOUS_FALLBACK,1651132800000,4
BNBUSDT,1651161600030,0,402.36793396,MARK_PRICE_PREVIOUS_FALLBACK,1651161600000,30
BNBUSDT,1651190400000,-0.00001589,406.8,MARK_PRICE_EXACT_OPEN,1651190400000,0
BNBUSDT,1651219200016,-0.00004099,405.55530639,MARK_PRICE_PREVIOUS_FALLBACK,1651219200000,16
BNBUSDT,1651248000010,-0.00015241,397.85092953,MARK_PRICE_PREVIOUS_FALLBACK,1651248000000,10
BNBUSDT,1651276800000,-0.0001572,392.71499975,MARK_PRICE_EXACT_OPEN,1651276800000,0
BNBUSDT,1651305600005,0,398.05,MARK_PRICE_PREVIOUS_FALLBACK,1651305600000,5
BNBUSDT,1651334400015,0,393.69,MARK_PRICE_PREVIOUS_FALLBACK,1651334400000,15
BNBUSDT,1651363200000,-0.00024762,376.52,MARK_PRICE_EXACT_OPEN,1651363200000,0
BNBUSDT,1651392000000,-0.00035999,382.08,MARK_PRICE_EXACT_OPEN,1651392000000,0
BNBUSDT,1651420800010,-0.00006449,389.74,MARK_PRICE_PREVIOUS_FALLBACK,1651420800000,10
BNBUSDT,1651449600018,-0.0001044,389.91,MARK_PRICE_PREVIOUS_FALLBACK,1651449600000,18
BNBUSDT,1651478400007,-0.00022186,389.88,MARK_PRICE_PREVIOUS_FALLBACK,1651478400000,7
BNBUSDT,1651507200000,-0.00019242,387.94164389,MARK_PRICE_EXACT_OPEN,1651507200000,0
BNBUSDT,1651536000006,-0.00013821,389.87700932,MARK_PRICE_PREVIOUS_FALLBACK,1651536000000,6
BNBUSDT,1651564800000,0,389.52787822,MARK_PRICE_EXACT_OPEN,1651564800000,0
BNBUSDT,1651593600021,-0.00026598,386.4,MARK_PRICE_PREVIOUS_FALLBACK,1651593600000,21
BNBUSDT,1651622400007,-0.0003764,383.46,MARK_PRICE_PREVIOUS_FALLBACK,1651622400000,7
BNBUSDT,1651651200011,0,390.1,MARK_PRICE_PREVIOUS_FALLBACK,1651651200000,11
BNBUSDT,1651680000000,0,393.41611619,MARK_PRICE_EXACT_OPEN,1651680000000,0
BNBUSDT,1651708800005,0,402.45918635,MARK_PRICE_PREVIOUS_FALLBACK,1651708800000,5
BNBUSDT,1651737600019,0,400.89,MARK_PRICE_PREVIOUS_FALLBACK,1651737600000,19
BNBUSDT,1651766400005,0,380.86,MARK_PRICE_PREVIOUS_FALLBACK,1651766400000,5
BNBUSDT,1651795200005,-0.00051691,377.5128182,MARK_PRICE_PREVIOUS_FALLBACK,1651795200000,5
BNBUSDT,1651824000001,-0.00018277,376.67,MARK_PRICE_PREVIOUS_FALLBACK,1651824000000,1
BNBUSDT,1651852800010,0,379.15,MARK_PRICE_PREVIOUS_FALLBACK,1651852800000,10
BNBUSDT,1651881600004,0,379.6,MARK_PRICE_PREVIOUS_FALLBACK,1651881600000,4
BNBUSDT,1651910400016,0,378.96,MARK_PRICE_PREVIOUS_FALLBACK,1651910400000,16
BNBUSDT,1651939200011,0,375.71870452,MARK_PRICE_PREVIOUS_FALLBACK,1651939200000,11
BNBUSDT,1651968000000,0,365.31,MARK_PRICE_EXACT_OPEN,1651968000000,0
BNBUSDT,1651996800007,-0.00009014,359.38,MARK_PRICE_PREVIOUS_FALLBACK,1651996800000,7
BNBUSDT,1652025600015,0,356.64798149,MARK_PRICE_PREVIOUS_FALLBACK,1652025600000,15
BNBUSDT,1652054400000,0,355.78435602,MARK_PRICE_EXACT_OPEN,1652054400000,0
BNBUSDT,1652083200001,0,343.49,MARK_PRICE_PREVIOUS_FALLBACK,1652083200000,1
BNBUSDT,1652112000000,-0.00009253,324.31053642,MARK_PRICE_EXACT_OPEN,1652112000000,0
BNBUSDT,1652140800000,-0.00035049,295.97717039,MARK_PRICE_EXACT_OPEN,1652140800000,0
BNBUSDT,1652169600007,-0.0002248,321.31651471,MARK_PRICE_PREVIOUS_FALLBACK,1652169600000,7
BNBUSDT,1652198400008,-0.00041261,320.87,MARK_PRICE_PREVIOUS_FALLBACK,1652198400000,8
BNBUSDT,1652227200004,-0.00040555,318.40965957,MARK_PRICE_PREVIOUS_FALLBACK,1652227200000,4
BNBUSDT,1652256000007,-0.00040598,300.22388413,MARK_PRICE_PREVIOUS_FALLBACK,1652256000000,7
BNBUSDT,1652284800008,-0.00041958,288.97692775,MARK_PRICE_PREVIOUS_FALLBACK,1652284800000,8
BNBUSDT,1652313600014,-0.00050801,271.91736058,MARK_PRICE_PREVIOUS_FALLBACK,1652313600000,14
BNBUSDT,1652342400000,-0.00200781,245.77395807,MARK_PRICE_EXACT_OPEN,1652342400000,0
BNBUSDT,1652371200007,-0.00087795,271.78967155,MARK_PRICE_PREVIOUS_FALLBACK,1652371200000,7
BNBUSDT,1652400000014,-0.00046326,269.23,MARK_PRICE_PREVIOUS_FALLBACK,1652400000000,14
BNBUSDT,1652428800001,-0.00033023,297.04,MARK_PRICE_PREVIOUS_FALLBACK,1652428800000,1
BNBUSDT,1652457600000,-0.00041998,301.7,MARK_PRICE_EXACT_OPEN,1652457600000,0
BNBUSDT,1652486400000,-0.00061404,290.46644279,MARK_PRICE_EXACT_OPEN,1652486400000,0
BNBUSDT,1652515200000,-0.00033375,286.82,MARK_PRICE_EXACT_OPEN,1652515200000,0
BNBUSDT,1652544000001,-0.00051401,277.97,MARK_PRICE_PREVIOUS_FALLBACK,1652544000000,1
BNBUSDT,1652572800000,-0.00041385,296.66585793,MARK_PRICE_EXACT_OPEN,1652572800000,0
BNBUSDT,1652601600000,-0.00040211,294.46,MARK_PRICE_EXACT_OPEN,1652601600000,0
BNBUSDT,1652630400000,-0.00021402,297.38104782,MARK_PRICE_EXACT_OPEN,1652630400000,0
BNBUSDT,1652659200021,-0.0004266,311.37,MARK_PRICE_PREVIOUS_FALLBACK,1652659200000,21
BNBUSDT,1652688000013,-0.00052839,293.97,MARK_PRICE_PREVIOUS_FALLBACK,1652688000000,13
BNBUSDT,1652716800006,-0.00031439,295.36,MARK_PRICE_PREVIOUS_FALLBACK,1652716800000,6
BNBUSDT,1652745600000,-0.00042037,297,MARK_PRICE_EXACT_OPEN,1652745600000,0
BNBUSDT,1652774400010,-0.00038058,304.13,MARK_PRICE_PREVIOUS_FALLBACK,1652774400000,10
BNBUSDT,1652803200023,-0.00028335,303.48,MARK_PRICE_PREVIOUS_FALLBACK,1652803200000,23
BNBUSDT,1652832000003,-0.00072083,305.6,MARK_PRICE_PREVIOUS_FALLBACK,1652832000000,3
BNBUSDT,1652860800024,-0.00042482,299.56,MARK_PRICE_PREVIOUS_FALLBACK,1652860800000,24
BNBUSDT,1652889600014,-0.00043799,291.4,MARK_PRICE_PREVIOUS_FALLBACK,1652889600000,14
BNBUSDT,1652918400000,-0.00049541,287.37855895,MARK_PRICE_EXACT_OPEN,1652918400000,0
BNBUSDT,1652947200008,-0.00033308,298.76495405,MARK_PRICE_PREVIOUS_FALLBACK,1652947200000,8
BNBUSDT,1652976000015,-0.00040023,306.51,MARK_PRICE_PREVIOUS_FALLBACK,1652976000000,15
BNBUSDT,1653004800001,-0.0002726,306.75,MARK_PRICE_PREVIOUS_FALLBACK,1653004800000,1
BNBUSDT,1653033600003,-0.00022742,307.12,MARK_PRICE_PREVIOUS_FALLBACK,1653033600000,3
BNBUSDT,1653062400012,-0.0003131,297.89744069,MARK_PRICE_PREVIOUS_FALLBACK,1653062400000,12
BNBUSDT,1653091200008,-0.00043872,301.95,MARK_PRICE_PREVIOUS_FALLBACK,1653091200000,8
BNBUSDT,1653120000001,-0.00032275,305.85680825,MARK_PRICE_PREVIOUS_FALLBACK,1653120000000,1
BNBUSDT,1653148800007,-0.00006067,311.31227467,MARK_PRICE_PREVIOUS_FALLBACK,1653148800000,7
BNBUSDT,1653177600003,-0.00020817,312.62,MARK_PRICE_PREVIOUS_FALLBACK,1653177600000,3
BNBUSDT,1653206400016,-0.00007724,314.74882231,MARK_PRICE_PREVIOUS_FALLBACK,1653206400000,16
BNBUSDT,1653235200000,-0.00004143,316.72,MARK_PRICE_EXACT_OPEN,1653235200000,0
BNBUSDT,1653264000011,-0.00022355,318.6520715,MARK_PRICE_PREVIOUS_FALLBACK,1653264000000,11
BNBUSDT,1653292800000,-0.00002302,328.24425729,MARK_PRICE_EXACT_OPEN,1653292800000,0
BNBUSDT,1653321600023,-0.00005216,333.53,MARK_PRICE_PREVIOUS_FALLBACK,1653321600000,23
BNBUSDT,1653350400011,-0.00025547,316.84,MARK_PRICE_PREVIOUS_FALLBACK,1653350400000,11
BNBUSDT,1653379200000,-0.00030131,328.04,MARK_PRICE_EXACT_OPEN,1653379200000,0
BNBUSDT,1653408000009,-0.00041352,321.94,MARK_PRICE_PREVIOUS_FALLBACK,1653408000000,9
BNBUSDT,1653436800001,0,327.71872651,MARK_PRICE_PREVIOUS_FALLBACK,1653436800000,1
BNBUSDT,1653465600000,0,329.93271815,MARK_PRICE_EXACT_OPEN,1653465600000,0
BNBUSDT,1653494400015,-0.00024618,327.25267885,MARK_PRICE_PREVIOUS_FALLBACK,1653494400000,15
BNBUSDT,1653523200005,-0.00027993,325.54,MARK_PRICE_PREVIOUS_FALLBACK,1653523200000,5
BNBUSDT,1653552000001,-0.00054127,321.06,MARK_PRICE_PREVIOUS_FALLBACK,1653552000000,1
BNBUSDT,1653580800000,-0.00036566,312.75307111,MARK_PRICE_EXACT_OPEN,1653580800000,0
BNBUSDT,1653609600007,-0.00015153,302.44,MARK_PRICE_PREVIOUS_FALLBACK,1653609600000,7
BNBUSDT,1653638400008,-0.00035435,297.71,MARK_PRICE_PREVIOUS_FALLBACK,1653638400000,8
BNBUSDT,1653667200000,-0.00030543,301.93228538,MARK_PRICE_EXACT_OPEN,1653667200000,0
BNBUSDT,1653696000018,-0.00022821,301.26690339,MARK_PRICE_PREVIOUS_FALLBACK,1653696000000,18
BNBUSDT,1653724800016,-0.00026664,302.25,MARK_PRICE_PREVIOUS_FALLBACK,1653724800000,16
BNBUSDT,1653753600013,-0.00012842,306.61078795,MARK_PRICE_PREVIOUS_FALLBACK,1653753600000,13
BNBUSDT,1653782400000,-0.00008242,307.26,MARK_PRICE_EXACT_OPEN,1653782400000,0
BNBUSDT,1653811200025,-0.00033464,300.36,MARK_PRICE_PREVIOUS_FALLBACK,1653811200000,25
BNBUSDT,1653840000002,0,302.95960092,MARK_PRICE_PREVIOUS_FALLBACK,1653840000000,2
BNBUSDT,1653868800000,-0.00001633,305.67,MARK_PRICE_EXACT_OPEN,1653868800000,0
BNBUSDT,1653897600013,0,319.53,MARK_PRICE_PREVIOUS_FALLBACK,1653897600000,13
BNBUSDT,1653926400005,0,313.81037169,MARK_PRICE_PREVIOUS_FALLBACK,1653926400000,5
BNBUSDT,1653955200016,0,321.30099628,MARK_PRICE_PREVIOUS_FALLBACK,1653955200000,16
BNBUSDT,1653984000000,0,318.20001558,MARK_PRICE_EXACT_OPEN,1653984000000,0
BNBUSDT,1654012800000,-0.00005989,321.26,MARK_PRICE_EXACT_OPEN,1654012800000,0
BNBUSDT,1654041600000,0,320.86,MARK_PRICE_EXACT_OPEN,1654041600000,0
BNBUSDT,1654070400011,0,317.12291513,MARK_PRICE_PREVIOUS_FALLBACK,1654070400000,11
BNBUSDT,1654099200000,0,305.31,MARK_PRICE_EXACT_OPEN,1654099200000,0
BNBUSDT,1654128000000,-0.00018644,300.18,MARK_PRICE_EXACT_OPEN,1654128000000,0
BNBUSDT,1654156800006,-0.00008944,302.86479672,MARK_PRICE_PREVIOUS_FALLBACK,1654156800000,6
BNBUSDT,1654185600021,0,303.47,MARK_PRICE_PREVIOUS_FALLBACK,1654185600000,21
BNBUSDT,1654214400016,-0.00000833,307.80934159,MARK_PRICE_PREVIOUS_FALLBACK,1654214400000,16
BNBUSDT,1654243200016,0,304.9369677,MARK_PRICE_PREVIOUS_FALLBACK,1654243200000,16
BNBUSDT,1654272000012,-0.00023935,295.46,MARK_PRICE_PREVIOUS_FALLBACK,1654272000000,12
BNBUSDT,1654300800005,-0.00019683,298.97,MARK_PRICE_PREVIOUS_FALLBACK,1654300800000,5
BNBUSDT,1654329600000,-0.00004397,298.07,MARK_PRICE_EXACT_OPEN,1654329600000,0
BNBUSDT,1654358400007,-0.0000391,300.87329719,MARK_PRICE_PREVIOUS_FALLBACK,1654358400000,7
BNBUSDT,1654387200005,-0.00001407,300.87760582,MARK_PRICE_PREVIOUS_FALLBACK,1654387200000,5
BNBUSDT,1654416000015,-0.00023072,297.52996018,MARK_PRICE_PREVIOUS_FALLBACK,1654416000000,15
BNBUSDT,1654444800000,-0.00015784,298.97,MARK_PRICE_EXACT_OPEN,1654444800000,0
BNBUSDT,1654473600000,0,298.95,MARK_PRICE_EXACT_OPEN,1654473600000,0
BNBUSDT,1654502400017,0,310.25652444,MARK_PRICE_PREVIOUS_FALLBACK,1654502400000,17
BNBUSDT,1654531200000,0,303.38973214,MARK_PRICE_EXACT_OPEN,1654531200000,0
BNBUSDT,1654560000000,-0.00034496,294.85889543,MARK_PRICE_EXACT_OPEN,1654560000000,0
BNBUSDT,1654588800011,-0.00035567,284.42521151,MARK_PRICE_PREVIOUS_FALLBACK,1654588800000,11
BNBUSDT,1654617600000,-0.000146,282.44,MARK_PRICE_EXACT_OPEN,1654617600000,0
BNBUSDT,1654646400008,0,289.74050563,MARK_PRICE_PREVIOUS_FALLBACK,1654646400000,8
BNBUSDT,1654675200020,-0.00015306,289.91023891,MARK_PRICE_PREVIOUS_FALLBACK,1654675200000,20
BNBUSDT,1654704000012,-0.00018711,292.62096854,MARK_PRICE_PREVIOUS_FALLBACK,1654704000000,12
BNBUSDT,1654732800000,-0.0001229,288.29164928,MARK_PRICE_EXACT_OPEN,1654732800000,0
BNBUSDT,1654761600000,-0.00002809,290.21,MARK_PRICE_EXACT_OPEN,1654761600000,0
BNBUSDT,1654790400000,-0.00002586,290.55,MARK_PRICE_EXACT_OPEN,1654790400000,0
BNBUSDT,1654819200009,-0.00025878,289.17,MARK_PRICE_PREVIOUS_FALLBACK,1654819200000,9
BNBUSDT,1654848000000,0,289.89,MARK_PRICE_EXACT_OPEN,1654848000000,0
BNBUSDT,1654876800006,-0.00035067,290.3036505,MARK_PRICE_PREVIOUS_FALLBACK,1654876800000,6
BNBUSDT,1654905600018,-0.0002948,286.43,MARK_PRICE_PREVIOUS_FALLBACK,1654905600000,18
BNBUSDT,1654934400014,-0.00005073,289.32,MARK_PRICE_PREVIOUS_FALLBACK,1654934400000,14
BNBUSDT,1654963200000,-0.00029442,268.32,MARK_PRICE_EXACT_OPEN,1654963200000,0
BNBUSDT,1654992000015,-0.00037884,269.47665078,MARK_PRICE_PREVIOUS_FALLBACK,1654992000000,15
BNBUSDT,1655020800019,-0.00025545,257.86,MARK_PRICE_PREVIOUS_FALLBACK,1655020800000,19
BNBUSDT,1655049600010,-0.00030561,263.58196636,MARK_PRICE_PREVIOUS_FALLBACK,1655049600000,10
BNBUSDT,1655078400009,-0.00010959,255.67,MARK_PRICE_PREVIOUS_FALLBACK,1655078400000,9
BNBUSDT,1655107200000,-0.00025385,232.59,MARK_PRICE_EXACT_OPEN,1655107200000,0
BNBUSDT,1655136000007,-0.00018928,223.30673186,MARK_PRICE_PREVIOUS_FALLBACK,1655136000000,7
BNBUSDT,1655164800013,-0.0000366,221.88913942,MARK_PRICE_PREVIOUS_FALLBACK,1655164800000,13
BNBUSDT,1655193600008,0,229.6771187,MARK_PRICE_PREVIOUS_FALLBACK,1655193600000,8
BNBUSDT,1655222400006,0,226.68,MARK_PRICE_PREVIOUS_FALLBACK,1655222400000,6
BNBUSDT,1655251200000,0,222.95788697,MARK_PRICE_EXACT_OPEN,1655251200000,0
BNBUSDT,1655280000016,-0.00033673,207.02,MARK_PRICE_PREVIOUS_FALLBACK,1655280000000,16
BNBUSDT,1655308800008,-0.00011689,212.20231748,MARK_PRICE_PREVIOUS_FALLBACK,1655308800000,8
BNBUSDT,1655337600009,0,233.32898661,MARK_PRICE_PREVIOUS_FALLBACK,1655337600000,9
BNBUSDT,1655366400016,0,222.4,MARK_PRICE_PREVIOUS_FALLBACK,1655366400000,16
BNBUSDT,1655395200000,-0.00004671,215.40040593,MARK_PRICE_EXACT_OPEN,1655395200000,0
BNBUSDT,1655424000008,-0.00010868,210.00489401,MARK_PRICE_PREVIOUS_FALLBACK,1655424000000,8
BNBUSDT,1655452800003,0,219.73,MARK_PRICE_PREVIOUS_FALLBACK,1655452800000,3
BNBUSDT,1655481600000,-0.00008487,215.8355473,MARK_PRICE_EXACT_OPEN,1655481600000,0
BNBUSDT,1655510400020,-0.00011676,215.19624384,MARK_PRICE_PREVIOUS_FALLBACK,1655510400000,20
BNBUSDT,1655539200025,-0.00036897,200.76662237,MARK_PRICE_PREVIOUS_FALLBACK,1655539200000,25
BNBUSDT,1655568000014,-0.00022303,198.59251449,MARK_PRICE_PREVIOUS_FALLBACK,1655568000000,14
BNBUSDT,1655596800012,-0.00062237,197.29556053,MARK_PRICE_PREVIOUS_FALLBACK,1655596800000,12
BNBUSDT,1655625600012,-0.00003268,192.96060206,MARK_PRICE_PREVIOUS_FALLBACK,1655625600000,12
BNBUSDT,1655654400008,-0.00013012,208.70006639,MARK_PRICE_PREVIOUS_FALLBACK,1655654400000,8
BNBUSDT,1655683200016,-0.00011545,214.98673318,MARK_PRICE_PREVIOUS_FALLBACK,1655683200000,16
BNBUSDT,1655712000000,-0.00022425,206.95,MARK_PRICE_EXACT_OPEN,1655712000000,0
BNBUSDT,1655740800013,-0.00013949,217.61,MARK_PRICE_PREVIOUS_FALLBACK,1655740800000,13
BNBUSDT,1655769600012,-0.00005546,215.75360028,MARK_PRICE_PREVIOUS_FALLBACK,1655769600000,12
BNBUSDT,1655798400018,-0.00009008,220.81,MARK_PRICE_PREVIOUS_FALLBACK,1655798400000,18
BNBUSDT,1655827200010,-0.00011405,225.39,MARK_PRICE_PREVIOUS_FALLBACK,1655827200000,10
BNBUSDT,1655856000000,-0.00021005,219.9,MARK_PRICE_EXACT_OPEN,1655856000000,0
BNBUSDT,1655884800001,-0.00031961,211.64,MARK_PRICE_PREVIOUS_FALLBACK,1655884800000,1
BNBUSDT,1655913600012,-0.00022236,215.01678666,MARK_PRICE_PREVIOUS_FALLBACK,1655913600000,12
BNBUSDT,1655942400000,-0.00014812,214.11372421,MARK_PRICE_EXACT_OPEN,1655942400000,0
BNBUSDT,1655971200000,-0.00010648,222.0916682,MARK_PRICE_EXACT_OPEN,1655971200000,0
BNBUSDT,1656000000016,-0.00019147,222.6,MARK_PRICE_PREVIOUS_FALLBACK,1656000000000,16
BNBUSDT,1656028800005,-0.00013465,228.69,MARK_PRICE_PREVIOUS_FALLBACK,1656028800000,5
BNBUSDT,1656057600004,-0.00004643,231.09,MARK_PRICE_PREVIOUS_FALLBACK,1656057600000,4
BNBUSDT,1656086400018,0,235.02,MARK_PRICE_PREVIOUS_FALLBACK,1656086400000,18
BNBUSDT,1656115200001,-0.00010626,240,MARK_PRICE_PREVIOUS_FALLBACK,1656115200000,1
BNBUSDT,1656144000010,-0.00015322,240.99497167,MARK_PRICE_PREVIOUS_FALLBACK,1656144000000,10
BNBUSDT,1656172800000,-0.00011261,230.59172475,MARK_PRICE_EXACT_OPEN,1656172800000,0
BNBUSDT,1656201600002,-0.00013445,239.72,MARK_PRICE_PREVIOUS_FALLBACK,1656201600000,2
BNBUSDT,1656230400016,0,238.99333214,MARK_PRICE_PREVIOUS_FALLBACK,1656230400000,16
BNBUSDT,1656259200006,-0.00009825,239.2335327,MARK_PRICE_PREVIOUS_FALLBACK,1656259200000,6
BNBUSDT,1656288000008,-0.00024522,233.7286088,MARK_PRICE_PREVIOUS_FALLBACK,1656288000000,8
BNBUSDT,1656316800000,-0.00015208,239.22940213,MARK_PRICE_EXACT_OPEN,1656316800000,0
BNBUSDT,1656345600016,-0.00015886,233.72572143,MARK_PRICE_PREVIOUS_FALLBACK,1656345600000,16
BNBUSDT,1656374400016,-0.00022449,233.44752442,MARK_PRICE_PREVIOUS_FALLBACK,1656374400000,16
BNBUSDT,1656403200001,-0.00009105,237.73,MARK_PRICE_PREVIOUS_FALLBACK,1656403200000,1
BNBUSDT,1656432000005,0,234.75,MARK_PRICE_PREVIOUS_FALLBACK,1656432000000,5
BNBUSDT,1656460800000,-0.00032369,226.8,MARK_PRICE_EXACT_OPEN,1656460800000,0
BNBUSDT,1656489600013,-0.00003475,220.09,MARK_PRICE_PREVIOUS_FALLBACK,1656489600000,13
BNBUSDT,1656518400000,-0.00025433,218.54,MARK_PRICE_EXACT_OPEN,1656518400000,0
BNBUSDT,1656547200000,-0.00013455,219.45,MARK_PRICE_EXACT_OPEN,1656547200000,0
BNBUSDT,1656576000000,0,211.39682355,MARK_PRICE_EXACT_OPEN,1656576000000,0
BNBUSDT,1656604800000,-0.00029998,212.26,MARK_PRICE_EXACT_OPEN,1656604800000,0
BNBUSDT,1656633600001,-0.00017896,218.70538779,MARK_PRICE_PREVIOUS_FALLBACK,1656633600000,1
BNBUSDT,1656662400017,-0.00001794,222.42,MARK_PRICE_PREVIOUS_FALLBACK,1656662400000,17
BNBUSDT,1656691200005,0,214.6469048,MARK_PRICE_PREVIOUS_FALLBACK,1656691200000,5
BNBUSDT,1656720000000,-0.00016329,216.65,MARK_PRICE_EXACT_OPEN,1656720000000,0
BNBUSDT,1656748800000,-0.00013258,215.13892049,MARK_PRICE_EXACT_OPEN,1656748800000,0
BNBUSDT,1656777600008,-0.00003906,215.73,MARK_PRICE_PREVIOUS_FALLBACK,1656777600000,8
BNBUSDT,1656806400015,-0.00005174,218.02943484,MARK_PRICE_PREVIOUS_FALLBACK,1656806400000,15
BNBUSDT,1656835200004,-0.0000427,218.32266704,MARK_PRICE_PREVIOUS_FALLBACK,1656835200000,4
BNBUSDT,1656864000005,-0.0001864,214.43911477,MARK_PRICE_PREVIOUS_FALLBACK,1656864000000,5
BNBUSDT,1656892800021,0,218.82055762,MARK_PRICE_PREVIOUS_FALLBACK,1656892800000,21
BNBUSDT,1656921600001,-0.00023629,216.42,MARK_PRICE_PREVIOUS_FALLBACK,1656921600000,1
BNBUSDT,1656950400000,0,225.8,MARK_PRICE_EXACT_OPEN,1656950400000,0
BNBUSDT,1656979200000,0,231.4,MARK_PRICE_EXACT_OPEN,1656979200000,0
BNBUSDT,1657008000000,-0.0001103,233.72967173,MARK_PRICE_EXACT_OPEN,1657008000000,0
BNBUSDT,1657036800015,-0.00013791,225.0247306,MARK_PRICE_PREVIOUS_FALLBACK,1657036800000,15
BNBUSDT,1657065600006,-0.00011221,231.06,MARK_PRICE_PREVIOUS_FALLBACK,1657065600000,6
BNBUSDT,1657094400000,0,234.49521989,MARK_PRICE_EXACT_OPEN,1657094400000,0
BNBUSDT,1657123200000,-0.00007686,236.36202552,MARK_PRICE_EXACT_OPEN,1657123200000,0
BNBUSDT,1657152000010,-0.00007188,238.32,MARK_PRICE_PREVIOUS_FALLBACK,1657152000000,10
BNBUSDT,1657180800010,-0.0000447,237.11758038,MARK_PRICE_PREVIOUS_FALLBACK,1657180800000,10
BNBUSDT,1657209600011,-0.0000813,240.80132386,MARK_PRICE_PREVIOUS_FALLBACK,1657209600000,11
BNBUSDT,1657238400008,-0.00002841,241.82623415,MARK_PRICE_PREVIOUS_FALLBACK,1657238400000,8
BNBUSDT,1657267200009,0,241.02,MARK_PRICE_PREVIOUS_FALLBACK,1657267200000,9
BNBUSDT,1657296000000,-0.00014862,242.19,MARK_PRICE_EXACT_OPEN,1657296000000,0
BNBUSDT,1657324800000,0,240.49420601,MARK_PRICE_EXACT_OPEN,1657324800000,0
BNBUSDT,1657353600000,0,244.28,MARK_PRICE_EXACT_OPEN,1657353600000,0
BNBUSDT,1657382400009,-0.00011787,241.99637562,MARK_PRICE_PREVIOUS_FALLBACK,1657382400000,9
BNBUSDT,1657411200001,-0.00001536,243.19575325,MARK_PRICE_PREVIOUS_FALLBACK,1657411200000,1
BNBUSDT,1657440000002,-0.00009812,236.80436523,MARK_PRICE_PREVIOUS_FALLBACK,1657440000000,2
BNBUSDT,1657468800001,-0.00005106,233.05941278,MARK_PRICE_PREVIOUS_FALLBACK,1657468800000,1
BNBUSDT,1657497600000,-0.00010599,234.55,MARK_PRICE_EXACT_OPEN,1657497600000,0
BNBUSDT,1657526400003,0,229.58,MARK_PRICE_PREVIOUS_FALLBACK,1657526400000,3
BNBUSDT,1657555200001,-0.00003501,231.5633808,MARK_PRICE_PREVIOUS_FALLBACK,1657555200000,1
BNBUSDT,1657584000000,-0.00016301,225.44,MARK_PRICE_EXACT_OPEN,1657584000000,0
BNBUSDT,1657612800021,-0.00015961,223.13,MARK_PRICE_PREVIOUS_FALLBACK,1657612800000,21
BNBUSDT,1657641600000,-0.00025585,226.29569908,MARK_PRICE_EXACT_OPEN,1657641600000,0
BNBUSDT,1657670400012,-0.00009412,220.53,MARK_PRICE_PREVIOUS_FALLBACK,1657670400000,12
BNBUSDT,1657699200022,-0.00016626,225.94660284,MARK_PRICE_PREVIOUS_FALLBACK,1657699200000,22
BNBUSDT,1657728000005,-0.00011396,222.5940587,MARK_PRICE_PREVIOUS_FALLBACK,1657728000000,5
BNBUSDT,1657756800017,-0.00013749,230.31,MARK_PRICE_PREVIOUS_FALLBACK,1657756800000,17
BNBUSDT,1657785600001,0,230.44,MARK_PRICE_PREVIOUS_FALLBACK,1657785600000,1
BNBUSDT,1657814400000,-0.0001166,236.28,MARK_PRICE_EXACT_OPEN,1657814400000,0
BNBUSDT,1657843200004,0,238.32,MARK_PRICE_PREVIOUS_FALLBACK,1657843200000,4
BNBUSDT,1657872000019,0,238.44,MARK_PRICE_PREVIOUS_FALLBACK,1657872000000,19
BNBUSDT,1657900800017,-0.00000842,237.72582336,MARK_PRICE_PREVIOUS_FALLBACK,1657900800000,17
BNBUSDT,1657929600021,0,238.81420821,MARK_PRICE_PREVIOUS_FALLBACK,1657929600000,21
BNBUSDT,1657958400014,0,234.37632084,MARK_PRICE_PREVIOUS_FALLBACK,1657958400000,14
BNBUSDT,1657987200005,-0.00002607,240.39236731,MARK_PRICE_PREVIOUS_FALLBACK,1657987200000,5
BNBUSDT,1658016000000,0,249.75,MARK_PRICE_EXACT_OPEN,1658016000000,0
BNBUSDT,1658044800003,0,252.39477543,MARK_PRICE_PREVIOUS_FALLBACK,1658044800000,3
BNBUSDT,1658073600007,0,251.09995285,MARK_PRICE_PREVIOUS_FALLBACK,1658073600000,7
BNBUSDT,1658102400001,0,247.59,MARK_PRICE_PREVIOUS_FALLBACK,1658102400000,1
BNBUSDT,1658131200004,0,261.20886285,MARK_PRICE_PREVIOUS_FALLBACK,1658131200000,4
BNBUSDT,1658160000019,0,263.65416221,MARK_PRICE_PREVIOUS_FALLBACK,1658160000000,19
BNBUSDT,1658188800000,0,264.08830446,MARK_PRICE_EXACT_OPEN,1658188800000,0
BNBUSDT,1658217600000,0,258.05120902,MARK_PRICE_EXACT_OPEN,1658217600000,0
BNBUSDT,1658246400001,0,263.75604293,MARK_PRICE_PREVIOUS_FALLBACK,1658246400000,1
BNBUSDT,1658275200004,0,268.94500175,MARK_PRICE_PREVIOUS_FALLBACK,1658275200000,4
BNBUSDT,1658304000000,0,266.96672581,MARK_PRICE_EXACT_OPEN,1658304000000,0
BNBUSDT,1658332800003,-0.00000738,269.9,MARK_PRICE_PREVIOUS_FALLBACK,1658332800000,3
BNBUSDT,1658361600000,0,258.16047304,MARK_PRICE_EXACT_OPEN,1658361600000,0
BNBUSDT,1658390400018,0,255.3,MARK_PRICE_PREVIOUS_FALLBACK,1658390400000,18
BNBUSDT,1658419200011,0,258.8852051,MARK_PRICE_PREVIOUS_FALLBACK,1658419200000,11
BNBUSDT,1658448000014,0,265.11,MARK_PRICE_PREVIOUS_FALLBACK,1658448000000,14
BNBUSDT,1658476800000,0,267.24069655,MARK_PRICE_EXACT_OPEN,1658476800000,0
BNBUSDT,1658505600000,0,265.8,MARK_PRICE_EXACT_OPEN,1658505600000,0
BNBUSDT,1658534400004,0,262.61176294,MARK_PRICE_PREVIOUS_FALLBACK,1658534400000,4
BNBUSDT,1658563200002,0,267.48878484,MARK_PRICE_PREVIOUS_FALLBACK,1658563200000,2
BNBUSDT,1658592000001,0,256.52782605,MARK_PRICE_PREVIOUS_FALLBACK,1658592000000,1
BNBUSDT,1658620800000,-0.00018212,258.96892726,MARK_PRICE_EXACT_OPEN,1658620800000,0
BNBUSDT,1658649600011,0,262.72647676,MARK_PRICE_PREVIOUS_FALLBACK,1658649600000,11
BNBUSDT,1658678400000,0,264.71,MARK_PRICE_EXACT_OPEN,1658678400000,0
BNBUSDT,1658707200000,0,261.26037273,MARK_PRICE_EXACT_OPEN,1658707200000,0
BNBUSDT,1658736000014,-0.00022869,255.13,MARK_PRICE_PREVIOUS_FALLBACK,1658736000000,14
BNBUSDT,1658764800006,0,256.12,MARK_PRICE_PREVIOUS_FALLBACK,1658764800000,6
BNBUSDT,1658793600010,-0.00002488,244.18128387,MARK_PRICE_PREVIOUS_FALLBACK,1658793600000,10
BNBUSDT,1658822400000,-0.0001947,242.68988243,MARK_PRICE_EXACT_OPEN,1658822400000,0
BNBUSDT,1658851200000,-0.00010802,239.86,MARK_PRICE_EXACT_OPEN,1658851200000,0
BNBUSDT,1658880000008,-0.00009596,249.6,MARK_PRICE_PREVIOUS_FALLBACK,1658880000000,8
BNBUSDT,1658908800000,0,252.47858285,MARK_PRICE_EXACT_OPEN,1658908800000,0
BNBUSDT,1658937600003,0,258.6,MARK_PRICE_PREVIOUS_FALLBACK,1658937600000,3
BNBUSDT,1658966400009,0,271.94062446,MARK_PRICE_PREVIOUS_FALLBACK,1658966400000,9
BNBUSDT,1658995200008,0,267.96158191,MARK_PRICE_PREVIOUS_FALLBACK,1658995200000,8
BNBUSDT,1659024000013,0,276.46090819,MARK_PRICE_PREVIOUS_FALLBACK,1659024000000,13
BNBUSDT,1659052800000,0,277.14203844,MARK_PRICE_EXACT_OPEN,1659052800000,0
BNBUSDT,1659081600000,0,277.95851309,MARK_PRICE_EXACT_OPEN,1659081600000,0
BNBUSDT,1659110400000,0,298.60146511,MARK_PRICE_EXACT_OPEN,1659110400000,0
BNBUSDT,1659139200005,0.00004073,294.26111526,MARK_PRICE_PREVIOUS_FALLBACK,1659139200000,5
BNBUSDT,1659168000009,0,290.68484616,MARK_PRICE_PREVIOUS_FALLBACK,1659168000000,9
BNBUSDT,1659196800000,0,299.03442331,MARK_PRICE_EXACT_OPEN,1659196800000,0
BNBUSDT,1659225600022,0,287.75,MARK_PRICE_PREVIOUS_FALLBACK,1659225540000,60022
BNBUSDT,1659254400011,0,,MARK_PRICE_TOO_STALE,1659225540000,28860011
BNBUSDT,1659283200019,0,,MARK_PRICE_TOO_STALE,1659225540000,57660019
BNBUSDT,1659312000010,0,282.99,MARK_PRICE_PREVIOUS_FALLBACK,1659312000000,10
BNBUSDT,1659340800019,0,287.82847921,MARK_PRICE_PREVIOUS_FALLBACK,1659340800000,19
BNBUSDT,1659369600017,0,286.27463515,MARK_PRICE_PREVIOUS_FALLBACK,1659369600000,17
BNBUSDT,1659398400000,0,283.15841582,MARK_PRICE_EXACT_OPEN,1659398400000,0
BNBUSDT,1659427200007,0,279.53,MARK_PRICE_PREVIOUS_FALLBACK,1659427200000,7
BNBUSDT,1659456000014,0,284.64215205,MARK_PRICE_PREVIOUS_FALLBACK,1659456000000,14
BNBUSDT,1659484800001,0,284.14,MARK_PRICE_PREVIOUS_FALLBACK,1659484800000,1
BNBUSDT,1659513600020,0,288.053827,MARK_PRICE_PREVIOUS_FALLBACK,1659513600000,20
BNBUSDT,1659542400008,0,298.10675471,MARK_PRICE_PREVIOUS_FALLBACK,1659542400000,8
BNBUSDT,1659571200001,0,297.32456435,MARK_PRICE_PREVIOUS_FALLBACK,1659571200000,1
BNBUSDT,1659600000009,0,303.20005518,MARK_PRICE_PREVIOUS_FALLBACK,1659600000000,9
BNBUSDT,1659628800015,0,303.62782336,MARK_PRICE_PREVIOUS_FALLBACK,1659628800000,15
BNBUSDT,1659657600005,0,311.680408,MARK_PRICE_PREVIOUS_FALLBACK,1659657600000,5
BNBUSDT,1659686400000,0,316.88108724,MARK_PRICE_EXACT_OPEN,1659686400000,0
BNBUSDT,1659715200000,0,313,MARK_PRICE_EXACT_OPEN,1659715200000,0
BNBUSDT,1659744000021,0,315.2342879,MARK_PRICE_PREVIOUS_FALLBACK,1659744000000,21
BNBUSDT,1659772800000,0,314.99,MARK_PRICE_EXACT_OPEN,1659772800000,0
BNBUSDT,1659801600015,0,315.52,MARK_PRICE_PREVIOUS_FALLBACK,1659801600000,15
BNBUSDT,1659830400013,0,315.02268761,MARK_PRICE_PREVIOUS_FALLBACK,1659830400000,13
BNBUSDT,1659859200000,0,312.05,MARK_PRICE_EXACT_OPEN,1659859200000,0
BNBUSDT,1659888000014,0,322.75039354,MARK_PRICE_PREVIOUS_FALLBACK,1659888000000,14
BNBUSDT,1659916800009,0,322.8445714,MARK_PRICE_PREVIOUS_FALLBACK,1659916800000,9
BNBUSDT,1659945600006,0,328.37399853,MARK_PRICE_PREVIOUS_FALLBACK,1659945600000,6
BNBUSDT,1659974400000,0,325.08569395,MARK_PRICE_EXACT_OPEN,1659974400000,0
BNBUSDT,1660003200020,-0.00001892,324.57,MARK_PRICE_PREVIOUS_FALLBACK,1660003200000,20
BNBUSDT,1660032000000,-0.00003567,325.41902306,MARK_PRICE_EXACT_OPEN,1660032000000,0
BNBUSDT,1660060800000,-0.00004608,315.73596207,MARK_PRICE_EXACT_OPEN,1660060800000,0
BNBUSDT,1660089600000,0,324.38234652,MARK_PRICE_EXACT_OPEN,1660089600000,0
BNBUSDT,1660118400016,0,322.14960571,MARK_PRICE_PREVIOUS_FALLBACK,1660118400000,16
BNBUSDT,1660147200018,0,333.93817485,MARK_PRICE_PREVIOUS_FALLBACK,1660147200000,18
BNBUSDT,1660176000012,0,328.85,MARK_PRICE_PREVIOUS_FALLBACK,1660176000000,12
BNBUSDT,1660204800000,0,330.50678896,MARK_PRICE_EXACT_OPEN,1660204800000,0
BNBUSDT,1660233600000,-0.00010494,325.00568315,MARK_PRICE_EXACT_OPEN,1660233600000,0
BNBUSDT,1660262400006,-0.00012899,323.51870853,MARK_PRICE_PREVIOUS_FALLBACK,1660262400000,6
BNBUSDT,1660291200000,0,323.28,MARK_PRICE_EXACT_OPEN,1660291200000,0
BNBUSDT,1660320000005,0,323.4,MARK_PRICE_PREVIOUS_FALLBACK,1660320000000,5
BNBUSDT,1660348800012,0,328.77707695,MARK_PRICE_PREVIOUS_FALLBACK,1660348800000,12
BNBUSDT,1660377600006,0,327.91391299,MARK_PRICE_PREVIOUS_FALLBACK,1660377600000,6
BNBUSDT,1660406400018,0,327.9,MARK_PRICE_PREVIOUS_FALLBACK,1660406400000,18
BNBUSDT,1660435200000,-0.00007018,324.01,MARK_PRICE_EXACT_OPEN,1660435200000,0
BNBUSDT,1660464000000,0,329.47265328,MARK_PRICE_EXACT_OPEN,1660464000000,0
BNBUSDT,1660492800000,-0.0001024,322.41,MARK_PRICE_EXACT_OPEN,1660492800000,0
BNBUSDT,1660521600010,-0.00010191,317.47139293,MARK_PRICE_PREVIOUS_FALLBACK,1660521600000,10
BNBUSDT,1660550400002,0,316.69,MARK_PRICE_PREVIOUS_FALLBACK,1660550400000,2
BNBUSDT,1660579200010,-0.00002291,319.33,MARK_PRICE_PREVIOUS_FALLBACK,1660579200000,10
BNBUSDT,1660608000010,0,319.45573814,MARK_PRICE_PREVIOUS_FALLBACK,1660608000000,10
BNBUSDT,1660636800002,0,317.70798944,MARK_PRICE_PREVIOUS_FALLBACK,1660636800000,2
BNBUSDT,1660665600000,0,315.74,MARK_PRICE_EXACT_OPEN,1660665600000,0
BNBUSDT,1660694400020,-0.0000747,316.14676342,MARK_PRICE_PREVIOUS_FALLBACK,1660694400000,20
BNBUSDT,1660723200016,0,315.99436878,MARK_PRICE_PREVIOUS_FALLBACK,1660723200000,16
BNBUSDT,1660752000001,0,306.89326873,MARK_PRICE_PREVIOUS_FALLBACK,1660752000000,1
BNBUSDT,1660780800005,-0.00006488,306.75831989,MARK_PRICE_PREVIOUS_FALLBACK,1660780800000,5
BNBUSDT,1660809600012,0,307.82,MARK_PRICE_PREVIOUS_FALLBACK,1660809600000,12
BNBUSDT,1660838400013,0,305.4,MARK_PRICE_PREVIOUS_FALLBACK,1660838400000,13
BNBUSDT,1660867200000,0,298,MARK_PRICE_EXACT_OPEN,1660867200000,0
BNBUSDT,1660896000000,-0.00011474,282.28328357,MARK_PRICE_EXACT_OPEN,1660896000000,0
BNBUSDT,1660924800009,-0.00012774,284.25,MARK_PRICE_PREVIOUS_FALLBACK,1660924800000,9
BNBUSDT,1660953600000,-0.00001924,279.06413381,MARK_PRICE_EXACT_OPEN,1660953600000,0
BNBUSDT,1660982400005,-0.00022728,287.31,MARK_PRICE_PREVIOUS_FALLBACK,1660982400000,5
BNBUSDT,1661011200000,-0.000166,286.66976765,MARK_PRICE_EXACT_OPEN,1661011200000,0
BNBUSDT,1661040000010,-0.00013636,283.62262135,MARK_PRICE_PREVIOUS_FALLBACK,1661040000000,10
BNBUSDT,1661068800013,-0.00014148,296.69011886,MARK_PRICE_PREVIOUS_FALLBACK,1661068800000,13
BNBUSDT,1661097600000,-0.00014032,298.26,MARK_PRICE_EXACT_OPEN,1661097600000,0
BNBUSDT,1661126400011,-0.00013977,302.52,MARK_PRICE_PREVIOUS_FALLBACK,1661126400000,11
BNBUSDT,1661155200005,0,291.6,MARK_PRICE_PREVIOUS_FALLBACK,1661155200000,5
BNBUSDT,1661184000005,0,299.02822289,MARK_PRICE_PREVIOUS_FALLBACK,1661184000000,5
BNBUSDT,1661212800000,0,299.86084095,MARK_PRICE_EXACT_OPEN,1661212800000,0
BNBUSDT,1661241600021,-0.00014627,298.49079913,MARK_PRICE_PREVIOUS_FALLBACK,1661241600000,21
BNBUSDT,1661270400005,-0.00009462,297.80020132,MARK_PRICE_PREVIOUS_FALLBACK,1661270400000,5
BNBUSDT,1661299200017,-0.00004807,299.7,MARK_PRICE_PREVIOUS_FALLBACK,1661299200000,17
BNBUSDT,1661328000021,-0.00004245,294.76,MARK_PRICE_PREVIOUS_FALLBACK,1661328000000,21
BNBUSDT,1661356800000,-0.00015685,297.89,MARK_PRICE_EXACT_OPEN,1661356800000,0
BNBUSDT,1661385600003,0,295.95,MARK_PRICE_PREVIOUS_FALLBACK,1661385600000,3
BNBUSDT,1661414400000,0,305.11,MARK_PRICE_EXACT_OPEN,1661414400000,0
BNBUSDT,1661443200004,0,301.27380205,MARK_PRICE_PREVIOUS_FALLBACK,1661443200000,4
BNBUSDT,1661472000001,-0.0000776,300.63778024,MARK_PRICE_PREVIOUS_FALLBACK,1661472000000,1
BNBUSDT,1661500800004,-0.00016224,296.14101567,MARK_PRICE_PREVIOUS_FALLBACK,1661500800000,4
BNBUSDT,1661529600000,-0.00019433,287.74979762,MARK_PRICE_EXACT_OPEN,1661529600000,0
BNBUSDT,1661558400010,-0.00028892,279.33022005,MARK_PRICE_PREVIOUS_FALLBACK,1661558400000,10
BNBUSDT,1661587200007,-0.00017703,282.42,MARK_PRICE_PREVIOUS_FALLBACK,1661587200000,7
BNBUSDT,1661616000008,-0.00008358,280.59938715,MARK_PRICE_PREVIOUS_FALLBACK,1661616000000,8
BNBUSDT,1661644800019,-0.00007405,277.54575863,MARK_PRICE_PREVIOUS_FALLBACK,1661644800000,19
BNBUSDT,1661673600000,-0.00012025,279.6,MARK_PRICE_EXACT_OPEN,1661673600000,0
BNBUSDT,1661702400000,-0.00003464,281.16,MARK_PRICE_EXACT_OPEN,1661702400000,0
BNBUSDT,1661731200000,-0.00018805,276.27,MARK_PRICE_EXACT_OPEN,1661731200000,0
BNBUSDT,1661760000000,-0.00011708,277.78481996,MARK_PRICE_EXACT_OPEN,1661760000000,0
BNBUSDT,1661788800001,-0.00006241,284.8980231,MARK_PRICE_PREVIOUS_FALLBACK,1661788800000,1
BNBUSDT,1661817600001,-0.00007165,285.60287299,MARK_PRICE_PREVIOUS_FALLBACK,1661817600000,1
BNBUSDT,1661846400005,-0.00007661,290.46971252,MARK_PRICE_PREVIOUS_FALLBACK,1661846400000,5
BNBUSDT,1661875200010,0,281.51,MARK_PRICE_PREVIOUS_FALLBACK,1661875200000,10
BNBUSDT,1661904000000,-0.00019462,281.43,MARK_PRICE_EXACT_OPEN,1661904000000,0
BNBUSDT,1661932800005,0,286.54,MARK_PRICE_PREVIOUS_FALLBACK,1661932800000,5
BNBUSDT,1661961600013,0,282.31646916,MARK_PRICE_PREVIOUS_FALLBACK,1661961600000,13
BNBUSDT,1661990400012,-0.000167,278.6827227,MARK_PRICE_PREVIOUS_FALLBACK,1661990400000,12
BNBUSDT,1662019200000,-0.00003463,275.2458594,MARK_PRICE_EXACT_OPEN,1662019200000,0
BNBUSDT,1662048000013,-0.00019065,272.5,MARK_PRICE_PREVIOUS_FALLBACK,1662048000000,13
BNBUSDT,1662076800002,-0.00022746,278.15,MARK_PRICE_PREVIOUS_FALLBACK,1662076800000,2
BNBUSDT,1662105600013,-0.00000639,278.58910194,MARK_PRICE_PREVIOUS_FALLBACK,1662105600000,13
BNBUSDT,1662134400000,0,282.09,MARK_PRICE_EXACT_OPEN,1662134400000,0
BNBUSDT,1662163200000,-0.00021426,277.22,MARK_PRICE_EXACT_OPEN,1662163200000,0
BNBUSDT,1662192000002,-0.00006499,275.52,MARK_PRICE_PREVIOUS_FALLBACK,1662192000000,2
BNBUSDT,1662220800007,-0.00001442,276.25,MARK_PRICE_PREVIOUS_FALLBACK,1662220800000,7
BNBUSDT,1662249600008,0,277.72,MARK_PRICE_PREVIOUS_FALLBACK,1662249600000,8
BNBUSDT,1662278400009,-0.00004283,275.62,MARK_PRICE_PREVIOUS_FALLBACK,1662278400000,9
BNBUSDT,1662307200000,-0.00006369,277.7874034,MARK_PRICE_EXACT_OPEN,1662307200000,0
BNBUSDT,1662336000015,-0.00001282,279.2,MARK_PRICE_PREVIOUS_FALLBACK,1662336000000,15
BNBUSDT,1662364800013,-0.00010529,274.87661964,MARK_PRICE_PREVIOUS_FALLBACK,1662364800000,13
BNBUSDT,1662393600007,-0.000093,276.6876004,MARK_PRICE_PREVIOUS_FALLBACK,1662393600000,7
BNBUSDT,1662422400018,-0.00001297,277.16,MARK_PRICE_PREVIOUS_FALLBACK,1662422400000,18
BNBUSDT,1662451200020,0,280.61,MARK_PRICE_PREVIOUS_FALLBACK,1662451200000,20
BNBUSDT,1662480000028,0,280.96347401,MARK_PRICE_PREVIOUS_FALLBACK,1662480000000,28
BNBUSDT,1662508800013,-0.00054733,261.91,MARK_PRICE_PREVIOUS_FALLBACK,1662508800000,13
BNBUSDT,1662537600022,-0.0003075,264.19,MARK_PRICE_PREVIOUS_FALLBACK,1662537600000,22
BNBUSDT,1662566400021,-0.00007979,267.24,MARK_PRICE_PREVIOUS_FALLBACK,1662566400000,21
BNBUSDT,1662595200010,0,278.90958512,MARK_PRICE_PREVIOUS_FALLBACK,1662595200000,10
BNBUSDT,1662624000000,0,276.67,MARK_PRICE_EXACT_OPEN,1662624000000,0
BNBUSDT,1662652800003,0,279.68008657,MARK_PRICE_PREVIOUS_FALLBACK,1662652800000,3
BNBUSDT,1662681600011,0,280.25192374,MARK_PRICE_PREVIOUS_FALLBACK,1662681600000,11
BNBUSDT,1662710400000,0,290.95384903,MARK_PRICE_EXACT_OPEN,1662710400000,0
BNBUSDT,1662739200000,0,292.26,MARK_PRICE_EXACT_OPEN,1662739200000,0
BNBUSDT,1662768000003,0,292.97805893,MARK_PRICE_PREVIOUS_FALLBACK,1662768000000,3
BNBUSDT,1662796800000,0,292.43,MARK_PRICE_EXACT_OPEN,1662796800000,0
BNBUSDT,1662825600012,0,293.2,MARK_PRICE_PREVIOUS_FALLBACK,1662825600000,12
BNBUSDT,1662854400009,0,297.25,MARK_PRICE_PREVIOUS_FALLBACK,1662854400000,9
BNBUSDT,1662883200012,0,294.8607532,MARK_PRICE_PREVIOUS_FALLBACK,1662883200000,12
BNBUSDT,1662912000005,0,294.44,MARK_PRICE_PREVIOUS_FALLBACK,1662912000000,5
BNBUSDT,1662940800007,0,294.93833767,MARK_PRICE_PREVIOUS_FALLBACK,1662940800000,7
BNBUSDT,1662969600013,-7e-7,296.18,MARK_PRICE_PREVIOUS_FALLBACK,1662969600000,13
BNBUSDT,1662998400000,0,293.50489909,MARK_PRICE_EXACT_OPEN,1662998400000,0
BNBUSDT,1663027200004,-0.00002993,293.76,MARK_PRICE_PREVIOUS_FALLBACK,1663027200000,4
BNBUSDT,1663056000000,-0.00000419,293.68000727,MARK_PRICE_EXACT_OPEN,1663056000000,0
BNBUSDT,1663084800000,-0.00005975,282.95,MARK_PRICE_EXACT_OPEN,1663084800000,0
BNBUSDT,1663113600000,-0.00022918,277.23,MARK_PRICE_EXACT_OPEN,1663113600000,0
BNBUSDT,1663142400000,-0.00009042,279,MARK_PRICE_EXACT_OPEN,1663142400000,0
BNBUSDT,1663171200000,-0.00004776,279.32079265,MARK_PRICE_EXACT_OPEN,1663171200000,0
BNBUSDT,1663200000019,-0.00008768,279.08346426,MARK_PRICE_PREVIOUS_FALLBACK,1663200000000,19
BNBUSDT,1663228800012,-0.00014425,276.08,MARK_PRICE_PREVIOUS_FALLBACK,1663228800000,12
BNBUSDT,1663257600007,-0.00020751,269.25890051,MARK_PRICE_PREVIOUS_FALLBACK,1663257600000,7
BNBUSDT,1663286400000,-0.0001216,270.95,MARK_PRICE_EXACT_OPEN,1663286400000,0
BNBUSDT,1663315200000,-0.0000839,273.25928193,MARK_PRICE_EXACT_OPEN,1663315200000,0
BNBUSDT,1663344000000,-0.00006916,274.93,MARK_PRICE_EXACT_OPEN,1663344000000,0
BNBUSDT,1663372800000,-0.00011341,274.81,MARK_PRICE_EXACT_OPEN,1663372800000,0
BNBUSDT,1663401600012,-0.00003768,276.52,MARK_PRICE_PREVIOUS_FALLBACK,1663401600000,12
BNBUSDT,1663430400017,-0.00005159,277.24477253,MARK_PRICE_PREVIOUS_FALLBACK,1663430400000,17
BNBUSDT,1663459200000,-0.00016986,278.80860267,MARK_PRICE_EXACT_OPEN,1663459200000,0
BNBUSDT,1663488000004,-0.00015136,277.87015933,MARK_PRICE_PREVIOUS_FALLBACK,1663488000000,4
BNBUSDT,1663516800000,-0.00007379,275.10124854,MARK_PRICE_EXACT_OPEN,1663516800000,0
BNBUSDT,1663545600018,-0.00015207,266.19,MARK_PRICE_PREVIOUS_FALLBACK,1663545600000,18
BNBUSDT,1663574400006,-0.00029681,259.23208497,MARK_PRICE_PREVIOUS_FALLBACK,1663574400000,6
BNBUSDT,1663603200010,-0.00017649,266.13939645,MARK_PRICE_PREVIOUS_FALLBACK,1663603200000,10
BNBUSDT,1663632000007,-0.00008278,272.45,MARK_PRICE_PREVIOUS_FALLBACK,1663632000000,7
BNBUSDT,1663660800001,-0.00004635,270.08,MARK_PRICE_PREVIOUS_FALLBACK,1663660800000,1
BNBUSDT,1663689600000,-0.00002216,270.13068474,MARK_PRICE_EXACT_OPEN,1663689600000,0
BNBUSDT,1663718400001,-0.00001148,265.99501057,MARK_PRICE_PREVIOUS_FALLBACK,1663718400000,1
BNBUSDT,1663747200005,-0.00002202,265.62634774,MARK_PRICE_PREVIOUS_FALLBACK,1663747200000,5
BNBUSDT,1663776000000,0,267.10737798,MARK_PRICE_EXACT_OPEN,1663776000000,0
BNBUSDT,1663804800000,-0.00027637,263.75904954,MARK_PRICE_EXACT_OPEN,1663804800000,0
BNBUSDT,1663833600000,-0.00017379,266.61284475,MARK_PRICE_EXACT_OPEN,1663833600000,0
BNBUSDT,1663862400011,0,268.23965762,MARK_PRICE_PREVIOUS_FALLBACK,1663862400000,11
BNBUSDT,1663891200023,-0.00005383,275.18,MARK_PRICE_PREVIOUS_FALLBACK,1663891200000,23
BNBUSDT,1663920000004,-0.00008149,274.87,MARK_PRICE_PREVIOUS_FALLBACK,1663920000000,4
BNBUSDT,1663948800005,0,271.07,MARK_PRICE_PREVIOUS_FALLBACK,1663948800000,5
BNBUSDT,1663977600000,-0.00000965,276.60983897,MARK_PRICE_EXACT_OPEN,1663977600000,0
BNBUSDT,1664006400005,0,281.24192659,MARK_PRICE_PREVIOUS_FALLBACK,1664006400000,5
BNBUSDT,1664035200000,0,279.64233555,MARK_PRICE_EXACT_OPEN,1664035200000,0
BNBUSDT,1664064000010,0,274.16,MARK_PRICE_PREVIOUS_FALLBACK,1664064000000,10
BNBUSDT,1664092800000,-0.0000667,277.82,MARK_PRICE_EXACT_OPEN,1664092800000,0
BNBUSDT,1664121600003,0,275.35,MARK_PRICE_PREVIOUS_FALLBACK,1664121600000,3
BNBUSDT,1664150400001,-0.00010467,273.91702815,MARK_PRICE_PREVIOUS_FALLBACK,1664150400000,1
BNBUSDT,1664179200006,-0.00001654,273.5696211,MARK_PRICE_PREVIOUS_FALLBACK,1664179200000,6
BNBUSDT,1664208000000,0,274.27,MARK_PRICE_EXACT_OPEN,1664208000000,0
BNBUSDT,1664236800026,0,276.41422965,MARK_PRICE_PREVIOUS_FALLBACK,1664236800000,26
BNBUSDT,1664265600004,0,285.52810724,MARK_PRICE_PREVIOUS_FALLBACK,1664265600000,4
BNBUSDT,1664294400006,0,280.93446628,MARK_PRICE_PREVIOUS_FALLBACK,1664294400000,6
BNBUSDT,1664323200011,-0.00031512,272.05407011,MARK_PRICE_PREVIOUS_FALLBACK,1664323200000,11
BNBUSDT,1664352000000,-0.00006869,270.27,MARK_PRICE_EXACT_OPEN,1664352000000,0
BNBUSDT,1664380800000,-0.00004871,278.34008524,MARK_PRICE_EXACT_OPEN,1664380800000,0
BNBUSDT,1664409600010,0,281.7,MARK_PRICE_PREVIOUS_FALLBACK,1664409600000,10
BNBUSDT,1664438400000,0,281.0526731,MARK_PRICE_EXACT_OPEN,1664438400000,0
BNBUSDT,1664467200000,0,281.49051791,MARK_PRICE_EXACT_OPEN,1664467200000,0
BNBUSDT,1664496000006,0,284.48290361,MARK_PRICE_PREVIOUS_FALLBACK,1664496000000,6
BNBUSDT,1664524800002,0,287.04,MARK_PRICE_PREVIOUS_FALLBACK,1664524800000,2
BNBUSDT,1664553600007,0,286.75396732,MARK_PRICE_PREVIOUS_FALLBACK,1664553600000,7
BNBUSDT,1664582400008,0,284.4311344,MARK_PRICE_PREVIOUS_FALLBACK,1664582400000,8
BNBUSDT,1664611200011,0,282.50748458,MARK_PRICE_PREVIOUS_FALLBACK,1664611200000,11
BNBUSDT,1664640000000,0,281.42,MARK_PRICE_EXACT_OPEN,1664640000000,0
BNBUSDT,1664668800000,-0.00006003,282.87761622,MARK_PRICE_PREVIOUS_FALLBACK,1664668740000,60000
BNBUSDT,1664697600000,-0.00005527,,MARK_PRICE_TOO_STALE,1664668740000,28860000
BNBUSDT,1664726400006,-0.00002465,,MARK_PRICE_TOO_STALE,1664668740000,57660006
BNBUSDT,1664755200000,0,284.63,MARK_PRICE_EXACT_OPEN,1664755200000,0
BNBUSDT,1664784000014,0,285.4955775,MARK_PRICE_PREVIOUS_FALLBACK,1664784000000,14
BNBUSDT,1664812800010,0,286.53,MARK_PRICE_PREVIOUS_FALLBACK,1664812800000,10
BNBUSDT,1664841600006,-0.00001955,287.07656683,MARK_PRICE_PREVIOUS_FALLBACK,1664841600000,6
BNBUSDT,1664870400004,0,290.88725291,MARK_PRICE_PREVIOUS_FALLBACK,1664870400000,4
BNBUSDT,1664899200013,0,294.15,MARK_PRICE_PREVIOUS_FALLBACK,1664899200000,13
BNBUSDT,1664928000000,-0.00002347,296,MARK_PRICE_EXACT_OPEN,1664928000000,0
BNBUSDT,1664956800000,0,293.93,MARK_PRICE_EXACT_OPEN,1664956800000,0
BNBUSDT,1664985600012,0,292.49559373,MARK_PRICE_PREVIOUS_FALLBACK,1664985600000,12
BNBUSDT,1665014400008,0,293.87,MARK_PRICE_PREVIOUS_FALLBACK,1665014400000,8
BNBUSDT,1665043200002,0,295.25519568,MARK_PRICE_PREVIOUS_FALLBACK,1665043200000,2
BNBUSDT,1665072000006,0,293.61,MARK_PRICE_PREVIOUS_FALLBACK,1665072000000,6
BNBUSDT,1665100800000,-0.00003379,286.78616894,MARK_PRICE_EXACT_OPEN,1665100800000,0
BNBUSDT,1665129600000,-0.00010927,284.56,MARK_PRICE_EXACT_OPEN,1665129600000,0
BNBUSDT,1665158400007,0,282.56401468,MARK_PRICE_PREVIOUS_FALLBACK,1665158400000,7
BNBUSDT,1665187200010,0,282.04,MARK_PRICE_PREVIOUS_FALLBACK,1665187200000,10
BNBUSDT,1665216000004,0,281.18,MARK_PRICE_PREVIOUS_FALLBACK,1665216000000,4
BNBUSDT,1665244800018,0,280.6,MARK_PRICE_PREVIOUS_FALLBACK,1665244800000,18
BNBUSDT,1665273600000,0,276.26854171,MARK_PRICE_EXACT_OPEN,1665273600000,0
BNBUSDT,1665302400007,0,277.38,MARK_PRICE_PREVIOUS_FALLBACK,1665302400000,7
BNBUSDT,1665331200011,0,278.92258165,MARK_PRICE_PREVIOUS_FALLBACK,1665331200000,11
BNBUSDT,1665360000018,0,278.15,MARK_PRICE_PREVIOUS_FALLBACK,1665360000000,18
BNBUSDT,1665388800000,0,276.53525625,MARK_PRICE_EXACT_OPEN,1665388800000,0
BNBUSDT,1665417600026,0,274.94,MARK_PRICE_PREVIOUS_FALLBACK,1665417600000,26
BNBUSDT,1665446400020,0,271.21959262,MARK_PRICE_PREVIOUS_FALLBACK,1665446400000,20
BNBUSDT,1665475200027,0,271.09,MARK_PRICE_PREVIOUS_FALLBACK,1665475200000,27
BNBUSDT,1665504000000,0,273.054342,MARK_PRICE_EXACT_OPEN,1665504000000,0
BNBUSDT,1665532800014,0,271.51631549,MARK_PRICE_PREVIOUS_FALLBACK,1665532800000,14
BNBUSDT,1665561600000,0,271.34,MARK_PRICE_EXACT_OPEN,1665561600000,0
BNBUSDT,1665590400000,0,270.96307006,MARK_PRICE_EXACT_OPEN,1665590400000,0
BNBUSDT,1665619200013,0,270.81,MARK_PRICE_PREVIOUS_FALLBACK,1665619200000,13
BNBUSDT,1665648000016,0,264.22698615,MARK_PRICE_PREVIOUS_FALLBACK,1665648000000,16
BNBUSDT,1665676800009,-0.00017328,266.79,MARK_PRICE_PREVIOUS_FALLBACK,1665676800000,9
BNBUSDT,1665705600020,-0.00001116,271.57699045,MARK_PRICE_PREVIOUS_FALLBACK,1665705600000,20
BNBUSDT,1665734400000,0,273.51,MARK_PRICE_EXACT_OPEN,1665734400000,0
BNBUSDT,1665763200009,-0.00002648,271.05312481,MARK_PRICE_PREVIOUS_FALLBACK,1665763200000,9
BNBUSDT,1665792000001,-0.00000723,269.42,MARK_PRICE_PREVIOUS_FALLBACK,1665792000000,1
BNBUSDT,1665820800005,-0.0000433,270.62,MARK_PRICE_PREVIOUS_FALLBACK,1665820800000,5
BNBUSDT,1665849600004,-0.00002775,270.85200314,MARK_PRICE_PREVIOUS_FALLBACK,1665849600000,4
BNBUSDT,1665878400012,0,267.85,MARK_PRICE_PREVIOUS_FALLBACK,1665878400000,12
BNBUSDT,1665907200000,-0.00009323,269.8639171,MARK_PRICE_EXACT_OPEN,1665907200000,0
BNBUSDT,1665936000010,0,270.52,MARK_PRICE_PREVIOUS_FALLBACK,1665936000000,10
BNBUSDT,1665964800012,-0.00001764,272.31,MARK_PRICE_PREVIOUS_FALLBACK,1665964800000,12
BNBUSDT,1665993600010,0,272.12,MARK_PRICE_PREVIOUS_FALLBACK,1665993600000,10
BNBUSDT,1666022400017,-0.00007816,273.98,MARK_PRICE_PREVIOUS_FALLBACK,1666022400000,17
BNBUSDT,1666051200010,0,275.86,MARK_PRICE_PREVIOUS_FALLBACK,1666051200000,10
BNBUSDT,1666080000008,-0.00000361,274.68,MARK_PRICE_PREVIOUS_FALLBACK,1666080000000,8
BNBUSDT,1666108800000,-0.000087,272.1,MARK_PRICE_EXACT_OPEN,1666108800000,0
BNBUSDT,1666137600007,0,273.20794077,MARK_PRICE_PREVIOUS_FALLBACK,1666137600000,7
BNBUSDT,1666166400022,0,271.45869956,MARK_PRICE_PREVIOUS_FALLBACK,1666166400000,22
BNBUSDT,1666195200016,0,273.00803388,MARK_PRICE_PREVIOUS_FALLBACK,1666195200000,16
BNBUSDT,1666224000000,0,271.85344386,MARK_PRICE_EXACT_OPEN,1666224000000,0
BNBUSDT,1666252800013,0,271.54037525,MARK_PRICE_PREVIOUS_FALLBACK,1666252800000,13
BNBUSDT,1666281600000,0,272.25,MARK_PRICE_EXACT_OPEN,1666281600000,0
BNBUSDT,1666310400005,-0.00000672,268.7,MARK_PRICE_PREVIOUS_FALLBACK,1666310400000,5
BNBUSDT,1666339200018,-0.00008495,266.94309952,MARK_PRICE_PREVIOUS_FALLBACK,1666339200000,18
BNBUSDT,1666368000000,-0.00013025,269.66,MARK_PRICE_EXACT_OPEN,1666368000000,0
BNBUSDT,1666396800000,-0.00004594,269.94697954,MARK_PRICE_EXACT_OPEN,1666396800000,0
BNBUSDT,1666425600015,-0.00011472,269.85,MARK_PRICE_PREVIOUS_FALLBACK,1666425600000,15
BNBUSDT,1666454400000,-0.00018136,269.48827153,MARK_PRICE_EXACT_OPEN,1666454400000,0
BNBUSDT,1666483200025,0,270.43774781,MARK_PRICE_PREVIOUS_FALLBACK,1666483200000,25
BNBUSDT,1666512000000,-0.00015971,269.49,MARK_PRICE_EXACT_OPEN,1666512000000,0
BNBUSDT,1666540800004,-0.00000887,270.62678262,MARK_PRICE_PREVIOUS_FALLBACK,1666540800000,4
BNBUSDT,1666569600009,0,275.87,MARK_PRICE_PREVIOUS_FALLBACK,1666569600000,9
BNBUSDT,1666598400012,0,273.4149884,MARK_PRICE_PREVIOUS_FALLBACK,1666598400000,12
BNBUSDT,1666627200002,-0.00005435,273.07542644,MARK_PRICE_PREVIOUS_FALLBACK,1666627200000,2
BNBUSDT,1666656000013,0,274.31,MARK_PRICE_PREVIOUS_FALLBACK,1666656000000,13
BNBUSDT,1666684800013,0,273.25599983,MARK_PRICE_PREVIOUS_FALLBACK,1666684800000,13
BNBUSDT,1666713600000,-0.00000774,280.69,MARK_PRICE_EXACT_OPEN,1666713600000,0
BNBUSDT,1666742400006,0,284.66,MARK_PRICE_PREVIOUS_FALLBACK,1666742400000,6
BNBUSDT,1666771200013,0,286.44,MARK_PRICE_PREVIOUS_FALLBACK,1666771200000,13
BNBUSDT,1666800000000,-0.00007773,289.35,MARK_PRICE_EXACT_OPEN,1666800000000,0
BNBUSDT,1666828800009,-0.00003774,289.95185742,MARK_PRICE_PREVIOUS_FALLBACK,1666828800000,9
BNBUSDT,1666857600006,0,289.24886441,MARK_PRICE_PREVIOUS_FALLBACK,1666857600000,6
BNBUSDT,1666886400009,0,287.38497208,MARK_PRICE_PREVIOUS_FALLBACK,1666886400000,9
BNBUSDT,1666915200000,-0.00002242,286.67,MARK_PRICE_EXACT_OPEN,1666915200000,0
BNBUSDT,1666944000000,0,286.06731103,MARK_PRICE_EXACT_OPEN,1666944000000,0
BNBUSDT,1666972800007,0,297.34802814,MARK_PRICE_PREVIOUS_FALLBACK,1666972800000,7
BNBUSDT,1667001600000,0,297.86,MARK_PRICE_EXACT_OPEN,1667001600000,0
BNBUSDT,1667030400003,0,302.28916272,MARK_PRICE_PREVIOUS_FALLBACK,1667030400000,3
BNBUSDT,1667059200010,0,304.01,MARK_PRICE_PREVIOUS_FALLBACK,1667059200000,10
BNBUSDT,1667088000000,0,304.40270383,MARK_PRICE_EXACT_OPEN,1667088000000,0
BNBUSDT,1667116800013,0,314.27919228,MARK_PRICE_PREVIOUS_FALLBACK,1667116800000,13
BNBUSDT,1667145600009,0,309.93616888,MARK_PRICE_PREVIOUS_FALLBACK,1667145600000,9
BNBUSDT,1667174400012,0,313.56,MARK_PRICE_PREVIOUS_FALLBACK,1667174400000,12
BNBUSDT,1667203200000,0,310.24347347,MARK_PRICE_EXACT_OPEN,1667203200000,0
BNBUSDT,1667232000010,0,323.45,MARK_PRICE_PREVIOUS_FALLBACK,1667232000000,10
BNBUSDT,1667260800000,-0.00022122,325.6,MARK_PRICE_EXACT_OPEN,1667260800000,0
BNBUSDT,1667289600000,-0.00007476,326.88489867,MARK_PRICE_EXACT_OPEN,1667289600000,0
BNBUSDT,1667318400000,-0.00001068,319.17252359,MARK_PRICE_EXACT_OPEN,1667318400000,0
BNBUSDT,1667347200000,-0.00015035,323.72725334,MARK_PRICE_EXACT_OPEN,1667347200000,0
BNBUSDT,1667376000000,-0.00018741,322.44293204,MARK_PRICE_EXACT_OPEN,1667376000000,0
BNBUSDT,1667404800019,-0.00010047,318.22,MARK_PRICE_PREVIOUS_FALLBACK,1667404800000,19
BNBUSDT,1667433600011,-0.00024064,319.79087626,MARK_PRICE_PREVIOUS_FALLBACK,1667433600000,11
BNBUSDT,1667462400016,0,333.760899,MARK_PRICE_PREVIOUS_FALLBACK,1667462400000,16
BNBUSDT,1667491200005,0,327.56485777,MARK_PRICE_PREVIOUS_FALLBACK,1667491200000,5
BNBUSDT,1667520000000,-0.00026514,329.38516413,MARK_PRICE_EXACT_OPEN,1667520000000,0
BNBUSDT,1667548800004,-0.00015694,344.32262659,MARK_PRICE_PREVIOUS_FALLBACK,1667548800000,4
BNBUSDT,1667577600020,0,350.2,MARK_PRICE_PREVIOUS_FALLBACK,1667577600000,20
BNBUSDT,1667606400009,-0.00011505,354.54982075,MARK_PRICE_PREVIOUS_FALLBACK,1667606400000,9
BNBUSDT,1667635200007,-0.00033461,359.54497867,MARK_PRICE_PREVIOUS_FALLBACK,1667635200000,7
BNBUSDT,1667664000018,0,351.19,MARK_PRICE_PREVIOUS_FALLBACK,1667664000000,18
BNBUSDT,1667692800009,-0.00013208,348.41,MARK_PRICE_PREVIOUS_FALLBACK,1667692800000,9
BNBUSDT,1667721600000,-0.00001095,351.787715,MARK_PRICE_EXACT_OPEN,1667721600000,0
BNBUSDT,1667750400010,0,349.85328488,MARK_PRICE_PREVIOUS_FALLBACK,1667750400000,10
BNBUSDT,1667779200012,0,337.52299548,MARK_PRICE_PREVIOUS_FALLBACK,1667779200000,12
BNBUSDT,1667808000014,0,327.96,MARK_PRICE_PREVIOUS_FALLBACK,1667808000000,14
BNBUSDT,1667836800006,0,335.04465846,MARK_PRICE_PREVIOUS_FALLBACK,1667836800000,6
BNBUSDT,1667865600000,0,336.8,MARK_PRICE_EXACT_OPEN,1667865600000,0
BNBUSDT,1667894400001,-0.00086736,325.91438712,MARK_PRICE_PREVIOUS_FALLBACK,1667894400000,1
BNBUSDT,1667923200005,-0.00009108,327.25281142,MARK_PRICE_PREVIOUS_FALLBACK,1667923200000,5
BNBUSDT,1667952000000,-0.00038784,327.30364872,MARK_PRICE_EXACT_OPEN,1667952000000,0
BNBUSDT,1667980800013,-0.0002085,315.90791996,MARK_PRICE_PREVIOUS_FALLBACK,1667980800000,13
BNBUSDT,1668009600004,-0.00016051,290.36829083,MARK_PRICE_PREVIOUS_FALLBACK,1668009600000,4
BNBUSDT,1668038400006,-0.00075379,264.86134316,MARK_PRICE_PREVIOUS_FALLBACK,1668038400000,6
BNBUSDT,1668067200000,-0.00108601,281.88433427,MARK_PRICE_EXACT_OPEN,1668067200000,0
BNBUSDT,1668096000015,-0.00101303,307.01,MARK_PRICE_PREVIOUS_FALLBACK,1668096000000,15
BNBUSDT,1668124800000,-0.00006721,304.02925317,MARK_PRICE_EXACT_OPEN,1668124800000,0
BNBUSDT,1668153600015,-0.00012043,297.04,MARK_PRICE_PREVIOUS_FALLBACK,1668153600000,15
BNBUSDT,1668182400027,0,286.06716429,MARK_PRICE_PREVIOUS_FALLBACK,1668182400000,27
BNBUSDT,1668211200007,0,290.11,MARK_PRICE_PREVIOUS_FALLBACK,1668211200000,7
BNBUSDT,1668240000016,-0.00049627,286.74040952,MARK_PRICE_PREVIOUS_FALLBACK,1668240000000,16
BNBUSDT,1668268800000,0,283.89,MARK_PRICE_EXACT_OPEN,1668268800000,0
BNBUSDT,1668297600004,-0.00020827,282.63796008,MARK_PRICE_PREVIOUS_FALLBACK,1668297600000,4
BNBUSDT,1668326400000,-0.00024517,281.48567511,MARK_PRICE_EXACT_OPEN,1668326400000,0
BNBUSDT,1668355200017,0,279.42549914,MARK_PRICE_PREVIOUS_FALLBACK,1668355200000,17
BNBUSDT,1668384000000,0,276.41,MARK_PRICE_EXACT_OPEN,1668384000000,0
BNBUSDT,1668412800000,-0.00005498,280.98,MARK_PRICE_EXACT_OPEN,1668412800000,0
BNBUSDT,1668441600000,0,278.93486262,MARK_PRICE_EXACT_OPEN,1668441600000,0
BNBUSDT,1668470400014,-0.00001388,278.37,MARK_PRICE_PREVIOUS_FALLBACK,1668470400000,14
BNBUSDT,1668499200009,0,278.92920244,MARK_PRICE_PREVIOUS_FALLBACK,1668499200000,9
BNBUSDT,1668528000010,0,281.15132007,MARK_PRICE_PREVIOUS_FALLBACK,1668528000000,10
BNBUSDT,1668556800011,0,276.42847393,MARK_PRICE_PREVIOUS_FALLBACK,1668556800000,11
BNBUSDT,1668585600004,0,276.7891979,MARK_PRICE_PREVIOUS_FALLBACK,1668585600000,4
BNBUSDT,1668614400008,0,269.79519347,MARK_PRICE_PREVIOUS_FALLBACK,1668614400000,8
BNBUSDT,1668643200000,0,271.70569879,MARK_PRICE_EXACT_OPEN,1668643200000,0
BNBUSDT,1668672000000,0,269.76134871,MARK_PRICE_EXACT_OPEN,1668672000000,0
BNBUSDT,1668700800006,0,266.65,MARK_PRICE_PREVIOUS_FALLBACK,1668700800000,6
BNBUSDT,1668729600004,0,267.76,MARK_PRICE_PREVIOUS_FALLBACK,1668729600000,4
BNBUSDT,1668758400016,-0.00008914,271.60955534,MARK_PRICE_PREVIOUS_FALLBACK,1668758400000,16
BNBUSDT,1668787200000,-0.00003688,271.81,MARK_PRICE_EXACT_OPEN,1668787200000,0
BNBUSDT,1668816000000,0,273.89,MARK_PRICE_EXACT_OPEN,1668816000000,0
BNBUSDT,1668844800004,0,270,MARK_PRICE_PREVIOUS_FALLBACK,1668844800000,4
BNBUSDT,1668873600024,0,271.87,MARK_PRICE_PREVIOUS_FALLBACK,1668873600000,24
BNBUSDT,1668902400015,0,272.11213795,MARK_PRICE_PREVIOUS_FALLBACK,1668902400000,15
BNBUSDT,1668931200004,0,273.36,MARK_PRICE_PREVIOUS_FALLBACK,1668931200000,4
BNBUSDT,1668960000000,-0.00003401,270.60566207,MARK_PRICE_EXACT_OPEN,1668960000000,0
BNBUSDT,1668988800006,0,264.20946297,MARK_PRICE_PREVIOUS_FALLBACK,1668988800000,6
BNBUSDT,1669017600015,0,258.16,MARK_PRICE_PREVIOUS_FALLBACK,1669017600000,15
BNBUSDT,1669046400000,0,260.16062869,MARK_PRICE_EXACT_OPEN,1669046400000,0
BNBUSDT,1669075200000,-0.00008432,253.88434237,MARK_PRICE_EXACT_OPEN,1669075200000,0
BNBUSDT,1669104000000,0,254.1828112,MARK_PRICE_EXACT_OPEN,1669104000000,0
BNBUSDT,1669132800000,0,264.45,MARK_PRICE_EXACT_OPEN,1669132800000,0
BNBUSDT,1669161600000,0,266.5983183,MARK_PRICE_EXACT_OPEN,1669161600000,0
BNBUSDT,1669190400011,0,284.23506337,MARK_PRICE_PREVIOUS_FALLBACK,1669190400000,11
BNBUSDT,1669219200014,-0.00089682,294.67225032,MARK_PRICE_PREVIOUS_FALLBACK,1669219200000,14
BNBUSDT,1669248000007,-0.00100198,298.94781004,MARK_PRICE_PREVIOUS_FALLBACK,1669248000000,7
BNBUSDT,1669276800014,-0.00107431,296.03549742,MARK_PRICE_PREVIOUS_FALLBACK,1669276800000,14
BNBUSDT,1669305600013,-0.00101344,297.98143225,MARK_PRICE_PREVIOUS_FALLBACK,1669305600000,13
BNBUSDT,1669334400004,-0.00105799,299.78016935,MARK_PRICE_PREVIOUS_FALLBACK,1669334400000,4
BNBUSDT,1669363200015,-0.0008592,295.67,MARK_PRICE_PREVIOUS_FALLBACK,1669363200000,15
BNBUSDT,1669392000000,-0.0014554,299.83161986,MARK_PRICE_EXACT_OPEN,1669392000000,0
BNBUSDT,1669420800011,-0.00124842,300.28843003,MARK_PRICE_PREVIOUS_FALLBACK,1669420800000,11
BNBUSDT,1669449600000,-0.00019936,312.15,MARK_PRICE_EXACT_OPEN,1669449600000,0
BNBUSDT,1669478400000,-0.00032896,312.83022476,MARK_PRICE_EXACT_OPEN,1669478400000,0
BNBUSDT,1669507200012,-0.00062761,311.02662032,MARK_PRICE_PREVIOUS_FALLBACK,1669507200000,12
BNBUSDT,1669536000000,-0.00055863,313.52,MARK_PRICE_EXACT_OPEN,1669536000000,0
BNBUSDT,1669564800003,-0.00064417,312.96610114,MARK_PRICE_PREVIOUS_FALLBACK,1669564800000,3
BNBUSDT,1669593600015,-0.00083112,307.73045618,MARK_PRICE_PREVIOUS_FALLBACK,1669593600000,15
BNBUSDT,1669622400004,-0.00081517,295.15324504,MARK_PRICE_PREVIOUS_FALLBACK,1669622400000,4
BNBUSDT,1669651200011,-0.00092201,291.45384854,MARK_PRICE_PREVIOUS_FALLBACK,1669651200000,11
BNBUSDT,1669680000000,-0.00036103,293.16227414,MARK_PRICE_EXACT_OPEN,1669680000000,0
BNBUSDT,1669708800015,-0.00016312,302.12171224,MARK_PRICE_PREVIOUS_FALLBACK,1669708800000,15
BNBUSDT,1669737600000,-0.00021615,299.92,MARK_PRICE_EXACT_OPEN,1669737600000,0
BNBUSDT,1669766400007,-0.00022113,295.69,MARK_PRICE_PREVIOUS_FALLBACK,1669766400000,7
BNBUSDT,1669795200000,-0.00066434,300.65,MARK_PRICE_EXACT_OPEN,1669795200000,0
BNBUSDT,1669824000015,-0.00079031,297.67039657,MARK_PRICE_PREVIOUS_FALLBACK,1669824000000,15
BNBUSDT,1669852800001,-0.00094938,300.69058731,MARK_PRICE_PREVIOUS_FALLBACK,1669852800000,1
BNBUSDT,1669881600006,-0.00149717,297.27768532,MARK_PRICE_PREVIOUS_FALLBACK,1669881600000,6
BNBUSDT,1669910400000,-0.0002155,292.02543327,MARK_PRICE_EXACT_OPEN,1669910400000,0
BNBUSDT,1669939200001,0,292.32347201,MARK_PRICE_PREVIOUS_FALLBACK,1669939200000,1
BNBUSDT,1669968000016,0,289.65549693,MARK_PRICE_PREVIOUS_FALLBACK,1669968000000,16
BNBUSDT,1669996800017,0,289.71109295,MARK_PRICE_PREVIOUS_FALLBACK,1669996800000,17
BNBUSDT,1670025600006,0,293.69,MARK_PRICE_PREVIOUS_FALLBACK,1670025600000,6
BNBUSDT,1670054400000,0,290.56509688,MARK_PRICE_EXACT_OPEN,1670054400000,0
BNBUSDT,1670083200011,0,291.83899605,MARK_PRICE_PREVIOUS_FALLBACK,1670083200000,11
BNBUSDT,1670112000006,0,290,MARK_PRICE_PREVIOUS_FALLBACK,1670112000000,6
BNBUSDT,1670140800000,0,291.15,MARK_PRICE_EXACT_OPEN,1670140800000,0
BNBUSDT,1670169600006,0,290.21,MARK_PRICE_PREVIOUS_FALLBACK,1670169600000,6
BNBUSDT,1670198400002,0,291.91,MARK_PRICE_PREVIOUS_FALLBACK,1670198400000,2
BNBUSDT,1670227200011,0,296.33333182,MARK_PRICE_PREVIOUS_FALLBACK,1670227200000,11
BNBUSDT,1670256000008,0,289.89,MARK_PRICE_PREVIOUS_FALLBACK,1670256000000,8
BNBUSDT,1670284800014,0,288.38268668,MARK_PRICE_PREVIOUS_FALLBACK,1670284800000,14
BNBUSDT,1670313600027,0,289.68996057,MARK_PRICE_PREVIOUS_FALLBACK,1670313600000,27
BNBUSDT,1670342400009,0,288.87330616,MARK_PRICE_PREVIOUS_FALLBACK,1670342400000,9
BNBUSDT,1670371200000,0,290.2,MARK_PRICE_EXACT_OPEN,1670371200000,0
BNBUSDT,1670400000000,0,282.59125768,MARK_PRICE_EXACT_OPEN,1670400000000,0
BNBUSDT,1670428800000,0,283.35,MARK_PRICE_EXACT_OPEN,1670428800000,0
BNBUSDT,1670457600006,0,284.23,MARK_PRICE_PREVIOUS_FALLBACK,1670457600000,6
BNBUSDT,1670486400000,0,285.45524623,MARK_PRICE_EXACT_OPEN,1670486400000,0
BNBUSDT,1670515200014,0,287.55,MARK_PRICE_PREVIOUS_FALLBACK,1670515200000,14
BNBUSDT,1670544000017,0,290.58523616,MARK_PRICE_PREVIOUS_FALLBACK,1670544000000,17
BNBUSDT,1670572800005,0,290.22390227,MARK_PRICE_PREVIOUS_FALLBACK,1670572800000,5
BNBUSDT,1670601600000,0,289.87,MARK_PRICE_EXACT_OPEN,1670601600000,0
BNBUSDT,1670630400009,0,285.93014511,MARK_PRICE_PREVIOUS_FALLBACK,1670630400000,9
BNBUSDT,1670659200010,0,287.17419722,MARK_PRICE_PREVIOUS_FALLBACK,1670659200000,10
BNBUSDT,1670688000001,0,289.27884714,MARK_PRICE_PREVIOUS_FALLBACK,1670688000000,1
BNBUSDT,1670716800011,0,288.06818651,MARK_PRICE_PREVIOUS_FALLBACK,1670716800000,11
BNBUSDT,1670745600007,0,290.34,MARK_PRICE_PREVIOUS_FALLBACK,1670745600000,7
BNBUSDT,1670774400011,0,289.60391642,MARK_PRICE_PREVIOUS_FALLBACK,1670774400000,11
BNBUSDT,1670803200000,0,284.44715241,MARK_PRICE_EXACT_OPEN,1670803200000,0
BNBUSDT,1670832000004,0,281.00828633,MARK_PRICE_PREVIOUS_FALLBACK,1670832000000,4
BNBUSDT,1670860800000,0,276.01012408,MARK_PRICE_EXACT_OPEN,1670860800000,0
BNBUSDT,1670889600000,0,276.12381943,MARK_PRICE_EXACT_OPEN,1670889600000,0
BNBUSDT,1670918400018,0,263.76,MARK_PRICE_PREVIOUS_FALLBACK,1670918400000,18
BNBUSDT,1670947200011,0,274.37096048,MARK_PRICE_PREVIOUS_FALLBACK,1670947200000,11
BNBUSDT,1670976000010,0.0000288,272.35,MARK_PRICE_PREVIOUS_FALLBACK,1670976000000,10
BNBUSDT,1671004800015,0.0000356,274.35944502,MARK_PRICE_PREVIOUS_FALLBACK,1671004800000,15
BNBUSDT,1671033600004,0,272.69567462,MARK_PRICE_PREVIOUS_FALLBACK,1671033600000,4
BNBUSDT,1671062400000,0,267.7,MARK_PRICE_EXACT_OPEN,1671062400000,0
BNBUSDT,1671091200023,0,264.72,MARK_PRICE_PREVIOUS_FALLBACK,1671091200000,23
BNBUSDT,1671120000010,0,263.23,MARK_PRICE_PREVIOUS_FALLBACK,1671120000000,10
BNBUSDT,1671148800016,0,258.62842987,MARK_PRICE_PREVIOUS_FALLBACK,1671148800000,16
BNBUSDT,1671177600011,0,263.87298636,MARK_PRICE_PREVIOUS_FALLBACK,1671177600000,11
BNBUSDT,1671206400001,-0.00002001,247.18,MARK_PRICE_PREVIOUS_FALLBACK,1671206400000,1
BNBUSDT,1671235200001,-0.00073517,230.87,MARK_PRICE_PREVIOUS_FALLBACK,1671235200000,1
BNBUSDT,1671264000011,-0.00115398,234.74206979,MARK_PRICE_PREVIOUS_FALLBACK,1671264000000,11
BNBUSDT,1671292800011,-0.00078563,235.7766543,MARK_PRICE_PREVIOUS_FALLBACK,1671292800000,11
BNBUSDT,1671321600008,-0.0002971,241.91999707,MARK_PRICE_PREVIOUS_FALLBACK,1671321600000,8
BNBUSDT,1671350400001,-0.0010605,247.13096918,MARK_PRICE_PREVIOUS_FALLBACK,1671350400000,1
BNBUSDT,1671379200012,-0.00035846,244.74,MARK_PRICE_PREVIOUS_FALLBACK,1671379200000,12
BNBUSDT,1671408000000,-0.00083635,250.76,MARK_PRICE_EXACT_OPEN,1671408000000,0
BNBUSDT,1671436800000,-0.00062904,246.06051116,MARK_PRICE_EXACT_OPEN,1671436800000,0
BNBUSDT,1671465600000,-0.00037954,246.60648336,MARK_PRICE_EXACT_OPEN,1671465600000,0
BNBUSDT,1671494400005,-0.00001126,241.1,MARK_PRICE_PREVIOUS_FALLBACK,1671494400000,5
BNBUSDT,1671523200016,-0.00014553,247.73511871,MARK_PRICE_PREVIOUS_FALLBACK,1671523200000,16
BNBUSDT,1671552000000,-0.00018714,250.92058769,MARK_PRICE_EXACT_OPEN,1671552000000,0
BNBUSDT,1671580800007,-0.0001895,251.13040918,MARK_PRICE_PREVIOUS_FALLBACK,1671580800000,7
BNBUSDT,1671609600012,-0.00016441,247.61934903,MARK_PRICE_PREVIOUS_FALLBACK,1671609600000,12
BNBUSDT,1671638400017,-0.00009578,248.98140441,MARK_PRICE_PREVIOUS_FALLBACK,1671638400000,17
BNBUSDT,1671667200004,-0.00020175,245.88761904,MARK_PRICE_PREVIOUS_FALLBACK,1671667200000,4
BNBUSDT,1671696000000,-0.00037556,246.13,MARK_PRICE_EXACT_OPEN,1671696000000,0
BNBUSDT,1671724800001,-0.00018387,240.45,MARK_PRICE_PREVIOUS_FALLBACK,1671724800000,1
BNBUSDT,1671753600018,-0.00006874,245.91505941,MARK_PRICE_PREVIOUS_FALLBACK,1671753600000,18
BNBUSDT,1671782400000,0,246.4892303,MARK_PRICE_EXACT_OPEN,1671782400000,0
BNBUSDT,1671811200000,-0.0001583,245.27266728,MARK_PRICE_EXACT_OPEN,1671811200000,0
BNBUSDT,1671840000001,-0.00008702,246.02,MARK_PRICE_PREVIOUS_FALLBACK,1671840000000,1
BNBUSDT,1671868800007,-0.00019326,245.32790842,MARK_PRICE_PREVIOUS_FALLBACK,1671868800000,7
BNBUSDT,1671897600008,-0.00017502,244.18,MARK_PRICE_PREVIOUS_FALLBACK,1671897600000,8
BNBUSDT,1671926400000,-0.00027056,244.34908062,MARK_PRICE_EXACT_OPEN,1671926400000,0
BNBUSDT,1671955200013,-0.00021289,244.99,MARK_PRICE_PREVIOUS_FALLBACK,1671955200000,13
BNBUSDT,1671984000000,-0.00023132,243.01,MARK_PRICE_EXACT_OPEN,1671984000000,0
BNBUSDT,1672012800001,-0.00001749,243.21,MARK_PRICE_PREVIOUS_FALLBACK,1672012800000,1
BNBUSDT,1672041600000,0,243.06382825,MARK_PRICE_EXACT_OPEN,1672041600000,0
BNBUSDT,1672070400005,-0.00003502,242.18,MARK_PRICE_PREVIOUS_FALLBACK,1672070400000,5
BNBUSDT,1672099200005,0,244.75474007,MARK_PRICE_PREVIOUS_FALLBACK,1672099200000,5
BNBUSDT,1672128000010,0,243.22,MARK_PRICE_PREVIOUS_FALLBACK,1672128000000,10
BNBUSDT,1672156800006,0,244.89081721,MARK_PRICE_PREVIOUS_FALLBACK,1672156800000,6
BNBUSDT,1672185600010,0,246.53,MARK_PRICE_PREVIOUS_FALLBACK,1672185600000,10
BNBUSDT,1672214400010,-0.00006104,243.12,MARK_PRICE_PREVIOUS_FALLBACK,1672214400000,10
BNBUSDT,1672243200010,-0.00008213,241.93,MARK_PRICE_PREVIOUS_FALLBACK,1672243200000,10
BNBUSDT,1672272000011,-0.00003707,244.66,MARK_PRICE_PREVIOUS_FALLBACK,1672272000000,11
BNBUSDT,1672300800000,-0.00003846,244.72,MARK_PRICE_EXACT_OPEN,1672300800000,0
BNBUSDT,1672329600008,0,246.18,MARK_PRICE_PREVIOUS_FALLBACK,1672329600000,8
BNBUSDT,1672358400000,-0.00003597,246.18140569,MARK_PRICE_EXACT_OPEN,1672358400000,0
BNBUSDT,1672387200000,-0.00010921,243.26608627,MARK_PRICE_EXACT_OPEN,1672387200000,0
BNBUSDT,1672416000000,-0.00002319,245.19,MARK_PRICE_EXACT_OPEN,1672416000000,0
BNBUSDT,1672444800014,0,245.90740283,MARK_PRICE_PREVIOUS_FALLBACK,1672444800000,14
BNBUSDT,1672473600000,0,245.52460013,MARK_PRICE_EXACT_OPEN,1672473600000,0
BNBUSDT,1672502400000,0,246.94151111,MARK_PRICE_EXACT_OPEN,1672502400000,0
BNBUSDT,1672531200000,-0.0000105,246.09,MARK_PRICE_EXACT_OPEN,1672531200000,0
BNBUSDT,1672560000008,0,243.86282343,MARK_PRICE_PREVIOUS_FALLBACK,1672560000000,8
BNBUSDT,1672588800000,0,244.52266756,MARK_PRICE_EXACT_OPEN,1672588800000,0
BNBUSDT,1672617600000,0,244.35,MARK_PRICE_EXACT_OPEN,1672617600000,0
BNBUSDT,1672646400008,0,246.81,MARK_PRICE_PREVIOUS_FALLBACK,1672646400000,8
BNBUSDT,1672675200015,-0.00007526,246.88,MARK_PRICE_PREVIOUS_FALLBACK,1672675200000,15
BNBUSDT,1672704000003,-0.00009889,244.95484899,MARK_PRICE_PREVIOUS_FALLBACK,1672704000000,3
BNBUSDT,1672732800018,-0.00005595,246.31,MARK_PRICE_PREVIOUS_FALLBACK,1672732800000,18
BNBUSDT,1672761600000,0,245.36965796,MARK_PRICE_EXACT_OPEN,1672761600000,0
BNBUSDT,1672790400000,0,245.97,MARK_PRICE_EXACT_OPEN,1672790400000,0
BNBUSDT,1672819200016,0,255.09,MARK_PRICE_PREVIOUS_FALLBACK,1672819200000,16
BNBUSDT,1672848000011,0,256.57349941,MARK_PRICE_PREVIOUS_FALLBACK,1672848000000,11
BNBUSDT,1672876800009,-0.00042886,258.61,MARK_PRICE_PREVIOUS_FALLBACK,1672876800000,9
BNBUSDT,1672905600011,-0.00041485,257.42892586,MARK_PRICE_PREVIOUS_FALLBACK,1672905600000,11
BNBUSDT,1672934400000,-0.00034445,256.54,MARK_PRICE_EXACT_OPEN,1672934400000,0
BNBUSDT,1672963200005,-0.00035232,256.49167274,MARK_PRICE_PREVIOUS_FALLBACK,1672963200000,5
BNBUSDT,1672992000001,-0.00014715,256.13270959,MARK_PRICE_PREVIOUS_FALLBACK,1672992000000,1
BNBUSDT,1673020800000,-0.00021562,258.93563686,MARK_PRICE_EXACT_OPEN,1673020800000,0
BNBUSDT,1673049600006,-0.00022972,259.71012675,MARK_PRICE_PREVIOUS_FALLBACK,1673049600000,6
BNBUSDT,1673078400017,-0.00019772,260.91,MARK_PRICE_PREVIOUS_FALLBACK,1673078400000,17
BNBUSDT,1673107200000,-0.00023691,260.86,MARK_PRICE_EXACT_OPEN,1673107200000,0
BNBUSDT,1673136000015,-0.00042242,261.43288133,MARK_PRICE_PREVIOUS_FALLBACK,1673136000000,15
BNBUSDT,1673164800000,-0.00011035,260.77768505,MARK_PRICE_EXACT_OPEN,1673164800000,0
BNBUSDT,1673193600010,0,267.11098666,MARK_PRICE_PREVIOUS_FALLBACK,1673193600000,10
BNBUSDT,1673222400003,-0.0000551,274.60964274,MARK_PRICE_PREVIOUS_FALLBACK,1673222400000,3
BNBUSDT,1673251200000,0,277.65840406,MARK_PRICE_EXACT_OPEN,1673251200000,0
BNBUSDT,1673280000006,0,280.49,MARK_PRICE_PREVIOUS_FALLBACK,1673280000000,6
BNBUSDT,1673308800003,0,272.61162592,MARK_PRICE_PREVIOUS_FALLBACK,1673308800000,3
BNBUSDT,1673337600021,0,274.47,MARK_PRICE_PREVIOUS_FALLBACK,1673337600000,21
BNBUSDT,1673366400000,-0.00001944,275.69,MARK_PRICE_EXACT_OPEN,1673366400000,0
BNBUSDT,1673395200011,-0.00033078,277,MARK_PRICE_PREVIOUS_FALLBACK,1673395200000,11
BNBUSDT,1673424000006,-0.00010219,277.65,MARK_PRICE_PREVIOUS_FALLBACK,1673424000000,6
BNBUSDT,1673452800004,-0.00009478,276.47871129,MARK_PRICE_PREVIOUS_FALLBACK,1673452800000,4
BNBUSDT,1673481600000,-0.00000773,284.73,MARK_PRICE_EXACT_OPEN,1673481600000,0
BNBUSDT,1673510400000,0,284.9660468,MARK_PRICE_EXACT_OPEN,1673510400000,0
BNBUSDT,1673539200000,0,281.35,MARK_PRICE_EXACT_OPEN,1673539200000,0
BNBUSDT,1673568000004,-0.00030273,287.68150217,MARK_PRICE_PREVIOUS_FALLBACK,1673568000000,4
BNBUSDT,1673596800000,-0.00013437,287.8,MARK_PRICE_EXACT_OPEN,1673596800000,0
BNBUSDT,1673625600018,-0.00009937,288.53,MARK_PRICE_PREVIOUS_FALLBACK,1673625600000,18
BNBUSDT,1673654400000,0,293.67288236,MARK_PRICE_EXACT_OPEN,1673654400000,0
BNBUSDT,1673683200001,0.00035334,310.8,MARK_PRICE_PREVIOUS_FALLBACK,1673683200000,1
BNBUSDT,1673712000000,0.0001184,304.42,MARK_PRICE_EXACT_OPEN,1673712000000,0
BNBUSDT,1673740800010,0.00009249,305.14047412,MARK_PRICE_PREVIOUS_FALLBACK,1673740800000,10
BNBUSDT,1673769600002,0,297.34,MARK_PRICE_PREVIOUS_FALLBACK,1673769600000,2
BNBUSDT,1673798400000,0,302.80226398,MARK_PRICE_EXACT_OPEN,1673798400000,0
BNBUSDT,1673827200010,0,302.27,MARK_PRICE_PREVIOUS_FALLBACK,1673827200000,10
BNBUSDT,1673856000007,0,303.1151034,MARK_PRICE_PREVIOUS_FALLBACK,1673856000000,7
BNBUSDT,1673884800000,0,297.93,MARK_PRICE_EXACT_OPEN,1673884800000,0
BNBUSDT,1673913600004,0,298.68181501,MARK_PRICE_PREVIOUS_FALLBACK,1673913600000,4
BNBUSDT,1673942400005,0,301.29978475,MARK_PRICE_PREVIOUS_FALLBACK,1673942400000,5
BNBUSDT,1673971200001,0,302.28199559,MARK_PRICE_PREVIOUS_FALLBACK,1673971200000,1
BNBUSDT,1674000000008,0,299.67371326,MARK_PRICE_PREVIOUS_FALLBACK,1674000000000,8
BNBUSDT,1674028800009,0,301.68546371,MARK_PRICE_PREVIOUS_FALLBACK,1674028800000,9
BNBUSDT,1674057600017,0,292.02,MARK_PRICE_PREVIOUS_FALLBACK,1674057600000,17
BNBUSDT,1674086400000,-0.00009679,286.58130981,MARK_PRICE_EXACT_OPEN,1674086400000,0
BNBUSDT,1674115200015,-0.00021146,290.52028917,MARK_PRICE_PREVIOUS_FALLBACK,1674115200000,15
BNBUSDT,1674144000012,0,289.75,MARK_PRICE_PREVIOUS_FALLBACK,1674144000000,12
BNBUSDT,1674172800000,-0.00000795,294.45207518,MARK_PRICE_EXACT_OPEN,1674172800000,0
BNBUSDT,1674201600000,0,288.09324518,MARK_PRICE_EXACT_OPEN,1674201600000,0
BNBUSDT,1674230400000,0,289.48260469,MARK_PRICE_EXACT_OPEN,1674230400000,0
BNBUSDT,1674259200013,0.00005639,305.5,MARK_PRICE_PREVIOUS_FALLBACK,1674259200000,13
BNBUSDT,1674288000001,0.000182,304.64,MARK_PRICE_PREVIOUS_FALLBACK,1674288000000,1
BNBUSDT,1674316800016,0.00005417,302.3,MARK_PRICE_PREVIOUS_FALLBACK,1674316800000,16
BNBUSDT,1674345600000,0,299.06948546,MARK_PRICE_EXACT_OPEN,1674345600000,0
BNBUSDT,1674374400000,0.00015982,302.41,MARK_PRICE_EXACT_OPEN,1674374400000,0
BNBUSDT,1674403200023,0.00010198,303.49417164,MARK_PRICE_PREVIOUS_FALLBACK,1674403200000,23
BNBUSDT,1674432000014,0.00005355,303.24470067,MARK_PRICE_PREVIOUS_FALLBACK,1674432000000,14
BNBUSDT,1674460800014,0.00008039,303.61,MARK_PRICE_PREVIOUS_FALLBACK,1674460800000,14
BNBUSDT,1674489600016,0.00007383,304.10581107,MARK_PRICE_PREVIOUS_FALLBACK,1674489600000,16
BNBUSDT,1674518400008,0.00015492,305.14,MARK_PRICE_PREVIOUS_FALLBACK,1674518400000,8
BNBUSDT,1674547200008,0.00022386,318.36881319,MARK_PRICE_PREVIOUS_FALLBACK,1674547200000,8
BNBUSDT,1674576000000,0.00017116,316.33,MARK_PRICE_EXACT_OPEN,1674576000000,0
BNBUSDT,1674604800012,0,300.03303988,MARK_PRICE_PREVIOUS_FALLBACK,1674604800000,12
BNBUSDT,1674633600000,0,303.18,MARK_PRICE_EXACT_OPEN,1674633600000,0
BNBUSDT,1674662400010,0,300.29,MARK_PRICE_PREVIOUS_FALLBACK,1674662400000,10
BNBUSDT,1674691200010,0,307.13,MARK_PRICE_PREVIOUS_FALLBACK,1674691200000,10
BNBUSDT,1674720000003,0,306.18,MARK_PRICE_PREVIOUS_FALLBACK,1674720000000,3
BNBUSDT,1674748800020,0,304.04448066,MARK_PRICE_PREVIOUS_FALLBACK,1674748800000,20
BNBUSDT,1674777600008,0,304.84,MARK_PRICE_PREVIOUS_FALLBACK,1674777600000,8
BNBUSDT,1674806400000,0,305.81152619,MARK_PRICE_EXACT_OPEN,1674806400000,0
BNBUSDT,1674835200000,0,304.07949641,MARK_PRICE_EXACT_OPEN,1674835200000,0
BNBUSDT,1674864000009,0,308.22878183,MARK_PRICE_PREVIOUS_FALLBACK,1674864000000,9
BNBUSDT,1674892800018,0,308.66083646,MARK_PRICE_PREVIOUS_FALLBACK,1674892800000,18
BNBUSDT,1674921600005,0,306.26246007,MARK_PRICE_PREVIOUS_FALLBACK,1674921600000,5
BNBUSDT,1674950400011,0,306.21858862,MARK_PRICE_PREVIOUS_FALLBACK,1674950400000,11
BNBUSDT,1674979200000,0,308.65902595,MARK_PRICE_EXACT_OPEN,1674979200000,0
BNBUSDT,1675008000008,0,319.16442208,MARK_PRICE_PREVIOUS_FALLBACK,1675008000000,8
BNBUSDT,1675036800001,0,317.19184835,MARK_PRICE_PREVIOUS_FALLBACK,1675036800000,1
BNBUSDT,1675065600000,0.00002222,312.76,MARK_PRICE_EXACT_OPEN,1675065600000,0
BNBUSDT,1675094400000,0,308.91,MARK_PRICE_EXACT_OPEN,1675094400000,0
BNBUSDT,1675123200005,0,307.11,MARK_PRICE_PREVIOUS_FALLBACK,1675123200000,5
BNBUSDT,1675152000000,0,311.90574918,MARK_PRICE_EXACT_OPEN,1675152000000,0
BNBUSDT,1675180800007,0,312.8,MARK_PRICE_PREVIOUS_FALLBACK,1675180800000,7
BNBUSDT,1675209600013,0,312.16432876,MARK_PRICE_PREVIOUS_FALLBACK,1675209600000,13
BNBUSDT,1675238400000,0,307.74724535,MARK_PRICE_EXACT_OPEN,1675238400000,0
BNBUSDT,1675267200012,0,306.75160777,MARK_PRICE_PREVIOUS_FALLBACK,1675267200000,12
BNBUSDT,1675296000004,0.00003463,317.57,MARK_PRICE_PREVIOUS_FALLBACK,1675296000000,4
BNBUSDT,1675324800023,0.00054212,328.85273823,MARK_PRICE_PREVIOUS_FALLBACK,1675324800000,23
BNBUSDT,1675353600003,0.00017099,328.15155413,MARK_PRICE_PREVIOUS_FALLBACK,1675353600000,3
BNBUSDT,1675382400010,0.00014265,323.7,MARK_PRICE_PREVIOUS_FALLBACK,1675382400000,10
BNBUSDT,1675411200000,0.00007717,322.82088321,MARK_PRICE_EXACT_OPEN,1675411200000,0
BNBUSDT,1675440000000,0.00004762,331.63,MARK_PRICE_EXACT_OPEN,1675440000000,0
BNBUSDT,1675468800010,0,332.52,MARK_PRICE_PREVIOUS_FALLBACK,1675468800000,10
BNBUSDT,1675497600000,0.00006947,328.60953782,MARK_PRICE_EXACT_OPEN,1675497600000,0
BNBUSDT,1675526400000,0.00004705,331.28,MARK_PRICE_EXACT_OPEN,1675526400000,0
BNBUSDT,1675555200016,0,330.14851436,MARK_PRICE_PREVIOUS_FALLBACK,1675555200000,16
BNBUSDT,1675584000009,0,332.28,MARK_PRICE_PREVIOUS_FALLBACK,1675584000000,9
BNBUSDT,1675612800018,0,325.79,MARK_PRICE_PREVIOUS_FALLBACK,1675612800000,18
BNBUSDT,1675641600001,0,327.84990564,MARK_PRICE_PREVIOUS_FALLBACK,1675641600000,1
BNBUSDT,1675670400000,0,327.01718711,MARK_PRICE_EXACT_OPEN,1675670400000,0
BNBUSDT,1675699200012,0,330.33,MARK_PRICE_PREVIOUS_FALLBACK,1675699200000,12
BNBUSDT,1675728000004,0,323.53,MARK_PRICE_PREVIOUS_FALLBACK,1675728000000,4
BNBUSDT,1675756800011,0,329.35675644,MARK_PRICE_PREVIOUS_FALLBACK,1675756800000,11
BNBUSDT,1675785600018,0,327.93918168,MARK_PRICE_PREVIOUS_FALLBACK,1675785600000,18
BNBUSDT,1675814400009,0,333.33,MARK_PRICE_PREVIOUS_FALLBACK,1675814400000,9
BNBUSDT,1675843200010,0,331.84,MARK_PRICE_PREVIOUS_FALLBACK,1675843200000,10
BNBUSDT,1675872000000,0,327.38825642,MARK_PRICE_EXACT_OPEN,1675872000000,0
BNBUSDT,1675900800014,0,328.14754104,MARK_PRICE_PREVIOUS_FALLBACK,1675900800000,14
BNBUSDT,1675929600006,0,322.38736177,MARK_PRICE_PREVIOUS_FALLBACK,1675929600000,6
BNBUSDT,1675958400001,0,318.64055413,MARK_PRICE_PREVIOUS_FALLBACK,1675958400000,1
BNBUSDT,1675987200012,0,305.82767,MARK_PRICE_PREVIOUS_FALLBACK,1675987200000,12
BNBUSDT,1676016000005,0,307.71,MARK_PRICE_PREVIOUS_FALLBACK,1676016000000,5
BNBUSDT,1676044800020,-0.00007142,305.99,MARK_PRICE_PREVIOUS_FALLBACK,1676044800000,20
BNBUSDT,1676073600007,-0.00023045,305.57,MARK_PRICE_PREVIOUS_FALLBACK,1676073600000,7
BNBUSDT,1676102400002,-0.00025716,308.11,MARK_PRICE_PREVIOUS_FALLBACK,1676102400000,2
BNBUSDT,1676131200021,-0.00017915,308.83,MARK_PRICE_PREVIOUS_FALLBACK,1676131200000,21
BNBUSDT,1676160000004,-0.00010795,310.2002134,MARK_PRICE_PREVIOUS_FALLBACK,1676160000000,4
BNBUSDT,1676188800000,-0.00030295,306.75872571,MARK_PRICE_EXACT_OPEN,1676188800000,0
BNBUSDT,1676217600002,-0.0002616,313.02496633,MARK_PRICE_PREVIOUS_FALLBACK,1676217600000,2
BNBUSDT,1676246400006,-0.00009963,311.93982832,MARK_PRICE_PREVIOUS_FALLBACK,1676246400000,6
BNBUSDT,1676275200008,-0.00011284,305.2,MARK_PRICE_PREVIOUS_FALLBACK,1676275200000,8
BNBUSDT,1676304000002,-0.00029629,286.20363257,MARK_PRICE_PREVIOUS_FALLBACK,1676304000000,2
BNBUSDT,1676332800013,-0.0001924,293.63820344,MARK_PRICE_PREVIOUS_FALLBACK,1676332800000,13
BNBUSDT,1676361600014,-0.00001819,293.53508576,MARK_PRICE_PREVIOUS_FALLBACK,1676361600000,14
BNBUSDT,1676390400016,-0.00007739,297.28232561,MARK_PRICE_PREVIOUS_FALLBACK,1676390400000,16
BNBUSDT,1676419200011,-0.00021143,296.38,MARK_PRICE_PREVIOUS_FALLBACK,1676419200000,11
BNBUSDT,1676448000000,-0.00009915,296.8230032,MARK_PRICE_EXACT_OPEN,1676448000000,0
BNBUSDT,1676476800005,-0.00007066,303.2,MARK_PRICE_PREVIOUS_FALLBACK,1676476800000,5
BNBUSDT,1676505600019,0,317.23584839,MARK_PRICE_PREVIOUS_FALLBACK,1676505600000,19
BNBUSDT,1676534400000,0,320.11158857,MARK_PRICE_EXACT_OPEN,1676534400000,0
BNBUSDT,1676563200001,0.00005284,325.22221467,MARK_PRICE_PREVIOUS_FALLBACK,1676563200000,1
BNBUSDT,1676592000003,0,303.88498224,MARK_PRICE_PREVIOUS_FALLBACK,1676592000000,3
BNBUSDT,1676620800016,-0.00000897,308.46414615,MARK_PRICE_PREVIOUS_FALLBACK,1676620800000,16
BNBUSDT,1676649600000,0,309.93,MARK_PRICE_EXACT_OPEN,1676649600000,0
BNBUSDT,1676678400011,0,313.14,MARK_PRICE_PREVIOUS_FALLBACK,1676678400000,11
BNBUSDT,1676707200000,0,316.65877992,MARK_PRICE_EXACT_OPEN,1676707200000,0
BNBUSDT,1676736000007,0,316.41,MARK_PRICE_PREVIOUS_FALLBACK,1676736000000,7
BNBUSDT,1676764800019,0,316.24500564,MARK_PRICE_PREVIOUS_FALLBACK,1676764800000,19
BNBUSDT,1676793600005,0,314.19,MARK_PRICE_PREVIOUS_FALLBACK,1676793600000,5
BNBUSDT,1676822400003,0,317.00178207,MARK_PRICE_PREVIOUS_FALLBACK,1676822400000,3
BNBUSDT,1676851200006,0,311.56,MARK_PRICE_PREVIOUS_FALLBACK,1676851200000,6
BNBUSDT,1676880000008,0,316.75949973,MARK_PRICE_PREVIOUS_FALLBACK,1676880000000,8
BNBUSDT,1676908800006,0,317.18889614,MARK_PRICE_PREVIOUS_FALLBACK,1676908800000,6
BNBUSDT,1676937600001,0,315.44051005,MARK_PRICE_PREVIOUS_FALLBACK,1676937600000,1
BNBUSDT,1676966400004,-0.00003791,315.95790741,MARK_PRICE_PREVIOUS_FALLBACK,1676966400000,4
BNBUSDT,1676995200011,-0.00004808,312.87,MARK_PRICE_PREVIOUS_FALLBACK,1676995200000,11
BNBUSDT,1677024000009,0,311.26990531,MARK_PRICE_PREVIOUS_FALLBACK,1677024000000,9
BNBUSDT,1677052800010,-0.00000336,307.35,MARK_PRICE_PREVIOUS_FALLBACK,1677052800000,10
BNBUSDT,1677081600000,-0.00012206,304.30403574,MARK_PRICE_EXACT_OPEN,1677081600000,0
BNBUSDT,1677110400006,0,312.6,MARK_PRICE_PREVIOUS_FALLBACK,1677110400000,6
BNBUSDT,1677139200005,0,312.71002977,MARK_PRICE_PREVIOUS_FALLBACK,1677139200000,5
BNBUSDT,1677168000002,0,309.02774177,MARK_PRICE_PREVIOUS_FALLBACK,1677168000000,2
BNBUSDT,1677196800015,-0.00007966,308.23,MARK_PRICE_PREVIOUS_FALLBACK,1677196740000,60015
BNBUSDT,1677225600011,0,,MARK_PRICE_TOO_STALE,1677196740000,28860011
BNBUSDT,1677254400014,0,,MARK_PRICE_TOO_STALE,1677196740000,57660014
BNBUSDT,1677283200015,-0.00004132,302.1161066,MARK_PRICE_PREVIOUS_FALLBACK,1677283200000,15
BNBUSDT,1677312000015,-0.00008665,301.52407442,MARK_PRICE_PREVIOUS_FALLBACK,1677312000000,15
BNBUSDT,1677340800015,-0.00007937,301.44,MARK_PRICE_PREVIOUS_FALLBACK,1677340800000,15
BNBUSDT,1677369600007,-0.00014702,302.09708362,MARK_PRICE_PREVIOUS_FALLBACK,1677369600000,7
BNBUSDT,1677398400012,-0.00014221,302.7807986,MARK_PRICE_PREVIOUS_FALLBACK,1677398400000,12
BNBUSDT,1677427200000,-0.00012253,304.21895835,MARK_PRICE_EXACT_OPEN,1677427200000,0
BNBUSDT,1677456000011,0,308.41025937,MARK_PRICE_PREVIOUS_FALLBACK,1677456000000,11
BNBUSDT,1677484800003,-0.00002797,305.14664627,MARK_PRICE_PREVIOUS_FALLBACK,1677484800000,3
BNBUSDT,1677513600000,0,304.89,MARK_PRICE_EXACT_OPEN,1677513600000,0
BNBUSDT,1677542400011,-0.00011827,304.54,MARK_PRICE_PREVIOUS_FALLBACK,1677542400000,11
BNBUSDT,1677571200018,-0.00009561,301.29,MARK_PRICE_PREVIOUS_FALLBACK,1677571200000,18
BNBUSDT,1677600000005,0,304.58,MARK_PRICE_PREVIOUS_FALLBACK,1677600000000,5
BNBUSDT,1677628800016,-0.00025319,301.33792027,MARK_PRICE_PREVIOUS_FALLBACK,1677628800000,16
BNBUSDT,1677657600000,0,303.58,MARK_PRICE_EXACT_OPEN,1677657600000,0
BNBUSDT,1677686400008,0,303.08414054,MARK_PRICE_PREVIOUS_FALLBACK,1677686400000,8
BNBUSDT,1677715200009,0,302.44261964,MARK_PRICE_PREVIOUS_FALLBACK,1677715200000,9
BNBUSDT,1677744000013,-0.00023545,298.7,MARK_PRICE_PREVIOUS_FALLBACK,1677744000000,13
BNBUSDT,1677772800000,-0.00028051,297.62,MARK_PRICE_EXACT_OPEN,1677772800000,0
BNBUSDT,1677801600000,-0.00002961,299.79,MARK_PRICE_EXACT_OPEN,1677801600000,0
BNBUSDT,1677830400013,-0.00008625,290.74279181,MARK_PRICE_PREVIOUS_FALLBACK,1677830400000,13
BNBUSDT,1677859200000,-0.00002007,288.78704295,MARK_PRICE_EXACT_OPEN,1677859200000,0
BNBUSDT,1677888000001,-0.00003295,290.16,MARK_PRICE_PREVIOUS_FALLBACK,1677888000000,1
BNBUSDT,1677916800008,-0.00009138,289.81198848,MARK_PRICE_PREVIOUS_FALLBACK,1677916800000,8
BNBUSDT,1677945600012,-0.00019281,290.01,MARK_PRICE_PREVIOUS_FALLBACK,1677945600000,12
BNBUSDT,1677974400000,-0.00009205,289.48517051,MARK_PRICE_EXACT_OPEN,1677974400000,0
BNBUSDT,1678003200000,0,290.31647274,MARK_PRICE_EXACT_OPEN,1678003200000,0
BNBUSDT,1678032000015,0,290.81658066,MARK_PRICE_PREVIOUS_FALLBACK,1678032000000,15
BNBUSDT,1678060800007,-0.00003967,288.33,MARK_PRICE_PREVIOUS_FALLBACK,1678060800000,7
BNBUSDT,1678089600017,0,284.87795646,MARK_PRICE_PREVIOUS_FALLBACK,1678089600000,17
BNBUSDT,1678118400000,-0.00012179,287.84021158,MARK_PRICE_EXACT_OPEN,1678118400000,0
BNBUSDT,1678147200009,-0.0002088,287.68,MARK_PRICE_PREVIOUS_FALLBACK,1678147200000,9
BNBUSDT,1678176000016,-0.00001876,287.03,MARK_PRICE_PREVIOUS_FALLBACK,1678176000000,16
BNBUSDT,1678204800017,-0.00021496,287.25818512,MARK_PRICE_PREVIOUS_FALLBACK,1678204800000,17
BNBUSDT,1678233600000,0,289.14,MARK_PRICE_EXACT_OPEN,1678233600000,0
BNBUSDT,1678262400014,0,285.67,MARK_PRICE_PREVIOUS_FALLBACK,1678262400000,14
BNBUSDT,1678291200021,0,293.05,MARK_PRICE_PREVIOUS_FALLBACK,1678291200000,21
BNBUSDT,1678320000010,0,286.45601355,MARK_PRICE_PREVIOUS_FALLBACK,1678320000000,10
BNBUSDT,1678348800013,0,289.16436333,MARK_PRICE_PREVIOUS_FALLBACK,1678348800000,13
BNBUSDT,1678377600002,0,289.39,MARK_PRICE_PREVIOUS_FALLBACK,1678377600000,2
BNBUSDT,1678406400000,-0.00027317,276.91893372,MARK_PRICE_EXACT_OPEN,1678406400000,0
BNBUSDT,1678435200000,-0.00025155,273.08,MARK_PRICE_EXACT_OPEN,1678435200000,0
BNBUSDT,1678464000005,-0.00018076,274.28443944,MARK_PRICE_PREVIOUS_FALLBACK,1678464000000,5
BNBUSDT,1678492800011,-0.0001812,277.03,MARK_PRICE_PREVIOUS_FALLBACK,1678492800000,11
BNBUSDT,1678521600003,-0.0006044,272.45,MARK_PRICE_PREVIOUS_FALLBACK,1678521600000,3
BNBUSDT,1678550400011,-0.0003423,271.96,MARK_PRICE_PREVIOUS_FALLBACK,1678550400000,11
BNBUSDT,1678579200001,0,275.78539487,MARK_PRICE_PREVIOUS_FALLBACK,1678579200000,1
BNBUSDT,1678608000000,0,275.68080485,MARK_PRICE_EXACT_OPEN,1678608000000,0
BNBUSDT,1678636800005,-0.00008385,273.45,MARK_PRICE_PREVIOUS_FALLBACK,1678636800000,5
BNBUSDT,1678665600010,0,288.20812827,MARK_PRICE_PREVIOUS_FALLBACK,1678665600000,10
BNBUSDT,1678694400018,0,305.02420253,MARK_PRICE_PREVIOUS_FALLBACK,1678694400000,18
BNBUSDT,1678723200003,0,309.35905299,MARK_PRICE_PREVIOUS_FALLBACK,1678723200000,3
BNBUSDT,1678752000010,0,308.1528555,MARK_PRICE_PREVIOUS_FALLBACK,1678752000000,10
BNBUSDT,1678780800009,0,304.3499042,MARK_PRICE_PREVIOUS_FALLBACK,1678780800000,9
BNBUSDT,1678809600010,0.00007236,317.39,MARK_PRICE_PREVIOUS_FALLBACK,1678809600000,10
BNBUSDT,1678838400011,0.00012216,308.99384929,MARK_PRICE_PREVIOUS_FALLBACK,1678838400000,11
BNBUSDT,1678867200000,0.00010347,312.72,MARK_PRICE_EXACT_OPEN,1678867200000,0
BNBUSDT,1678896000012,0,305.14557976,MARK_PRICE_PREVIOUS_FALLBACK,1678896000000,12
BNBUSDT,1678924800004,0,306.29,MARK_PRICE_PREVIOUS_FALLBACK,1678924800000,4
BNBUSDT,1678953600018,0.00009329,321.82077991,MARK_PRICE_PREVIOUS_FALLBACK,1678953600000,18
BNBUSDT,1678982400005,0,326.79,MARK_PRICE_PREVIOUS_FALLBACK,1678982400000,5
BNBUSDT,1679011200017,-0.00117649,328.73330573,MARK_PRICE_PREVIOUS_FALLBACK,1679011200000,17
BNBUSDT,1679040000010,-0.00059238,329.88298942,MARK_PRICE_PREVIOUS_FALLBACK,1679040000000,10
BNBUSDT,1679068800003,-0.00094597,330.11,MARK_PRICE_PREVIOUS_FALLBACK,1679068800000,3
BNBUSDT,1679097600012,-0.00129796,338.14842835,MARK_PRICE_PREVIOUS_FALLBACK,1679097600000,12
BNBUSDT,1679126400000,-0.00099191,343.99,MARK_PRICE_EXACT_OPEN,1679126400000,0
BNBUSDT,1679155200016,-0.00071668,332.33,MARK_PRICE_PREVIOUS_FALLBACK,1679155200000,16
BNBUSDT,1679184000013,-0.00200114,330.06,MARK_PRICE_PREVIOUS_FALLBACK,1679184000000,13
BNBUSDT,1679212800024,-0.00122518,334.89470099,MARK_PRICE_PREVIOUS_FALLBACK,1679212800000,24
BNBUSDT,1679241600000,-0.00132398,339,MARK_PRICE_EXACT_OPEN,1679241600000,0
BNBUSDT,1679270400005,-0.00208684,334.94545942,MARK_PRICE_PREVIOUS_FALLBACK,1679270400000,5
BNBUSDT,1679299200012,-0.00172668,334.31,MARK_PRICE_PREVIOUS_FALLBACK,1679299200000,12
BNBUSDT,1679328000015,-0.00096625,337.25083027,MARK_PRICE_PREVIOUS_FALLBACK,1679328000000,15
BNBUSDT,1679356800006,-0.00074486,331.7745564,MARK_PRICE_PREVIOUS_FALLBACK,1679356800000,6
BNBUSDT,1679385600004,-0.00138266,327.473685,MARK_PRICE_PREVIOUS_FALLBACK,1679385600000,4
BNBUSDT,1679414400003,-0.00128311,336.73729328,MARK_PRICE_PREVIOUS_FALLBACK,1679414400000,3
BNBUSDT,1679443200000,-0.00197057,334.44382615,MARK_PRICE_EXACT_OPEN,1679443200000,0
BNBUSDT,1679472000003,-0.00162299,335.47734748,MARK_PRICE_PREVIOUS_FALLBACK,1679472000000,3
BNBUSDT,1679500800000,-0.00005565,327.65833632,MARK_PRICE_EXACT_OPEN,1679500800000,0
BNBUSDT,1679529600016,-0.00013572,320.95779287,MARK_PRICE_PREVIOUS_FALLBACK,1679529600000,16
BNBUSDT,1679558400001,0,324.14396846,MARK_PRICE_PREVIOUS_FALLBACK,1679558400000,1
BNBUSDT,1679587200013,-0.00007012,330.54587889,MARK_PRICE_PREVIOUS_FALLBACK,1679587200000,13
BNBUSDT,1679616000013,-0.00048065,329.26268407,MARK_PRICE_PREVIOUS_FALLBACK,1679616000000,13
BNBUSDT,1679644800012,-0.00022313,324.52159944,MARK_PRICE_PREVIOUS_FALLBACK,1679644800000,12
BNBUSDT,1679673600027,0,320.74,MARK_PRICE_PREVIOUS_FALLBACK,1679673600000,27
BNBUSDT,1679702400015,-0.00010615,321.99145694,MARK_PRICE_PREVIOUS_FALLBACK,1679702400000,15
BNBUSDT,1679731200011,-0.0001152,323.38,MARK_PRICE_PREVIOUS_FALLBACK,1679731200000,11
BNBUSDT,1679760000011,-0.00002817,323.85,MARK_PRICE_PREVIOUS_FALLBACK,1679760000000,11
BNBUSDT,1679788800000,-0.0001002,322.17971528,MARK_PRICE_EXACT_OPEN,1679788800000,0
BNBUSDT,1679817600015,0,323.81927546,MARK_PRICE_PREVIOUS_FALLBACK,1679817600000,15
BNBUSDT,1679846400000,0,326.78314697,MARK_PRICE_EXACT_OPEN,1679846400000,0
BNBUSDT,1679875200019,-0.00007754,328.26,MARK_PRICE_PREVIOUS_FALLBACK,1679875200000,19
BNBUSDT,1679904000009,-0.00022919,325.77524786,MARK_PRICE_PREVIOUS_FALLBACK,1679904000000,9
BNBUSDT,1679932800000,-0.00051772,313.88135428,MARK_PRICE_EXACT_OPEN,1679932800000,0
BNBUSDT,1679961600007,-0.00070515,310.21,MARK_PRICE_PREVIOUS_FALLBACK,1679961600000,7
BNBUSDT,1679990400000,-0.00010119,308.89,MARK_PRICE_EXACT_OPEN,1679990400000,0
BNBUSDT,1680019200013,0,310.98429384,MARK_PRICE_PREVIOUS_FALLBACK,1680019200000,13
BNBUSDT,1680048000010,-0.00006976,313.13359798,MARK_PRICE_PREVIOUS_FALLBACK,1680048000000,10
BNBUSDT,1680076800006,0,316.53,MARK_PRICE_PREVIOUS_FALLBACK,1680076800000,6
BNBUSDT,1680105600014,-0.00002235,316.30889671,MARK_PRICE_PREVIOUS_FALLBACK,1680105600000,14
BNBUSDT,1680134400000,0,313.64542116,MARK_PRICE_EXACT_OPEN,1680134400000,0
BNBUSDT,1680163200000,-0.00004867,315.38932821,MARK_PRICE_EXACT_OPEN,1680163200000,0
BNBUSDT,1680192000006,-0.00012381,315.41851436,MARK_PRICE_PREVIOUS_FALLBACK,1680192000000,6
BNBUSDT,1680220800003,-0.00035389,316.31,MARK_PRICE_PREVIOUS_FALLBACK,1680220800000,3
BNBUSDT,1680249600006,-0.00038577,313.83674402,MARK_PRICE_PREVIOUS_FALLBACK,1680249600000,6
BNBUSDT,1680278400011,-0.00014589,316.18,MARK_PRICE_PREVIOUS_FALLBACK,1680278400000,11
BNBUSDT,1680307200000,-0.00079807,316.74,MARK_PRICE_EXACT_OPEN,1680307200000,0
BNBUSDT,1680336000000,-0.00018883,314.15,MARK_PRICE_EXACT_OPEN,1680336000000,0
BNBUSDT,1680364800018,-0.00004123,313.44225695,MARK_PRICE_PREVIOUS_FALLBACK,1680364800000,18
BNBUSDT,1680393600013,-0.00029164,314.59174294,MARK_PRICE_PREVIOUS_FALLBACK,1680393600000,13
BNBUSDT,1680422400014,-0.00021911,315.22,MARK_PRICE_PREVIOUS_FALLBACK,1680422400000,14
BNBUSDT,1680451200001,-0.00014268,312.7216939,MARK_PRICE_PREVIOUS_FALLBACK,1680451200000,1
BNBUSDT,1680480000000,-0.0004329,313.57,MARK_PRICE_EXACT_OPEN,1680480000000,0
BNBUSDT,1680508800013,-0.00002311,311.02,MARK_PRICE_PREVIOUS_FALLBACK,1680508800000,13
BNBUSDT,1680537600011,-0.00020305,310.3991572,MARK_PRICE_PREVIOUS_FALLBACK,1680537600000,11
BNBUSDT,1680566400002,-0.00067885,308.58624422,MARK_PRICE_PREVIOUS_FALLBACK,1680566400000,2
BNBUSDT,1680595200017,-0.00007503,309.68,MARK_PRICE_PREVIOUS_FALLBACK,1680595200000,17
BNBUSDT,1680624000008,0,310.95855341,MARK_PRICE_PREVIOUS_FALLBACK,1680624000000,8
BNBUSDT,1680652800000,0,310.73,MARK_PRICE_EXACT_OPEN,1680652800000,0
BNBUSDT,1680681600016,0,314.65,MARK_PRICE_PREVIOUS_FALLBACK,1680681600000,16
BNBUSDT,1680710400004,0,311.919025,MARK_PRICE_PREVIOUS_FALLBACK,1680710400000,4
BNBUSDT,1680739200000,0,313.90742697,MARK_PRICE_EXACT_OPEN,1680739200000,0
BNBUSDT,1680768000011,0,311.46920079,MARK_PRICE_PREVIOUS_FALLBACK,1680768000000,11
BNBUSDT,1680796800000,0,312.94060532,MARK_PRICE_EXACT_OPEN,1680796800000,0
BNBUSDT,1680825600006,-0.0001102,312.07,MARK_PRICE_PREVIOUS_FALLBACK,1680825600000,6
BNBUSDT,1680854400005,-0.00034537,309.69,MARK_PRICE_PREVIOUS_FALLBACK,1680854400000,5
BNBUSDT,1680883200000,-0.00005462,310.93029664,MARK_PRICE_EXACT_OPEN,1680883200000,0
BNBUSDT,1680912000000,-0.00005522,310.27,MARK_PRICE_EXACT_OPEN,1680912000000,0
BNBUSDT,1680940800014,0,311.8,MARK_PRICE_PREVIOUS_FALLBACK,1680940800000,14
BNBUSDT,1680969600018,0,312.17,MARK_PRICE_PREVIOUS_FALLBACK,1680969600000,18
BNBUSDT,1680998400013,0,310.39,MARK_PRICE_PREVIOUS_FALLBACK,1680998400000,13
BNBUSDT,1681027200024,0,309.88,MARK_PRICE_PREVIOUS_FALLBACK,1681027200000,24
BNBUSDT,1681056000010,0,310.4,MARK_PRICE_PREVIOUS_FALLBACK,1681056000000,10
BNBUSDT,1681084800000,0,312.70979012,MARK_PRICE_EXACT_OPEN,1681084800000,0
BNBUSDT,1681113600010,0,312.95,MARK_PRICE_PREVIOUS_FALLBACK,1681113600000,10
BNBUSDT,1681142400006,0,312.01510574,MARK_PRICE_PREVIOUS_FALLBACK,1681142400000,6
BNBUSDT,1681171200008,-0.00012022,318.6623496,MARK_PRICE_PREVIOUS_FALLBACK,1681171200000,8
BNBUSDT,1681200000007,0.00007404,331.12692766,MARK_PRICE_PREVIOUS_FALLBACK,1681200000000,7
BNBUSDT,1681228800016,0.0000276,329.14,MARK_PRICE_PREVIOUS_FALLBACK,1681228800000,16
BNBUSDT,1681257600006,0,322.45,MARK_PRICE_PREVIOUS_FALLBACK,1681257600000,6
BNBUSDT,1681286400008,0,319.1494535,MARK_PRICE_PREVIOUS_FALLBACK,1681286400000,8
BNBUSDT,1681315200014,0,319.6617528,MARK_PRICE_PREVIOUS_FALLBACK,1681315200000,14
BNBUSDT,1681344000027,0,320.1063741,MARK_PRICE_PREVIOUS_FALLBACK,1681344000000,27
BNBUSDT,1681372800010,0,319.42754181,MARK_PRICE_PREVIOUS_FALLBACK,1681372800000,10
BNBUSDT,1681401600000,0.00001014,323.64604006,MARK_PRICE_EXACT_OPEN,1681401600000,0
BNBUSDT,1681430400001,0.00001185,324.83949669,MARK_PRICE_PREVIOUS_FALLBACK,1681430400000,1
BNBUSDT,1681459200008,0.0002423,334.1311713,MARK_PRICE_PREVIOUS_FALLBACK,1681459200000,8
BNBUSDT,1681488000007,0.00005877,325.73,MARK_PRICE_PREVIOUS_FALLBACK,1681488000000,7
BNBUSDT,1681516800007,0,328.69440441,MARK_PRICE_PREVIOUS_FALLBACK,1681516800000,7
BNBUSDT,1681545600007,0.0000035,330.91619453,MARK_PRICE_PREVIOUS_FALLBACK,1681545600000,7
BNBUSDT,1681574400011,0.00030622,334.21307768,MARK_PRICE_PREVIOUS_FALLBACK,1681574400000,11
BNBUSDT,1681603200014,0.00006872,333.14,MARK_PRICE_PREVIOUS_FALLBACK,1681603200000,14
BNBUSDT,1681632000007,0.00009232,334.01497308,MARK_PRICE_PREVIOUS_FALLBACK,1681632000000,7
BNBUSDT,1681660800002,0.00045468,346.30740976,MARK_PRICE_PREVIOUS_FALLBACK,1681660800000,2
BNBUSDT,1681689600017,0.0002929,347.88,MARK_PRICE_PREVIOUS_FALLBACK,1681689600000,17
BNBUSDT,1681718400006,0.000243,344.9703668,MARK_PRICE_PREVIOUS_FALLBACK,1681718400000,6
BNBUSDT,1681747200000,0.00023012,339.06,MARK_PRICE_EXACT_OPEN,1681747200000,0
BNBUSDT,1681776000013,0.00023453,340.04,MARK_PRICE_PREVIOUS_FALLBACK,1681776000000,13
BNBUSDT,1681804800017,0.00007434,344.84781885,MARK_PRICE_PREVIOUS_FALLBACK,1681804800000,17
BNBUSDT,1681833600000,0,342.75503809,MARK_PRICE_EXACT_OPEN,1681833600000,0
BNBUSDT,1681862400022,0,343.15,MARK_PRICE_PREVIOUS_FALLBACK,1681862400000,22
BNBUSDT,1681891200014,0,336.70942714,MARK_PRICE_PREVIOUS_FALLBACK,1681891200000,14
BNBUSDT,1681920000000,0,326.61678473,MARK_PRICE_EXACT_OPEN,1681920000000,0
BNBUSDT,1681948800010,0,322.33152727,MARK_PRICE_PREVIOUS_FALLBACK,1681948800000,10
BNBUSDT,1681977600012,0,324.73,MARK_PRICE_PREVIOUS_FALLBACK,1681977600000,12
BNBUSDT,1682006400012,0,322.67590215,MARK_PRICE_PREVIOUS_FALLBACK,1682006400000,12
BNBUSDT,1682035200009,0,317.75,MARK_PRICE_PREVIOUS_FALLBACK,1682035200000,9
BNBUSDT,1682064000009,0,330.12,MARK_PRICE_PREVIOUS_FALLBACK,1682064000000,9
BNBUSDT,1682092800003,-0.00010197,327.66174751,MARK_PRICE_PREVIOUS_FALLBACK,1682092800000,3
BNBUSDT,1682121600000,-0.0001808,321.11317995,MARK_PRICE_EXACT_OPEN,1682121600000,0
BNBUSDT,1682150400000,-0.00039367,321.99929391,MARK_PRICE_EXACT_OPEN,1682150400000,0
BNBUSDT,1682179200016,-0.00008421,327.78600632,MARK_PRICE_PREVIOUS_FALLBACK,1682179200000,16
BNBUSDT,1682208000009,-0.00047608,331.86954379,MARK_PRICE_PREVIOUS_FALLBACK,1682208000000,9
BNBUSDT,1682236800020,-0.00050601,330.19499005,MARK_PRICE_PREVIOUS_FALLBACK,1682236800000,20
BNBUSDT,1682265600007,-0.00073647,328.42,MARK_PRICE_PREVIOUS_FALLBACK,1682265600000,7
BNBUSDT,1682294400000,-0.00032731,330.38555389,MARK_PRICE_EXACT_OPEN,1682294400000,0
BNBUSDT,1682323200008,-0.00079834,329.16527874,MARK_PRICE_PREVIOUS_FALLBACK,1682323200000,8
BNBUSDT,1682352000006,-0.00089166,329.53,MARK_PRICE_PREVIOUS_FALLBACK,1682352000000,6
BNBUSDT,1682380800014,-0.00079578,330.63912078,MARK_PRICE_PREVIOUS_FALLBACK,1682380800000,14
BNBUSDT,1682409600009,-0.00102839,328.69751464,MARK_PRICE_PREVIOUS_FALLBACK,1682409600000,9
BNBUSDT,1682438400015,-0.00083442,331.95321772,MARK_PRICE_PREVIOUS_FALLBACK,1682438400000,15
BNBUSDT,1682467200015,-0.00065033,337.95597584,MARK_PRICE_PREVIOUS_FALLBACK,1682467200000,15
BNBUSDT,1682496000013,-0.0005485,336.41709319,MARK_PRICE_PREVIOUS_FALLBACK,1682496000000,13
BNBUSDT,1682524800001,-0.0005203,341.89038748,MARK_PRICE_PREVIOUS_FALLBACK,1682524800000,1
BNBUSDT,1682553600014,-0.00116648,329.94729669,MARK_PRICE_PREVIOUS_FALLBACK,1682553600000,14
BNBUSDT,1682582400008,-0.00064239,330.60436868,MARK_PRICE_PREVIOUS_FALLBACK,1682582400000,8
BNBUSDT,1682611200005,-0.00070822,331.56651406,MARK_PRICE_PREVIOUS_FALLBACK,1682611200000,5
BNBUSDT,1682640000011,-0.00101999,330.28477712,MARK_PRICE_PREVIOUS_FALLBACK,1682640000000,11
BNBUSDT,1682668800007,-0.00194664,324.95782155,MARK_PRICE_PREVIOUS_FALLBACK,1682668800000,7
BNBUSDT,1682697600006,0,321.30761058,MARK_PRICE_PREVIOUS_FALLBACK,1682697600000,6
BNBUSDT,1682726400004,-0.00011978,323.83,MARK_PRICE_PREVIOUS_FALLBACK,1682726400000,4
BNBUSDT,1682755200016,0,323.31,MARK_PRICE_PREVIOUS_FALLBACK,1682755200000,16
BNBUSDT,1682784000001,-0.00018576,322.54150894,MARK_PRICE_PREVIOUS_FALLBACK,1682784000000,1
BNBUSDT,1682812800008,-0.00012369,321.6805582,MARK_PRICE_PREVIOUS_FALLBACK,1682812800000,8
BNBUSDT,1682841600000,0,321.45275092,MARK_PRICE_EXACT_OPEN,1682841600000,0
BNBUSDT,1682870400010,0,325.86828179,MARK_PRICE_PREVIOUS_FALLBACK,1682870400000,10
BNBUSDT,1682899200004,-0.00105825,337,MARK_PRICE_PREVIOUS_FALLBACK,1682899200000,4
BNBUSDT,1682928000008,-0.00094339,333.48081223,MARK_PRICE_PREVIOUS_FALLBACK,1682928000000,8
BNBUSDT,1682956800014,-0.00120421,329.79792861,MARK_PRICE_PREVIOUS_FALLBACK,1682956800000,14
BNBUSDT,1682985600015,-0.00149947,327.35,MARK_PRICE_PREVIOUS_FALLBACK,1682985600000,15
BNBUSDT,1683014400018,-0.00126006,323.43418269,MARK_PRICE_PREVIOUS_FALLBACK,1683014400000,18
BNBUSDT,1683043200000,-0.00119084,324.6,MARK_PRICE_EXACT_OPEN,1683043200000,0
BNBUSDT,1683072000009,-0.00146523,321.41,MARK_PRICE_PREVIOUS_FALLBACK,1683072000000,9
BNBUSDT,1683100800003,0,323.26,MARK_PRICE_PREVIOUS_FALLBACK,1683100800000,3
BNBUSDT,1683129600011,0,322.64,MARK_PRICE_PREVIOUS_FALLBACK,1683129600000,11
BNBUSDT,1683158400000,0,325.71,MARK_PRICE_EXACT_OPEN,1683158400000,0
BNBUSDT,1683187200000,0,325.24365426,MARK_PRICE_EXACT_OPEN,1683187200000,0
BNBUSDT,1683216000011,-0.00002435,324.39112376,MARK_PRICE_PREVIOUS_FALLBACK,1683216000000,11
BNBUSDT,1683244800002,0,323.69923093,MARK_PRICE_PREVIOUS_FALLBACK,1683244800000,2
BNBUSDT,1683273600000,-0.00004602,324.22,MARK_PRICE_EXACT_OPEN,1683273600000,0
BNBUSDT,1683302400000,0,326.77,MARK_PRICE_EXACT_OPEN,1683302400000,0
BNBUSDT,1683331200009,-0.00008753,326.37,MARK_PRICE_PREVIOUS_FALLBACK,1683331200000,9
BNBUSDT,1683360000000,-0.00006943,324.81074737,MARK_PRICE_EXACT_OPEN,1683360000000,0
BNBUSDT,1683388800000,-0.00027804,320.02517097,MARK_PRICE_EXACT_OPEN,1683388800000,0
BNBUSDT,1683417600000,-0.00007751,321.75,MARK_PRICE_EXACT_OPEN,1683417600000,0
BNBUSDT,1683446400000,-0.00004936,323.72064941,MARK_PRICE_EXACT_OPEN,1683446400000,0
BNBUSDT,1683475200006,-0.00010733,324.44,MARK_PRICE_PREVIOUS_FALLBACK,1683475200000,6
BNBUSDT,1683504000000,-0.00010221,320.86717387,MARK_PRICE_EXACT_OPEN,1683504000000,0
BNBUSDT,1683532800007,-0.00035917,316.42,MARK_PRICE_PREVIOUS_FALLBACK,1683532800000,7
BNBUSDT,1683561600015,-0.00025582,317.47342632,MARK_PRICE_PREVIOUS_FALLBACK,1683561600000,15
BNBUSDT,1683590400015,-0.00022409,313.28,MARK_PRICE_PREVIOUS_FALLBACK,1683590400000,15
BNBUSDT,1683619200000,-0.00036709,315.20241572,MARK_PRICE_EXACT_OPEN,1683619200000,0
BNBUSDT,1683648000000,-0.00032443,312.04,MARK_PRICE_EXACT_OPEN,1683648000000,0
BNBUSDT,1683676800007,-0.00008759,311.96,MARK_PRICE_PREVIOUS_FALLBACK,1683676800000,7
BNBUSDT,1683705600003,-0.00004315,311.54,MARK_PRICE_PREVIOUS_FALLBACK,1683705600000,3
BNBUSDT,1683734400000,-0.00058032,314.66,MARK_PRICE_EXACT_OPEN,1683734400000,0
BNBUSDT,1683763200011,-0.00003111,314.16,MARK_PRICE_PREVIOUS_FALLBACK,1683763200000,11
BNBUSDT,1683792000000,0,310.918821,MARK_PRICE_EXACT_OPEN,1683792000000,0
BNBUSDT,1683820800005,-0.00028224,309.26833253,MARK_PRICE_PREVIOUS_FALLBACK,1683820800000,5
BNBUSDT,1683849600020,-0.00036925,307.42,MARK_PRICE_PREVIOUS_FALLBACK,1683849600000,20
BNBUSDT,1683878400001,0,303.8,MARK_PRICE_PREVIOUS_FALLBACK,1683878400000,1
BNBUSDT,1683907200010,-0.00008151,304.965362,MARK_PRICE_PREVIOUS_FALLBACK,1683907200000,10
BNBUSDT,1683936000000,-0.00007953,308.31,MARK_PRICE_EXACT_OPEN,1683936000000,0
BNBUSDT,1683964800000,0,310.0084216,MARK_PRICE_EXACT_OPEN,1683964800000,0
BNBUSDT,1683993600026,-0.00002203,309.41573277,MARK_PRICE_PREVIOUS_FALLBACK,1683993600000,26
BNBUSDT,1684022400029,0,310.78314109,MARK_PRICE_PREVIOUS_FALLBACK,1684022400000,29
BNBUSDT,1684051200010,0,312.94380159,MARK_PRICE_PREVIOUS_FALLBACK,1684051200000,10
BNBUSDT,1684080000008,0,314,MARK_PRICE_PREVIOUS_FALLBACK,1684080000000,8
BNBUSDT,1684108800006,-0.00018597,311.74119485,MARK_PRICE_PREVIOUS_FALLBACK,1684108800000,6
BNBUSDT,1684137600005,0,315.52700598,MARK_PRICE_PREVIOUS_FALLBACK,1684137600000,5
BNBUSDT,1684166400008,0,315.01,MARK_PRICE_PREVIOUS_FALLBACK,1684166400000,8
BNBUSDT,1684195200021,-0.00004595,313.39901256,MARK_PRICE_PREVIOUS_FALLBACK,1684195200000,21
BNBUSDT,1684224000000,-0.00001285,312.9,MARK_PRICE_EXACT_OPEN,1684224000000,0
BNBUSDT,1684252800000,-0.00006776,310.67,MARK_PRICE_EXACT_OPEN,1684252800000,0
BNBUSDT,1684281600010,-0.00004674,311.32,MARK_PRICE_PREVIOUS_FALLBACK,1684281600000,10
BNBUSDT,1684310400000,0,309.52356797,MARK_PRICE_EXACT_OPEN,1684310400000,0
BNBUSDT,1684339200001,-0.00001822,308.77886811,MARK_PRICE_PREVIOUS_FALLBACK,1684339200000,1
BNBUSDT,1684368000000,0,314.29,MARK_PRICE_EXACT_OPEN,1684368000000,0
BNBUSDT,1684396800026,0,313.42404458,MARK_PRICE_PREVIOUS_FALLBACK,1684396800000,26
BNBUSDT,1684425600019,0,311.17107898,MARK_PRICE_PREVIOUS_FALLBACK,1684425600000,19
BNBUSDT,1684454400000,0,309.14227274,MARK_PRICE_EXACT_OPEN,1684454400000,0
BNBUSDT,1684483200002,0,309.83392804,MARK_PRICE_PREVIOUS_FALLBACK,1684483200000,2
BNBUSDT,1684512000000,0,309.63188206,MARK_PRICE_EXACT_OPEN,1684512000000,0
BNBUSDT,1684540800005,-0.00000592,308.73024008,MARK_PRICE_PREVIOUS_FALLBACK,1684540800000,5
BNBUSDT,1684569600014,0,308.11,MARK_PRICE_PREVIOUS_FALLBACK,1684569600000,14
BNBUSDT,1684598400020,0,309.99651122,MARK_PRICE_PREVIOUS_FALLBACK,1684598400000,20
BNBUSDT,1684627200014,0,310.71540477,MARK_PRICE_PREVIOUS_FALLBACK,1684627200000,14
BNBUSDT,1684656000001,0,311.52,MARK_PRICE_PREVIOUS_FALLBACK,1684656000000,1
BNBUSDT,1684684800015,0,309.37095729,MARK_PRICE_PREVIOUS_FALLBACK,1684684800000,15
BNBUSDT,1684713600028,0,306.22437125,MARK_PRICE_PREVIOUS_FALLBACK,1684713600000,28
BNBUSDT,1684742400000,0,307.39,MARK_PRICE_EXACT_OPEN,1684742400000,0
BNBUSDT,1684771200012,0,309.67775884,MARK_PRICE_PREVIOUS_FALLBACK,1684771200000,12
BNBUSDT,1684800000006,0,309.27504582,MARK_PRICE_PREVIOUS_FALLBACK,1684800000000,6
BNBUSDT,1684828800014,0,313.62,MARK_PRICE_PREVIOUS_FALLBACK,1684828800000,14
BNBUSDT,1684857600008,0.00000433,314.64770268,MARK_PRICE_PREVIOUS_FALLBACK,1684857600000,8
BNBUSDT,1684886400000,0,313.5,MARK_PRICE_EXACT_OPEN,1684886400000,0
BNBUSDT,1684915200025,0,307.89,MARK_PRICE_PREVIOUS_FALLBACK,1684915200000,25
BNBUSDT,1684944000008,0,306.03719594,MARK_PRICE_PREVIOUS_FALLBACK,1684944000000,8
BNBUSDT,1684972800000,0,305.9,MARK_PRICE_EXACT_OPEN,1684972800000,0
BNBUSDT,1685001600025,0,304.55495903,MARK_PRICE_PREVIOUS_FALLBACK,1685001600000,25
BNBUSDT,1685030400016,0,303.89753127,MARK_PRICE_PREVIOUS_FALLBACK,1685030400000,16
BNBUSDT,1685059200000,0,304.69870611,MARK_PRICE_EXACT_OPEN,1685059200000,0
BNBUSDT,1685088000024,0,305.61,MARK_PRICE_PREVIOUS_FALLBACK,1685088000000,24
BNBUSDT,1685116800012,0,307.40717521,MARK_PRICE_PREVIOUS_FALLBACK,1685116800000,12
BNBUSDT,1685145600012,0,306.78734631,MARK_PRICE_PREVIOUS_FALLBACK,1685145600000,12
BNBUSDT,1685174400018,0,306.30413295,MARK_PRICE_PREVIOUS_FALLBACK,1685174400000,18
BNBUSDT,1685203200008,0,304.95283718,MARK_PRICE_PREVIOUS_FALLBACK,1685203200000,8
BNBUSDT,1685232000017,0,307.63627109,MARK_PRICE_PREVIOUS_FALLBACK,1685232000000,17
BNBUSDT,1685260800015,0,308.07,MARK_PRICE_PREVIOUS_FALLBACK,1685260800000,15
BNBUSDT,1685289600000,0,308.11574256,MARK_PRICE_EXACT_OPEN,1685289600000,0
BNBUSDT,1685318400000,0,314.36,MARK_PRICE_EXACT_OPEN,1685318400000,0
BNBUSDT,1685347200020,0.00005509,314.64987004,MARK_PRICE_PREVIOUS_FALLBACK,1685347200000,20
BNBUSDT,1685376000011,0.00018433,313.26,MARK_PRICE_PREVIOUS_FALLBACK,1685376000000,11
BNBUSDT,1685404800003,0.00013253,311.86,MARK_PRICE_PREVIOUS_FALLBACK,1685404800000,3
BNBUSDT,1685433600000,0.00020674,312.24,MARK_PRICE_EXACT_OPEN,1685433600000,0
BNBUSDT,1685462400003,0.00010472,311.83,MARK_PRICE_PREVIOUS_FALLBACK,1685462400000,3
BNBUSDT,1685491200013,0,311.45048311,MARK_PRICE_PREVIOUS_FALLBACK,1685491200000,13
BNBUSDT,1685520000000,0,306.95437053,MARK_PRICE_EXACT_OPEN,1685520000000,0
BNBUSDT,1685548800000,0,305.43114478,MARK_PRICE_EXACT_OPEN,1685548800000,0
BNBUSDT,1685577600008,0,306.8,MARK_PRICE_PREVIOUS_FALLBACK,1685577600000,8
BNBUSDT,1685606400012,0.00008187,304.07,MARK_PRICE_PREVIOUS_FALLBACK,1685606400000,12
BNBUSDT,1685635200000,0,305.00828451,MARK_PRICE_EXACT_OPEN,1685635200000,0
BNBUSDT,1685664000000,0,305.11,MARK_PRICE_EXACT_OPEN,1685664000000,0
BNBUSDT,1685692800006,0.00004057,307.21551652,MARK_PRICE_PREVIOUS_FALLBACK,1685692800000,6
BNBUSDT,1685721600012,0,306.20621994,MARK_PRICE_PREVIOUS_FALLBACK,1685721600000,12
BNBUSDT,1685750400000,0.00007832,307.39,MARK_PRICE_EXACT_OPEN,1685750400000,0
BNBUSDT,1685779200011,0.00004591,306.11,MARK_PRICE_PREVIOUS_FALLBACK,1685779200000,11
BNBUSDT,1685808000003,0.00000943,308.1,MARK_PRICE_PREVIOUS_FALLBACK,1685808000000,3
BNBUSDT,1685836800000,1.7e-7,306.74,MARK_PRICE_EXACT_OPEN,1685836800000,0
BNBUSDT,1685865600000,0.00003122,306.94,MARK_PRICE_EXACT_OPEN,1685865600000,0
BNBUSDT,1685894400000,0.00016004,306.72,MARK_PRICE_EXACT_OPEN,1685894400000,0
BNBUSDT,1685923200005,0.00010125,305,MARK_PRICE_PREVIOUS_FALLBACK,1685923200000,5
BNBUSDT,1685952000000,0,301.04912691,MARK_PRICE_EXACT_OPEN,1685952000000,0
BNBUSDT,1685980800000,0,277.05041289,MARK_PRICE_EXACT_OPEN,1685980800000,0
BNBUSDT,1686009600000,0,276.97284345,MARK_PRICE_EXACT_OPEN,1686009600000,0
BNBUSDT,1686038400009,0,277.08027162,MARK_PRICE_PREVIOUS_FALLBACK,1686038400000,9
BNBUSDT,1686067200013,0,278.76,MARK_PRICE_PREVIOUS_FALLBACK,1686067200000,13
BNBUSDT,1686096000000,0,281.17045771,MARK_PRICE_EXACT_OPEN,1686096000000,0
BNBUSDT,1686124800016,0,276.78,MARK_PRICE_PREVIOUS_FALLBACK,1686124800000,16
BNBUSDT,1686153600000,0,258.79857622,MARK_PRICE_EXACT_OPEN,1686153600000,0
BNBUSDT,1686182400006,0,259.13218261,MARK_PRICE_PREVIOUS_FALLBACK,1686182400000,6
BNBUSDT,1686211200000,0,260.77695467,MARK_PRICE_EXACT_OPEN,1686211200000,0
BNBUSDT,1686240000000,0,265.20106851,MARK_PRICE_EXACT_OPEN,1686240000000,0
BNBUSDT,1686268800000,0,261.96,MARK_PRICE_EXACT_OPEN,1686268800000,0
BNBUSDT,1686297600000,0,258.29,MARK_PRICE_EXACT_OPEN,1686297600000,0
BNBUSDT,1686326400000,0,261.17,MARK_PRICE_EXACT_OPEN,1686326400000,0
BNBUSDT,1686355200000,0.00002811,260.71808136,MARK_PRICE_EXACT_OPEN,1686355200000,0
BNBUSDT,1686384000000,-0.00036574,234.77,MARK_PRICE_EXACT_OPEN,1686384000000,0
BNBUSDT,1686412800000,-0.00002163,235.15,MARK_PRICE_EXACT_OPEN,1686412800000,0
BNBUSDT,1686441600001,0,238.52419322,MARK_PRICE_PREVIOUS_FALLBACK,1686441600000,1
BNBUSDT,1686470400000,-0.00018089,236.68,MARK_PRICE_EXACT_OPEN,1686470400000,0
BNBUSDT,1686499200000,-0.00028735,234.71634772,MARK_PRICE_EXACT_OPEN,1686499200000,0
BNBUSDT,1686528000000,0,235.21811046,MARK_PRICE_EXACT_OPEN,1686528000000,0
BNBUSDT,1686556800000,-0.00070002,223.67,MARK_PRICE_EXACT_OPEN,1686556800000,0
BNBUSDT,1686585600001,-0.00006726,230.98,MARK_PRICE_PREVIOUS_FALLBACK,1686585600000,1
BNBUSDT,1686614400000,0,231.22,MARK_PRICE_EXACT_OPEN,1686614400000,0
BNBUSDT,1686643200000,-0.0000627,235.09941397,MARK_PRICE_EXACT_OPEN,1686643200000,0
BNBUSDT,1686672000000,-0.00034303,234.72827951,MARK_PRICE_EXACT_OPEN,1686672000000,0
BNBUSDT,1686700800000,-0.00000398,243.98663439,MARK_PRICE_EXACT_OPEN,1686700800000,0
BNBUSDT,1686729600000,-0.00044698,246.75,MARK_PRICE_EXACT_OPEN,1686729600000,0
BNBUSDT,1686758400000,-0.0004527,246.02428223,MARK_PRICE_EXACT_OPEN,1686758400000,0
BNBUSDT,1686787200000,-0.00031629,237.78,MARK_PRICE_EXACT_OPEN,1686787200000,0
BNBUSDT,1686816000000,-0.00007324,236.43,MARK_PRICE_EXACT_OPEN,1686816000000,0
BNBUSDT,1686844800000,0,232.59,MARK_PRICE_EXACT_OPEN,1686844800000,0
BNBUSDT,1686873600000,-0.00005371,236.33,MARK_PRICE_EXACT_OPEN,1686873600000,0
BNBUSDT,1686902400000,-0.00005605,239.24246091,MARK_PRICE_EXACT_OPEN,1686902400000,0
BNBUSDT,1686931200000,-0.00017727,238.36,MARK_PRICE_EXACT_OPEN,1686931200000,0
BNBUSDT,1686960000000,0,239.19153227,MARK_PRICE_EXACT_OPEN,1686960000000,0
BNBUSDT,1686988800000,0,246.50831056,MARK_PRICE_EXACT_OPEN,1686988800000,0
BNBUSDT,1687017600000,0,243.12236696,MARK_PRICE_EXACT_OPEN,1687017600000,0
BNBUSDT,1687046400000,0,244.44,MARK_PRICE_EXACT_OPEN,1687046400000,0
BNBUSDT,1687075200000,0,245.72220508,MARK_PRICE_EXACT_OPEN,1687075200000,0
BNBUSDT,1687104000000,0,247.04514096,MARK_PRICE_EXACT_OPEN,1687104000000,0
BNBUSDT,1687132800000,0,244.127745,MARK_PRICE_EXACT_OPEN,1687132800000,0
BNBUSDT,1687161600000,0,243.36152236,MARK_PRICE_EXACT_OPEN,1687161600000,0
BNBUSDT,1687190400000,0,241.32,MARK_PRICE_EXACT_OPEN,1687190400000,0
BNBUSDT,1687219200001,0,243.03,MARK_PRICE_PREVIOUS_FALLBACK,1687219200000,1
BNBUSDT,1687248000000,0,241.31479847,MARK_PRICE_EXACT_OPEN,1687248000000,0
BNBUSDT,1687276800000,0,240.28802401,MARK_PRICE_EXACT_OPEN,1687276800000,0
BNBUSDT,1687305600000,0,247.89246803,MARK_PRICE_EXACT_OPEN,1687305600000,0
BNBUSDT,1687334400000,0,249.48,MARK_PRICE_EXACT_OPEN,1687334400000,0
BNBUSDT,1687363200000,0,249.46785566,MARK_PRICE_EXACT_OPEN,1687363200000,0
BNBUSDT,1687392000000,0,248.94,MARK_PRICE_EXACT_OPEN,1687392000000,0
BNBUSDT,1687420800001,0,252.51,MARK_PRICE_PREVIOUS_FALLBACK,1687420800000,1
BNBUSDT,1687449600000,0,243.79,MARK_PRICE_EXACT_OPEN,1687449600000,0
BNBUSDT,1687478400000,0,240.88947173,MARK_PRICE_EXACT_OPEN,1687478400000,0
BNBUSDT,1687507200000,0,243.62,MARK_PRICE_EXACT_OPEN,1687507200000,0
BNBUSDT,1687536000000,0,247.7755834,MARK_PRICE_EXACT_OPEN,1687536000000,0
BNBUSDT,1687564800000,0.00001262,244.4601078,MARK_PRICE_EXACT_OPEN,1687564800000,0
BNBUSDT,1687593600000,0,245.50131642,MARK_PRICE_EXACT_OPEN,1687593600000,0
BNBUSDT,1687622400000,0,232.90407109,MARK_PRICE_EXACT_OPEN,1687622400000,0
BNBUSDT,1687651200000,0,236.35643411,MARK_PRICE_EXACT_OPEN,1687651200000,0
BNBUSDT,1687680000000,0,240.91,MARK_PRICE_EXACT_OPEN,1687680000000,0
BNBUSDT,1687708800000,0,239.49,MARK_PRICE_EXACT_OPEN,1687708800000,0
BNBUSDT,1687737600000,0,238.90974415,MARK_PRICE_EXACT_OPEN,1687737600000,0
BNBUSDT,1687766400000,0,237.74883431,MARK_PRICE_EXACT_OPEN,1687766400000,0
BNBUSDT,1687795200000,0,238.6041728,MARK_PRICE_EXACT_OPEN,1687795200000,0
BNBUSDT,1687824000000,0,236.15,MARK_PRICE_EXACT_OPEN,1687824000000,0
BNBUSDT,1687852800000,0.00007353,238.65829301,MARK_PRICE_EXACT_OPEN,1687852800000,0
BNBUSDT,1687881600000,0.00004009,238.01801331,MARK_PRICE_EXACT_OPEN,1687881600000,0
BNBUSDT,1687910400000,0,237.46051198,MARK_PRICE_EXACT_OPEN,1687910400000,0
BNBUSDT,1687939200000,0,232.65,MARK_PRICE_EXACT_OPEN,1687939200000,0
BNBUSDT,1687968000000,0,235.06448673,MARK_PRICE_EXACT_OPEN,1687968000000,0
BNBUSDT,1687996800000,0,230.52,MARK_PRICE_EXACT_OPEN,1687996800000,0
BNBUSDT,1688025600000,0,233.37983305,MARK_PRICE_EXACT_OPEN,1688025600000,0
BNBUSDT,1688054400000,0,233.34920823,MARK_PRICE_EXACT_OPEN,1688054400000,0
BNBUSDT,1688083200000,0,233.07836678,MARK_PRICE_EXACT_OPEN,1688083200000,0
BNBUSDT,1688112000000,0,238.69437617,MARK_PRICE_EXACT_OPEN,1688112000000,0
BNBUSDT,1688140800001,0,235.36588352,MARK_PRICE_PREVIOUS_FALLBACK,1688140800000,1
BNBUSDT,1688169600000,0.00005352,240.43123543,MARK_PRICE_EXACT_OPEN,1688169600000,0
BNBUSDT,1688198400000,0.00005349,242.19,MARK_PRICE_EXACT_OPEN,1688198400000,0
BNBUSDT,1688227200000,0.00014546,247.44,MARK_PRICE_EXACT_OPEN,1688227200000,0
BNBUSDT,1688256000000,0.00014716,247.99,MARK_PRICE_EXACT_OPEN,1688256000000,0
BNBUSDT,1688284800000,0.00002679,245.81,MARK_PRICE_EXACT_OPEN,1688284800000,0
BNBUSDT,1688313600001,0.00023805,246.1459845,MARK_PRICE_PREVIOUS_FALLBACK,1688313600000,1
BNBUSDT,1688342400000,0.00009255,246.69595751,MARK_PRICE_EXACT_OPEN,1688342400000,0
BNBUSDT,1688371200000,0.0001912,249.69371947,MARK_PRICE_EXACT_OPEN,1688371200000,0
BNBUSDT,1688400000000,0.00009428,249.62699218,MARK_PRICE_EXACT_OPEN,1688400000000,0
BNBUSDT,1688428800001,0,246.56,MARK_PRICE_PREVIOUS_FALLBACK,1688428800000,1
BNBUSDT,1688457600000,0,244.9573326,MARK_PRICE_EXACT_OPEN,1688457600000,0
BNBUSDT,1688486400000,0,243.88941817,MARK_PRICE_EXACT_OPEN,1688486400000,0
BNBUSDT,1688515200000,0,242.41584057,MARK_PRICE_EXACT_OPEN,1688515200000,0
BNBUSDT,1688544000000,0,243.21838569,MARK_PRICE_EXACT_OPEN,1688544000000,0
BNBUSDT,1688572800000,0,237.6662043,MARK_PRICE_EXACT_OPEN,1688572800000,0
BNBUSDT,1688601600000,0,238.85,MARK_PRICE_EXACT_OPEN,1688601600000,0
BNBUSDT,1688630400000,0,241.52285776,MARK_PRICE_EXACT_OPEN,1688630400000,0
BNBUSDT,1688659200000,0,238.24023607,MARK_PRICE_EXACT_OPEN,1688659200000,0
BNBUSDT,1688688000000,-0.00046009,231.9886535,MARK_PRICE_EXACT_OPEN,1688688000000,0
BNBUSDT,1688716800000,-0.00016651,232.98921554,MARK_PRICE_EXACT_OPEN,1688716800000,0
BNBUSDT,1688745600000,-0.00009253,235.54134738,MARK_PRICE_EXACT_OPEN,1688745600000,0
BNBUSDT,1688774400000,-0.00009236,235.46169364,MARK_PRICE_EXACT_OPEN,1688774400000,0
BNBUSDT,1688803200000,-0.00007741,235.83,MARK_PRICE_EXACT_OPEN,1688803200000,0
BNBUSDT,1688832000000,0,236.51555808,MARK_PRICE_EXACT_OPEN,1688832000000,0
BNBUSDT,1688860800000,-0.00000491,236.16149546,MARK_PRICE_EXACT_OPEN,1688860800000,0
BNBUSDT,1688889600000,0,234.50747753,MARK_PRICE_EXACT_OPEN,1688889600000,0
BNBUSDT,1688918400000,-0.00008229,234.18602069,MARK_PRICE_EXACT_OPEN,1688918400000,0
BNBUSDT,1688947200000,-0.00012524,233.91824589,MARK_PRICE_EXACT_OPEN,1688947200000,0
BNBUSDT,1688976000000,-0.00000439,232.51,MARK_PRICE_EXACT_OPEN,1688976000000,0
BNBUSDT,1689004800000,-0.00012535,245.53525398,MARK_PRICE_EXACT_OPEN,1689004800000,0
BNBUSDT,1689033600000,-0.00025923,246.03156496,MARK_PRICE_EXACT_OPEN,1689033600000,0
BNBUSDT,1689062400000,-0.00074001,246.86,MARK_PRICE_EXACT_OPEN,1689062400000,0
BNBUSDT,1689091200000,-0.00074761,247.06,MARK_PRICE_EXACT_OPEN,1689091200000,0
BNBUSDT,1689120000000,-0.00035487,248.42993253,MARK_PRICE_EXACT_OPEN,1689120000000,0
BNBUSDT,1689148800000,-0.0006544,249.21646855,MARK_PRICE_EXACT_OPEN,1689148800000,0
BNBUSDT,1689177600000,-0.00059837,243.95271106,MARK_PRICE_EXACT_OPEN,1689177600000,0
BNBUSDT,1689206400000,-0.00108561,243.7,MARK_PRICE_EXACT_OPEN,1689206400000,0
BNBUSDT,1689235200000,-0.00074145,243.98435697,MARK_PRICE_EXACT_OPEN,1689235200000,0
BNBUSDT,1689264000000,-0.00082611,251.09,MARK_PRICE_EXACT_OPEN,1689264000000,0
BNBUSDT,1689292800000,0,256.04771987,MARK_PRICE_EXACT_OPEN,1689292800000,0
BNBUSDT,1689321600000,-0.00042246,255.6029735,MARK_PRICE_EXACT_OPEN,1689321600000,0
BNBUSDT,1689350400000,-0.00049717,256.3878248,MARK_PRICE_EXACT_OPEN,1689350400000,0
BNBUSDT,1689379200000,-0.00116654,247.92910195,MARK_PRICE_EXACT_OPEN,1689379200000,0
BNBUSDT,1689408000000,-0.00054039,249.86711871,MARK_PRICE_EXACT_OPEN,1689408000000,0
BNBUSDT,1689436800000,-0.000673,250.13137997,MARK_PRICE_EXACT_OPEN,1689436800000,0
BNBUSDT,1689465600001,-0.00082346,250.82221225,MARK_PRICE_PREVIOUS_FALLBACK,1689465600000,1
BNBUSDT,1689494400000,-0.00077424,248.36,MARK_PRICE_EXACT_OPEN,1689494400000,0
BNBUSDT,1689523200000,-0.00076813,248.53,MARK_PRICE_EXACT_OPEN,1689523200000,0
BNBUSDT,1689552000000,-0.00180248,241.91,MARK_PRICE_EXACT_OPEN,1689552000000,0
BNBUSDT,1689580800000,-0.00025688,242.71681039,MARK_PRICE_EXACT_OPEN,1689580800000,0
BNBUSDT,1689609600000,-0.00034131,243.56,MARK_PRICE_EXACT_OPEN,1689609600000,0
BNBUSDT,1689638400000,-0.00013206,244.03,MARK_PRICE_EXACT_OPEN,1689638400000,0
BNBUSDT,1689667200000,-0.00037172,241.4,MARK_PRICE_EXACT_OPEN,1689667200000,0
BNBUSDT,1689696000000,0,240.32193747,MARK_PRICE_EXACT_OPEN,1689696000000,0
BNBUSDT,1689724800000,0,240.47,MARK_PRICE_EXACT_OPEN,1689724800000,0
BNBUSDT,1689753600000,0.00014002,242.69,MARK_PRICE_EXACT_OPEN,1689753600000,0
BNBUSDT,1689782400001,0.00010374,240.96,MARK_PRICE_PREVIOUS_FALLBACK,1689782400000,1
BNBUSDT,1689811200000,0.00004559,241.02359584,MARK_PRICE_EXACT_OPEN,1689811200000,0
BNBUSDT,1689840000000,0.00013033,243.99504682,MARK_PRICE_EXACT_OPEN,1689840000000,0
BNBUSDT,1689868800000,0,241.78,MARK_PRICE_EXACT_OPEN,1689868800000,0
BNBUSDT,1689897600001,0.00007509,242.95,MARK_PRICE_PREVIOUS_FALLBACK,1689897600000,1
BNBUSDT,1689926400000,0.00002789,243.58,MARK_PRICE_EXACT_OPEN,1689926400000,0
BNBUSDT,1689955200000,0.0002497,244.21,MARK_PRICE_EXACT_OPEN,1689955200000,0
BNBUSDT,1689984000000,0.00013559,243.82992487,MARK_PRICE_EXACT_OPEN,1689984000000,0
BNBUSDT,1690012800000,0.00006965,243.82916522,MARK_PRICE_EXACT_OPEN,1690012800000,0
BNBUSDT,1690041600000,0,242.92,MARK_PRICE_EXACT_OPEN,1690041600000,0
BNBUSDT,1690070400000,0,241.22,MARK_PRICE_EXACT_OPEN,1690070400000,0
BNBUSDT,1690099200000,0.00008296,242.65,MARK_PRICE_EXACT_OPEN,1690099200000,0
BNBUSDT,1690128000000,0.00007037,242.33,MARK_PRICE_EXACT_OPEN,1690128000000,0
BNBUSDT,1690156800000,0,242.5148268,MARK_PRICE_EXACT_OPEN,1690156800000,0
BNBUSDT,1690185600000,0.00001192,242.06,MARK_PRICE_EXACT_OPEN,1690185600000,0
BNBUSDT,1690214400000,0,237.06931603,MARK_PRICE_EXACT_OPEN,1690214400000,0
BNBUSDT,1690243200000,0,239.11,MARK_PRICE_EXACT_OPEN,1690243200000,0
BNBUSDT,1690272000000,0.00008855,237.34,MARK_PRICE_EXACT_OPEN,1690272000000,0
BNBUSDT,1690300800000,0,237.41,MARK_PRICE_EXACT_OPEN,1690300800000,0
BNBUSDT,1690329600000,0,237.81805839,MARK_PRICE_EXACT_OPEN,1690329600000,0
BNBUSDT,1690358400001,0.00000189,237.76,MARK_PRICE_PREVIOUS_FALLBACK,1690358400000,1
BNBUSDT,1690387200000,0,238.27,MARK_PRICE_EXACT_OPEN,1690387200000,0
BNBUSDT,1690416000000,0,239.05,MARK_PRICE_EXACT_OPEN,1690416000000,0
BNBUSDT,1690444800000,0.00004979,242.27480306,MARK_PRICE_EXACT_OPEN,1690444800000,0
BNBUSDT,1690473600001,0.00002458,240.78948843,MARK_PRICE_PREVIOUS_FALLBACK,1690473600000,1
BNBUSDT,1690502400000,0.000016,240.85717571,MARK_PRICE_EXACT_OPEN,1690502400000,0
BNBUSDT,1690531200000,0,241.00552451,MARK_PRICE_EXACT_OPEN,1690531200000,0
BNBUSDT,1690560000000,0.00005712,241.74165272,MARK_PRICE_EXACT_OPEN,1690560000000,0
BNBUSDT,1690588800000,0,241.93,MARK_PRICE_EXACT_OPEN,1690588800000,0
BNBUSDT,1690617600000,0,241.61913297,MARK_PRICE_EXACT_OPEN,1690617600000,0
BNBUSDT,1690646400001,0.0000995,241.9719688,MARK_PRICE_PREVIOUS_FALLBACK,1690646400000,1
BNBUSDT,1690675200000,0.00004905,242.57972165,MARK_PRICE_EXACT_OPEN,1690675200000,0
BNBUSDT,1690704000000,0.00008003,242.82185587,MARK_PRICE_EXACT_OPEN,1690704000000,0
BNBUSDT,1690732800000,0.00011335,243.11,MARK_PRICE_EXACT_OPEN,1690732800000,0
BNBUSDT,1690761600000,0.00009227,242.63197111,MARK_PRICE_EXACT_OPEN,1690761600000,0
BNBUSDT,1690790400000,0.00007364,243.47109507,MARK_PRICE_EXACT_OPEN,1690790400000,0
BNBUSDT,1690819200001,0.0000411,241.91,MARK_PRICE_PREVIOUS_FALLBACK,1690819200000,1
BNBUSDT,1690848000000,0,240.98752289,MARK_PRICE_EXACT_OPEN,1690848000000,0
BNBUSDT,1690876800000,0.00007317,245.45,MARK_PRICE_EXACT_OPEN,1690876800000,0
BNBUSDT,1690905600000,0.00006759,245.26787834,MARK_PRICE_EXACT_OPEN,1690905600000,0
BNBUSDT,1690934400000,0,247.8258907,MARK_PRICE_EXACT_OPEN,1690934400000,0
BNBUSDT,1690963200000,0,244.67991259,MARK_PRICE_EXACT_OPEN,1690963200000,0
BNBUSDT,1690992000000,0,243.22567157,MARK_PRICE_EXACT_OPEN,1690992000000,0
BNBUSDT,1691020800000,0,240.64160404,MARK_PRICE_EXACT_OPEN,1691020800000,0
BNBUSDT,1691049600000,0,239.24436276,MARK_PRICE_EXACT_OPEN,1691049600000,0
BNBUSDT,1691078400001,0,241.23206971,MARK_PRICE_PREVIOUS_FALLBACK,1691078400000,1
BNBUSDT,1691107200000,0,241.01589818,MARK_PRICE_EXACT_OPEN,1691107200000,0
BNBUSDT,1691136000000,0,242.08837489,MARK_PRICE_EXACT_OPEN,1691136000000,0
BNBUSDT,1691164800000,0,243.17,MARK_PRICE_EXACT_OPEN,1691164800000,0
BNBUSDT,1691193600000,0,241.72542421,MARK_PRICE_EXACT_OPEN,1691193600000,0
BNBUSDT,1691222400000,0,241.17097306,MARK_PRICE_EXACT_OPEN,1691222400000,0
BNBUSDT,1691251200001,0,242.15685533,MARK_PRICE_PREVIOUS_FALLBACK,1691251200000,1
BNBUSDT,1691280000000,0,243.29687702,MARK_PRICE_EXACT_OPEN,1691280000000,0
BNBUSDT,1691308800001,0.00001099,245.17,MARK_PRICE_PREVIOUS_FALLBACK,1691308800000,1
BNBUSDT,1691337600005,0,243.21,MARK_PRICE_PREVIOUS_FALLBACK,1691337600000,5
BNBUSDT,1691366400000,0,243.26,MARK_PRICE_EXACT_OPEN,1691366400000,0
BNBUSDT,1691395200000,0,242.75846571,MARK_PRICE_EXACT_OPEN,1691395200000,0
BNBUSDT,1691424000000,0,240.94736198,MARK_PRICE_EXACT_OPEN,1691424000000,0
BNBUSDT,1691452800000,0,242.00486548,MARK_PRICE_EXACT_OPEN,1691452800000,0
BNBUSDT,1691481600000,0,242.81,MARK_PRICE_EXACT_OPEN,1691481600000,0
BNBUSDT,1691510400000,0,244.82,MARK_PRICE_EXACT_OPEN,1691510400000,0
BNBUSDT,1691539200000,0.00015375,245.24,MARK_PRICE_EXACT_OPEN,1691539200000,0
BNBUSDT,1691568000000,0,245,MARK_PRICE_EXACT_OPEN,1691568000000,0
BNBUSDT,1691596800000,0,243.92319445,MARK_PRICE_EXACT_OPEN,1691596800000,0
BNBUSDT,1691625600001,0,243.67118591,MARK_PRICE_PREVIOUS_FALLBACK,1691625600000,1
BNBUSDT,1691654400000,0,242.00721906,MARK_PRICE_EXACT_OPEN,1691654400000,0
BNBUSDT,1691683200000,0,242,MARK_PRICE_EXACT_OPEN,1691683200000,0
BNBUSDT,1691712000000,-0.00015036,241.33,MARK_PRICE_EXACT_OPEN,1691712000000,0
BNBUSDT,1691740800000,-0.00026946,240.54,MARK_PRICE_EXACT_OPEN,1691740800000,0
BNBUSDT,1691769600000,-0.00023724,238.68,MARK_PRICE_EXACT_OPEN,1691769600000,0
BNBUSDT,1691798400000,-0.00022644,239.75723022,MARK_PRICE_EXACT_OPEN,1691798400000,0
BNBUSDT,1691827200000,-0.00015777,240.42917661,MARK_PRICE_EXACT_OPEN,1691827200000,0
BNBUSDT,1691856000000,-0.00020833,240.48,MARK_PRICE_EXACT_OPEN,1691856000000,0
BNBUSDT,1691884800000,-0.00029203,240.19093623,MARK_PRICE_EXACT_OPEN,1691884800000,0
BNBUSDT,1691913600000,-0.00019929,240.23,MARK_PRICE_EXACT_OPEN,1691913600000,0
BNBUSDT,1691942400000,-0.00000614,240.27999363,MARK_PRICE_EXACT_OPEN,1691942400000,0
BNBUSDT,1691971200001,-0.00003892,239.86921198,MARK_PRICE_PREVIOUS_FALLBACK,1691971200000,1
BNBUSDT,1692000000000,-0.00004676,240.50581846,MARK_PRICE_EXACT_OPEN,1692000000000,0
BNBUSDT,1692028800000,-0.00000805,240.84078785,MARK_PRICE_EXACT_OPEN,1692028800000,0
BNBUSDT,1692057600001,-0.00009711,240.28600759,MARK_PRICE_PREVIOUS_FALLBACK,1692057600000,1
BNBUSDT,1692086400000,-0.00020066,239.41,MARK_PRICE_EXACT_OPEN,1692086400000,0
BNBUSDT,1692115200000,0,238.91,MARK_PRICE_EXACT_OPEN,1692115200000,0
BNBUSDT,1692144000000,-0.00044204,236.73,MARK_PRICE_EXACT_OPEN,1692144000000,0
BNBUSDT,1692172800001,-0.0001621,234.6127485,MARK_PRICE_PREVIOUS_FALLBACK,1692172800000,1
BNBUSDT,1692201600000,-0.000444,233.08274625,MARK_PRICE_EXACT_OPEN,1692201600000,0
BNBUSDT,1692230400000,-0.00027077,231.96,MARK_PRICE_EXACT_OPEN,1692230400000,0
BNBUSDT,1692259200000,0,231.03,MARK_PRICE_EXACT_OPEN,1692259200000,0
BNBUSDT,1692288000000,-0.00018279,224.96151973,MARK_PRICE_EXACT_OPEN,1692288000000,0
BNBUSDT,1692316800000,-0.00074175,217.9125738,MARK_PRICE_EXACT_OPEN,1692316800000,0
BNBUSDT,1692345600000,-0.0000581,219.2022144,MARK_PRICE_EXACT_OPEN,1692345600000,0
BNBUSDT,1692374400000,-0.00011733,216.79131423,MARK_PRICE_EXACT_OPEN,1692374400000,0
BNBUSDT,1692403200000,-0.00029585,215.97,MARK_PRICE_EXACT_OPEN,1692403200000,0
BNBUSDT,1692432000000,-0.00035101,215.79,MARK_PRICE_EXACT_OPEN,1692432000000,0
BNBUSDT,1692460800000,-0.00012321,217.27273695,MARK_PRICE_EXACT_OPEN,1692460800000,0
BNBUSDT,1692489600000,-0.00001186,216.8,MARK_PRICE_EXACT_OPEN,1692489600000,0
BNBUSDT,1692518400000,-0.00012416,215.83,MARK_PRICE_EXACT_OPEN,1692518400000,0
BNBUSDT,1692547200000,-0.00026855,216.09434098,MARK_PRICE_EXACT_OPEN,1692547200000,0
BNBUSDT,1692576000000,0,216.41,MARK_PRICE_EXACT_OPEN,1692576000000,0
BNBUSDT,1692604800000,-0.00034238,214.44,MARK_PRICE_EXACT_OPEN,1692604800000,0
BNBUSDT,1692633600000,-0.00073843,208.26,MARK_PRICE_EXACT_OPEN,1692633600000,0
BNBUSDT,1692662400000,-0.00011188,210.23338385,MARK_PRICE_EXACT_OPEN,1692662400000,0
BNBUSDT,1692691200000,-0.00008858,209.73,MARK_PRICE_EXACT_OPEN,1692691200000,0
BNBUSDT,1692720000000,-0.00084222,205.35,MARK_PRICE_EXACT_OPEN,1692720000000,0
BNBUSDT,1692748800000,-0.0005188,210.79,MARK_PRICE_EXACT_OPEN,1692748800000,0
BNBUSDT,1692777600000,0,216.24280204,MARK_PRICE_EXACT_OPEN,1692777600000,0
BNBUSDT,1692806400000,-0.00006038,215.3,MARK_PRICE_EXACT_OPEN,1692806400000,0
BNBUSDT,1692835200000,-0.00023809,216.55468012,MARK_PRICE_EXACT_OPEN,1692835200000,0
BNBUSDT,1692864000000,0,219.33040141,MARK_PRICE_EXACT_OPEN,1692864000000,0
BNBUSDT,1692892800000,0,216.65658181,MARK_PRICE_EXACT_OPEN,1692892800000,0
BNBUSDT,1692921600000,0,219.01466617,MARK_PRICE_EXACT_OPEN,1692921600000,0
BNBUSDT,1692950400000,0,215.11020785,MARK_PRICE_EXACT_OPEN,1692950400000,0
BNBUSDT,1692979200000,0,216.75,MARK_PRICE_EXACT_OPEN,1692979200000,0
BNBUSDT,1693008000000,0,218.37415624,MARK_PRICE_EXACT_OPEN,1693008000000,0
BNBUSDT,1693036800000,0,217.05638188,MARK_PRICE_EXACT_OPEN,1693036800000,0
BNBUSDT,1693065600000,0,217.19056768,MARK_PRICE_EXACT_OPEN,1693065600000,0
BNBUSDT,1693094400000,0,216.39898999,MARK_PRICE_EXACT_OPEN,1693094400000,0
BNBUSDT,1693123200000,0,216.61,MARK_PRICE_EXACT_OPEN,1693123200000,0
BNBUSDT,1693152000000,0,218.50054855,MARK_PRICE_EXACT_OPEN,1693152000000,0
BNBUSDT,1693180800000,0,218.35,MARK_PRICE_EXACT_OPEN,1693180800000,0
BNBUSDT,1693209600001,0,215.90251711,MARK_PRICE_PREVIOUS_FALLBACK,1693209600000,1
BNBUSDT,1693238400001,0,218.33,MARK_PRICE_PREVIOUS_FALLBACK,1693238400000,1
BNBUSDT,1693267200000,0,218.76,MARK_PRICE_EXACT_OPEN,1693267200000,0
BNBUSDT,1693296000000,0,217.58114172,MARK_PRICE_EXACT_OPEN,1693296000000,0
BNBUSDT,1693324800000,0,228.24454838,MARK_PRICE_EXACT_OPEN,1693324800000,0
BNBUSDT,1693353600000,0,226.88115879,MARK_PRICE_EXACT_OPEN,1693353600000,0
BNBUSDT,1693382400000,0,225.2,MARK_PRICE_EXACT_OPEN,1693382400000,0
BNBUSDT,1693411200000,0,223.03756401,MARK_PRICE_EXACT_OPEN,1693411200000,0
BNBUSDT,1693440000000,0,223.82350115,MARK_PRICE_EXACT_OPEN,1693440000000,0
BNBUSDT,1693468800000,0,223.59586282,MARK_PRICE_EXACT_OPEN,1693468800000,0
BNBUSDT,1693497600000,0,221.47,MARK_PRICE_EXACT_OPEN,1693497600000,0
BNBUSDT,1693526400000,0,216.64238855,MARK_PRICE_EXACT_OPEN,1693526400000,0
BNBUSDT,1693555200000,0,214.28,MARK_PRICE_EXACT_OPEN,1693555200000,0
BNBUSDT,1693584000001,0,213.44808373,MARK_PRICE_PREVIOUS_FALLBACK,1693584000000,1
BNBUSDT,1693612800000,0,213.64644953,MARK_PRICE_EXACT_OPEN,1693612800000,0
BNBUSDT,1693641600000,0,214.22723447,MARK_PRICE_EXACT_OPEN,1693641600000,0
BNBUSDT,1693670400000,0,214.63145712,MARK_PRICE_EXACT_OPEN,1693670400000,0
BNBUSDT,1693699200000,0,214.34064828,MARK_PRICE_EXACT_OPEN,1693699200000,0
BNBUSDT,1693728000000,0,214.61,MARK_PRICE_EXACT_OPEN,1693728000000,0
BNBUSDT,1693756800000,0,213.74625327,MARK_PRICE_EXACT_OPEN,1693756800000,0
BNBUSDT,1693785600000,0,214.35,MARK_PRICE_EXACT_OPEN,1693785600000,0
BNBUSDT,1693814400000,0,214.60306663,MARK_PRICE_EXACT_OPEN,1693814400000,0
BNBUSDT,1693843200000,0,215.02,MARK_PRICE_EXACT_OPEN,1693843200000,0
BNBUSDT,1693872000000,0,215.19,MARK_PRICE_EXACT_OPEN,1693872000000,0
BNBUSDT,1693900800000,0,214.70357314,MARK_PRICE_EXACT_OPEN,1693900800000,0
BNBUSDT,1693929600000,0,215.12,MARK_PRICE_EXACT_OPEN,1693929600000,0
BNBUSDT,1693958400000,0,214.51,MARK_PRICE_EXACT_OPEN,1693958400000,0
BNBUSDT,1693987200000,0,214.30633105,MARK_PRICE_EXACT_OPEN,1693987200000,0
BNBUSDT,1694016000001,0,213.47,MARK_PRICE_PREVIOUS_FALLBACK,1694016000000,1
BNBUSDT,1694044800000,0,215.22,MARK_PRICE_EXACT_OPEN,1694044800000,0
BNBUSDT,1694073600000,0,215.36713101,MARK_PRICE_EXACT_OPEN,1694073600000,0
BNBUSDT,1694102400000,0,214.65940488,MARK_PRICE_EXACT_OPEN,1694102400000,0
BNBUSDT,1694131200000,0,217.13,MARK_PRICE_EXACT_OPEN,1694131200000,0
BNBUSDT,1694160000000,0,217.11,MARK_PRICE_EXACT_OPEN,1694160000000,0
BNBUSDT,1694188800000,0,214.15943119,MARK_PRICE_EXACT_OPEN,1694188800000,0
BNBUSDT,1694217600000,0,214.6296357,MARK_PRICE_EXACT_OPEN,1694217600000,0
BNBUSDT,1694246400000,0,215.18799462,MARK_PRICE_EXACT_OPEN,1694246400000,0
BNBUSDT,1694275200000,0,215.17,MARK_PRICE_EXACT_OPEN,1694275200000,0
BNBUSDT,1694304000000,0,214.16116121,MARK_PRICE_EXACT_OPEN,1694304000000,0
BNBUSDT,1694332800000,0,213.18,MARK_PRICE_EXACT_OPEN,1694332800000,0
BNBUSDT,1694361600000,0,212.76,MARK_PRICE_EXACT_OPEN,1694361600000,0
BNBUSDT,1694390400000,0,212.28199311,MARK_PRICE_EXACT_OPEN,1694390400000,0
BNBUSDT,1694419200000,0,211.26471877,MARK_PRICE_EXACT_OPEN,1694419200000,0
BNBUSDT,1694448000001,0,206.53125671,MARK_PRICE_PREVIOUS_FALLBACK,1694448000000,1
BNBUSDT,1694476800000,0,206.08274031,MARK_PRICE_EXACT_OPEN,1694476800000,0
BNBUSDT,1694505600000,0,209.67,MARK_PRICE_EXACT_OPEN,1694505600000,0
BNBUSDT,1694534400000,0,212.77732639,MARK_PRICE_EXACT_OPEN,1694534400000,0
BNBUSDT,1694563200000,0,210.73,MARK_PRICE_EXACT_OPEN,1694563200000,0
BNBUSDT,1694592000000,0,210.20039373,MARK_PRICE_EXACT_OPEN,1694592000000,0
BNBUSDT,1694620800000,0,212.47783247,MARK_PRICE_EXACT_OPEN,1694620800000,0
BNBUSDT,1694649600000,0,212.6230704,MARK_PRICE_EXACT_OPEN,1694649600000,0
BNBUSDT,1694678400001,0,211.88902881,MARK_PRICE_PREVIOUS_FALLBACK,1694678400000,1
BNBUSDT,1694707200000,0,213.04,MARK_PRICE_EXACT_OPEN,1694707200000,0
BNBUSDT,1694736000000,0,212.06670265,MARK_PRICE_EXACT_OPEN,1694736000000,0
BNBUSDT,1694764800000,-0.00005152,211.78940479,MARK_PRICE_EXACT_OPEN,1694764800000,0
BNBUSDT,1694793600000,0,212.07132619,MARK_PRICE_EXACT_OPEN,1694793600000,0
BNBUSDT,1694822400000,0,214.00695733,MARK_PRICE_EXACT_OPEN,1694822400000,0
BNBUSDT,1694851200000,0,214.92762456,MARK_PRICE_EXACT_OPEN,1694851200000,0
BNBUSDT,1694880000000,0,213.91,MARK_PRICE_EXACT_OPEN,1694880000000,0
BNBUSDT,1694908800000,0,214.74,MARK_PRICE_EXACT_OPEN,1694908800000,0
BNBUSDT,1694937600000,0,214.3534446,MARK_PRICE_EXACT_OPEN,1694937600000,0
BNBUSDT,1694966400000,0,216.18,MARK_PRICE_EXACT_OPEN,1694966400000,0
BNBUSDT,1694995200000,0,216.3782747,MARK_PRICE_EXACT_OPEN,1694995200000,0
BNBUSDT,1695024000000,0,216.90469426,MARK_PRICE_EXACT_OPEN,1695024000000,0
BNBUSDT,1695052800000,0,219.51,MARK_PRICE_EXACT_OPEN,1695052800000,0
BNBUSDT,1695081600000,0,215.99,MARK_PRICE_EXACT_OPEN,1695081600000,0
BNBUSDT,1695110400001,0,217.09466799,MARK_PRICE_PREVIOUS_FALLBACK,1695110400000,1
BNBUSDT,1695139200000,0.0000255,218.44631853,MARK_PRICE_EXACT_OPEN,1695139200000,0
BNBUSDT,1695168000000,0,217.21607277,MARK_PRICE_EXACT_OPEN,1695168000000,0
BNBUSDT,1695196800000,0,216.37000529,MARK_PRICE_EXACT_OPEN,1695196800000,0
BNBUSDT,1695225600000,0,215.92,MARK_PRICE_EXACT_OPEN,1695225600000,0
BNBUSDT,1695254400001,0,214.46,MARK_PRICE_PREVIOUS_FALLBACK,1695254400000,1
BNBUSDT,1695283200000,0,213.34,MARK_PRICE_EXACT_OPEN,1695283200000,0
BNBUSDT,1695312000000,0,210.7,MARK_PRICE_EXACT_OPEN,1695312000000,0
BNBUSDT,1695340800000,0,210.91,MARK_PRICE_EXACT_OPEN,1695340800000,0
BNBUSDT,1695369600000,0,211.57628154,MARK_PRICE_EXACT_OPEN,1695369600000,0
BNBUSDT,1695398400000,0,210.73,MARK_PRICE_EXACT_OPEN,1695398400000,0
BNBUSDT,1695427200000,0,211.13961289,MARK_PRICE_EXACT_OPEN,1695427200000,0
BNBUSDT,1695456000000,0,211.05,MARK_PRICE_EXACT_OPEN,1695456000000,0
BNBUSDT,1695484800000,0,210.63,MARK_PRICE_EXACT_OPEN,1695484800000,0
BNBUSDT,1695513600000,0,210.52,MARK_PRICE_EXACT_OPEN,1695513600000,0
BNBUSDT,1695542400000,0,210.44581393,MARK_PRICE_EXACT_OPEN,1695542400000,0
BNBUSDT,1695571200000,0,210.76,MARK_PRICE_EXACT_OPEN,1695571200000,0
BNBUSDT,1695600000000,0,208.38,MARK_PRICE_EXACT_OPEN,1695600000000,0
BNBUSDT,1695628800000,0,209.52141769,MARK_PRICE_EXACT_OPEN,1695628800000,0
BNBUSDT,1695657600000,0,209.07731392,MARK_PRICE_EXACT_OPEN,1695657600000,0
BNBUSDT,1695686400000,0,210.05674149,MARK_PRICE_EXACT_OPEN,1695686400000,0
BNBUSDT,1695715200000,0.00004495,212.62,MARK_PRICE_EXACT_OPEN,1695715200000,0
BNBUSDT,1695744000000,0.00005343,211.02,MARK_PRICE_EXACT_OPEN,1695744000000,0
BNBUSDT,1695772800000,0.00002201,212.66661636,MARK_PRICE_EXACT_OPEN,1695772800000,0
BNBUSDT,1695801600001,0.00005011,213.21,MARK_PRICE_PREVIOUS_FALLBACK,1695801600000,1
BNBUSDT,1695830400000,0,212.44,MARK_PRICE_EXACT_OPEN,1695830400000,0
BNBUSDT,1695859200000,0.00007853,212.11416041,MARK_PRICE_EXACT_OPEN,1695859200000,0
BNBUSDT,1695888000000,0.00002381,213.17918699,MARK_PRICE_EXACT_OPEN,1695888000000,0
BNBUSDT,1695916800000,0,215.6822747,MARK_PRICE_EXACT_OPEN,1695916800000,0
BNBUSDT,1695945600000,0.00000545,215.06,MARK_PRICE_EXACT_OPEN,1695945600000,0
BNBUSDT,1695974400000,0,216.93077085,MARK_PRICE_EXACT_OPEN,1695974400000,0
BNBUSDT,1696003200000,0,216.04690037,MARK_PRICE_EXACT_OPEN,1696003200000,0
BNBUSDT,1696032000000,0,215.21,MARK_PRICE_EXACT_OPEN,1696032000000,0
BNBUSDT,1696060800000,0,214.59,MARK_PRICE_EXACT_OPEN,1696060800000,0
BNBUSDT,1696089600000,0,215.96044071,MARK_PRICE_EXACT_OPEN,1696089600000,0
BNBUSDT,1696118400000,0,214.69,MARK_PRICE_EXACT_OPEN,1696118400000,0
BNBUSDT,1696147200000,0.00007729,215.10602746,MARK_PRICE_EXACT_OPEN,1696147200000,0
BNBUSDT,1696176000000,0.00009797,215.7496009,MARK_PRICE_EXACT_OPEN,1696176000000,0
BNBUSDT,1696204800000,0.0000597,218.27485253,MARK_PRICE_EXACT_OPEN,1696204800000,0
BNBUSDT,1696233600000,0.00002968,219.97561409,MARK_PRICE_EXACT_OPEN,1696233600000,0
BNBUSDT,1696262400000,0.00003182,216.33244897,MARK_PRICE_EXACT_OPEN,1696262400000,0
BNBUSDT,1696291200000,0,214.69605401,MARK_PRICE_EXACT_OPEN,1696291200000,0
BNBUSDT,1696320000000,0,215.35,MARK_PRICE_EXACT_OPEN,1696320000000,0
BNBUSDT,1696348800000,0,213.64,MARK_PRICE_EXACT_OPEN,1696348800000,0
BNBUSDT,1696377600000,0,213.46,MARK_PRICE_EXACT_OPEN,1696377600000,0
BNBUSDT,1696406400000,0,212.35824982,MARK_PRICE_EXACT_OPEN,1696406400000,0
BNBUSDT,1696435200000,0,211.93100709,MARK_PRICE_EXACT_OPEN,1696435200000,0
BNBUSDT,1696464000000,0,213.45,MARK_PRICE_EXACT_OPEN,1696464000000,0
BNBUSDT,1696492800000,0.00005114,212.4,MARK_PRICE_EXACT_OPEN,1696492800000,0
BNBUSDT,1696521600001,0,211.14977299,MARK_PRICE_PREVIOUS_FALLBACK,1696521600000,1
BNBUSDT,1696550400000,0,210.72102737,MARK_PRICE_EXACT_OPEN,1696550400000,0
BNBUSDT,1696579200000,0.00005307,212.5,MARK_PRICE_EXACT_OPEN,1696579200000,0
BNBUSDT,1696608000000,0,212.68,MARK_PRICE_EXACT_OPEN,1696608000000,0
BNBUSDT,1696636800000,0,213.43,MARK_PRICE_EXACT_OPEN,1696636800000,0
BNBUSDT,1696665600000,0.00005017,213.49,MARK_PRICE_EXACT_OPEN,1696665600000,0
BNBUSDT,1696694400000,0,212.69,MARK_PRICE_EXACT_OPEN,1696694400000,0
BNBUSDT,1696723200000,0.00005667,212.33,MARK_PRICE_EXACT_OPEN,1696723200000,0
BNBUSDT,1696752000001,0.00010022,211.79,MARK_PRICE_PREVIOUS_FALLBACK,1696752000000,1
BNBUSDT,1696780800000,0,211.57,MARK_PRICE_EXACT_OPEN,1696780800000,0
BNBUSDT,1696809600000,0,211.42,MARK_PRICE_EXACT_OPEN,1696809600000,0
BNBUSDT,1696838400000,0,211.11455718,MARK_PRICE_EXACT_OPEN,1696838400000,0
BNBUSDT,1696867200000,0,206.88037006,MARK_PRICE_EXACT_OPEN,1696867200000,0
BNBUSDT,1696896000000,0,205.83,MARK_PRICE_EXACT_OPEN,1696896000000,0
BNBUSDT,1696924800000,0,208.61,MARK_PRICE_EXACT_OPEN,1696924800000,0
BNBUSDT,1696953600000,0,207.27990342,MARK_PRICE_EXACT_OPEN,1696953600000,0
BNBUSDT,1696982400000,0,208.51679372,MARK_PRICE_EXACT_OPEN,1696982400000,0
BNBUSDT,1697011200000,0,206.08,MARK_PRICE_EXACT_OPEN,1697011200000,0
BNBUSDT,1697040000000,0,205.27,MARK_PRICE_EXACT_OPEN,1697040000000,0
BNBUSDT,1697068800000,0,206.56399166,MARK_PRICE_EXACT_OPEN,1697068800000,0
BNBUSDT,1697097600000,0,205.31958231,MARK_PRICE_EXACT_OPEN,1697097600000,0
BNBUSDT,1697126400000,0,205.61503072,MARK_PRICE_EXACT_OPEN,1697126400000,0
BNBUSDT,1697155200000,0,205.31,MARK_PRICE_EXACT_OPEN,1697155200000,0
BNBUSDT,1697184000000,0,206.38,MARK_PRICE_EXACT_OPEN,1697184000000,0
BNBUSDT,1697212800000,0,205.73,MARK_PRICE_EXACT_OPEN,1697212800000,0
BNBUSDT,1697241600000,0,206.05,MARK_PRICE_EXACT_OPEN,1697241600000,0
BNBUSDT,1697270400000,0,206.34606531,MARK_PRICE_EXACT_OPEN,1697270400000,0
BNBUSDT,1697299200000,0,206.8,MARK_PRICE_EXACT_OPEN,1697299200000,0
BNBUSDT,1697328000000,0,206.6,MARK_PRICE_EXACT_OPEN,1697328000000,0
BNBUSDT,1697356800000,0,207.49,MARK_PRICE_EXACT_OPEN,1697356800000,0
BNBUSDT,1697385600000,0,209.32535379,MARK_PRICE_EXACT_OPEN,1697385600000,0
BNBUSDT,1697414400000,0,209.86386444,MARK_PRICE_EXACT_OPEN,1697414400000,0
BNBUSDT,1697443200000,0,212.92874575,MARK_PRICE_EXACT_OPEN,1697443200000,0
BNBUSDT,1697472000000,0.00001842,212.86,MARK_PRICE_EXACT_OPEN,1697472000000,0
BNBUSDT,1697500800000,0.00007755,214.73151793,MARK_PRICE_EXACT_OPEN,1697500800000,0
BNBUSDT,1697529600000,0.00010058,213.73421096,MARK_PRICE_EXACT_OPEN,1697529600000,0
BNBUSDT,1697558400000,0,212.1,MARK_PRICE_EXACT_OPEN,1697558400000,0
BNBUSDT,1697587200000,0,211.54087016,MARK_PRICE_EXACT_OPEN,1697587200000,0
BNBUSDT,1697616000000,0,212.63652188,MARK_PRICE_EXACT_OPEN,1697616000000,0
BNBUSDT,1697644800000,0,211.73,MARK_PRICE_EXACT_OPEN,1697644800000,0
BNBUSDT,1697673600000,0,210.32347088,MARK_PRICE_EXACT_OPEN,1697673600000,0
BNBUSDT,1697702400001,0,210.1,MARK_PRICE_PREVIOUS_FALLBACK,1697702400000,1
BNBUSDT,1697731200000,0,210.43,MARK_PRICE_EXACT_OPEN,1697731200000,0
BNBUSDT,1697760000000,0.00006957,211.31855025,MARK_PRICE_EXACT_OPEN,1697760000000,0
BNBUSDT,1697788800005,0.00011408,212.51,MARK_PRICE_PREVIOUS_FALLBACK,1697788800000,5
BNBUSDT,1697817600000,0.00004644,212.91753675,MARK_PRICE_EXACT_OPEN,1697817600000,0
BNBUSDT,1697846400000,0,212.15263413,MARK_PRICE_EXACT_OPEN,1697846400000,0
BNBUSDT,1697875200000,0.00004906,212.86425322,MARK_PRICE_EXACT_OPEN,1697875200000,0
BNBUSDT,1697904000000,0.00013226,214.44,MARK_PRICE_EXACT_OPEN,1697904000000,0
BNBUSDT,1697932800000,0.00014634,214.31707386,MARK_PRICE_EXACT_OPEN,1697932800000,0
BNBUSDT,1697961600000,0.00005499,214.26325735,MARK_PRICE_EXACT_OPEN,1697961600000,0
BNBUSDT,1697990400000,0.00010372,214.29472169,MARK_PRICE_EXACT_OPEN,1697990400000,0
BNBUSDT,1698019200000,0.00016356,217.91794497,MARK_PRICE_EXACT_OPEN,1698019200000,0
BNBUSDT,1698048000001,0.00016456,219.71225835,MARK_PRICE_PREVIOUS_FALLBACK,1698048000000,1
BNBUSDT,1698076800001,0,219.38720275,MARK_PRICE_PREVIOUS_FALLBACK,1698076800000,1
BNBUSDT,1698105600000,0.00018908,228.69575334,MARK_PRICE_EXACT_OPEN,1698105600000,0
BNBUSDT,1698134400000,0.00012343,227.79,MARK_PRICE_EXACT_OPEN,1698134400000,0
BNBUSDT,1698163200000,0.0000884,224.03,MARK_PRICE_EXACT_OPEN,1698163200000,0
BNBUSDT,1698192000000,0.00009778,225.31399198,MARK_PRICE_EXACT_OPEN,1698192000000,0
BNBUSDT,1698220800000,0.00007814,225.02,MARK_PRICE_EXACT_OPEN,1698220800000,0
BNBUSDT,1698249600001,0.00028079,227.01,MARK_PRICE_PREVIOUS_FALLBACK,1698249600000,1
BNBUSDT,1698278400001,0.00016568,222.21,MARK_PRICE_PREVIOUS_FALLBACK,1698278400000,1
BNBUSDT,1698307200000,0.0003727,226.67039785,MARK_PRICE_EXACT_OPEN,1698307200000,0
BNBUSDT,1698336000000,0.00008304,221.15,MARK_PRICE_EXACT_OPEN,1698336000000,0
BNBUSDT,1698364800000,0.0000869,223.31619563,MARK_PRICE_EXACT_OPEN,1698364800000,0
BNBUSDT,1698393600000,0.00020316,223.3,MARK_PRICE_EXACT_OPEN,1698393600000,0
BNBUSDT,1698422400000,0.00016698,226.01322591,MARK_PRICE_EXACT_OPEN,1698422400000,0
BNBUSDT,1698451200000,0.00005912,224.18,MARK_PRICE_EXACT_OPEN,1698451200000,0
BNBUSDT,1698480000001,0.00005005,227.41474948,MARK_PRICE_PREVIOUS_FALLBACK,1698480000000,1
BNBUSDT,1698508800000,0,226.84,MARK_PRICE_EXACT_OPEN,1698508800000,0
BNBUSDT,1698537600000,0.00001209,225.81,MARK_PRICE_EXACT_OPEN,1698537600000,0
BNBUSDT,1698566400000,0.00002392,225.87,MARK_PRICE_EXACT_OPEN,1698566400000,0
BNBUSDT,1698595200000,0.00011465,226.59251112,MARK_PRICE_EXACT_OPEN,1698595200000,0
BNBUSDT,1698624000000,0.00011571,227.2,MARK_PRICE_EXACT_OPEN,1698624000000,0
BNBUSDT,1698652800000,0,226.11939838,MARK_PRICE_EXACT_OPEN,1698652800000,0
BNBUSDT,1698681600000,0.00021025,228.63951457,MARK_PRICE_EXACT_OPEN,1698681600000,0
BNBUSDT,1698710400001,0.0001924,228.08064279,MARK_PRICE_PREVIOUS_FALLBACK,1698710400000,1
BNBUSDT,1698739200000,0.00009373,226.01739414,MARK_PRICE_EXACT_OPEN,1698739200000,0
BNBUSDT,1698768000000,0.00006436,224.58,MARK_PRICE_EXACT_OPEN,1698768000000,0
BNBUSDT,1698796800000,0.0000332,226.3200864,MARK_PRICE_EXACT_OPEN,1698796800000,0
BNBUSDT,1698825600000,0.00009291,224.72,MARK_PRICE_EXACT_OPEN,1698825600000,0
BNBUSDT,1698854400000,0.00000657,223.40478478,MARK_PRICE_EXACT_OPEN,1698854400000,0
BNBUSDT,1698883200001,0.00045291,228.14372772,MARK_PRICE_PREVIOUS_FALLBACK,1698883200000,1
BNBUSDT,1698912000000,0.0002308,229.97,MARK_PRICE_EXACT_OPEN,1698912000000,0
BNBUSDT,1698940800000,0.00018876,229.57,MARK_PRICE_EXACT_OPEN,1698940800000,0
BNBUSDT,1698969600000,0.00031866,231.95339946,MARK_PRICE_EXACT_OPEN,1698969600000,0
BNBUSDT,1698998400000,0.00015085,229.91392414,MARK_PRICE_EXACT_OPEN,1698998400000,0
BNBUSDT,1699027200000,0,229.59,MARK_PRICE_EXACT_OPEN,1699027200000,0
BNBUSDT,1699056000000,0.00014468,230.36048976,MARK_PRICE_EXACT_OPEN,1699056000000,0
BNBUSDT,1699084800000,0.00011035,231.91,MARK_PRICE_EXACT_OPEN,1699084800000,0
BNBUSDT,1699113600000,0.00020234,234.92,MARK_PRICE_EXACT_OPEN,1699113600000,0
BNBUSDT,1699142400000,0.00003718,237.29271688,MARK_PRICE_EXACT_OPEN,1699142400000,0
BNBUSDT,1699171200000,0.00011953,244.68,MARK_PRICE_EXACT_OPEN,1699171200000,0
BNBUSDT,1699200000000,0,240.81586461,MARK_PRICE_EXACT_OPEN,1699200000000,0
BNBUSDT,1699228800000,0.0001156,244,MARK_PRICE_EXACT_OPEN,1699228800000,0
BNBUSDT,1699257600001,0.00012608,244.42081526,MARK_PRICE_PREVIOUS_FALLBACK,1699257600000,1
BNBUSDT,1699286400000,0.00028825,251.78161363,MARK_PRICE_EXACT_OPEN,1699286400000,0
BNBUSDT,1699315200001,0.00036433,255,MARK_PRICE_PREVIOUS_FALLBACK,1699315200000,1
BNBUSDT,1699344000000,0.00012425,251.32464029,MARK_PRICE_EXACT_OPEN,1699344000000,0
BNBUSDT,1699372800000,0.00018195,244.57389249,MARK_PRICE_EXACT_OPEN,1699372800000,0
BNBUSDT,1699401600000,0.00024655,246.38,MARK_PRICE_EXACT_OPEN,1699401600000,0
BNBUSDT,1699430400000,0.00032454,246.05,MARK_PRICE_EXACT_OPEN,1699430400000,0
BNBUSDT,1699459200000,0.00015094,245.91,MARK_PRICE_EXACT_OPEN,1699459200000,0
BNBUSDT,1699488000000,0.00002084,246.77,MARK_PRICE_EXACT_OPEN,1699488000000,0
BNBUSDT,1699516800000,0.00026824,248.48,MARK_PRICE_EXACT_OPEN,1699516800000,0
BNBUSDT,1699545600000,0.0002366,251.90830342,MARK_PRICE_EXACT_OPEN,1699545600000,0
BNBUSDT,1699574400000,0,251.78765685,MARK_PRICE_EXACT_OPEN,1699574400000,0
BNBUSDT,1699603200000,0.00034888,251.65206055,MARK_PRICE_EXACT_OPEN,1699603200000,0
BNBUSDT,1699632000000,0.00001874,249.93,MARK_PRICE_EXACT_OPEN,1699632000000,0
BNBUSDT,1699660800000,0.0002068,251.12230372,MARK_PRICE_EXACT_OPEN,1699660800000,0
BNBUSDT,1699689600000,0.00028954,248.94828386,MARK_PRICE_EXACT_OPEN,1699689600000,0
BNBUSDT,1699718400000,0.00030396,253.15,MARK_PRICE_EXACT_OPEN,1699718400000,0
BNBUSDT,1699747200000,0.00004515,251.66,MARK_PRICE_EXACT_OPEN,1699747200000,0
BNBUSDT,1699776000000,0,250.83,MARK_PRICE_EXACT_OPEN,1699776000000,0
BNBUSDT,1699804800001,0.00013559,248.83,MARK_PRICE_PREVIOUS_FALLBACK,1699804800000,1
BNBUSDT,1699833600000,0.0002285,247.62563166,MARK_PRICE_EXACT_OPEN,1699833600000,0
BNBUSDT,1699862400000,0.00014417,245.93,MARK_PRICE_EXACT_OPEN,1699862400000,0
BNBUSDT,1699891200000,0.00020254,247.25,MARK_PRICE_EXACT_OPEN,1699891200000,0
BNBUSDT,1699920000000,0.00008527,241.11508847,MARK_PRICE_EXACT_OPEN,1699920000000,0
BNBUSDT,1699948800000,0.0002848,244.55,MARK_PRICE_EXACT_OPEN,1699948800000,0
BNBUSDT,1699977600001,0.0001391,244.35522778,MARK_PRICE_PREVIOUS_FALLBACK,1699977600000,1
BNBUSDT,1700006400000,0.0001202,242.37114515,MARK_PRICE_EXACT_OPEN,1700006400000,0
BNBUSDT,1700035200000,0.00010922,245.45,MARK_PRICE_EXACT_OPEN,1700035200000,0
BNBUSDT,1700064000000,0.00020872,252.55314648,MARK_PRICE_EXACT_OPEN,1700064000000,0
BNBUSDT,1700092800000,0.00021605,253.94300874,MARK_PRICE_EXACT_OPEN,1700092800000,0
BNBUSDT,1700121600000,0.00034375,255.15703202,MARK_PRICE_EXACT_OPEN,1700121600000,0
BNBUSDT,1700150400001,0.00004184,246.62577071,MARK_PRICE_PREVIOUS_FALLBACK,1700150400000,1
BNBUSDT,1700179200000,0.00011211,242.82,MARK_PRICE_EXACT_OPEN,1700179200000,0
BNBUSDT,1700208000001,0,244.62317042,MARK_PRICE_PREVIOUS_FALLBACK,1700208000000,1
BNBUSDT,1700236800001,0,239.17573013,MARK_PRICE_PREVIOUS_FALLBACK,1700236800000,1
BNBUSDT,1700265600000,0.00009828,244.97,MARK_PRICE_EXACT_OPEN,1700265600000,0
BNBUSDT,1700294400000,7.3e-7,241.94,MARK_PRICE_EXACT_OPEN,1700294400000,0
BNBUSDT,1700323200000,0.00010103,244.55,MARK_PRICE_EXACT_OPEN,1700323200000,0
BNBUSDT,1700352000000,0.0000412,244.85054695,MARK_PRICE_EXACT_OPEN,1700352000000,0
BNBUSDT,1700380800000,0.00008239,244.42010017,MARK_PRICE_EXACT_OPEN,1700380800000,0
BNBUSDT,1700409600000,0,243.60405849,MARK_PRICE_EXACT_OPEN,1700409600000,0
BNBUSDT,1700438400000,0,246.56,MARK_PRICE_EXACT_OPEN,1700438400000,0
BNBUSDT,1700467200000,0.00015667,247.44835673,MARK_PRICE_EXACT_OPEN,1700467200000,0
BNBUSDT,1700496000000,0.00027553,248.28,MARK_PRICE_EXACT_OPEN,1700496000000,0
BNBUSDT,1700524800000,0.00031647,253.27,MARK_PRICE_EXACT_OPEN,1700524800000,0
BNBUSDT,1700553600000,0.00027205,257.43801877,MARK_PRICE_EXACT_OPEN,1700553600000,0
BNBUSDT,1700582400000,0.00016938,264.62,MARK_PRICE_EXACT_OPEN,1700582400000,0
BNBUSDT,1700611200000,0.0001286,225.67,MARK_PRICE_EXACT_OPEN,1700611200000,0
BNBUSDT,1700640000000,0.00011204,233.12557331,MARK_PRICE_EXACT_OPEN,1700640000000,0
BNBUSDT,1700668800000,0,231.78,MARK_PRICE_EXACT_OPEN,1700668800000,0
BNBUSDT,1700697600000,0.00002091,236.33012985,MARK_PRICE_EXACT_OPEN,1700697600000,0
BNBUSDT,1700726400000,0.0000143,235.29547122,MARK_PRICE_EXACT_OPEN,1700726400000,0
BNBUSDT,1700755200001,0.00016511,230.83,MARK_PRICE_PREVIOUS_FALLBACK,1700755200000,1
BNBUSDT,1700784000000,0,233.83710302,MARK_PRICE_EXACT_OPEN,1700784000000,0
BNBUSDT,1700812800000,0.00019691,235.62,MARK_PRICE_EXACT_OPEN,1700812800000,0
BNBUSDT,1700841600000,0.00002427,235.24,MARK_PRICE_EXACT_OPEN,1700841600000,0
BNBUSDT,1700870400000,0,232.85403744,MARK_PRICE_EXACT_OPEN,1700870400000,0
BNBUSDT,1700899200000,0.00025756,235.59,MARK_PRICE_EXACT_OPEN,1700899200000,0
BNBUSDT,1700928000000,0.00014545,233.73,MARK_PRICE_EXACT_OPEN,1700928000000,0
BNBUSDT,1700956800000,0.0001503,234.44,MARK_PRICE_EXACT_OPEN,1700956800000,0
BNBUSDT,1700985600000,0.00007223,233.89340624,MARK_PRICE_EXACT_OPEN,1700985600000,0
BNBUSDT,1701014400000,0,231.51079722,MARK_PRICE_EXACT_OPEN,1701014400000,0
BNBUSDT,1701043200000,0,231.80773312,MARK_PRICE_EXACT_OPEN,1701043200000,0
BNBUSDT,1701072000001,0.00015847,229.17,MARK_PRICE_PREVIOUS_FALLBACK,1701072000000,1
BNBUSDT,1701100800000,0.00020207,222.90526394,MARK_PRICE_EXACT_OPEN,1701100800000,0
BNBUSDT,1701129600000,0.00013513,227.40702015,MARK_PRICE_EXACT_OPEN,1701129600000,0
BNBUSDT,1701158400000,0,225.95,MARK_PRICE_EXACT_OPEN,1701158400000,0
BNBUSDT,1701187200000,0.00020157,229.88722865,MARK_PRICE_EXACT_OPEN,1701187200000,0
BNBUSDT,1701216000001,0.00026042,229.87808822,MARK_PRICE_PREVIOUS_FALLBACK,1701216000000,1
BNBUSDT,1701244800000,0.0000664,230.06291151,MARK_PRICE_EXACT_OPEN,1701244800000,0
BNBUSDT,1701273600000,0.00013501,227.69552117,MARK_PRICE_EXACT_OPEN,1701273600000,0
BNBUSDT,1701302400000,0.00018377,227.43,MARK_PRICE_EXACT_OPEN,1701302400000,0
BNBUSDT,1701331200000,0.00017534,227.9,MARK_PRICE_EXACT_OPEN,1701331200000,0
BNBUSDT,1701360000000,0.00026077,226.77411289,MARK_PRICE_EXACT_OPEN,1701360000000,0
BNBUSDT,1701388800000,0.00025738,227.67,MARK_PRICE_EXACT_OPEN,1701388800000,0
BNBUSDT,1701417600000,0.00010274,228.70921619,MARK_PRICE_EXACT_OPEN,1701417600000,0
BNBUSDT,1701446400000,0.00008002,228.44630939,MARK_PRICE_EXACT_OPEN,1701446400000,0
BNBUSDT,1701475200000,0.00016693,228.64,MARK_PRICE_EXACT_OPEN,1701475200000,0
BNBUSDT,1701504000000,0.00013631,228.54,MARK_PRICE_EXACT_OPEN,1701504000000,0
BNBUSDT,1701532800000,0.00017616,227.29466236,MARK_PRICE_EXACT_OPEN,1701532800000,0
BNBUSDT,1701561600000,0.00019017,229.20169298,MARK_PRICE_EXACT_OPEN,1701561600000,0
BNBUSDT,1701590400000,0.00022044,228.27503638,MARK_PRICE_EXACT_OPEN,1701590400000,0
BNBUSDT,1701619200000,0.00016106,227.1,MARK_PRICE_EXACT_OPEN,1701619200000,0
BNBUSDT,1701648000000,0.00032083,228.224658,MARK_PRICE_EXACT_OPEN,1701648000000,0
BNBUSDT,1701676800000,0.00035922,232.09,MARK_PRICE_EXACT_OPEN,1701676800000,0
BNBUSDT,1701705600000,0.00005577,230.06,MARK_PRICE_EXACT_OPEN,1701705600000,0
BNBUSDT,1701734400000,0.00018187,233.64502876,MARK_PRICE_EXACT_OPEN,1701734400000,0
BNBUSDT,1701763200000,0,229.53,MARK_PRICE_EXACT_OPEN,1701763200000,0
BNBUSDT,1701792000000,0.00009039,231.25,MARK_PRICE_EXACT_OPEN,1701792000000,0
BNBUSDT,1701820800000,0.00019828,231.37491931,MARK_PRICE_EXACT_OPEN,1701820800000,0
BNBUSDT,1701849600000,0.00023706,233.38,MARK_PRICE_EXACT_OPEN,1701849600000,0
BNBUSDT,1701878400000,0.00020088,230.15,MARK_PRICE_EXACT_OPEN,1701878400000,0
BNBUSDT,1701907200000,0.00019185,229.56273052,MARK_PRICE_EXACT_OPEN,1701907200000,0
BNBUSDT,1701936000000,0.00031347,232.69,MARK_PRICE_EXACT_OPEN,1701936000000,0
BNBUSDT,1701964800000,0.00027723,232.78380855,MARK_PRICE_EXACT_OPEN,1701964800000,0
BNBUSDT,1701993600000,0.00038437,232.8,MARK_PRICE_EXACT_OPEN,1701993600000,0
BNBUSDT,1702022400000,0.00044477,232.99721188,MARK_PRICE_EXACT_OPEN,1702022400000,0
BNBUSDT,1702051200000,0.00040557,235.10476548,MARK_PRICE_EXACT_OPEN,1702051200000,0
BNBUSDT,1702080000000,0.00056478,239.1,MARK_PRICE_EXACT_OPEN,1702080000000,0
BNBUSDT,1702108800000,0.00046081,244.16,MARK_PRICE_EXACT_OPEN,1702108800000,0
BNBUSDT,1702137600000,0.00034844,240.7,MARK_PRICE_EXACT_OPEN,1702137600000,0
BNBUSDT,1702166400000,0.00030973,237.70251482,MARK_PRICE_EXACT_OPEN,1702166400000,0
BNBUSDT,1702195200000,0.00025556,240.74,MARK_PRICE_EXACT_OPEN,1702195200000,0
BNBUSDT,1702224000000,0.00026895,240.13,MARK_PRICE_EXACT_OPEN,1702224000000,0
BNBUSDT,1702252800000,0.00033978,239.92102354,MARK_PRICE_EXACT_OPEN,1702252800000,0
BNBUSDT,1702281600000,0.00009472,232.59260004,MARK_PRICE_EXACT_OPEN,1702281600000,0
BNBUSDT,1702310400000,0.0000878,244.5,MARK_PRICE_EXACT_OPEN,1702310400000,0
BNBUSDT,1702339200000,0,246.63,MARK_PRICE_EXACT_OPEN,1702339200000,0
BNBUSDT,1702368000000,0,250.46,MARK_PRICE_EXACT_OPEN,1702368000000,0
BNBUSDT,1702396800000,0,253.94,MARK_PRICE_EXACT_OPEN,1702396800000,0
BNBUSDT,1702425600000,-0.00052326,253.64,MARK_PRICE_EXACT_OPEN,1702425600000,0
BNBUSDT,1702454400000,-0.00022655,247.60565201,MARK_PRICE_EXACT_OPEN,1702454400000,0
BNBUSDT,1702483200001,-0.00050377,251.38371048,MARK_PRICE_PREVIOUS_FALLBACK,1702483200000,1
BNBUSDT,1702512000000,-0.00061075,251.83,MARK_PRICE_EXACT_OPEN,1702512000000,0
BNBUSDT,1702540800000,-0.00017671,250.62861124,MARK_PRICE_EXACT_OPEN,1702540800000,0
BNBUSDT,1702569600000,-0.00057153,250.99614591,MARK_PRICE_EXACT_OPEN,1702569600000,0
BNBUSDT,1702598400000,0,253.13136134,MARK_PRICE_EXACT_OPEN,1702598400000,0
BNBUSDT,1702627200000,-0.00012952,248.94262031,MARK_PRICE_EXACT_OPEN,1702627200000,0
BNBUSDT,1702656000000,-0.0003711,245.82915259,MARK_PRICE_EXACT_OPEN,1702656000000,0
BNBUSDT,1702684800000,-0.00062037,244.55,MARK_PRICE_EXACT_OPEN,1702684800000,0
BNBUSDT,1702713600000,-0.00029789,246.61,MARK_PRICE_EXACT_OPEN,1702713600000,0
BNBUSDT,1702742400001,-0.00017219,246.11553795,MARK_PRICE_PREVIOUS_FALLBACK,1702742400000,1
BNBUSDT,1702771200000,-0.00038977,244.16497029,MARK_PRICE_EXACT_OPEN,1702771200000,0
BNBUSDT,1702800000000,0,240.31426148,MARK_PRICE_EXACT_OPEN,1702800000000,0
BNBUSDT,1702828800000,0,242.19,MARK_PRICE_EXACT_OPEN,1702828800000,0
BNBUSDT,1702857600000,0,238.97693805,MARK_PRICE_EXACT_OPEN,1702857600000,0
BNBUSDT,1702886400001,0.00014795,236.96793486,MARK_PRICE_PREVIOUS_FALLBACK,1702886400000,1
BNBUSDT,1702915200000,0.00012657,237.17,MARK_PRICE_EXACT_OPEN,1702915200000,0
BNBUSDT,1702944000000,0.0000811,241.86,MARK_PRICE_EXACT_OPEN,1702944000000,0
BNBUSDT,1702972800000,0.00013199,245.09,MARK_PRICE_EXACT_OPEN,1702972800000,0
BNBUSDT,1703001600000,0,251.19,MARK_PRICE_EXACT_OPEN,1703001600000,0
BNBUSDT,1703030400000,-0.00128946,252.35,MARK_PRICE_EXACT_OPEN,1703030400000,0
BNBUSDT,1703059200000,-0.00001369,256.09,MARK_PRICE_EXACT_OPEN,1703059200000,0
BNBUSDT,1703088000000,-0.00036193,257.86,MARK_PRICE_EXACT_OPEN,1703088000000,0
BNBUSDT,1703116800000,-0.00094659,259.99,MARK_PRICE_EXACT_OPEN,1703116800000,0
BNBUSDT,1703145600000,-0.00059303,260.54,MARK_PRICE_EXACT_OPEN,1703145600000,0
BNBUSDT,1703174400000,-0.0001517,271.36001733,MARK_PRICE_EXACT_OPEN,1703174400000,0
BNBUSDT,1703203200000,-0.00052916,271.93396004,MARK_PRICE_EXACT_OPEN,1703203200000,0
BNBUSDT,1703232000000,-0.00046821,265.18887017,MARK_PRICE_EXACT_OPEN,1703232000000,0
BNBUSDT,1703260800000,-0.00005726,271.55418458,MARK_PRICE_EXACT_OPEN,1703260800000,0
BNBUSDT,1703289600000,-0.00016143,271.0750147,MARK_PRICE_EXACT_OPEN,1703289600000,0
BNBUSDT,1703318400001,-0.00021826,265.95,MARK_PRICE_PREVIOUS_FALLBACK,1703318400000,1
BNBUSDT,1703347200000,-0.00101472,269.51868552,MARK_PRICE_EXACT_OPEN,1703347200000,0
BNBUSDT,1703376000000,-0.0006357,270.76,MARK_PRICE_EXACT_OPEN,1703376000000,0
BNBUSDT,1703404800000,-0.00004087,269.04524729,MARK_PRICE_EXACT_OPEN,1703404800000,0
BNBUSDT,1703433600000,-0.00011773,269.09470769,MARK_PRICE_EXACT_OPEN,1703433600000,0
BNBUSDT,1703462400000,-0.0005857,264.02,MARK_PRICE_EXACT_OPEN,1703462400000,0
BNBUSDT,1703491200000,-0.00016186,264.89174033,MARK_PRICE_EXACT_OPEN,1703491200000,0
BNBUSDT,1703520000000,0,267.01186136,MARK_PRICE_EXACT_OPEN,1703520000000,0
BNBUSDT,1703548800000,0,266.55,MARK_PRICE_EXACT_OPEN,1703548800000,0
BNBUSDT,1703577600000,0,272.87088599,MARK_PRICE_EXACT_OPEN,1703577600000,0
BNBUSDT,1703606400000,0,296.06463344,MARK_PRICE_EXACT_OPEN,1703606400000,0
BNBUSDT,1703635200000,0,297.58045215,MARK_PRICE_EXACT_OPEN,1703635200000,0
BNBUSDT,1703664000000,0,292.82,MARK_PRICE_EXACT_OPEN,1703664000000,0
BNBUSDT,1703692800000,-0.00082735,311.43907088,MARK_PRICE_EXACT_OPEN,1703692800000,0
BNBUSDT,1703721600000,-0.0010039,323.76,MARK_PRICE_EXACT_OPEN,1703721600000,0
BNBUSDT,1703750400000,-0.00047746,323.54,MARK_PRICE_EXACT_OPEN,1703750400000,0
BNBUSDT,1703779200000,-0.00114629,328.79294799,MARK_PRICE_EXACT_OPEN,1703779200000,0
BNBUSDT,1703808000001,-0.00073016,322.92638397,MARK_PRICE_PREVIOUS_FALLBACK,1703808000000,1
BNBUSDT,1703836800000,-0.00043385,313.14,MARK_PRICE_EXACT_OPEN,1703836800000,0
BNBUSDT,1703865600000,-0.00055142,311.22,MARK_PRICE_EXACT_OPEN,1703865600000,0
BNBUSDT,1703894400001,-0.00047138,313.0682264,MARK_PRICE_PREVIOUS_FALLBACK,1703894400000,1
BNBUSDT,1703923200000,-0.00067585,317.81,MARK_PRICE_EXACT_OPEN,1703923200000,0
BNBUSDT,1703952000000,-0.00064912,318.15721004,MARK_PRICE_EXACT_OPEN,1703952000000,0
BNBUSDT,1703980800000,-0.0012624,316.71,MARK_PRICE_EXACT_OPEN,1703980800000,0
BNBUSDT,1704009600001,-0.00099242,322.43919541,MARK_PRICE_PREVIOUS_FALLBACK,1704009600000,1
BNBUSDT,1704038400000,-0.00075371,315.30530028,MARK_PRICE_EXACT_OPEN,1704038400000,0
BNBUSDT,1704067200000,-0.00115565,311.33,MARK_PRICE_EXACT_OPEN,1704067200000,0
BNBUSDT,1704096000000,-0.00043985,310.49691766,MARK_PRICE_EXACT_OPEN,1704096000000,0
BNBUSDT,1704124800000,-0.00021335,312.24045914,MARK_PRICE_EXACT_OPEN,1704124800000,0
BNBUSDT,1704153600000,-0.00004388,313.4848514,MARK_PRICE_EXACT_OPEN,1704153600000,0
BNBUSDT,1704182400000,-0.00001968,317.24,MARK_PRICE_EXACT_OPEN,1704182400000,0
BNBUSDT,1704211200000,0,308.22,MARK_PRICE_EXACT_OPEN,1704211200000,0
BNBUSDT,1704240000000,-0.00040129,311.88,MARK_PRICE_EXACT_OPEN,1704240000000,0
BNBUSDT,1704268800000,0,316.81252076,MARK_PRICE_EXACT_OPEN,1704268800000,0
BNBUSDT,1704297600000,-0.00038446,316.85289871,MARK_PRICE_EXACT_OPEN,1704297600000,0
BNBUSDT,1704326400000,-0.00036362,315.6,MARK_PRICE_EXACT_OPEN,1704326400000,0
BNBUSDT,1704355200000,-0.000126,318.23,MARK_PRICE_EXACT_OPEN,1704355200000,0
BNBUSDT,1704384000000,-0.00019163,319.49,MARK_PRICE_EXACT_OPEN,1704384000000,0
BNBUSDT,1704412800001,-0.00073744,322.94610367,MARK_PRICE_PREVIOUS_FALLBACK,1704412800000,1
BNBUSDT,1704441600000,-0.00058221,317.14,MARK_PRICE_EXACT_OPEN,1704441600000,0
BNBUSDT,1704470400000,-0.00096824,313.44759894,MARK_PRICE_EXACT_OPEN,1704470400000,0
BNBUSDT,1704499200000,-0.00118881,317.14,MARK_PRICE_EXACT_OPEN,1704499200000,0
BNBUSDT,1704528000000,-0.00082243,303.57449363,MARK_PRICE_EXACT_OPEN,1704528000000,0
BNBUSDT,1704556800000,-0.00088029,306.55,MARK_PRICE_EXACT_OPEN,1704556800000,0
BNBUSDT,1704585600000,-0.0009864,307.21468087,MARK_PRICE_EXACT_OPEN,1704585600000,0
BNBUSDT,1704614400001,-0.00098181,308.46004123,MARK_PRICE_PREVIOUS_FALLBACK,1704614400000,1
BNBUSDT,1704643200001,-0.00075307,305.14844555,MARK_PRICE_PREVIOUS_FALLBACK,1704643200000,1
BNBUSDT,1704672000000,-0.00087928,302.03,MARK_PRICE_EXACT_OPEN,1704672000000,0
BNBUSDT,1704700800000,-0.00046829,298.55817996,MARK_PRICE_EXACT_OPEN,1704700800000,0
BNBUSDT,1704729600000,-0.00044893,300.94,MARK_PRICE_EXACT_OPEN,1704729600000,0
BNBUSDT,1704758400001,-0.00008596,303.61044853,MARK_PRICE_PREVIOUS_FALLBACK,1704758400000,1
BNBUSDT,1704787200000,0,304.50204453,MARK_PRICE_EXACT_OPEN,1704787200000,0
BNBUSDT,1704816000000,0,301.27,MARK_PRICE_EXACT_OPEN,1704816000000,0
BNBUSDT,1704844800000,0,301.34916774,MARK_PRICE_EXACT_OPEN,1704844800000,0
BNBUSDT,1704873600000,0,299.91742047,MARK_PRICE_EXACT_OPEN,1704873600000,0
BNBUSDT,1704902400000,0,294.87,MARK_PRICE_EXACT_OPEN,1704902400000,0
BNBUSDT,1704931200000,0,305.80539622,MARK_PRICE_EXACT_OPEN,1704931200000,0
BNBUSDT,1704960000000,0,307.65964125,MARK_PRICE_EXACT_OPEN,1704960000000,0
BNBUSDT,1704988800000,0,307.57,MARK_PRICE_EXACT_OPEN,1704988800000,0
BNBUSDT,1705017600001,0.00003989,308.88133061,MARK_PRICE_PREVIOUS_FALLBACK,1705017600000,1
BNBUSDT,1705046400000,0.00003803,308.88226515,MARK_PRICE_EXACT_OPEN,1705046400000,0
BNBUSDT,1705075200000,0.00000654,305.72855083,MARK_PRICE_EXACT_OPEN,1705075200000,0
BNBUSDT,1705104000000,0,296.81,MARK_PRICE_EXACT_OPEN,1705104000000,0
BNBUSDT,1705132800000,0,299.38,MARK_PRICE_EXACT_OPEN,1705132800000,0
BNBUSDT,1705161600001,0.00008384,302.57,MARK_PRICE_PREVIOUS_FALLBACK,1705161600000,1
BNBUSDT,1705190400000,0,302.35,MARK_PRICE_EXACT_OPEN,1705190400000,0
BNBUSDT,1705219200000,0.00012056,304.48,MARK_PRICE_EXACT_OPEN,1705219200000,0
BNBUSDT,1705248000001,0,305.70029543,MARK_PRICE_PREVIOUS_FALLBACK,1705248000000,1
BNBUSDT,1705276800000,0.00005667,299.67,MARK_PRICE_EXACT_OPEN,1705276800000,0
BNBUSDT,1705305600000,0.00016931,315.21361263,MARK_PRICE_EXACT_OPEN,1705305600000,0
BNBUSDT,1705334400000,0,313.96301985,MARK_PRICE_EXACT_OPEN,1705334400000,0
BNBUSDT,1705363200000,-0.00033116,317.19420328,MARK_PRICE_EXACT_OPEN,1705363200000,0
BNBUSDT,1705392000000,-0.00050321,316.02300054,MARK_PRICE_EXACT_OPEN,1705392000000,0
BNBUSDT,1705420800001,-0.0003672,317.00468728,MARK_PRICE_PREVIOUS_FALLBACK,1705420800000,1
BNBUSDT,1705449600000,-0.00049143,315.04,MARK_PRICE_EXACT_OPEN,1705449600000,0
BNBUSDT,1705478400000,-0.00002361,308.9,MARK_PRICE_EXACT_OPEN,1705478400000,0
BNBUSDT,1705507200000,-0.000561,311.92,MARK_PRICE_EXACT_OPEN,1705507200000,0
BNBUSDT,1705536000001,-0.00048308,309.02105585,MARK_PRICE_PREVIOUS_FALLBACK,1705536000000,1
BNBUSDT,1705564800000,0,311.48753741,MARK_PRICE_EXACT_OPEN,1705564800000,0
BNBUSDT,1705593600000,-0.00051549,314.85,MARK_PRICE_EXACT_OPEN,1705593600000,0
BNBUSDT,1705622400000,-0.00045823,312.73,MARK_PRICE_EXACT_OPEN,1705622400000,0
BNBUSDT,1705651200000,-0.00055553,311.35177975,MARK_PRICE_EXACT_OPEN,1705651200000,0
BNBUSDT,1705680000002,-0.00041823,311.22609979,MARK_PRICE_PREVIOUS_FALLBACK,1705680000000,2
BNBUSDT,1705708800000,-0.00040077,314.39,MARK_PRICE_EXACT_OPEN,1705708800000,0
BNBUSDT,1705737600003,-0.00028879,313.14,MARK_PRICE_PREVIOUS_FALLBACK,1705737600000,3
BNBUSDT,1705766400000,-0.00045503,313.74,MARK_PRICE_EXACT_OPEN,1705766400000,0
BNBUSDT,1705795200000,-0.00022406,317.04461615,MARK_PRICE_EXACT_OPEN,1705795200000,0
BNBUSDT,1705824000000,-0.00023041,317.35,MARK_PRICE_EXACT_OPEN,1705824000000,0
BNBUSDT,1705852800000,-0.00038554,318.43,MARK_PRICE_EXACT_OPEN,1705852800000,0
BNBUSDT,1705881600000,-0.00018874,318.41,MARK_PRICE_EXACT_OPEN,1705881600000,0
BNBUSDT,1705910400000,-0.00052527,317.53,MARK_PRICE_EXACT_OPEN,1705910400000,0
BNBUSDT,1705939200000,-0.00063548,310.79,MARK_PRICE_EXACT_OPEN,1705939200000,0
BNBUSDT,1705968000000,-0.0003538,305.8,MARK_PRICE_EXACT_OPEN,1705968000000,0
BNBUSDT,1705996800000,-0.00048935,307.99,MARK_PRICE_EXACT_OPEN,1705996800000,0
BNBUSDT,1706025600000,-0.0000659,296.64,MARK_PRICE_EXACT_OPEN,1706025600000,0
BNBUSDT,1706054400000,-0.00036932,298.52,MARK_PRICE_EXACT_OPEN,1706054400000,0
BNBUSDT,1706083200000,0,293.13,MARK_PRICE_EXACT_OPEN,1706083200000,0
BNBUSDT,1706112000000,-0.00009307,294.05,MARK_PRICE_EXACT_OPEN,1706112000000,0
BNBUSDT,1706140800000,0,292.97972175,MARK_PRICE_EXACT_OPEN,1706140800000,0
BNBUSDT,1706169600001,0,292.13,MARK_PRICE_PREVIOUS_FALLBACK,1706169600000,1
BNBUSDT,1706198400000,0,292.59662283,MARK_PRICE_EXACT_OPEN,1706198400000,0
BNBUSDT,1706227200001,0,291.96,MARK_PRICE_PREVIOUS_FALLBACK,1706227200000,1
BNBUSDT,1706256000000,0,294.64915202,MARK_PRICE_EXACT_OPEN,1706256000000,0
BNBUSDT,1706284800000,0,302.70849779,MARK_PRICE_EXACT_OPEN,1706284800000,0
BNBUSDT,1706313600000,0,302.09816357,MARK_PRICE_EXACT_OPEN,1706313600000,0
BNBUSDT,1706342400000,0,303.12678203,MARK_PRICE_EXACT_OPEN,1706342400000,0
BNBUSDT,1706371200000,0,303.6522378,MARK_PRICE_EXACT_OPEN,1706371200000,0
BNBUSDT,1706400000000,0,305.65015044,MARK_PRICE_EXACT_OPEN,1706400000000,0
BNBUSDT,1706428800000,0,305.81575715,MARK_PRICE_EXACT_OPEN,1706428800000,0
BNBUSDT,1706457600000,0,304.96,MARK_PRICE_EXACT_OPEN,1706457600000,0
BNBUSDT,1706486400000,0,305.24,MARK_PRICE_EXACT_OPEN,1706486400000,0
BNBUSDT,1706515200001,0,306.0846489,MARK_PRICE_PREVIOUS_FALLBACK,1706515200000,1
BNBUSDT,1706544000000,0,308.4,MARK_PRICE_EXACT_OPEN,1706544000000,0
BNBUSDT,1706572800000,0,310.66742166,MARK_PRICE_EXACT_OPEN,1706572800000,0
BNBUSDT,1706601600000,0,310.92371435,MARK_PRICE_EXACT_OPEN,1706601600000,0
BNBUSDT,1706630400001,0,309.39,MARK_PRICE_PREVIOUS_FALLBACK,1706630400000,1
BNBUSDT,1706659200000,0,307.58,MARK_PRICE_EXACT_OPEN,1706659200000,0
BNBUSDT,1706688000000,0,306.92,MARK_PRICE_EXACT_OPEN,1706688000000,0
BNBUSDT,1706716800000,0,304.7,MARK_PRICE_EXACT_OPEN,1706716800000,0
BNBUSDT,1706745600000,0,300.50845268,MARK_PRICE_EXACT_OPEN,1706745600000,0
BNBUSDT,1706774400000,0,298.08530778,MARK_PRICE_EXACT_OPEN,1706774400000,0
BNBUSDT,1706803200002,0,299.81663401,MARK_PRICE_PREVIOUS_FALLBACK,1706803200000,2
BNBUSDT,1706832000000,0,300.12293225,MARK_PRICE_EXACT_OPEN,1706832000000,0
BNBUSDT,1706860800000,0,303.24453851,MARK_PRICE_EXACT_OPEN,1706860800000,0
BNBUSDT,1706889600000,0,302.3407128,MARK_PRICE_EXACT_OPEN,1706889600000,0
BNBUSDT,1706918400000,0,301.33027727,MARK_PRICE_EXACT_OPEN,1706918400000,0
BNBUSDT,1706947200000,0,302.14358918,MARK_PRICE_EXACT_OPEN,1706947200000,0
BNBUSDT,1706976000001,0,300.41679344,MARK_PRICE_PREVIOUS_FALLBACK,1706976000000,1
BNBUSDT,1707004800000,0,299.66,MARK_PRICE_EXACT_OPEN,1707004800000,0
BNBUSDT,1707033600004,0,299.4,MARK_PRICE_PREVIOUS_FALLBACK,1707033600000,4
BNBUSDT,1707062400000,0,306.08,MARK_PRICE_EXACT_OPEN,1707062400000,0
BNBUSDT,1707091200000,0,304.65015407,MARK_PRICE_EXACT_OPEN,1707091200000,0
BNBUSDT,1707120000000,0,304.55,MARK_PRICE_EXACT_OPEN,1707120000000,0
BNBUSDT,1707148800000,-0.00005372,300.8,MARK_PRICE_EXACT_OPEN,1707148800000,0
BNBUSDT,1707177600000,0,301.13,MARK_PRICE_EXACT_OPEN,1707177600000,0
BNBUSDT,1707206400001,0,301.66387365,MARK_PRICE_PREVIOUS_FALLBACK,1707206400000,1
BNBUSDT,1707235200000,0,302.72,MARK_PRICE_EXACT_OPEN,1707235200000,0
BNBUSDT,1707264000000,0,302.77,MARK_PRICE_EXACT_OPEN,1707264000000,0
BNBUSDT,1707292800000,0,302.33,MARK_PRICE_EXACT_OPEN,1707292800000,0
BNBUSDT,1707321600000,0,303.32545792,MARK_PRICE_EXACT_OPEN,1707321600000,0
BNBUSDT,1707350400000,0,307.40959922,MARK_PRICE_EXACT_OPEN,1707350400000,0
BNBUSDT,1707379200000,-0.00032307,314.48620583,MARK_PRICE_EXACT_OPEN,1707379200000,0
BNBUSDT,1707408000000,-0.00078676,319.66,MARK_PRICE_EXACT_OPEN,1707408000000,0
BNBUSDT,1707436800000,-0.00127869,318.52,MARK_PRICE_EXACT_OPEN,1707436800000,0
BNBUSDT,1707465600000,-0.00061724,320.63,MARK_PRICE_EXACT_OPEN,1707465600000,0
BNBUSDT,1707494400001,-0.00053458,322.03565531,MARK_PRICE_PREVIOUS_FALLBACK,1707494400000,1
BNBUSDT,1707523200001,-0.00052153,323.92,MARK_PRICE_PREVIOUS_FALLBACK,1707523200000,1
BNBUSDT,1707552000000,-0.00071137,323.05,MARK_PRICE_EXACT_OPEN,1707552000000,0
BNBUSDT,1707580800000,-0.00063224,320.73,MARK_PRICE_EXACT_OPEN,1707580800000,0
BNBUSDT,1707609600000,-0.00061914,322.59,MARK_PRICE_EXACT_OPEN,1707609600000,0
BNBUSDT,1707638400001,-0.0005555,323.8668517,MARK_PRICE_PREVIOUS_FALLBACK,1707638400000,1
BNBUSDT,1707667200000,-0.00056837,320.79141293,MARK_PRICE_EXACT_OPEN,1707667200000,0
BNBUSDT,1707696000000,-0.00066055,320.43,MARK_PRICE_EXACT_OPEN,1707696000000,0
BNBUSDT,1707724800000,-0.00057236,317.99904627,MARK_PRICE_EXACT_OPEN,1707724800000,0
BNBUSDT,1707753600000,-0.00035404,321.96856943,MARK_PRICE_EXACT_OPEN,1707753600000,0
BNBUSDT,1707782400000,-0.00126582,327.68,MARK_PRICE_EXACT_OPEN,1707782400000,0
BNBUSDT,1707811200000,-0.00008124,325.94470317,MARK_PRICE_EXACT_OPEN,1707811200000,0
BNBUSDT,1707840000000,-0.00053432,321.94,MARK_PRICE_EXACT_OPEN,1707840000000,0
BNBUSDT,1707868800000,-0.00058355,324.3,MARK_PRICE_EXACT_OPEN,1707868800000,0
BNBUSDT,1707897600000,-0.00040106,327.79,MARK_PRICE_EXACT_OPEN,1707897600000,0
BNBUSDT,1707926400000,-0.00001939,332.27,MARK_PRICE_EXACT_OPEN,1707926400000,0
BNBUSDT,1707955200000,-0.00028452,333.52328233,MARK_PRICE_EXACT_OPEN,1707955200000,0
BNBUSDT,1707984000000,-0.00010744,344.9045603,MARK_PRICE_EXACT_OPEN,1707984000000,0
BNBUSDT,1708012800000,0,360.36448037,MARK_PRICE_EXACT_OPEN,1708012800000,0
BNBUSDT,1708041600000,0,353.89622922,MARK_PRICE_EXACT_OPEN,1708041600000,0
BNBUSDT,1708070400000,0,356.11881613,MARK_PRICE_EXACT_OPEN,1708070400000,0
BNBUSDT,1708099200000,-0.00011609,358.23,MARK_PRICE_EXACT_OPEN,1708099200000,0
BNBUSDT,1708128000000,0,360.27808242,MARK_PRICE_EXACT_OPEN,1708128000000,0
BNBUSDT,1708156800000,-0.00010731,359.43140839,MARK_PRICE_EXACT_OPEN,1708156800000,0
BNBUSDT,1708185600000,0,351.42105163,MARK_PRICE_EXACT_OPEN,1708185600000,0
BNBUSDT,1708214400000,-0.00015626,352.41976277,MARK_PRICE_EXACT_OPEN,1708214400000,0
BNBUSDT,1708243200000,-0.00023614,355.15497468,MARK_PRICE_EXACT_OPEN,1708243200000,0
BNBUSDT,1708272000000,-0.00007972,352.37404146,MARK_PRICE_EXACT_OPEN,1708272000000,0
BNBUSDT,1708300800000,0,349.74356336,MARK_PRICE_EXACT_OPEN,1708300800000,0
BNBUSDT,1708329600000,0.00035989,354.77,MARK_PRICE_EXACT_OPEN,1708329600000,0
BNBUSDT,1708358400000,0.00019102,354.4277058,MARK_PRICE_EXACT_OPEN,1708358400000,0
BNBUSDT,1708387200000,0.00034939,351.77619134,MARK_PRICE_EXACT_OPEN,1708387200000,0
BNBUSDT,1708416000000,0.00035868,357.81958881,MARK_PRICE_EXACT_OPEN,1708416000000,0
BNBUSDT,1708444800000,0.00007065,351.2452056,MARK_PRICE_EXACT_OPEN,1708444800000,0
BNBUSDT,1708473600000,0.00002817,354.82633152,MARK_PRICE_EXACT_OPEN,1708473600000,0
BNBUSDT,1708502400000,0.0001159,360.45,MARK_PRICE_EXACT_OPEN,1708502400000,0
BNBUSDT,1708531200000,-0.00048781,369.47,MARK_PRICE_EXACT_OPEN,1708531200000,0
BNBUSDT,1708560000001,-0.00052198,379.26137063,MARK_PRICE_PREVIOUS_FALLBACK,1708560000000,1
BNBUSDT,1708588800001,-0.00107399,380.40631724,MARK_PRICE_PREVIOUS_FALLBACK,1708588800000,1
BNBUSDT,1708617600000,-0.00089242,380.71,MARK_PRICE_EXACT_OPEN,1708617600000,0
BNBUSDT,1708646400000,-0.00034341,382.34,MARK_PRICE_EXACT_OPEN,1708646400000,0
BNBUSDT,1708675200000,-0.00084438,374.5,MARK_PRICE_EXACT_OPEN,1708675200000,0
BNBUSDT,1708704000000,-0.00045563,371.28,MARK_PRICE_EXACT_OPEN,1708704000000,0
BNBUSDT,1708732800000,-0.00071438,375.29,MARK_PRICE_EXACT_OPEN,1708732800000,0
BNBUSDT,1708761600001,-0.00055304,379.38203697,MARK_PRICE_PREVIOUS_FALLBACK,1708761600000,1
BNBUSDT,1708790400000,-0.00081788,379.19136026,MARK_PRICE_EXACT_OPEN,1708790400000,0
BNBUSDT,1708819200001,-0.00096796,381.29018966,MARK_PRICE_PREVIOUS_FALLBACK,1708819200000,1
BNBUSDT,1708848000000,-0.00076198,380.28,MARK_PRICE_EXACT_OPEN,1708848000000,0
BNBUSDT,1708876800000,-0.00028782,384.76,MARK_PRICE_EXACT_OPEN,1708876800000,0
BNBUSDT,1708905600000,-0.00017368,388.28,MARK_PRICE_EXACT_OPEN,1708905600000,0
BNBUSDT,1708934400000,-0.00031171,386.10918613,MARK_PRICE_EXACT_OPEN,1708934400000,0
BNBUSDT,1708963200000,-0.00001649,396.33,MARK_PRICE_EXACT_OPEN,1708963200000,0
BNBUSDT,1708992000000,0,401.45,MARK_PRICE_EXACT_OPEN,1708992000000,0
BNBUSDT,1709020800000,-0.00022191,395.53,MARK_PRICE_EXACT_OPEN,1709020800000,0
BNBUSDT,1709049600000,-0.00042917,392.41,MARK_PRICE_EXACT_OPEN,1709049600000,0
BNBUSDT,1709078400000,-0.00062227,394.28,MARK_PRICE_EXACT_OPEN,1709078400000,0
BNBUSDT,1709107200000,-0.00064429,400.19,MARK_PRICE_EXACT_OPEN,1709107200000,0
BNBUSDT,1709136000000,0,413.1,MARK_PRICE_EXACT_OPEN,1709136000000,0
BNBUSDT,1709164800000,0,414.59,MARK_PRICE_EXACT_OPEN,1709164800000,0
BNBUSDT,1709193600000,0.00059364,415.36,MARK_PRICE_EXACT_OPEN,1709193600000,0
BNBUSDT,1709222400000,0.00062688,407.77,MARK_PRICE_EXACT_OPEN,1709222400000,0
BNBUSDT,1709251200000,0.0002258,399.60825395,MARK_PRICE_EXACT_OPEN,1709251200000,0
BNBUSDT,1709280000000,0.00056193,403.91769479,MARK_PRICE_EXACT_OPEN,1709280000000,0
BNBUSDT,1709308800000,0.00029595,403.15,MARK_PRICE_EXACT_OPEN,1709308800000,0
BNBUSDT,1709337600000,0.00045091,407.66,MARK_PRICE_EXACT_OPEN,1709337600000,0
BNBUSDT,1709366400001,0.00060239,410.30317908,MARK_PRICE_PREVIOUS_FALLBACK,1709366400000,1
BNBUSDT,1709395200000,0.00060028,407.98938405,MARK_PRICE_EXACT_OPEN,1709395200000,0
BNBUSDT,1709424000000,0.00062465,411.17,MARK_PRICE_EXACT_OPEN,1709424000000,0
BNBUSDT,1709452800000,0.00056194,407.09,MARK_PRICE_EXACT_OPEN,1709452800000,0
BNBUSDT,1709481600000,0.00059759,413.46,MARK_PRICE_EXACT_OPEN,1709481600000,0
BNBUSDT,1709510400000,0.00052271,414.73,MARK_PRICE_EXACT_OPEN,1709510400000,0
BNBUSDT,1709539200000,0.00066328,417.15813544,MARK_PRICE_EXACT_OPEN,1709539200000,0
BNBUSDT,1709568000000,0.00048318,419.06,MARK_PRICE_EXACT_OPEN,1709568000000,0
BNBUSDT,1709596800000,0.00045848,418.70559454,MARK_PRICE_EXACT_OPEN,1709596800000,0
BNBUSDT,1709625600000,0.00100171,418.64,MARK_PRICE_EXACT_OPEN,1709625600000,0
BNBUSDT,1709654400000,0.00068298,416.36,MARK_PRICE_EXACT_OPEN,1709654400000,0
BNBUSDT,1709683200000,0,394.12828864,MARK_PRICE_EXACT_OPEN,1709683200000,0
BNBUSDT,1709712000001,0.00021672,411.41,MARK_PRICE_PREVIOUS_FALLBACK,1709712000000,1
BNBUSDT,1709740800000,0.00003112,419.95,MARK_PRICE_EXACT_OPEN,1709740800000,0
BNBUSDT,1709769600000,0,429.58957075,MARK_PRICE_EXACT_OPEN,1709769600000,0
BNBUSDT,1709798400000,0.00017842,434.4023502,MARK_PRICE_EXACT_OPEN,1709798400000,0
BNBUSDT,1709827200000,0.00001547,449.27,MARK_PRICE_EXACT_OPEN,1709827200000,0
BNBUSDT,1709856000000,0,474.57827971,MARK_PRICE_EXACT_OPEN,1709856000000,0
BNBUSDT,1709884800000,0,468.11,MARK_PRICE_EXACT_OPEN,1709884800000,0
BNBUSDT,1709913600000,-0.00001113,472.49363359,MARK_PRICE_EXACT_OPEN,1709913600000,0
BNBUSDT,1709942400000,-0.00012383,485.54298282,MARK_PRICE_EXACT_OPEN,1709942400000,0
BNBUSDT,1709971200001,-0.00019497,486.90298022,MARK_PRICE_PREVIOUS_FALLBACK,1709971200000,1
BNBUSDT,1710000000000,-0.00023847,483.98,MARK_PRICE_EXACT_OPEN,1710000000000,0
BNBUSDT,1710028800000,-0.00006201,488.05,MARK_PRICE_EXACT_OPEN,1710028800000,0
BNBUSDT,1710057600000,0,503.66886578,MARK_PRICE_EXACT_OPEN,1710057600000,0
BNBUSDT,1710086400000,0.00036256,521.36,MARK_PRICE_EXACT_OPEN,1710086400000,0
BNBUSDT,1710115200000,0,529.02856915,MARK_PRICE_EXACT_OPEN,1710115200000,0
BNBUSDT,1710144000000,0.00002344,528.25454936,MARK_PRICE_EXACT_OPEN,1710144000000,0
BNBUSDT,1710172800000,0.00007373,515.90914306,MARK_PRICE_EXACT_OPEN,1710172800000,0
BNBUSDT,1710201600000,0.00019661,522.96583562,MARK_PRICE_EXACT_OPEN,1710201600000,0
BNBUSDT,1710230400000,0.0005555,539.00875163,MARK_PRICE_EXACT_OPEN,1710230400000,0
BNBUSDT,1710259200000,0.00006989,542.18821407,MARK_PRICE_EXACT_OPEN,1710259200000,0
BNBUSDT,1710288000000,0.00034905,537.67883873,MARK_PRICE_EXACT_OPEN,1710288000000,0
BNBUSDT,1710316800001,0.00064319,562.04766255,MARK_PRICE_PREVIOUS_FALLBACK,1710316800000,1
BNBUSDT,1710345600000,0.0006775,583.00105781,MARK_PRICE_EXACT_OPEN,1710345600000,0
BNBUSDT,1710374400001,0.00035646,630.44074494,MARK_PRICE_PREVIOUS_FALLBACK,1710374400000,1
BNBUSDT,1710403200000,0.00044008,607.10501401,MARK_PRICE_EXACT_OPEN,1710403200000,0
BNBUSDT,1710432000000,0.0006029,592.97489194,MARK_PRICE_EXACT_OPEN,1710432000000,0
BNBUSDT,1710460800000,0.00011662,603.68008397,MARK_PRICE_EXACT_OPEN,1710460800000,0
BNBUSDT,1710489600000,0.00012984,582.75830784,MARK_PRICE_EXACT_OPEN,1710489600000,0
BNBUSDT,1710518400000,0,597.05,MARK_PRICE_EXACT_OPEN,1710518400000,0
BNBUSDT,1710547200000,0.00013785,633.49,MARK_PRICE_EXACT_OPEN,1710547200000,0
BNBUSDT,1710576000000,0.00024537,615.09,MARK_PRICE_EXACT_OPEN,1710576000000,0
BNBUSDT,1710604800000,0.00016812,601.75,MARK_PRICE_EXACT_OPEN,1710604800000,0
BNBUSDT,1710633600000,0.00009557,576.83,MARK_PRICE_EXACT_OPEN,1710633600000,0
BNBUSDT,1710662400000,0,559.89385445,MARK_PRICE_EXACT_OPEN,1710662400000,0
BNBUSDT,1710691200000,0,588.14392621,MARK_PRICE_EXACT_OPEN,1710691200000,0
BNBUSDT,1710720000000,0,571.55,MARK_PRICE_EXACT_OPEN,1710720000000,0
BNBUSDT,1710748800000,0.00015708,577.03861119,MARK_PRICE_EXACT_OPEN,1710748800000,0
BNBUSDT,1710777600001,0,552.48,MARK_PRICE_PREVIOUS_FALLBACK,1710777600000,1
BNBUSDT,1710806400000,0.00010433,555.66,MARK_PRICE_EXACT_OPEN,1710806400000,0
BNBUSDT,1710835200000,0.00019074,529.83683313,MARK_PRICE_EXACT_OPEN,1710835200000,0
BNBUSDT,1710864000001,0.00023778,529.77,MARK_PRICE_PREVIOUS_FALLBACK,1710864000000,1
BNBUSDT,1710892800000,0.00021487,507.96,MARK_PRICE_EXACT_OPEN,1710892800000,0
BNBUSDT,1710921600004,0.00022256,530.87,MARK_PRICE_PREVIOUS_FALLBACK,1710921600000,4
BNBUSDT,1710950400000,0.00009585,516.81481324,MARK_PRICE_EXACT_OPEN,1710950400000,0
BNBUSDT,1710979200000,0.00002546,556.99,MARK_PRICE_EXACT_OPEN,1710979200000,0
BNBUSDT,1711008000000,0.00013122,550.22521906,MARK_PRICE_EXACT_OPEN,1711008000000,0
BNBUSDT,1711036800000,0,558.56,MARK_PRICE_EXACT_OPEN,1711036800000,0
BNBUSDT,1711065600000,0.00017388,554.11889953,MARK_PRICE_EXACT_OPEN,1711065600000,0
BNBUSDT,1711094400000,0.00006837,584.24708379,MARK_PRICE_EXACT_OPEN,1711094400000,0
BNBUSDT,1711123200000,0.00014159,554.19537074,MARK_PRICE_EXACT_OPEN,1711123200000,0
BNBUSDT,1711152000000,0.00014453,553.99037166,MARK_PRICE_EXACT_OPEN,1711152000000,0
BNBUSDT,1711180800000,0.00016838,555.21304822,MARK_PRICE_EXACT_OPEN,1711180800000,0
BNBUSDT,1711209600000,0,562.59,MARK_PRICE_EXACT_OPEN,1711209600000,0
BNBUSDT,1711238400000,0,552.0767414,MARK_PRICE_EXACT_OPEN,1711238400000,0
BNBUSDT,1711267200000,0.00021139,553.00882758,MARK_PRICE_EXACT_OPEN,1711267200000,0
BNBUSDT,1711296000000,0.00020733,560.74728803,MARK_PRICE_EXACT_OPEN,1711296000000,0
BNBUSDT,1711324800000,0.00021885,568.23500417,MARK_PRICE_EXACT_OPEN,1711324800000,0
BNBUSDT,1711353600001,0.00024982,584.74944805,MARK_PRICE_PREVIOUS_FALLBACK,1711353600000,1
BNBUSDT,1711382400000,0.00025865,593.4,MARK_PRICE_EXACT_OPEN,1711382400000,0
BNBUSDT,1711411200000,0.00029097,587.42125697,MARK_PRICE_EXACT_OPEN,1711411200000,0
BNBUSDT,1711440000000,0.00037308,591.84,MARK_PRICE_EXACT_OPEN,1711440000000,0
BNBUSDT,1711468800000,0.00039806,580.11615014,MARK_PRICE_EXACT_OPEN,1711468800000,0
BNBUSDT,1711497600000,0.00031573,580.52153117,MARK_PRICE_EXACT_OPEN,1711497600000,0
BNBUSDT,1711526400001,0.00036491,575,MARK_PRICE_PREVIOUS_FALLBACK,1711526400000,1
BNBUSDT,1711555200000,0.00033014,570.31098664,MARK_PRICE_EXACT_OPEN,1711555200000,0
BNBUSDT,1711584000000,0.00042862,574.8,MARK_PRICE_EXACT_OPEN,1711584000000,0
BNBUSDT,1711612800000,0.00051984,590.89,MARK_PRICE_EXACT_OPEN,1711612800000,0
BNBUSDT,1711641600000,0.00039289,585.48,MARK_PRICE_EXACT_OPEN,1711641600000,0
BNBUSDT,1711670400000,0.00036592,583.77580603,MARK_PRICE_EXACT_OPEN,1711670400000,0
BNBUSDT,1711699200000,0.000413,607.04593066,MARK_PRICE_EXACT_OPEN,1711699200000,0
BNBUSDT,1711728000000,0.0002539,607.55,MARK_PRICE_EXACT_OPEN,1711728000000,0
BNBUSDT,1711756800000,0,612.30749805,MARK_PRICE_EXACT_OPEN,1711756800000,0
BNBUSDT,1711785600000,-0.00007709,598.77255295,MARK_PRICE_EXACT_OPEN,1711785600000,0
BNBUSDT,1711814400000,-0.00037404,604.78,MARK_PRICE_EXACT_OPEN,1711814400000,0
BNBUSDT,1711843200000,-0.00005921,600.25,MARK_PRICE_EXACT_OPEN,1711843200000,0
BNBUSDT,1711872000000,-0.0003908,606.06702935,MARK_PRICE_EXACT_OPEN,1711872000000,0
BNBUSDT,1711900800001,0,602.18282599,MARK_PRICE_PREVIOUS_FALLBACK,1711900800000,1
BNBUSDT,1711929600000,0,606.09350884,MARK_PRICE_EXACT_OPEN,1711929600000,0
BNBUSDT,1711958400000,0,586.24,MARK_PRICE_EXACT_OPEN,1711958400000,0
BNBUSDT,1711987200000,-0.00013645,573.85542791,MARK_PRICE_EXACT_OPEN,1711987200000,0
BNBUSDT,1712016000007,0,576.23,MARK_PRICE_PREVIOUS_FALLBACK,1712016000000,7
BNBUSDT,1712044800015,0.00025814,559.2906978,MARK_PRICE_PREVIOUS_FALLBACK,1712044800000,15
BNBUSDT,1712073600000,0.00030588,552.65245198,MARK_PRICE_EXACT_OPEN,1712073600000,0
BNBUSDT,1712102400000,0.00025462,551.76692608,MARK_PRICE_EXACT_OPEN,1712102400000,0
BNBUSDT,1712131200000,0.00012544,559.1135232,MARK_PRICE_EXACT_OPEN,1712131200000,0
BNBUSDT,1712160000000,0.00020227,556.98,MARK_PRICE_EXACT_OPEN,1712160000000,0
BNBUSDT,1712188800000,0.00020277,562.07293083,MARK_PRICE_EXACT_OPEN,1712188800000,0
BNBUSDT,1712217600000,0,582.73,MARK_PRICE_EXACT_OPEN,1712217600000,0
BNBUSDT,1712246400000,0,590,MARK_PRICE_EXACT_OPEN,1712246400000,0
BNBUSDT,1712275200000,-0.00042037,584.41,MARK_PRICE_EXACT_OPEN,1712275200000,0
BNBUSDT,1712304000000,-0.00021433,574.32,MARK_PRICE_EXACT_OPEN,1712304000000,0
BNBUSDT,1712332800000,-0.00038341,583.13388631,MARK_PRICE_EXACT_OPEN,1712332800000,0
BNBUSDT,1712361600000,-0.00062922,577.66,MARK_PRICE_EXACT_OPEN,1712361600000,0
BNBUSDT,1712390400000,-0.00027748,582.71725339,MARK_PRICE_EXACT_OPEN,1712390400000,0
BNBUSDT,1712419200000,-0.00025256,583.44,MARK_PRICE_EXACT_OPEN,1712419200000,0
BNBUSDT,1712448000000,-0.00033926,585.03578872,MARK_PRICE_EXACT_OPEN,1712448000000,0
BNBUSDT,1712476800000,-0.00059616,586.54432494,MARK_PRICE_EXACT_OPEN,1712476800000,0
BNBUSDT,1712505600000,-0.00049569,583.95,MARK_PRICE_EXACT_OPEN,1712505600000,0
BNBUSDT,1712534400001,-0.00019057,583.25388774,MARK_PRICE_PREVIOUS_FALLBACK,1712534400000,1
BNBUSDT,1712563200000,-0.00038431,588.28,MARK_PRICE_EXACT_OPEN,1712563200000,0
BNBUSDT,1712592000006,0,587.57,MARK_PRICE_PREVIOUS_FALLBACK,1712592000000,6
BNBUSDT,1712620800000,0.00015382,586.73,MARK_PRICE_EXACT_OPEN,1712620800000,0
BNBUSDT,1712649600001,0.00016132,573.78063511,MARK_PRICE_PREVIOUS_FALLBACK,1712649600000,1
BNBUSDT,1712678400001,0,579.4873753,MARK_PRICE_PREVIOUS_FALLBACK,1712678400000,1
BNBUSDT,1712707200000,0.00024813,580.82,MARK_PRICE_EXACT_OPEN,1712707200000,0
BNBUSDT,1712736000001,0.00019449,588.26912693,MARK_PRICE_PREVIOUS_FALLBACK,1712736000000,1
BNBUSDT,1712764800000,0.0001725,593.60761495,MARK_PRICE_EXACT_OPEN,1712764800000,0
BNBUSDT,1712793600000,0.00037974,610.03,MARK_PRICE_EXACT_OPEN,1712793600000,0
BNBUSDT,1712822400000,0.00008875,605.07433727,MARK_PRICE_EXACT_OPEN,1712822400000,0
BNBUSDT,1712851200000,0.0002061,603.24152659,MARK_PRICE_EXACT_OPEN,1712851200000,0
BNBUSDT,1712880000000,0.00021027,604.85,MARK_PRICE_EXACT_OPEN,1712880000000,0
BNBUSDT,1712908800001,0.00000166,620.98,MARK_PRICE_PREVIOUS_FALLBACK,1712908800000,1
BNBUSDT,1712937600000,-0.00022562,611.85500415,MARK_PRICE_EXACT_OPEN,1712937600000,0
BNBUSDT,1712966400000,-0.00042828,595.19,MARK_PRICE_EXACT_OPEN,1712966400000,0
BNBUSDT,1712995200000,-0.00086248,593.12421827,MARK_PRICE_EXACT_OPEN,1712995200000,0
BNBUSDT,1713024000001,-0.00056549,593.96278915,MARK_PRICE_PREVIOUS_FALLBACK,1713024000000,1
BNBUSDT,1713052800000,-0.00088593,553.2881353,MARK_PRICE_EXACT_OPEN,1713052800000,0
BNBUSDT,1713081600000,-0.00045375,565.16,MARK_PRICE_EXACT_OPEN,1713081600000,0
BNBUSDT,1713110400000,-0.00042313,550.12,MARK_PRICE_EXACT_OPEN,1713110400000,0
BNBUSDT,1713139200000,-0.00044113,566,MARK_PRICE_EXACT_OPEN,1713139200000,0
BNBUSDT,1713168000001,-0.00040679,575.01,MARK_PRICE_PREVIOUS_FALLBACK,1713168000000,1
BNBUSDT,1713196800000,-0.00046815,565.05,MARK_PRICE_EXACT_OPEN,1713196800000,0
BNBUSDT,1713225600001,-0.0009491,551.25999193,MARK_PRICE_PREVIOUS_FALLBACK,1713225600000,1
BNBUSDT,1713254400000,-0.0007775,550.16,MARK_PRICE_EXACT_OPEN,1713254400000,0
BNBUSDT,1713283200000,-0.000567,525.04,MARK_PRICE_EXACT_OPEN,1713283200000,0
BNBUSDT,1713312000000,-0.00023045,537.52202064,MARK_PRICE_EXACT_OPEN,1713312000000,0
BNBUSDT,1713340800000,0,543.86606202,MARK_PRICE_EXACT_OPEN,1713340800000,0
BNBUSDT,1713369600000,0,517.39654904,MARK_PRICE_EXACT_OPEN,1713369600000,0
BNBUSDT,1713398400000,0,534.02461275,MARK_PRICE_EXACT_OPEN,1713398400000,0
BNBUSDT,1713427200000,0,543.72733242,MARK_PRICE_EXACT_OPEN,1713427200000,0
BNBUSDT,1713456000000,-0.00034552,550.60509529,MARK_PRICE_EXACT_OPEN,1713456000000,0
BNBUSDT,1713484800001,0,551.84839702,MARK_PRICE_PREVIOUS_FALLBACK,1713484800000,1
BNBUSDT,1713513600000,-0.00017776,554.93127264,MARK_PRICE_EXACT_OPEN,1713513600000,0
BNBUSDT,1713542400000,0,559.95181127,MARK_PRICE_EXACT_OPEN,1713542400000,0
BNBUSDT,1713571200000,0,553.77,MARK_PRICE_EXACT_OPEN,1713571200000,0
BNBUSDT,1713600000000,0,560.26,MARK_PRICE_EXACT_OPEN,1713600000000,0
BNBUSDT,1713628800000,0,567.84307079,MARK_PRICE_EXACT_OPEN,1713628800000,0
BNBUSDT,1713657600000,-0.00000772,570.43831614,MARK_PRICE_EXACT_OPEN,1713657600000,0
BNBUSDT,1713686400000,-0.00005246,579.39,MARK_PRICE_EXACT_OPEN,1713686400000,0
BNBUSDT,1713715200000,-0.0001,573.6,MARK_PRICE_EXACT_OPEN,1713715200000,0
BNBUSDT,1713744000000,0,579.37520835,MARK_PRICE_EXACT_OPEN,1713744000000,0
BNBUSDT,1713772800000,0,602.95,MARK_PRICE_EXACT_OPEN,1713772800000,0
BNBUSDT,1713801600000,0,594.72,MARK_PRICE_EXACT_OPEN,1713801600000,0
BNBUSDT,1713830400000,0,604.37,MARK_PRICE_EXACT_OPEN,1713830400000,0
BNBUSDT,1713859200000,0,600.15,MARK_PRICE_EXACT_OPEN,1713859200000,0
BNBUSDT,1713888000001,-0.00026818,603.93055623,MARK_PRICE_PREVIOUS_FALLBACK,1713888000000,1
BNBUSDT,1713916800000,-0.00033543,605.74,MARK_PRICE_EXACT_OPEN,1713916800000,0
BNBUSDT,1713945600000,-0.00041956,607.65271952,MARK_PRICE_EXACT_OPEN,1713945600000,0
BNBUSDT,1713974400000,-0.00040741,596.89125831,MARK_PRICE_EXACT_OPEN,1713974400000,0
BNBUSDT,1714003200000,-0.00001528,608.64131705,MARK_PRICE_EXACT_OPEN,1714003200000,0
BNBUSDT,1714032000000,-0.00011575,608.13,MARK_PRICE_EXACT_OPEN,1714032000000,0
BNBUSDT,1714060800010,-0.00050741,611.16259145,MARK_PRICE_PREVIOUS_FALLBACK,1714060800000,10
BNBUSDT,1714089600001,-0.00057117,613.61,MARK_PRICE_PREVIOUS_FALLBACK,1714089600000,1
BNBUSDT,1714118400000,-0.00065053,607.95,MARK_PRICE_EXACT_OPEN,1714118400000,0
BNBUSDT,1714147200000,-0.0004789,598.84416962,MARK_PRICE_EXACT_OPEN,1714147200000,0
BNBUSDT,1714176000000,-0.00045974,597.48,MARK_PRICE_EXACT_OPEN,1714176000000,0
BNBUSDT,1714204800001,-0.00063467,593.07,MARK_PRICE_PREVIOUS_FALLBACK,1714204800000,1
BNBUSDT,1714233600000,-0.00021197,587.19,MARK_PRICE_EXACT_OPEN,1714233600000,0
BNBUSDT,1714262400000,-0.00061995,595.74,MARK_PRICE_EXACT_OPEN,1714262400000,0
BNBUSDT,1714291200000,-0.00078809,600.07328333,MARK_PRICE_EXACT_OPEN,1714291200000,0
BNBUSDT,1714320000000,-0.00079187,603.49,MARK_PRICE_EXACT_OPEN,1714320000000,0
BNBUSDT,1714348800000,-0.00084938,599.62,MARK_PRICE_EXACT_OPEN,1714348800000,0
BNBUSDT,1714377600000,-0.00087166,587.56066462,MARK_PRICE_EXACT_OPEN,1714377600000,0
BNBUSDT,1714406400000,-0.00065653,592.3,MARK_PRICE_EXACT_OPEN,1714406400000,0
BNBUSDT,1714435200000,-0.00042184,592.61,MARK_PRICE_EXACT_OPEN,1714435200000,0
BNBUSDT,1714464000000,-0.00015559,598.17,MARK_PRICE_EXACT_OPEN,1714464000000,0
BNBUSDT,1714492800000,-0.00070745,560.1929737,MARK_PRICE_EXACT_OPEN,1714492800000,0
BNBUSDT,1714521600000,-0.00022922,577.72,MARK_PRICE_EXACT_OPEN,1714521600000,0
BNBUSDT,1714550400000,-0.00017534,545.84,MARK_PRICE_EXACT_OPEN,1714550400000,0
BNBUSDT,1714579200000,-0.00017136,544.65150893,MARK_PRICE_EXACT_OPEN,1714579200000,0
BNBUSDT,1714608000000,-0.00025289,561.50257184,MARK_PRICE_EXACT_OPEN,1714608000000,0
BNBUSDT,1714636800000,-0.00001565,549.16,MARK_PRICE_EXACT_OPEN,1714636800000,0
BNBUSDT,1714665600002,-0.0002526,563.69953118,MARK_PRICE_PREVIOUS_FALLBACK,1714665600000,2
BNBUSDT,1714694400000,-0.00012686,560.2,MARK_PRICE_EXACT_OPEN,1714694400000,0
BNBUSDT,1714723200000,-0.00001017,561.00630538,MARK_PRICE_EXACT_OPEN,1714723200000,0
BNBUSDT,1714752000000,-0.00032785,577.27,MARK_PRICE_EXACT_OPEN,1714752000000,0
BNBUSDT,1714780800000,-0.000114,586.65,MARK_PRICE_EXACT_OPEN,1714780800000,0
BNBUSDT,1714809600000,-0.00015609,583.46583419,MARK_PRICE_EXACT_OPEN,1714809600000,0
BNBUSDT,1714838400000,-0.0002685,590.6511218,MARK_PRICE_EXACT_OPEN,1714838400000,0
BNBUSDT,1714867200000,-0.00071748,584.79,MARK_PRICE_EXACT_OPEN,1714867200000,0
BNBUSDT,1714896000000,-0.00031949,584.62882614,MARK_PRICE_EXACT_OPEN,1714896000000,0
BNBUSDT,1714924800000,-0.0004005,592.78700193,MARK_PRICE_EXACT_OPEN,1714924800000,0
BNBUSDT,1714953600000,-0.00008052,591.56,MARK_PRICE_EXACT_OPEN,1714953600000,0
BNBUSDT,1714982400000,-0.0000937,595.13995444,MARK_PRICE_EXACT_OPEN,1714982400000,0
BNBUSDT,1715011200000,-0.00026489,588.63,MARK_PRICE_EXACT_OPEN,1715011200000,0
BNBUSDT,1715040000000,0,587.81,MARK_PRICE_EXACT_OPEN,1715040000000,0
BNBUSDT,1715068800000,-0.00008607,588.25,MARK_PRICE_EXACT_OPEN,1715068800000,0
BNBUSDT,1715097600000,0,593.94,MARK_PRICE_EXACT_OPEN,1715097600000,0
BNBUSDT,1715126400000,0,575.91954316,MARK_PRICE_EXACT_OPEN,1715126400000,0
BNBUSDT,1715155200000,0,579.3,MARK_PRICE_EXACT_OPEN,1715155200000,0
BNBUSDT,1715184000000,0,582.16,MARK_PRICE_EXACT_OPEN,1715184000000,0
BNBUSDT,1715212800000,0,588.22,MARK_PRICE_EXACT_OPEN,1715212800000,0
BNBUSDT,1715241600000,0,600.14285564,MARK_PRICE_EXACT_OPEN,1715241600000,0
BNBUSDT,1715270400000,0,596.27574916,MARK_PRICE_EXACT_OPEN,1715270400000,0
BNBUSDT,1715299200000,-0.00001814,596.54617053,MARK_PRICE_EXACT_OPEN,1715299200000,0
BNBUSDT,1715328000000,-0.00013856,594.94,MARK_PRICE_EXACT_OPEN,1715328000000,0
BNBUSDT,1715356800000,-0.00023606,585.75,MARK_PRICE_EXACT_OPEN,1715356800000,0
BNBUSDT,1715385600000,-0.00007794,585.26,MARK_PRICE_EXACT_OPEN,1715385600000,0
BNBUSDT,1715414400000,0,586.90546608,MARK_PRICE_EXACT_OPEN,1715414400000,0
BNBUSDT,1715443200000,0,591.1257043,MARK_PRICE_EXACT_OPEN,1715443200000,0
BNBUSDT,1715472000000,0,592.07967556,MARK_PRICE_EXACT_OPEN,1715472000000,0
BNBUSDT,1715500800000,0,588.3,MARK_PRICE_EXACT_OPEN,1715500800000,0
BNBUSDT,1715529600000,-0.00002601,594.94079574,MARK_PRICE_EXACT_OPEN,1715529600000,0
BNBUSDT,1715558400001,-0.00017911,594.28116712,MARK_PRICE_PREVIOUS_FALLBACK,1715558400000,1
BNBUSDT,1715587200001,-0.0000847,597.49,MARK_PRICE_PREVIOUS_FALLBACK,1715587200000,1
BNBUSDT,1715616000000,-0.00033836,594.95612584,MARK_PRICE_EXACT_OPEN,1715616000000,0
BNBUSDT,1715644800000,-0.00001301,591.32,MARK_PRICE_EXACT_OPEN,1715644800000,0
BNBUSDT,1715673600000,-0.00036204,587.92854079,MARK_PRICE_EXACT_OPEN,1715673600000,0
BNBUSDT,1715702400000,-0.00129616,568.51,MARK_PRICE_EXACT_OPEN,1715702400000,0
BNBUSDT,1715731200000,-0.00101022,566.59,MARK_PRICE_EXACT_OPEN,1715731200000,0
BNBUSDT,1715760000000,-0.00069557,568.79532728,MARK_PRICE_EXACT_OPEN,1715760000000,0
BNBUSDT,1715788800000,-0.00114578,579.72,MARK_PRICE_EXACT_OPEN,1715788800000,0
BNBUSDT,1715817600004,-0.00065658,581.0922969,MARK_PRICE_PREVIOUS_FALLBACK,1715817600000,4
BNBUSDT,1715846400000,0,584.16,MARK_PRICE_EXACT_OPEN,1715846400000,0
BNBUSDT,1715875200000,-0.00017077,567.81430239,MARK_PRICE_EXACT_OPEN,1715875200000,0
BNBUSDT,1715904000000,-0.00053276,568.48,MARK_PRICE_EXACT_OPEN,1715904000000,0
BNBUSDT,1715932800000,-0.00017804,578.18459928,MARK_PRICE_EXACT_OPEN,1715932800000,0
BNBUSDT,1715961600000,0,582.38,MARK_PRICE_EXACT_OPEN,1715961600000,0
BNBUSDT,1715990400000,0,580.60736586,MARK_PRICE_EXACT_OPEN,1715990400000,0
BNBUSDT,1716019200000,0,578.68,MARK_PRICE_EXACT_OPEN,1716019200000,0
BNBUSDT,1716048000000,0,577.49378546,MARK_PRICE_EXACT_OPEN,1716048000000,0
BNBUSDT,1716076800000,0,580.3,MARK_PRICE_EXACT_OPEN,1716076800000,0
BNBUSDT,1716105600000,0,579.74,MARK_PRICE_EXACT_OPEN,1716105600000,0
BNBUSDT,1716134400000,0,577.56017512,MARK_PRICE_EXACT_OPEN,1716134400000,0
BNBUSDT,1716163200000,0,574.31,MARK_PRICE_EXACT_OPEN,1716163200000,0
BNBUSDT,1716192000000,-0.00006392,575.83137476,MARK_PRICE_EXACT_OPEN,1716192000000,0
BNBUSDT,1716220800003,-0.00008546,576.67,MARK_PRICE_PREVIOUS_FALLBACK,1716220800000,3
BNBUSDT,1716249600000,0,599.76198048,MARK_PRICE_EXACT_OPEN,1716249600000,0
BNBUSDT,1716278400001,0.00019002,628.2586735,MARK_PRICE_PREVIOUS_FALLBACK,1716278400000,1
BNBUSDT,1716307200000,0.00009749,613.07541391,MARK_PRICE_EXACT_OPEN,1716307200000,0
BNBUSDT,1716336000000,0.00016951,618.92834498,MARK_PRICE_EXACT_OPEN,1716336000000,0
BNBUSDT,1716364800000,0.00015829,621.79,MARK_PRICE_EXACT_OPEN,1716364800000,0
BNBUSDT,1716393600000,0.0001546,621.4,MARK_PRICE_EXACT_OPEN,1716393600000,0
BNBUSDT,1716422400000,0.00010082,615.2375297,MARK_PRICE_EXACT_OPEN,1716422400000,0
BNBUSDT,1716451200000,0.00014596,614.97788075,MARK_PRICE_EXACT_OPEN,1716451200000,0
BNBUSDT,1716480000000,0,594.53,MARK_PRICE_EXACT_OPEN,1716480000000,0
BNBUSDT,1716508800000,0,599.66,MARK_PRICE_EXACT_OPEN,1716508800000,0
BNBUSDT,1716537600000,0.00000449,593.34319792,MARK_PRICE_EXACT_OPEN,1716537600000,0
BNBUSDT,1716566400000,0,597.15,MARK_PRICE_EXACT_OPEN,1716566400000,0
BNBUSDT,1716595200000,0,600.55,MARK_PRICE_EXACT_OPEN,1716595200000,0
BNBUSDT,1716624000000,0,601.89389158,MARK_PRICE_EXACT_OPEN,1716624000000,0
BNBUSDT,1716652800000,0,602.02606782,MARK_PRICE_EXACT_OPEN,1716652800000,0
BNBUSDT,1716681600000,0,602.48,MARK_PRICE_EXACT_OPEN,1716681600000,0
BNBUSDT,1716710400000,0.00008753,604.49,MARK_PRICE_EXACT_OPEN,1716710400000,0
BNBUSDT,1716739200000,0,602.58377071,MARK_PRICE_EXACT_OPEN,1716739200000,0
BNBUSDT,1716768000000,0.00007614,600.56230237,MARK_PRICE_EXACT_OPEN,1716768000000,0
BNBUSDT,1716796800000,0.0001094,603.41,MARK_PRICE_EXACT_OPEN,1716796800000,0
BNBUSDT,1716825600000,0.00019809,613.36362909,MARK_PRICE_EXACT_OPEN,1716825600000,0
BNBUSDT,1716854400000,0.00017805,604.13,MARK_PRICE_EXACT_OPEN,1716854400000,0
BNBUSDT,1716883200000,0,597.93,MARK_PRICE_EXACT_OPEN,1716883200000,0
BNBUSDT,1716912000000,0,601.42623794,MARK_PRICE_EXACT_OPEN,1716912000000,0
BNBUSDT,1716940800001,0.00007405,602.30697666,MARK_PRICE_PREVIOUS_FALLBACK,1716940800000,1
BNBUSDT,1716969600000,0.00005977,598.47,MARK_PRICE_EXACT_OPEN,1716969600000,0
BNBUSDT,1716998400000,0.00008769,595.64233049,MARK_PRICE_EXACT_OPEN,1716998400000,0
BNBUSDT,1717027200000,0,595.74858573,MARK_PRICE_EXACT_OPEN,1717027200000,0
BNBUSDT,1717056000000,0,589.09,MARK_PRICE_EXACT_OPEN,1717056000000,0
BNBUSDT,1717084800000,0,596.85452119,MARK_PRICE_EXACT_OPEN,1717084800000,0
BNBUSDT,1717113600000,0.00002222,595.25157906,MARK_PRICE_EXACT_OPEN,1717113600000,0
BNBUSDT,1717142400000,0,592.09,MARK_PRICE_EXACT_OPEN,1717142400000,0
BNBUSDT,1717171200000,0.00007882,591.54,MARK_PRICE_EXACT_OPEN,1717171200000,0
BNBUSDT,1717200000000,0.00019589,594.03,MARK_PRICE_EXACT_OPEN,1717200000000,0
BNBUSDT,1717228800000,0.00023411,595.37002775,MARK_PRICE_EXACT_OPEN,1717228800000,0
BNBUSDT,1717257600001,0.00013223,596.7579973,MARK_PRICE_PREVIOUS_FALLBACK,1717257600000,1
BNBUSDT,1717286400000,0.00036939,602.36483774,MARK_PRICE_EXACT_OPEN,1717286400000,0
BNBUSDT,1717315200000,0.00022554,600.43386777,MARK_PRICE_EXACT_OPEN,1717315200000,0
BNBUSDT,1717344000000,0.00011225,601.7776404,MARK_PRICE_EXACT_OPEN,1717344000000,0
BNBUSDT,1717372800000,0.0002004,603.4,MARK_PRICE_EXACT_OPEN,1717372800000,0
BNBUSDT,1717401600000,0.00028495,626.57,MARK_PRICE_EXACT_OPEN,1717401600000,0
BNBUSDT,1717430400000,0.00013785,628.10281122,MARK_PRICE_EXACT_OPEN,1717430400000,0
BNBUSDT,1717459200000,0.00012196,626.85,MARK_PRICE_EXACT_OPEN,1717459200000,0
BNBUSDT,1717488000000,0.00013176,628.98420644,MARK_PRICE_EXACT_OPEN,1717488000000,0
BNBUSDT,1717516800000,0.00019423,663.28,MARK_PRICE_EXACT_OPEN,1717516800000,0
BNBUSDT,1717545600000,0.00015839,686.0405395,MARK_PRICE_EXACT_OPEN,1717545600000,0
BNBUSDT,1717574400000,0.00016022,706.60815522,MARK_PRICE_EXACT_OPEN,1717574400000,0
BNBUSDT,1717603200000,0.00020097,705.11,MARK_PRICE_EXACT_OPEN,1717603200000,0
BNBUSDT,1717632000000,0.00020144,699.3071676,MARK_PRICE_EXACT_OPEN,1717632000000,0
BNBUSDT,1717660800008,0.00017035,704.86,MARK_PRICE_PREVIOUS_FALLBACK,1717660800000,8
BNBUSDT,1717689600000,0.00008066,703.92,MARK_PRICE_EXACT_OPEN,1717689600000,0
BNBUSDT,1717718400000,0.00004266,711.29,MARK_PRICE_EXACT_OPEN,1717718400000,0
BNBUSDT,1717747200000,0,697.83713427,MARK_PRICE_EXACT_OPEN,1717747200000,0
BNBUSDT,1717776000000,0,701.04290993,MARK_PRICE_EXACT_OPEN,1717776000000,0
BNBUSDT,1717804800000,0,683.99097514,MARK_PRICE_EXACT_OPEN,1717804800000,0
BNBUSDT,1717833600000,0,694.67890675,MARK_PRICE_EXACT_OPEN,1717833600000,0
BNBUSDT,1717862400000,0,686.51143872,MARK_PRICE_EXACT_OPEN,1717862400000,0
BNBUSDT,1717891200000,0,682.6282764,MARK_PRICE_EXACT_OPEN,1717891200000,0
BNBUSDT,1717920000000,0,679.73,MARK_PRICE_EXACT_OPEN,1717920000000,0
BNBUSDT,1717948800001,0,676.83248716,MARK_PRICE_PREVIOUS_FALLBACK,1717948800000,1
BNBUSDT,1717977600000,0,673.13371712,MARK_PRICE_EXACT_OPEN,1717977600000,0
BNBUSDT,1718006400000,0,640.95,MARK_PRICE_EXACT_OPEN,1718006400000,0
BNBUSDT,1718035200001,0,650.28792909,MARK_PRICE_PREVIOUS_FALLBACK,1718035200000,1
BNBUSDT,1718064000001,0,624.63,MARK_PRICE_PREVIOUS_FALLBACK,1718064000000,1
BNBUSDT,1718092800000,0,613.68,MARK_PRICE_EXACT_OPEN,1718092800000,0
BNBUSDT,1718121600000,0,597.64,MARK_PRICE_EXACT_OPEN,1718121600000,0
BNBUSDT,1718150400000,0,602.18,MARK_PRICE_EXACT_OPEN,1718150400000,0
BNBUSDT,1718179200000,0,614.59143468,MARK_PRICE_EXACT_OPEN,1718179200000,0
BNBUSDT,1718208000000,-0.00000899,627.98,MARK_PRICE_EXACT_OPEN,1718208000000,0
BNBUSDT,1718236800000,0,619.28,MARK_PRICE_EXACT_OPEN,1718236800000,0
BNBUSDT,1718265600001,0,607.21750205,MARK_PRICE_PREVIOUS_FALLBACK,1718265600000,1
BNBUSDT,1718294400000,0,597.19830364,MARK_PRICE_EXACT_OPEN,1718294400000,0
BNBUSDT,1718323200000,0,599.7646434,MARK_PRICE_EXACT_OPEN,1718323200000,0
BNBUSDT,1718352000000,0,608.19,MARK_PRICE_EXACT_OPEN,1718352000000,0
BNBUSDT,1718380800000,0,602.43225855,MARK_PRICE_EXACT_OPEN,1718380800000,0
BNBUSDT,1718409600000,0,603.11,MARK_PRICE_EXACT_OPEN,1718409600000,0
BNBUSDT,1718438400000,0,606.73367229,MARK_PRICE_EXACT_OPEN,1718438400000,0
BNBUSDT,1718467200000,0,607.26,MARK_PRICE_EXACT_OPEN,1718467200000,0
BNBUSDT,1718496000001,0,608.03,MARK_PRICE_PREVIOUS_FALLBACK,1718496000000,1
BNBUSDT,1718524800000,0,606.13087446,MARK_PRICE_EXACT_OPEN,1718524800000,0
BNBUSDT,1718553600000,0,610.40266671,MARK_PRICE_EXACT_OPEN,1718553600000,0
BNBUSDT,1718582400000,0,610.71708403,MARK_PRICE_EXACT_OPEN,1718582400000,0
BNBUSDT,1718611200000,0,603.66,MARK_PRICE_EXACT_OPEN,1718611200000,0
BNBUSDT,1718640000000,0,597.32,MARK_PRICE_EXACT_OPEN,1718640000000,0
BNBUSDT,1718668800000,0,603.98981313,MARK_PRICE_EXACT_OPEN,1718668800000,0
BNBUSDT,1718697600000,0,593.49426416,MARK_PRICE_EXACT_OPEN,1718697600000,0
BNBUSDT,1718726400000,0,582.32699301,MARK_PRICE_EXACT_OPEN,1718726400000,0
BNBUSDT,1718755200001,0,588.47,MARK_PRICE_PREVIOUS_FALLBACK,1718755200000,1
BNBUSDT,1718784000001,0,604.19,MARK_PRICE_PREVIOUS_FALLBACK,1718784000000,1
BNBUSDT,1718812800000,0,592.15203454,MARK_PRICE_EXACT_OPEN,1718812800000,0
BNBUSDT,1718841600000,0,599.08518951,MARK_PRICE_EXACT_OPEN,1718841600000,0
BNBUSDT,1718870400000,0,605.2,MARK_PRICE_EXACT_OPEN,1718870400000,0
BNBUSDT,1718899200000,0,595.84688928,MARK_PRICE_EXACT_OPEN,1718899200000,0
BNBUSDT,1718928000000,0,587.32,MARK_PRICE_EXACT_OPEN,1718928000000,0
BNBUSDT,1718956800000,0,583.29451714,MARK_PRICE_EXACT_OPEN,1718956800000,0
BNBUSDT,1718985600000,0,582.95616052,MARK_PRICE_EXACT_OPEN,1718985600000,0
BNBUSDT,1719014400000,0,586.11,MARK_PRICE_EXACT_OPEN,1719014400000,0
BNBUSDT,1719043200000,0,586.88,MARK_PRICE_EXACT_OPEN,1719043200000,0
BNBUSDT,1719072000000,0,586.71112841,MARK_PRICE_EXACT_OPEN,1719072000000,0
BNBUSDT,1719100800000,0,590.98,MARK_PRICE_EXACT_OPEN,1719100800000,0
BNBUSDT,1719129600000,0,592.3148191,MARK_PRICE_EXACT_OPEN,1719129600000,0
BNBUSDT,1719158400000,0,585.05792617,MARK_PRICE_EXACT_OPEN,1719158400000,0
BNBUSDT,1719187200002,0,577.42,MARK_PRICE_PREVIOUS_FALLBACK,1719187200000,2
BNBUSDT,1719216000000,0,570.71,MARK_PRICE_EXACT_OPEN,1719216000000,0
BNBUSDT,1719244800000,0,561.47837968,MARK_PRICE_EXACT_OPEN,1719244800000,0
BNBUSDT,1719273600000,0,568.04703428,MARK_PRICE_EXACT_OPEN,1719273600000,0
BNBUSDT,1719302400000,0,571.56,MARK_PRICE_EXACT_OPEN,1719302400000,0
BNBUSDT,1719331200000,0,577.39872007,MARK_PRICE_EXACT_OPEN,1719331200000,0
BNBUSDT,1719360000002,0,577.96519804,MARK_PRICE_PREVIOUS_FALLBACK,1719360000000,2
BNBUSDT,1719388800000,0,578.67193883,MARK_PRICE_EXACT_OPEN,1719388800000,0
BNBUSDT,1719417600000,0,572.50505608,MARK_PRICE_EXACT_OPEN,1719417600000,0
BNBUSDT,1719446400000,0,573.09,MARK_PRICE_EXACT_OPEN,1719446400000,0
BNBUSDT,1719475200001,0,569.99630471,MARK_PRICE_PREVIOUS_FALLBACK,1719475200000,1
BNBUSDT,1719504000000,0,579.42866843,MARK_PRICE_EXACT_OPEN,1719504000000,0
BNBUSDT,1719532800000,0,581.70880913,MARK_PRICE_EXACT_OPEN,1719532800000,0
BNBUSDT,1719561600000,0,576.54657432,MARK_PRICE_EXACT_OPEN,1719561600000,0
BNBUSDT,1719590400000,0,572.44530851,MARK_PRICE_EXACT_OPEN,1719590400000,0
BNBUSDT,1719619200001,0,567.52230027,MARK_PRICE_PREVIOUS_FALLBACK,1719619200000,1
BNBUSDT,1719648000000,0,570.80951819,MARK_PRICE_EXACT_OPEN,1719648000000,0
BNBUSDT,1719676800000,0,572.8,MARK_PRICE_EXACT_OPEN,1719676800000,0
BNBUSDT,1719705600000,0,570.33458227,MARK_PRICE_EXACT_OPEN,1719705600000,0
BNBUSDT,1719734400000,0,576.20389495,MARK_PRICE_EXACT_OPEN,1719734400000,0
BNBUSDT,1719763200000,0,577.73760394,MARK_PRICE_EXACT_OPEN,1719763200000,0
BNBUSDT,1719792000000,0,582.63,MARK_PRICE_EXACT_OPEN,1719792000000,0
BNBUSDT,1719820800000,0.00001551,585.09008718,MARK_PRICE_EXACT_OPEN,1719820800000,0
BNBUSDT,1719849600001,0,578.25537575,MARK_PRICE_PREVIOUS_FALLBACK,1719849600000,1
BNBUSDT,1719878400000,0,577.16047959,MARK_PRICE_EXACT_OPEN,1719878400000,0
BNBUSDT,1719907200000,0.00003136,578.84,MARK_PRICE_EXACT_OPEN,1719907200000,0
BNBUSDT,1719936000000,0.00000397,575.96440694,MARK_PRICE_EXACT_OPEN,1719936000000,0
BNBUSDT,1719964800000,0.00012485,580.30558425,MARK_PRICE_EXACT_OPEN,1719964800000,0
BNBUSDT,1719993600001,0.00001476,566.35,MARK_PRICE_PREVIOUS_FALLBACK,1719993600000,1
BNBUSDT,1720022400000,0,558.31,MARK_PRICE_EXACT_OPEN,1720022400000,0
BNBUSDT,1720051200000,0,556.85656553,MARK_PRICE_EXACT_OPEN,1720051200000,0
BNBUSDT,1720080000000,0,530.1100505,MARK_PRICE_EXACT_OPEN,1720080000000,0
BNBUSDT,1720108800000,0,524.99,MARK_PRICE_EXACT_OPEN,1720108800000,0
BNBUSDT,1720137600000,0,513.30044701,MARK_PRICE_EXACT_OPEN,1720137600000,0
BNBUSDT,1720166400000,0,472.64472818,MARK_PRICE_EXACT_OPEN,1720166400000,0
BNBUSDT,1720195200000,0,495.19779182,MARK_PRICE_EXACT_OPEN,1720195200000,0
BNBUSDT,1720224000000,0,497.54,MARK_PRICE_EXACT_OPEN,1720224000000,0
BNBUSDT,1720252800000,0,507.75003618,MARK_PRICE_EXACT_OPEN,1720252800000,0
BNBUSDT,1720281600000,0,518.28,MARK_PRICE_EXACT_OPEN,1720281600000,0
BNBUSDT,1720310400001,0,526.38613741,MARK_PRICE_PREVIOUS_FALLBACK,1720310400000,1
BNBUSDT,1720339200000,0,509.11901624,MARK_PRICE_EXACT_OPEN,1720339200000,0
BNBUSDT,1720368000000,0,498.02,MARK_PRICE_EXACT_OPEN,1720368000000,0
BNBUSDT,1720396800000,0,490.63,MARK_PRICE_EXACT_OPEN,1720396800000,0
BNBUSDT,1720425600000,0,501.56,MARK_PRICE_EXACT_OPEN,1720425600000,0
BNBUSDT,1720454400000,0,501.27797088,MARK_PRICE_EXACT_OPEN,1720454400000,0
BNBUSDT,1720483200000,0,510.37413829,MARK_PRICE_EXACT_OPEN,1720483200000,0
BNBUSDT,1720512000001,0,512.9412637,MARK_PRICE_PREVIOUS_FALLBACK,1720512000000,1
BNBUSDT,1720540800000,0,516.97531166,MARK_PRICE_EXACT_OPEN,1720540800000,0
BNBUSDT,1720569600000,0,516.70469379,MARK_PRICE_EXACT_OPEN,1720569600000,0
BNBUSDT,1720598400000,0,522.44,MARK_PRICE_EXACT_OPEN,1720598400000,0
BNBUSDT,1720627200000,0,525.03053718,MARK_PRICE_EXACT_OPEN,1720627200000,0
BNBUSDT,1720656000002,0,524.4,MARK_PRICE_PREVIOUS_FALLBACK,1720656000000,2
BNBUSDT,1720684800002,0,527.96201698,MARK_PRICE_PREVIOUS_FALLBACK,1720684800000,2
BNBUSDT,1720713600004,0,524.98602162,MARK_PRICE_PREVIOUS_FALLBACK,1720713600000,4
BNBUSDT,1720742400000,0,524.87,MARK_PRICE_EXACT_OPEN,1720742400000,0
BNBUSDT,1720771200000,0,521.3272951,MARK_PRICE_EXACT_OPEN,1720771200000,0
BNBUSDT,1720800000000,0,532.65,MARK_PRICE_EXACT_OPEN,1720800000000,0
BNBUSDT,1720828800000,0,534.08963759,MARK_PRICE_EXACT_OPEN,1720828800000,0
BNBUSDT,1720857600000,0,536.17,MARK_PRICE_EXACT_OPEN,1720857600000,0
BNBUSDT,1720886400000,0,532.07,MARK_PRICE_EXACT_OPEN,1720886400000,0
BNBUSDT,1720915200000,0,532.40140301,MARK_PRICE_EXACT_OPEN,1720915200000,0
BNBUSDT,1720944000000,0,537.51,MARK_PRICE_EXACT_OPEN,1720944000000,0
BNBUSDT,1720972800000,0,536.22,MARK_PRICE_EXACT_OPEN,1720972800000,0
BNBUSDT,1721001600000,0,544.8,MARK_PRICE_EXACT_OPEN,1721001600000,0
BNBUSDT,1721030400000,0,558.79,MARK_PRICE_EXACT_OPEN,1721030400000,0
BNBUSDT,1721059200000,0,573.7191784,MARK_PRICE_EXACT_OPEN,1721059200000,0
BNBUSDT,1721088000000,0,585.1,MARK_PRICE_EXACT_OPEN,1721088000000,0
BNBUSDT,1721116800000,0,562.43547341,MARK_PRICE_EXACT_OPEN,1721116800000,0
BNBUSDT,1721145600000,0,576.73,MARK_PRICE_EXACT_OPEN,1721145600000,0
BNBUSDT,1721174400000,0,576.06,MARK_PRICE_EXACT_OPEN,1721174400000,0
BNBUSDT,1721203200001,0,580.11646391,MARK_PRICE_PREVIOUS_FALLBACK,1721203200000,1
BNBUSDT,1721232000000,0,572.75511502,MARK_PRICE_EXACT_OPEN,1721232000000,0
BNBUSDT,1721260800000,0,568.81336053,MARK_PRICE_EXACT_OPEN,1721260800000,0
BNBUSDT,1721289600000,0,572.26898797,MARK_PRICE_EXACT_OPEN,1721289600000,0
BNBUSDT,1721318400000,0,565.59,MARK_PRICE_EXACT_OPEN,1721318400000,0
BNBUSDT,1721347200000,0,571.97,MARK_PRICE_EXACT_OPEN,1721347200000,0
BNBUSDT,1721376000000,0,568.5942851,MARK_PRICE_EXACT_OPEN,1721376000000,0
BNBUSDT,1721404800000,0,591.81052139,MARK_PRICE_EXACT_OPEN,1721404800000,0
BNBUSDT,1721433600001,0,593.71494354,MARK_PRICE_PREVIOUS_FALLBACK,1721433600000,1
BNBUSDT,1721462400000,0,590.03,MARK_PRICE_EXACT_OPEN,1721462400000,0
BNBUSDT,1721491200000,0,595.11,MARK_PRICE_EXACT_OPEN,1721491200000,0
BNBUSDT,1721520000000,0,593.16932499,MARK_PRICE_EXACT_OPEN,1721520000000,0
BNBUSDT,1721548800000,0,592.68865574,MARK_PRICE_EXACT_OPEN,1721548800000,0
BNBUSDT,1721577600000,0,599.23581116,MARK_PRICE_EXACT_OPEN,1721577600000,0
BNBUSDT,1721606400000,0,602.45698051,MARK_PRICE_EXACT_OPEN,1721606400000,0
BNBUSDT,1721635200000,0,594.03763107,MARK_PRICE_EXACT_OPEN,1721635200000,0
BNBUSDT,1721664000000,0,592.15837126,MARK_PRICE_EXACT_OPEN,1721664000000,0
BNBUSDT,1721692800000,0,587.33242472,MARK_PRICE_EXACT_OPEN,1721692800000,0
BNBUSDT,1721721600000,0,579.76737849,MARK_PRICE_EXACT_OPEN,1721721600000,0
BNBUSDT,1721750400000,0,585.3072758,MARK_PRICE_EXACT_OPEN,1721750400000,0
BNBUSDT,1721779200000,0,582.19,MARK_PRICE_EXACT_OPEN,1721779200000,0
BNBUSDT,1721808000000,0,586.19,MARK_PRICE_EXACT_OPEN,1721808000000,0
BNBUSDT,1721836800000,0,583.39,MARK_PRICE_EXACT_OPEN,1721836800000,0
BNBUSDT,1721865600000,0,574.79037247,MARK_PRICE_EXACT_OPEN,1721865600000,0
BNBUSDT,1721894400000,0,561.83853277,MARK_PRICE_EXACT_OPEN,1721894400000,0
BNBUSDT,1721923200000,0,565.15190224,MARK_PRICE_EXACT_OPEN,1721923200000,0
BNBUSDT,1721952000000,0,570.94,MARK_PRICE_EXACT_OPEN,1721952000000,0
BNBUSDT,1721980800000,0,579.64,MARK_PRICE_EXACT_OPEN,1721980800000,0
BNBUSDT,1722009600000,0,578.68,MARK_PRICE_EXACT_OPEN,1722009600000,0
BNBUSDT,1722038400000,0,581.01405653,MARK_PRICE_EXACT_OPEN,1722038400000,0
BNBUSDT,1722067200000,0,587.280796,MARK_PRICE_EXACT_OPEN,1722067200000,0
BNBUSDT,1722096000000,0,585.69834609,MARK_PRICE_EXACT_OPEN,1722096000000,0
BNBUSDT,1722124800000,0,581.77432901,MARK_PRICE_EXACT_OPEN,1722124800000,0
BNBUSDT,1722153600000,0,579.09516878,MARK_PRICE_EXACT_OPEN,1722153600000,0
BNBUSDT,1722182400001,0,580.74635883,MARK_PRICE_PREVIOUS_FALLBACK,1722182400000,1
BNBUSDT,1722211200001,0,584.42241716,MARK_PRICE_PREVIOUS_FALLBACK,1722211200000,1
BNBUSDT,1722240000000,0.00001232,594.1373344,MARK_PRICE_EXACT_OPEN,1722240000000,0
BNBUSDT,1722268800001,0.00005116,583.18496327,MARK_PRICE_PREVIOUS_FALLBACK,1722268800000,1
BNBUSDT,1722297600000,0,574.46,MARK_PRICE_EXACT_OPEN,1722297600000,0
BNBUSDT,1722326400001,0,574.06519265,MARK_PRICE_PREVIOUS_FALLBACK,1722326400000,1
BNBUSDT,1722355200000,0,574.17,MARK_PRICE_EXACT_OPEN,1722355200000,0
BNBUSDT,1722384000000,0,588.33,MARK_PRICE_EXACT_OPEN,1722384000000,0
BNBUSDT,1722412800000,0.00002973,586.29,MARK_PRICE_EXACT_OPEN,1722412800000,0
BNBUSDT,1722441600000,0.00000657,586.85940944,MARK_PRICE_EXACT_OPEN,1722441600000,0
BNBUSDT,1722470400000,2.4e-7,576.77432216,MARK_PRICE_EXACT_OPEN,1722470400000,0
BNBUSDT,1722499200000,0,569.15,MARK_PRICE_EXACT_OPEN,1722499200000,0
BNBUSDT,1722528000000,0.00001797,559.12,MARK_PRICE_EXACT_OPEN,1722528000000,0
BNBUSDT,1722556800000,0,575.31075392,MARK_PRICE_EXACT_OPEN,1722556800000,0
BNBUSDT,1722585600001,0.00001397,571.14,MARK_PRICE_PREVIOUS_FALLBACK,1722585600000,1
BNBUSDT,1722614400000,0,559,MARK_PRICE_EXACT_OPEN,1722614400000,0
BNBUSDT,1722643200000,0,543.15,MARK_PRICE_EXACT_OPEN,1722643200000,0
BNBUSDT,1722672000000,0,541.03898974,MARK_PRICE_EXACT_OPEN,1722672000000,0
BNBUSDT,1722700800001,0,532.05,MARK_PRICE_PREVIOUS_FALLBACK,1722700800000,1
BNBUSDT,1722729600000,0,529.60005907,MARK_PRICE_EXACT_OPEN,1722729600000,0
BNBUSDT,1722758400000,0,523.73923267,MARK_PRICE_EXACT_OPEN,1722758400000,0
BNBUSDT,1722787200000,0,501.83513063,MARK_PRICE_EXACT_OPEN,1722787200000,0
BNBUSDT,1722816000000,0,496.94574207,MARK_PRICE_EXACT_OPEN,1722816000000,0
BNBUSDT,1722844800000,0,438.95,MARK_PRICE_EXACT_OPEN,1722844800000,0
BNBUSDT,1722873600000,0,462.02,MARK_PRICE_EXACT_OPEN,1722873600000,0
BNBUSDT,1722902400000,0,464.17,MARK_PRICE_EXACT_OPEN,1722902400000,0
BNBUSDT,1722931200000,-0.00010267,491.92,MARK_PRICE_EXACT_OPEN,1722931200000,0
BNBUSDT,1722960000000,0,487.79,MARK_PRICE_EXACT_OPEN,1722960000000,0
BNBUSDT,1722988800000,0,484.80299926,MARK_PRICE_EXACT_OPEN,1722988800000,0
BNBUSDT,1723017600001,0,491.60228958,MARK_PRICE_PREVIOUS_FALLBACK,1723017600000,1
BNBUSDT,1723046400000,0,480.73,MARK_PRICE_EXACT_OPEN,1723046400000,0
BNBUSDT,1723075200001,0,474.47642962,MARK_PRICE_PREVIOUS_FALLBACK,1723075200000,1
BNBUSDT,1723104000000,0,485.29,MARK_PRICE_EXACT_OPEN,1723104000000,0
BNBUSDT,1723132800000,0,498.9,MARK_PRICE_EXACT_OPEN,1723132800000,0
BNBUSDT,1723161600000,0,517.04,MARK_PRICE_EXACT_OPEN,1723161600000,0
BNBUSDT,1723190400000,0,509.54780528,MARK_PRICE_EXACT_OPEN,1723190400000,0
BNBUSDT,1723219200000,0,501.63,MARK_PRICE_EXACT_OPEN,1723219200000,0
BNBUSDT,1723248000000,0,508.87,MARK_PRICE_EXACT_OPEN,1723248000000,0
BNBUSDT,1723276800000,0,512.12550267,MARK_PRICE_EXACT_OPEN,1723276800000,0
BNBUSDT,1723305600000,0,514.64863597,MARK_PRICE_EXACT_OPEN,1723305600000,0
BNBUSDT,1723334400000,0,523.27598034,MARK_PRICE_EXACT_OPEN,1723334400000,0
BNBUSDT,1723363200000,0,533.65627122,MARK_PRICE_EXACT_OPEN,1723363200000,0
BNBUSDT,1723392000001,0,519.76629301,MARK_PRICE_PREVIOUS_FALLBACK,1723392000000,1
BNBUSDT,1723420800000,0,503.58620742,MARK_PRICE_EXACT_OPEN,1723420800000,0
BNBUSDT,1723449600000,0,509.68,MARK_PRICE_EXACT_OPEN,1723449600000,0
BNBUSDT,1723478400000,0,519.59,MARK_PRICE_EXACT_OPEN,1723478400000,0
BNBUSDT,1723507200000,0,518.45657508,MARK_PRICE_EXACT_OPEN,1723507200000,0
BNBUSDT,1723536000000,0,523.48319103,MARK_PRICE_EXACT_OPEN,1723536000000,0
BNBUSDT,1723564800000,0,517.22,MARK_PRICE_EXACT_OPEN,1723564800000,0
BNBUSDT,1723593600000,0,524.25124698,MARK_PRICE_EXACT_OPEN,1723593600000,0
BNBUSDT,1723622400000,0,526.60641273,MARK_PRICE_EXACT_OPEN,1723622400000,0
BNBUSDT,1723651200000,0,524.90410519,MARK_PRICE_EXACT_OPEN,1723651200000,0
BNBUSDT,1723680000000,0,523.2117911,MARK_PRICE_EXACT_OPEN,1723680000000,0
BNBUSDT,1723708800000,0,517.27,MARK_PRICE_EXACT_OPEN,1723708800000,0
BNBUSDT,1723737600000,0,530.89864861,MARK_PRICE_EXACT_OPEN,1723737600000,0
BNBUSDT,1723766400000,0,518.87,MARK_PRICE_EXACT_OPEN,1723766400000,0
BNBUSDT,1723795200000,0,523.67,MARK_PRICE_EXACT_OPEN,1723795200000,0
BNBUSDT,1723824000000,-0.00006462,514.66,MARK_PRICE_EXACT_OPEN,1723824000000,0
BNBUSDT,1723852800000,-0.00001124,519.48448167,MARK_PRICE_EXACT_OPEN,1723852800000,0
BNBUSDT,1723881600000,0,523.27128919,MARK_PRICE_EXACT_OPEN,1723881600000,0
BNBUSDT,1723910400000,0,534.39024554,MARK_PRICE_EXACT_OPEN,1723910400000,0
BNBUSDT,1723939200000,0,541.79143229,MARK_PRICE_EXACT_OPEN,1723939200000,0
BNBUSDT,1723968000000,0,540.53352933,MARK_PRICE_EXACT_OPEN,1723968000000,0
BNBUSDT,1723996800000,0,538.94,MARK_PRICE_EXACT_OPEN,1723996800000,0
BNBUSDT,1724025600000,0,531.27,MARK_PRICE_EXACT_OPEN,1724025600000,0
BNBUSDT,1724054400000,0,533.66,MARK_PRICE_EXACT_OPEN,1724054400000,0
BNBUSDT,1724083200002,0,543.60395352,MARK_PRICE_PREVIOUS_FALLBACK,1724083200000,2
BNBUSDT,1724112000000,0,558.75717063,MARK_PRICE_EXACT_OPEN,1724112000000,0
BNBUSDT,1724140800000,0,569.11226658,MARK_PRICE_EXACT_OPEN,1724140800000,0
BNBUSDT,1724169600001,0,561.92,MARK_PRICE_PREVIOUS_FALLBACK,1724169600000,1
BNBUSDT,1724198400001,0,570.22513278,MARK_PRICE_PREVIOUS_FALLBACK,1724198400000,1
BNBUSDT,1724227200000,0,560.78253367,MARK_PRICE_EXACT_OPEN,1724227200000,0
BNBUSDT,1724256000001,0,554.34221743,MARK_PRICE_PREVIOUS_FALLBACK,1724256000000,1
BNBUSDT,1724284800000,-0.00008055,569.8,MARK_PRICE_EXACT_OPEN,1724284800000,0
BNBUSDT,1724313600000,0,576.71,MARK_PRICE_EXACT_OPEN,1724313600000,0
BNBUSDT,1724342400008,0,579.73827818,MARK_PRICE_PREVIOUS_FALLBACK,1724342400000,8
BNBUSDT,1724371200000,-0.00020609,582.8,MARK_PRICE_EXACT_OPEN,1724371200000,0
BNBUSDT,1724400000000,-0.00016127,579.29,MARK_PRICE_EXACT_OPEN,1724400000000,0
BNBUSDT,1724428800000,-0.00025172,580.3798596,MARK_PRICE_EXACT_OPEN,1724428800000,0
BNBUSDT,1724457600000,-0.00033776,591.29,MARK_PRICE_EXACT_OPEN,1724457600000,0
BNBUSDT,1724486400005,0,578.32,MARK_PRICE_PREVIOUS_FALLBACK,1724486400000,5
BNBUSDT,1724515200000,-0.00025018,578.22791259,MARK_PRICE_EXACT_OPEN,1724515200000,0
BNBUSDT,1724544000000,-0.00017985,580.43395373,MARK_PRICE_EXACT_OPEN,1724544000000,0
BNBUSDT,1724572800000,-0.00018285,570.7137241,MARK_PRICE_EXACT_OPEN,1724572800000,0
BNBUSDT,1724601600000,0,574.97,MARK_PRICE_EXACT_OPEN,1724601600000,0
BNBUSDT,1724630400000,-6.6e-7,573.57293456,MARK_PRICE_EXACT_OPEN,1724630400000,0
BNBUSDT,1724659200001,0,561.32717675,MARK_PRICE_PREVIOUS_FALLBACK,1724659200000,1
BNBUSDT,1724688000000,0,558.41304191,MARK_PRICE_EXACT_OPEN,1724688000000,0
BNBUSDT,1724716800001,0,548.1,MARK_PRICE_PREVIOUS_FALLBACK,1724716800000,1
BNBUSDT,1724745600000,0,555.46737614,MARK_PRICE_EXACT_OPEN,1724745600000,0
BNBUSDT,1724774400000,0,552.15697633,MARK_PRICE_EXACT_OPEN,1724774400000,0
BNBUSDT,1724803200000,0,533.17,MARK_PRICE_EXACT_OPEN,1724803200000,0
BNBUSDT,1724832000000,0,532.73613844,MARK_PRICE_EXACT_OPEN,1724832000000,0
BNBUSDT,1724860800001,0,532.52,MARK_PRICE_PREVIOUS_FALLBACK,1724860800000,1
BNBUSDT,1724889600000,0,537.01240418,MARK_PRICE_EXACT_OPEN,1724889600000,0
BNBUSDT,1724918400001,0,541.49,MARK_PRICE_PREVIOUS_FALLBACK,1724918400000,1
BNBUSDT,1724947200000,0,541.35757477,MARK_PRICE_EXACT_OPEN,1724947200000,0
BNBUSDT,1724976000000,0,536.41522197,MARK_PRICE_EXACT_OPEN,1724976000000,0
BNBUSDT,1725004800000,0,533.09255608,MARK_PRICE_EXACT_OPEN,1725004800000,0
BNBUSDT,1725033600000,0,523.35,MARK_PRICE_EXACT_OPEN,1725033600000,0
BNBUSDT,1725062400000,0,535,MARK_PRICE_EXACT_OPEN,1725062400000,0
BNBUSDT,1725091200000,0,535.67923818,MARK_PRICE_EXACT_OPEN,1725091200000,0
BNBUSDT,1725120000000,0,535.78,MARK_PRICE_EXACT_OPEN,1725120000000,0
BNBUSDT,1725148800000,0,532.88408468,MARK_PRICE_EXACT_OPEN,1725148800000,0
BNBUSDT,1725177600001,0,522.09,MARK_PRICE_PREVIOUS_FALLBACK,1725177600000,1
BNBUSDT,1725206400000,-0.00005365,520.41595886,MARK_PRICE_EXACT_OPEN,1725206400000,0
BNBUSDT,1725235200001,0,512.18,MARK_PRICE_PREVIOUS_FALLBACK,1725235200000,1
BNBUSDT,1725264000001,0,503.28615158,MARK_PRICE_PREVIOUS_FALLBACK,1725264000000,1
BNBUSDT,1725292800000,0,522.16234752,MARK_PRICE_EXACT_OPEN,1725292800000,0
BNBUSDT,1725321600000,0,526.41,MARK_PRICE_EXACT_OPEN,1725321600000,0
BNBUSDT,1725350400001,0,535.00753233,MARK_PRICE_PREVIOUS_FALLBACK,1725350400000,1
BNBUSDT,1725379200000,0,522.17823071,MARK_PRICE_EXACT_OPEN,1725379200000,0
BNBUSDT,1725408000000,0,518.74988022,MARK_PRICE_EXACT_OPEN,1725408000000,0
BNBUSDT,1725436800000,0,510.33,MARK_PRICE_EXACT_OPEN,1725436800000,0
BNBUSDT,1725465600000,0,508.89358089,MARK_PRICE_EXACT_OPEN,1725465600000,0
BNBUSDT,1725494400000,0,507.72771199,MARK_PRICE_EXACT_OPEN,1725494400000,0
BNBUSDT,1725523200000,0,506.7736295,MARK_PRICE_EXACT_OPEN,1725523200000,0
BNBUSDT,1725552000005,0,501.58,MARK_PRICE_PREVIOUS_FALLBACK,1725552000000,5
BNBUSDT,1725580800000,0,502.48,MARK_PRICE_EXACT_OPEN,1725580800000,0
BNBUSDT,1725609600001,0,501.62,MARK_PRICE_PREVIOUS_FALLBACK,1725609600000,1
BNBUSDT,1725638400000,0,492.45275869,MARK_PRICE_EXACT_OPEN,1725638400000,0
BNBUSDT,1725667200000,0,487.08463091,MARK_PRICE_EXACT_OPEN,1725667200000,0
BNBUSDT,1725696000000,0,495.12946876,MARK_PRICE_EXACT_OPEN,1725696000000,0
BNBUSDT,1725724800000,0,497.6805654,MARK_PRICE_EXACT_OPEN,1725724800000,0
BNBUSDT,1725753600000,0,493.37,MARK_PRICE_EXACT_OPEN,1725753600000,0
BNBUSDT,1725782400000,0,503.02,MARK_PRICE_EXACT_OPEN,1725782400000,0
BNBUSDT,1725811200000,0,491.61598077,MARK_PRICE_EXACT_OPEN,1725811200000,0
BNBUSDT,1725840000000,0,503.03,MARK_PRICE_EXACT_OPEN,1725840000000,0
BNBUSDT,1725868800000,0,506.96023612,MARK_PRICE_EXACT_OPEN,1725868800000,0
BNBUSDT,1725897600001,0,506.13,MARK_PRICE_PREVIOUS_FALLBACK,1725897600000,1
BNBUSDT,1725926400000,0.00000394,518.91,MARK_PRICE_EXACT_OPEN,1725926400000,0
BNBUSDT,1725955200000,0,520.27927114,MARK_PRICE_EXACT_OPEN,1725955200000,0
BNBUSDT,1725984000000,0,514.24170525,MARK_PRICE_EXACT_OPEN,1725984000000,0
BNBUSDT,1726012800000,0,517.13803771,MARK_PRICE_EXACT_OPEN,1726012800000,0
BNBUSDT,1726041600000,0,514.1,MARK_PRICE_EXACT_OPEN,1726041600000,0
BNBUSDT,1726070400000,0,518.10202494,MARK_PRICE_EXACT_OPEN,1726070400000,0
BNBUSDT,1726099200000,0,530.28962306,MARK_PRICE_EXACT_OPEN,1726099200000,0
BNBUSDT,1726128000000,0,542.28,MARK_PRICE_EXACT_OPEN,1726128000000,0
BNBUSDT,1726156800000,0,535.68075045,MARK_PRICE_EXACT_OPEN,1726156800000,0
BNBUSDT,1726185600000,0,544.55727411,MARK_PRICE_EXACT_OPEN,1726185600000,0
BNBUSDT,1726214400001,0,543.09569704,MARK_PRICE_PREVIOUS_FALLBACK,1726214400000,1
BNBUSDT,1726243200001,0,553.79,MARK_PRICE_PREVIOUS_FALLBACK,1726243200000,1
BNBUSDT,1726272000000,0,556.06144403,MARK_PRICE_EXACT_OPEN,1726272000000,0
BNBUSDT,1726300800000,0,553.67,MARK_PRICE_EXACT_OPEN,1726300800000,0
BNBUSDT,1726329600001,0,550.84,MARK_PRICE_PREVIOUS_FALLBACK,1726329600000,1
BNBUSDT,1726358400000,0,553.21,MARK_PRICE_EXACT_OPEN,1726358400000,0
BNBUSDT,1726387200000,0,554.94575836,MARK_PRICE_EXACT_OPEN,1726387200000,0
BNBUSDT,1726416000000,0,561.32,MARK_PRICE_EXACT_OPEN,1726416000000,0
BNBUSDT,1726444800000,0,553.17228932,MARK_PRICE_EXACT_OPEN,1726444800000,0
BNBUSDT,1726473600001,-0.00014697,550.19632777,MARK_PRICE_PREVIOUS_FALLBACK,1726473600000,1
BNBUSDT,1726502400000,-0.00003343,534.77,MARK_PRICE_EXACT_OPEN,1726502400000,0
BNBUSDT,1726531200001,-0.00015539,533.47,MARK_PRICE_PREVIOUS_FALLBACK,1726531200000,1
BNBUSDT,1726560000000,-0.00000955,538.07574086,MARK_PRICE_EXACT_OPEN,1726560000000,0
BNBUSDT,1726588800000,-0.00012454,549.73,MARK_PRICE_EXACT_OPEN,1726588800000,0
BNBUSDT,1726617600000,-0.00011651,546.03123054,MARK_PRICE_EXACT_OPEN,1726617600000,0
BNBUSDT,1726646400000,-0.00012655,545.17779475,MARK_PRICE_EXACT_OPEN,1726646400000,0
BNBUSDT,1726675200004,-0.00003002,538.19,MARK_PRICE_PREVIOUS_FALLBACK,1726675200000,4
BNBUSDT,1726704000000,-0.00002078,559.30929153,MARK_PRICE_EXACT_OPEN,1726704000000,0
BNBUSDT,1726732800000,0,556.9169473,MARK_PRICE_EXACT_OPEN,1726732800000,0
BNBUSDT,1726761600001,-0.00035746,565.43,MARK_PRICE_PREVIOUS_FALLBACK,1726761600000,1
BNBUSDT,1726790400000,-0.0000739,566.85,MARK_PRICE_EXACT_OPEN,1726790400000,0
BNBUSDT,1726819200001,0,573.4717987,MARK_PRICE_PREVIOUS_FALLBACK,1726819200000,1
BNBUSDT,1726848000000,0,569.78686332,MARK_PRICE_EXACT_OPEN,1726848000000,0
BNBUSDT,1726876800001,0,568.96,MARK_PRICE_PREVIOUS_FALLBACK,1726876800000,1
BNBUSDT,1726905600000,0,582.80007039,MARK_PRICE_EXACT_OPEN,1726905600000,0
BNBUSDT,1726934400000,0,583.7913289,MARK_PRICE_EXACT_OPEN,1726934400000,0
BNBUSDT,1726963200000,0,588.8467893,MARK_PRICE_EXACT_OPEN,1726963200000,0
BNBUSDT,1726992000000,0,584.75,MARK_PRICE_EXACT_OPEN,1726992000000,0
BNBUSDT,1727020800000,0,580.66,MARK_PRICE_EXACT_OPEN,1727020800000,0
BNBUSDT,1727049600000,0,588.57128884,MARK_PRICE_EXACT_OPEN,1727049600000,0
BNBUSDT,1727078400000,0,591.16,MARK_PRICE_EXACT_OPEN,1727078400000,0
BNBUSDT,1727107200000,0,600.85,MARK_PRICE_EXACT_OPEN,1727107200000,0
BNBUSDT,1727136000000,0.00006712,604.97,MARK_PRICE_EXACT_OPEN,1727136000000,0
BNBUSDT,1727164800000,0,602.55630806,MARK_PRICE_EXACT_OPEN,1727164800000,0
BNBUSDT,1727193600001,0,607.26534935,MARK_PRICE_PREVIOUS_FALLBACK,1727193600000,1
BNBUSDT,1727222400000,0,605.96298691,MARK_PRICE_EXACT_OPEN,1727222400000,0
BNBUSDT,1727251200003,0,595.850508,MARK_PRICE_PREVIOUS_FALLBACK,1727251200000,3
BNBUSDT,1727280000000,0,593.35044673,MARK_PRICE_EXACT_OPEN,1727280000000,0
BNBUSDT,1727308800005,0,587.77665003,MARK_PRICE_PREVIOUS_FALLBACK,1727308800000,5
BNBUSDT,1727337600000,0,596.2280018,MARK_PRICE_EXACT_OPEN,1727337600000,0
BNBUSDT,1727366400000,0,601.90527427,MARK_PRICE_EXACT_OPEN,1727366400000,0
BNBUSDT,1727395200000,0,596.41199255,MARK_PRICE_EXACT_OPEN,1727395200000,0
BNBUSDT,1727424000000,0,604.32,MARK_PRICE_EXACT_OPEN,1727424000000,0
BNBUSDT,1727452800000,0,609.30519655,MARK_PRICE_EXACT_OPEN,1727452800000,0
BNBUSDT,1727481600000,0,607.27306482,MARK_PRICE_EXACT_OPEN,1727481600000,0
BNBUSDT,1727510400001,0.00005223,602.59,MARK_PRICE_PREVIOUS_FALLBACK,1727510400000,1
BNBUSDT,1727539200000,0,601.14534491,MARK_PRICE_EXACT_OPEN,1727539200000,0
BNBUSDT,1727568000001,0,601.08998998,MARK_PRICE_PREVIOUS_FALLBACK,1727568000000,1
BNBUSDT,1727596800000,0,593.74266006,MARK_PRICE_EXACT_OPEN,1727596800000,0
BNBUSDT,1727625600000,0,597.34,MARK_PRICE_EXACT_OPEN,1727625600000,0
BNBUSDT,1727654400000,0,595.76,MARK_PRICE_EXACT_OPEN,1727654400000,0
BNBUSDT,1727683200001,0,582.12,MARK_PRICE_PREVIOUS_FALLBACK,1727683200000,1
BNBUSDT,1727712000000,0,571.25157831,MARK_PRICE_EXACT_OPEN,1727712000000,0
BNBUSDT,1727740800000,0,567.65,MARK_PRICE_EXACT_OPEN,1727740800000,0
BNBUSDT,1727769600000,0,581.22,MARK_PRICE_EXACT_OPEN,1727769600000,0
BNBUSDT,1727798400001,0,560.33,MARK_PRICE_PREVIOUS_FALLBACK,1727798400000,1
BNBUSDT,1727827200000,-0.00002629,547.02218464,MARK_PRICE_EXACT_OPEN,1727827200000,0
BNBUSDT,1727856000000,0,556.15,MARK_PRICE_EXACT_OPEN,1727856000000,0
BNBUSDT,1727884800000,0,549.25,MARK_PRICE_EXACT_OPEN,1727884800000,0
BNBUSDT,1727913600000,0,542.38615749,MARK_PRICE_EXACT_OPEN,1727913600000,0
BNBUSDT,1727942400000,0,545.07,MARK_PRICE_EXACT_OPEN,1727942400000,0
BNBUSDT,1727971200000,-0.00013994,541.10595885,MARK_PRICE_EXACT_OPEN,1727971200000,0
BNBUSDT,1728000000000,0,544.64,MARK_PRICE_EXACT_OPEN,1728000000000,0
BNBUSDT,1728028800000,0,550.54,MARK_PRICE_EXACT_OPEN,1728028800000,0
BNBUSDT,1728057600001,0,553.36465681,MARK_PRICE_PREVIOUS_FALLBACK,1728057600000,1
BNBUSDT,1728086400000,0,555.31102073,MARK_PRICE_EXACT_OPEN,1728086400000,0
BNBUSDT,1728115200000,0,561.64,MARK_PRICE_EXACT_OPEN,1728115200000,0
BNBUSDT,1728144000000,0,564.32693288,MARK_PRICE_EXACT_OPEN,1728144000000,0
BNBUSDT,1728172800000,0,563.07781159,MARK_PRICE_EXACT_OPEN,1728172800000,0
BNBUSDT,1728201600001,0,562.93,MARK_PRICE_PREVIOUS_FALLBACK,1728201600000,1
BNBUSDT,1728230400000,0,567.28,MARK_PRICE_EXACT_OPEN,1728230400000,0
BNBUSDT,1728259200000,0,570.26,MARK_PRICE_EXACT_OPEN,1728259200000,0
BNBUSDT,1728288000000,0,575.81207399,MARK_PRICE_EXACT_OPEN,1728288000000,0
BNBUSDT,1728316800001,0,576.17,MARK_PRICE_PREVIOUS_FALLBACK,1728316800000,1
BNBUSDT,1728345600000,0,564.31894162,MARK_PRICE_EXACT_OPEN,1728345600000,0
BNBUSDT,1728374400000,0,563.34627543,MARK_PRICE_EXACT_OPEN,1728374400000,0
BNBUSDT,1728403200000,0,577.64,MARK_PRICE_EXACT_OPEN,1728403200000,0
BNBUSDT,1728432000000,-0.00037285,579.97215018,MARK_PRICE_EXACT_OPEN,1728432000000,0
BNBUSDT,1728460800000,-0.00055575,581.64,MARK_PRICE_EXACT_OPEN,1728460800000,0
BNBUSDT,1728489600000,-0.00031397,580.78,MARK_PRICE_EXACT_OPEN,1728489600000,0
BNBUSDT,1728518400000,-0.00007384,570.35,MARK_PRICE_EXACT_OPEN,1728518400000,0
BNBUSDT,1728547200000,-0.0000986,569.7,MARK_PRICE_EXACT_OPEN,1728547200000,0
BNBUSDT,1728576000000,-0.0001291,565.12,MARK_PRICE_EXACT_OPEN,1728576000000,0
BNBUSDT,1728604800000,-0.00015143,563.63,MARK_PRICE_EXACT_OPEN,1728604800000,0
BNBUSDT,1728633600000,0,560.51,MARK_PRICE_EXACT_OPEN,1728633600000,0
BNBUSDT,1728662400001,0,572.73618962,MARK_PRICE_PREVIOUS_FALLBACK,1728662400000,1
BNBUSDT,1728691200000,0,573.66523902,MARK_PRICE_EXACT_OPEN,1728691200000,0
BNBUSDT,1728720000001,0,575.61,MARK_PRICE_PREVIOUS_FALLBACK,1728720000000,1
BNBUSDT,1728748800000,0,575.96572518,MARK_PRICE_EXACT_OPEN,1728748800000,0
BNBUSDT,1728777600000,0,576.52799081,MARK_PRICE_EXACT_OPEN,1728777600000,0
BNBUSDT,1728806400000,0,574.23474098,MARK_PRICE_EXACT_OPEN,1728806400000,0
BNBUSDT,1728835200000,0,566.80074819,MARK_PRICE_EXACT_OPEN,1728835200000,0
BNBUSDT,1728864000000,0,572.21,MARK_PRICE_EXACT_OPEN,1728864000000,0
BNBUSDT,1728892800000,0,580.51733895,MARK_PRICE_EXACT_OPEN,1728892800000,0
BNBUSDT,1728921600000,0,588.2,MARK_PRICE_EXACT_OPEN,1728921600000,0
BNBUSDT,1728950400000,0,589.27185869,MARK_PRICE_EXACT_OPEN,1728950400000,0
BNBUSDT,1728979200000,0.0000646,585.03,MARK_PRICE_EXACT_OPEN,1728979200000,0
BNBUSDT,1729008000000,0.00001914,589.6,MARK_PRICE_EXACT_OPEN,1729008000000,0
BNBUSDT,1729036800000,0.00006645,594.89,MARK_PRICE_EXACT_OPEN,1729036800000,0
BNBUSDT,1729065600001,0.00003157,591.46592715,MARK_PRICE_PREVIOUS_FALLBACK,1729065600000,1
BNBUSDT,1729094400000,0,595.45408312,MARK_PRICE_EXACT_OPEN,1729094400000,0
BNBUSDT,1729123200000,0,601.13,MARK_PRICE_EXACT_OPEN,1729123200000,0
BNBUSDT,1729152000000,0,597.21954043,MARK_PRICE_EXACT_OPEN,1729152000000,0
BNBUSDT,1729180800001,0,593.79012826,MARK_PRICE_PREVIOUS_FALLBACK,1729180800000,1
BNBUSDT,1729209600010,0,592.54,MARK_PRICE_PREVIOUS_FALLBACK,1729209600000,10
BNBUSDT,1729238400001,0,597.85,MARK_PRICE_PREVIOUS_FALLBACK,1729238400000,1
BNBUSDT,1729267200000,0,600.71242367,MARK_PRICE_EXACT_OPEN,1729267200000,0
BNBUSDT,1729296000000,0,599.03,MARK_PRICE_EXACT_OPEN,1729296000000,0
BNBUSDT,1729324800000,0,597.73631893,MARK_PRICE_EXACT_OPEN,1729324800000,0
BNBUSDT,1729353600000,0,596.84905599,MARK_PRICE_EXACT_OPEN,1729353600000,0
BNBUSDT,1729382400000,0,597.90733105,MARK_PRICE_EXACT_OPEN,1729382400000,0
BNBUSDT,1729411200000,0,597.63951633,MARK_PRICE_EXACT_OPEN,1729411200000,0
BNBUSDT,1729440000000,0,599.21,MARK_PRICE_EXACT_OPEN,1729440000000,0
BNBUSDT,1729468800000,0,606.28,MARK_PRICE_EXACT_OPEN,1729468800000,0
BNBUSDT,1729497600000,0.00016124,609.29,MARK_PRICE_EXACT_OPEN,1729497600000,0
BNBUSDT,1729526400000,0,595.95399537,MARK_PRICE_EXACT_OPEN,1729526400000,0
BNBUSDT,1729555200000,0,598.73,MARK_PRICE_EXACT_OPEN,1729555200000,0
BNBUSDT,1729584000000,0,595.20918031,MARK_PRICE_EXACT_OPEN,1729584000000,0
BNBUSDT,1729612800000,0,596.7,MARK_PRICE_EXACT_OPEN,1729612800000,0
BNBUSDT,1729641600000,0,593.81,MARK_PRICE_EXACT_OPEN,1729641600000,0
BNBUSDT,1729670400000,0,584.14041084,MARK_PRICE_EXACT_OPEN,1729670400000,0
BNBUSDT,1729699200000,0,579.65199062,MARK_PRICE_EXACT_OPEN,1729699200000,0
BNBUSDT,1729728000000,0,584.92466788,MARK_PRICE_EXACT_OPEN,1729728000000,0
BNBUSDT,1729756800000,0,590.68611661,MARK_PRICE_EXACT_OPEN,1729756800000,0
BNBUSDT,1729785600000,0,592.49,MARK_PRICE_EXACT_OPEN,1729785600000,0
BNBUSDT,1729814400000,0,594.65,MARK_PRICE_EXACT_OPEN,1729814400000,0
BNBUSDT,1729843200000,0,588.59,MARK_PRICE_EXACT_OPEN,1729843200000,0
BNBUSDT,1729872000000,0,589.81755124,MARK_PRICE_EXACT_OPEN,1729872000000,0
BNBUSDT,1729900800000,0,574.75950609,MARK_PRICE_EXACT_OPEN,1729900800000,0
BNBUSDT,1729929600001,0,579.54,MARK_PRICE_PREVIOUS_FALLBACK,1729929600000,1
BNBUSDT,1729958400000,0,580.83830039,MARK_PRICE_EXACT_OPEN,1729958400000,0
BNBUSDT,1729987200000,0,583.35270541,MARK_PRICE_EXACT_OPEN,1729987200000,0
BNBUSDT,1730016000000,0,584.82191064,MARK_PRICE_EXACT_OPEN,1730016000000,0
BNBUSDT,1730044800000,0,587.40417807,MARK_PRICE_EXACT_OPEN,1730044800000,0
BNBUSDT,1730073600000,0,589.27130757,MARK_PRICE_EXACT_OPEN,1730073600000,0
BNBUSDT,1730102400001,0,591.87289094,MARK_PRICE_PREVIOUS_FALLBACK,1730102400000,1
BNBUSDT,1730131200000,0,590.59,MARK_PRICE_EXACT_OPEN,1730131200000,0
BNBUSDT,1730160000000,0,601.30818749,MARK_PRICE_EXACT_OPEN,1730160000000,0
BNBUSDT,1730188800000,0.00004545,604.47745307,MARK_PRICE_EXACT_OPEN,1730188800000,0
BNBUSDT,1730217600004,0,611.08,MARK_PRICE_PREVIOUS_FALLBACK,1730217600000,4
BNBUSDT,1730246400000,0.0002239,606.71,MARK_PRICE_EXACT_OPEN,1730246400000,0
BNBUSDT,1730275200000,0.00014298,602.5,MARK_PRICE_EXACT_OPEN,1730275200000,0
BNBUSDT,1730304000013,0,597.02753919,MARK_PRICE_PREVIOUS_FALLBACK,1730304000000,13
BNBUSDT,1730332800000,0.00007648,595.9,MARK_PRICE_EXACT_OPEN,1730332800000,0
BNBUSDT,1730361600000,0.00003528,588.13,MARK_PRICE_EXACT_OPEN,1730361600000,0
BNBUSDT,1730390400000,0,580.66421967,MARK_PRICE_EXACT_OPEN,1730390400000,0
BNBUSDT,1730419200000,0,576.69465483,MARK_PRICE_EXACT_OPEN,1730419200000,0
BNBUSDT,1730448000000,0,574.77090914,MARK_PRICE_EXACT_OPEN,1730448000000,0
BNBUSDT,1730476800000,0,571.71,MARK_PRICE_EXACT_OPEN,1730476800000,0
BNBUSDT,1730505600000,0,572.92,MARK_PRICE_EXACT_OPEN,1730505600000,0
BNBUSDT,1730534400000,0,576.2245528,MARK_PRICE_EXACT_OPEN,1730534400000,0
BNBUSDT,1730563200000,0,566.47,MARK_PRICE_EXACT_OPEN,1730563200000,0
BNBUSDT,1730592000000,0,568.58,MARK_PRICE_EXACT_OPEN,1730592000000,0
BNBUSDT,1730620800000,0,563.64206705,MARK_PRICE_EXACT_OPEN,1730620800000,0
BNBUSDT,1730649600000,0,551.79666095,MARK_PRICE_EXACT_OPEN,1730649600000,0
BNBUSDT,1730678400000,0,557.76833979,MARK_PRICE_EXACT_OPEN,1730678400000,0
BNBUSDT,1730707200000,0,558.80348077,MARK_PRICE_EXACT_OPEN,1730707200000,0
BNBUSDT,1730736000000,0,559.56602906,MARK_PRICE_EXACT_OPEN,1730736000000,0
BNBUSDT,1730764800000,0,552.51,MARK_PRICE_EXACT_OPEN,1730764800000,0
BNBUSDT,1730793600003,0,560.69,MARK_PRICE_PREVIOUS_FALLBACK,1730793600000,3
BNBUSDT,1730822400001,0,564.42098669,MARK_PRICE_PREVIOUS_FALLBACK,1730822400000,1
BNBUSDT,1730851200000,0,563.29,MARK_PRICE_EXACT_OPEN,1730851200000,0
BNBUSDT,1730880000000,0.00002834,584.22868504,MARK_PRICE_EXACT_OPEN,1730880000000,0
BNBUSDT,1730908800000,0.00007705,583.47,MARK_PRICE_EXACT_OPEN,1730908800000,0
BNBUSDT,1730937600000,0.0000419,592.61,MARK_PRICE_EXACT_OPEN,1730937600000,0
BNBUSDT,1730966400000,0.00027164,596.15,MARK_PRICE_EXACT_OPEN,1730966400000,0
BNBUSDT,1730995200000,0.00009543,598.19,MARK_PRICE_EXACT_OPEN,1730995200000,0
BNBUSDT,1731024000000,0.00013806,598.71947603,MARK_PRICE_EXACT_OPEN,1731024000000,0
BNBUSDT,1731052800000,0.00012525,599.45,MARK_PRICE_EXACT_OPEN,1731052800000,0
BNBUSDT,1731081600000,0.00012741,597.75610454,MARK_PRICE_EXACT_OPEN,1731081600000,0
BNBUSDT,1731110400000,0.00014585,598.17928844,MARK_PRICE_EXACT_OPEN,1731110400000,0
BNBUSDT,1731139200000,0.00018785,629.50170943,MARK_PRICE_EXACT_OPEN,1731139200000,0
BNBUSDT,1731168000000,0.00015914,617.16676732,MARK_PRICE_EXACT_OPEN,1731168000000,0
BNBUSDT,1731196800000,0.00009947,625.04038216,MARK_PRICE_EXACT_OPEN,1731196800000,0
BNBUSDT,1731225600000,0.00029165,629.88,MARK_PRICE_EXACT_OPEN,1731225600000,0
BNBUSDT,1731254400000,0.00039432,640.54,MARK_PRICE_EXACT_OPEN,1731254400000,0
BNBUSDT,1731283200001,0.00025293,627.01548115,MARK_PRICE_PREVIOUS_FALLBACK,1731283200000,1
BNBUSDT,1731312000000,0.00019878,616.38238564,MARK_PRICE_EXACT_OPEN,1731312000000,0
BNBUSDT,1731340800000,0.00021978,626.37616467,MARK_PRICE_EXACT_OPEN,1731340800000,0
BNBUSDT,1731369600002,0.0004155,660.30060442,MARK_PRICE_PREVIOUS_FALLBACK,1731369600000,2
BNBUSDT,1731398400000,0.00042666,649.03189263,MARK_PRICE_EXACT_OPEN,1731398400000,0
BNBUSDT,1731427200000,0.00029213,625.88843389,MARK_PRICE_EXACT_OPEN,1731427200000,0
BNBUSDT,1731456000000,0.00015032,625.69361619,MARK_PRICE_EXACT_OPEN,1731456000000,0
BNBUSDT,1731484800010,0.00009601,607.54,MARK_PRICE_PREVIOUS_FALLBACK,1731484800000,10
BNBUSDT,1731513600000,0.0001672,629.58,MARK_PRICE_EXACT_OPEN,1731513600000,0
BNBUSDT,1731542400001,0.00010701,620.73,MARK_PRICE_PREVIOUS_FALLBACK,1731542400000,1
BNBUSDT,1731571200000,0.00015621,660.15999798,MARK_PRICE_EXACT_OPEN,1731571200000,0
BNBUSDT,1731600000000,0,628.5901503,MARK_PRICE_EXACT_OPEN,1731600000000,0
BNBUSDT,1731628800000,0.00002259,622.52678859,MARK_PRICE_EXACT_OPEN,1731628800000,0
BNBUSDT,1731657600000,0,615.66,MARK_PRICE_EXACT_OPEN,1731657600000,0
BNBUSDT,1731686400000,0,606.9,MARK_PRICE_EXACT_OPEN,1731686400000,0
BNBUSDT,1731715200001,0,619.37,MARK_PRICE_PREVIOUS_FALLBACK,1731715200000,1
BNBUSDT,1731744000001,0.00014634,624.08998604,MARK_PRICE_PREVIOUS_FALLBACK,1731744000000,1
BNBUSDT,1731772800000,0.00011027,623.69079729,MARK_PRICE_EXACT_OPEN,1731772800000,0
BNBUSDT,1731801600000,0.00010792,623.08154906,MARK_PRICE_EXACT_OPEN,1731801600000,0
BNBUSDT,1731830400000,0,639.04860683,MARK_PRICE_EXACT_OPEN,1731830400000,0
BNBUSDT,1731859200001,0.00000684,625.1,MARK_PRICE_PREVIOUS_FALLBACK,1731859200000,1
BNBUSDT,1731888000000,0,618.98233861,MARK_PRICE_EXACT_OPEN,1731888000000,0
BNBUSDT,1731916800000,0.0000074,626.94152177,MARK_PRICE_EXACT_OPEN,1731916800000,0
BNBUSDT,1731945600000,0,624.69062353,MARK_PRICE_EXACT_OPEN,1731945600000,0
BNBUSDT,1731974400000,0.00010006,619.46,MARK_PRICE_EXACT_OPEN,1731974400000,0
BNBUSDT,1732003200000,0.00020322,618.01,MARK_PRICE_EXACT_OPEN,1732003200000,0
BNBUSDT,1732032000000,0.00021252,615.51,MARK_PRICE_EXACT_OPEN,1732032000000,0
BNBUSDT,1732060800003,0.00017739,615.96,MARK_PRICE_PREVIOUS_FALLBACK,1732060800000,3
BNBUSDT,1732089600000,0.00015552,613.24495715,MARK_PRICE_EXACT_OPEN,1732089600000,0
BNBUSDT,1732118400000,0.00013045,615.62,MARK_PRICE_EXACT_OPEN,1732118400000,0
BNBUSDT,1732147200001,0.0000761,605.32,MARK_PRICE_PREVIOUS_FALLBACK,1732147200000,1
BNBUSDT,1732176000000,0.0001129,612.85950585,MARK_PRICE_EXACT_OPEN,1732176000000,0
BNBUSDT,1732204800001,0.00018601,617.43,MARK_PRICE_PREVIOUS_FALLBACK,1732204800000,1
BNBUSDT,1732233600000,0.00026039,622.33,MARK_PRICE_EXACT_OPEN,1732233600000,0
BNBUSDT,1732262400000,0.00022074,627.64,MARK_PRICE_EXACT_OPEN,1732262400000,0
BNBUSDT,1732291200001,0.00025697,624.12,MARK_PRICE_PREVIOUS_FALLBACK,1732291200000,1
BNBUSDT,1732320000000,0.00025849,633.51,MARK_PRICE_EXACT_OPEN,1732320000000,0
BNBUSDT,1732348800000,0.00031409,664.59,MARK_PRICE_EXACT_OPEN,1732348800000,0
BNBUSDT,1732377600000,0.00026825,670.1035886,MARK_PRICE_EXACT_OPEN,1732377600000,0
BNBUSDT,1732406400001,0.00027182,649.60412779,MARK_PRICE_PREVIOUS_FALLBACK,1732406400000,1
BNBUSDT,1732435200000,0.00023194,673.32,MARK_PRICE_EXACT_OPEN,1732435200000,0
BNBUSDT,1732464000000,0.00027586,643.01056309,MARK_PRICE_EXACT_OPEN,1732464000000,0
BNBUSDT,1732492800000,0.00016463,660.22,MARK_PRICE_EXACT_OPEN,1732492800000,0
BNBUSDT,1732521600000,0.00023382,661.73,MARK_PRICE_EXACT_OPEN,1732521600000,0
BNBUSDT,1732550400000,0.00017218,649.06123269,MARK_PRICE_EXACT_OPEN,1732550400000,0
BNBUSDT,1732579200000,0.00019876,636.56229343,MARK_PRICE_EXACT_OPEN,1732579200000,0
BNBUSDT,1732608000000,0.00021015,641.97,MARK_PRICE_EXACT_OPEN,1732608000000,0
BNBUSDT,1732636800000,0.00013059,614.43,MARK_PRICE_EXACT_OPEN,1732636800000,0
BNBUSDT,1732665600000,0.00014198,613.94,MARK_PRICE_EXACT_OPEN,1732665600000,0
BNBUSDT,1732694400000,0.0001679,622.47,MARK_PRICE_EXACT_OPEN,1732694400000,0
BNBUSDT,1732723200001,0.00018095,638.27135511,MARK_PRICE_PREVIOUS_FALLBACK,1732723200000,1
BNBUSDT,1732752000000,0.00025048,644.66,MARK_PRICE_EXACT_OPEN,1732752000000,0
BNBUSDT,1732780800000,0.00029079,650.38394998,MARK_PRICE_EXACT_OPEN,1732780800000,0
BNBUSDT,1732809600000,0.00016874,646.73698806,MARK_PRICE_EXACT_OPEN,1732809600000,0
BNBUSDT,1732838400000,0.00025917,654.33,MARK_PRICE_EXACT_OPEN,1732838400000,0
BNBUSDT,1732867200000,0.00017784,650.19758561,MARK_PRICE_EXACT_OPEN,1732867200000,0
BNBUSDT,1732896000000,0.00023522,660.16964695,MARK_PRICE_EXACT_OPEN,1732896000000,0
BNBUSDT,1732924800000,0.00025161,655.102147,MARK_PRICE_EXACT_OPEN,1732924800000,0
BNBUSDT,1732953600000,0.00028198,673.66469574,MARK_PRICE_EXACT_OPEN,1732953600000,0
BNBUSDT,1732982400000,0.00017695,656.65,MARK_PRICE_EXACT_OPEN,1732982400000,0
BNBUSDT,1733011200000,0.00020315,653.88,MARK_PRICE_EXACT_OPEN,1733011200000,0
BNBUSDT,1733040000000,0.00023081,651.56738742,MARK_PRICE_EXACT_OPEN,1733040000000,0
BNBUSDT,1733068800000,0.00025892,662.74649498,MARK_PRICE_EXACT_OPEN,1733068800000,0
BNBUSDT,1733097600001,0.00034152,656.9351335,MARK_PRICE_PREVIOUS_FALLBACK,1733097600000,1
BNBUSDT,1733126400001,0.00025785,646.39793257,MARK_PRICE_PREVIOUS_FALLBACK,1733126400000,1
BNBUSDT,1733155200000,0.00031152,650.29,MARK_PRICE_EXACT_OPEN,1733155200000,0
BNBUSDT,1733184000000,0.00036686,648.3,MARK_PRICE_EXACT_OPEN,1733184000000,0
BNBUSDT,1733212800000,0.00043533,648.59,MARK_PRICE_EXACT_OPEN,1733212800000,0
BNBUSDT,1733241600000,0.0002647,643.12214842,MARK_PRICE_EXACT_OPEN,1733241600000,0
BNBUSDT,1733270400000,0.00027322,735.61633632,MARK_PRICE_EXACT_OPEN,1733270400000,0
BNBUSDT,1733299200000,0.00025819,765.25,MARK_PRICE_EXACT_OPEN,1733299200000,0
BNBUSDT,1733328000000,0.00030723,756.89147941,MARK_PRICE_EXACT_OPEN,1733328000000,0
BNBUSDT,1733356800001,0.00042947,738.6,MARK_PRICE_PREVIOUS_FALLBACK,1733356800000,1
BNBUSDT,1733385600000,0.00038805,729.88,MARK_PRICE_EXACT_OPEN,1733385600000,0
BNBUSDT,1733414400000,0.00034913,724.84,MARK_PRICE_EXACT_OPEN,1733414400000,0
BNBUSDT,1733443200000,0.00028199,717.76,MARK_PRICE_EXACT_OPEN,1733443200000,0
BNBUSDT,1733472000000,0.00024535,725.94751228,MARK_PRICE_EXACT_OPEN,1733472000000,0
BNBUSDT,1733500800000,0.00018233,733.36,MARK_PRICE_EXACT_OPEN,1733500800000,0
BNBUSDT,1733529600000,0.00033562,730.75,MARK_PRICE_EXACT_OPEN,1733529600000,0
BNBUSDT,1733558400000,0.00024332,739.18335461,MARK_PRICE_EXACT_OPEN,1733558400000,0
BNBUSDT,1733587200000,0.00029675,755.8,MARK_PRICE_EXACT_OPEN,1733587200000,0
BNBUSDT,1733616000000,0.00019104,750.34,MARK_PRICE_EXACT_OPEN,1733616000000,0
BNBUSDT,1733644800000,0.00025929,747.53,MARK_PRICE_EXACT_OPEN,1733644800000,0
BNBUSDT,1733673600000,0.00012175,740.65,MARK_PRICE_EXACT_OPEN,1733673600000,0
BNBUSDT,1733702400000,0.0002588,742.45906798,MARK_PRICE_EXACT_OPEN,1733702400000,0
BNBUSDT,1733731200000,0.00017589,720.92641065,MARK_PRICE_EXACT_OPEN,1733731200000,0
BNBUSDT,1733760000001,0.00021516,715.5886721,MARK_PRICE_PREVIOUS_FALLBACK,1733760000000,1
BNBUSDT,1733788800007,0,688.22,MARK_PRICE_PREVIOUS_FALLBACK,1733788800000,7
BNBUSDT,1733817600000,0.00009225,693.32,MARK_PRICE_EXACT_OPEN,1733817600000,0
BNBUSDT,1733846400000,0.00005529,657.82,MARK_PRICE_EXACT_OPEN,1733846400000,0
BNBUSDT,1733875200000,0.00007477,677.23,MARK_PRICE_EXACT_OPEN,1733875200000,0
BNBUSDT,1733904000000,0.0000603,677.82682812,MARK_PRICE_EXACT_OPEN,1733904000000,0
BNBUSDT,1733932800001,0.00007029,696.24125693,MARK_PRICE_PREVIOUS_FALLBACK,1733932800000,1
BNBUSDT,1733961600001,0.00008003,712.34,MARK_PRICE_PREVIOUS_FALLBACK,1733961600000,1
BNBUSDT,1733990400000,0.00003327,715.17072972,MARK_PRICE_EXACT_OPEN,1733990400000,0
BNBUSDT,1734019200001,0.0000134,715.6,MARK_PRICE_PREVIOUS_FALLBACK,1734019200000,1
BNBUSDT,1734048000000,0.00008474,706.18,MARK_PRICE_EXACT_OPEN,1734048000000,0
BNBUSDT,1734076800000,0.00010016,702.01773825,MARK_PRICE_EXACT_OPEN,1734076800000,0
BNBUSDT,1734105600001,0,711.09829286,MARK_PRICE_PREVIOUS_FALLBACK,1734105600000,1
BNBUSDT,1734134400000,0,725.73143615,MARK_PRICE_EXACT_OPEN,1734134400000,0
BNBUSDT,1734163200000,0,728.26,MARK_PRICE_EXACT_OPEN,1734163200000,0
BNBUSDT,1734192000000,0,715.05995632,MARK_PRICE_EXACT_OPEN,1734192000000,0
BNBUSDT,1734220800000,0,715.5878574,MARK_PRICE_EXACT_OPEN,1734220800000,0
BNBUSDT,1734249600000,0,706.53,MARK_PRICE_EXACT_OPEN,1734249600000,0
BNBUSDT,1734278400000,0,716.79323206,MARK_PRICE_EXACT_OPEN,1734278400000,0
BNBUSDT,1734307200000,0,719.39655045,MARK_PRICE_EXACT_OPEN,1734307200000,0
BNBUSDT,1734336000001,0.0001529,715.92,MARK_PRICE_PREVIOUS_FALLBACK,1734336000000,1
BNBUSDT,1734364800000,0.00010698,718.95,MARK_PRICE_EXACT_OPEN,1734364800000,0
BNBUSDT,1734393600000,0.00013724,721.00592538,MARK_PRICE_EXACT_OPEN,1734393600000,0
BNBUSDT,1734422400000,0.00006707,716.56425388,MARK_PRICE_EXACT_OPEN,1734422400000,0
BNBUSDT,1734451200000,0.0000789,730.62373025,MARK_PRICE_EXACT_OPEN,1734451200000,0
BNBUSDT,1734480000000,0.000022,717.78980204,MARK_PRICE_EXACT_OPEN,1734480000000,0
BNBUSDT,1734508800000,0,713.48,MARK_PRICE_EXACT_OPEN,1734508800000,0
BNBUSDT,1734537600000,0.00001563,713.26,MARK_PRICE_EXACT_OPEN,1734537600000,0
BNBUSDT,1734566400000,0,686.44,MARK_PRICE_EXACT_OPEN,1734566400000,0
BNBUSDT,1734595200000,0,701.78,MARK_PRICE_EXACT_OPEN,1734595200000,0
BNBUSDT,1734624000000,0,689.96781728,MARK_PRICE_EXACT_OPEN,1734624000000,0
BNBUSDT,1734652800000,0,665.41627848,MARK_PRICE_EXACT_OPEN,1734652800000,0
BNBUSDT,1734681600001,0,671.78606039,MARK_PRICE_PREVIOUS_FALLBACK,1734681600000,1
BNBUSDT,1734710400014,-0.000011,664.67,MARK_PRICE_PREVIOUS_FALLBACK,1734710400000,14
BNBUSDT,1734739200000,0,678.35140469,MARK_PRICE_EXACT_OPEN,1734739200000,0
BNBUSDT,1734768000000,0,689.19,MARK_PRICE_EXACT_OPEN,1734768000000,0
BNBUSDT,1734796800001,0,667.05,MARK_PRICE_PREVIOUS_FALLBACK,1734796800000,1
BNBUSDT,1734825600000,0,663.60098435,MARK_PRICE_EXACT_OPEN,1734825600000,0
BNBUSDT,1734854400000,0,658.99,MARK_PRICE_EXACT_OPEN,1734854400000,0
BNBUSDT,1734883200000,0,656.94350184,MARK_PRICE_EXACT_OPEN,1734883200000,0
BNBUSDT,1734912000000,0,649.77632414,MARK_PRICE_EXACT_OPEN,1734912000000,0
BNBUSDT,1734940800000,0,662.32339471,MARK_PRICE_EXACT_OPEN,1734940800000,0
BNBUSDT,1734969600001,-0.00011832,671.29207985,MARK_PRICE_PREVIOUS_FALLBACK,1734969600000,1
BNBUSDT,1734998400000,-0.00024217,693.95,MARK_PRICE_EXACT_OPEN,1734998400000,0
BNBUSDT,1735027200000,-0.00012634,692.62,MARK_PRICE_EXACT_OPEN,1735027200000,0
BNBUSDT,1735056000001,0,694.85066841,MARK_PRICE_PREVIOUS_FALLBACK,1735056000000,1
BNBUSDT,1735084800001,-0.00008695,696.37,MARK_PRICE_PREVIOUS_FALLBACK,1735084800000,1
BNBUSDT,1735113600000,0,702.05,MARK_PRICE_EXACT_OPEN,1735113600000,0
BNBUSDT,1735142400000,0,703.36703746,MARK_PRICE_EXACT_OPEN,1735142400000,0
BNBUSDT,1735171200000,-0.00000885,702.16,MARK_PRICE_EXACT_OPEN,1735171200000,0
BNBUSDT,1735200000000,0,706.3,MARK_PRICE_EXACT_OPEN,1735200000000,0
BNBUSDT,1735228800000,-0.00031562,691.17036069,MARK_PRICE_EXACT_OPEN,1735228800000,0
BNBUSDT,1735257600000,-0.00016697,688.83420385,MARK_PRICE_EXACT_OPEN,1735257600000,0
BNBUSDT,1735286400000,-0.00011848,692.13181981,MARK_PRICE_EXACT_OPEN,1735286400000,0
BNBUSDT,1735315200000,0,688.61520801,MARK_PRICE_EXACT_OPEN,1735315200000,0
BNBUSDT,1735344000001,0,691.34796376,MARK_PRICE_PREVIOUS_FALLBACK,1735344000000,1
BNBUSDT,1735372800000,0,695.95214864,MARK_PRICE_EXACT_OPEN,1735372800000,0
BNBUSDT,1735401600000,0,721.02,MARK_PRICE_EXACT_OPEN,1735401600000,0
BNBUSDT,1735430400000,0,722.16223484,MARK_PRICE_EXACT_OPEN,1735430400000,0
BNBUSDT,1735459200000,0,715.98875135,MARK_PRICE_EXACT_OPEN,1735459200000,0
BNBUSDT,1735488000000,0,710.23866775,MARK_PRICE_EXACT_OPEN,1735488000000,0
BNBUSDT,1735516800000,0,694.49,MARK_PRICE_EXACT_OPEN,1735516800000,0
BNBUSDT,1735545600001,-0.00007761,697.72,MARK_PRICE_PREVIOUS_FALLBACK,1735545600000,1
BNBUSDT,1735574400000,0,694.5186923,MARK_PRICE_EXACT_OPEN,1735574400000,0
BNBUSDT,1735603200000,0,704.76,MARK_PRICE_EXACT_OPEN,1735603200000,0
BNBUSDT,1735632000000,-0.00001412,700.97,MARK_PRICE_EXACT_OPEN,1735632000000,0
BNBUSDT,1735660800000,-0.00003674,710.31,MARK_PRICE_EXACT_OPEN,1735660800000,0
BNBUSDT,1735689600015,0,702.09,MARK_PRICE_PREVIOUS_FALLBACK,1735689600000,15
BNBUSDT,1735718400000,0,703.63,MARK_PRICE_EXACT_OPEN,1735718400000,0
BNBUSDT,1735747200001,0,707.84818063,MARK_PRICE_PREVIOUS_FALLBACK,1735747200000,1
BNBUSDT,1735776000000,-0.0001709,707.42,MARK_PRICE_EXACT_OPEN,1735776000000,0
BNBUSDT,1735804800006,0,707.13,MARK_PRICE_PREVIOUS_FALLBACK,1735804800000,6
BNBUSDT,1735833600000,0,704.54380344,MARK_PRICE_EXACT_OPEN,1735833600000,0
BNBUSDT,1735862400000,0,706.1104782,MARK_PRICE_EXACT_OPEN,1735862400000,0
BNBUSDT,1735891200000,0,700.62545543,MARK_PRICE_EXACT_OPEN,1735891200000,0
BNBUSDT,1735920000000,0,710.18335097,MARK_PRICE_EXACT_OPEN,1735920000000,0
BNBUSDT,1735948800000,0,715.1967818,MARK_PRICE_EXACT_OPEN,1735948800000,0
BNBUSDT,1735977600000,0,718.11,MARK_PRICE_EXACT_OPEN,1735977600000,0
BNBUSDT,1736006400000,0,709.41406289,MARK_PRICE_EXACT_OPEN,1736006400000,0
BNBUSDT,1736035200000,0,713.38,MARK_PRICE_EXACT_OPEN,1736035200000,0
BNBUSDT,1736064000000,0,712.50732701,MARK_PRICE_EXACT_OPEN,1736064000000,0
BNBUSDT,1736092800000,0,708.21,MARK_PRICE_EXACT_OPEN,1736092800000,0
BNBUSDT,1736121600000,0,709.2557896,MARK_PRICE_EXACT_OPEN,1736121600000,0
BNBUSDT,1736150400001,0,714.74,MARK_PRICE_PREVIOUS_FALLBACK,1736150400000,1
BNBUSDT,1736179200000,0,725.7893221,MARK_PRICE_EXACT_OPEN,1736179200000,0
BNBUSDT,1736208000000,0.00009183,729.81,MARK_PRICE_EXACT_OPEN,1736208000000,0
BNBUSDT,1736236800000,0,729.97,MARK_PRICE_EXACT_OPEN,1736236800000,0
BNBUSDT,1736265600008,-0.00007515,707.93127862,MARK_PRICE_PREVIOUS_FALLBACK,1736265600000,8
BNBUSDT,1736294400001,-0.00097361,696.38648174,MARK_PRICE_PREVIOUS_FALLBACK,1736294400000,1
BNBUSDT,1736323200000,-0.00038843,693.5495683,MARK_PRICE_EXACT_OPEN,1736323200000,0
BNBUSDT,1736352000000,-0.00005393,693.17,MARK_PRICE_EXACT_OPEN,1736352000000,0
BNBUSDT,1736380800000,-0.00020205,695.51270904,MARK_PRICE_EXACT_OPEN,1736380800000,0
BNBUSDT,1736409600000,-0.00002644,690.29,MARK_PRICE_EXACT_OPEN,1736409600000,0
BNBUSDT,1736438400000,-0.00006041,696.51,MARK_PRICE_EXACT_OPEN,1736438400000,0
BNBUSDT,1736467200000,-0.00046329,684.89,MARK_PRICE_EXACT_OPEN,1736467200000,0
BNBUSDT,1736496000000,-0.00028026,695.17,MARK_PRICE_EXACT_OPEN,1736496000000,0
BNBUSDT,1736524800000,0,692.89223299,MARK_PRICE_EXACT_OPEN,1736524800000,0
BNBUSDT,1736553600000,0,693.08029972,MARK_PRICE_EXACT_OPEN,1736553600000,0
BNBUSDT,1736582400000,0,695,MARK_PRICE_EXACT_OPEN,1736582400000,0
BNBUSDT,1736611200000,0,695.15,MARK_PRICE_EXACT_OPEN,1736611200000,0
BNBUSDT,1736640000000,0,696.50372807,MARK_PRICE_EXACT_OPEN,1736640000000,0
BNBUSDT,1736668800000,0,693.90806988,MARK_PRICE_EXACT_OPEN,1736668800000,0
BNBUSDT,1736697600000,-0.0000564,694.76543867,MARK_PRICE_EXACT_OPEN,1736697600000,0
BNBUSDT,1736726400000,0,692.96,MARK_PRICE_EXACT_OPEN,1736726400000,0
BNBUSDT,1736755200000,-0.00038994,682.06,MARK_PRICE_EXACT_OPEN,1736755200000,0
BNBUSDT,1736784000000,-0.00056181,676.74518425,MARK_PRICE_EXACT_OPEN,1736784000000,0
BNBUSDT,1736812800000,0,688.43821976,MARK_PRICE_EXACT_OPEN,1736812800000,0
BNBUSDT,1736841600000,0,688.95,MARK_PRICE_EXACT_OPEN,1736841600000,0
BNBUSDT,1736870400000,0,694.95282914,MARK_PRICE_EXACT_OPEN,1736870400000,0
BNBUSDT,1736899200000,0,698.8637206,MARK_PRICE_EXACT_OPEN,1736899200000,0
BNBUSDT,1736928000000,0,699.72931367,MARK_PRICE_EXACT_OPEN,1736928000000,0
BNBUSDT,1736956800000,0,703.95,MARK_PRICE_EXACT_OPEN,1736956800000,0
BNBUSDT,1736985600000,0,714.40354418,MARK_PRICE_EXACT_OPEN,1736985600000,0
BNBUSDT,1737014400000,0,711.59281857,MARK_PRICE_EXACT_OPEN,1737014400000,0
BNBUSDT,1737043200000,0,709.68104061,MARK_PRICE_EXACT_OPEN,1737043200000,0
BNBUSDT,1737072000004,0,708.46,MARK_PRICE_PREVIOUS_FALLBACK,1737072000000,4
BNBUSDT,1737100800000,0.00003588,714.87,MARK_PRICE_EXACT_OPEN,1737100800000,0
BNBUSDT,1737129600008,0,720.56,MARK_PRICE_PREVIOUS_FALLBACK,1737129600000,8
BNBUSDT,1737158400000,0,722.02631489,MARK_PRICE_EXACT_OPEN,1737158400000,0
BNBUSDT,1737187200007,0,699.15894519,MARK_PRICE_PREVIOUS_FALLBACK,1737187200000,7
BNBUSDT,1737216000000,0,703.71868094,MARK_PRICE_EXACT_OPEN,1737216000000,0
BNBUSDT,1737244800000,0,709.91,MARK_PRICE_EXACT_OPEN,1737244800000,0
BNBUSDT,1737273600000,0.00014009,705.62880475,MARK_PRICE_EXACT_OPEN,1737273600000,0
BNBUSDT,1737302400000,0.00007785,698.22,MARK_PRICE_EXACT_OPEN,1737302400000,0
BNBUSDT,1737331200000,0.00003183,683.32,MARK_PRICE_EXACT_OPEN,1737331200000,0
BNBUSDT,1737360000009,0.00012056,699.52274923,MARK_PRICE_PREVIOUS_FALLBACK,1737360000000,9
BNBUSDT,1737388800000,0.00010734,688.65640892,MARK_PRICE_EXACT_OPEN,1737388800000,0
BNBUSDT,1737417600000,0.00000884,682.83,MARK_PRICE_EXACT_OPEN,1737417600000,0
BNBUSDT,1737446400000,0.00005365,682.73,MARK_PRICE_EXACT_OPEN,1737446400000,0
BNBUSDT,1737475200000,0.00009555,687.68,MARK_PRICE_EXACT_OPEN,1737475200000,0
BNBUSDT,1737504000000,0.00011414,692.54,MARK_PRICE_EXACT_OPEN,1737504000000,0
BNBUSDT,1737532800000,0,697.58233949,MARK_PRICE_EXACT_OPEN,1737532800000,0
BNBUSDT,1737561600000,0,693.30051557,MARK_PRICE_EXACT_OPEN,1737561600000,0
BNBUSDT,1737590400001,0.00007186,695.58823161,MARK_PRICE_PREVIOUS_FALLBACK,1737590400000,1
BNBUSDT,1737619200000,0.00000316,687.8147552,MARK_PRICE_EXACT_OPEN,1737619200000,0
BNBUSDT,1737648000000,0,688.55138312,MARK_PRICE_EXACT_OPEN,1737648000000,0
BNBUSDT,1737676800000,0,690.10747734,MARK_PRICE_EXACT_OPEN,1737676800000,0
BNBUSDT,1737705600000,0.00008366,686.97476143,MARK_PRICE_EXACT_OPEN,1737705600000,0
BNBUSDT,1737734400000,0,685.65,MARK_PRICE_EXACT_OPEN,1737734400000,0
BNBUSDT,1737763200000,0,680.4990232,MARK_PRICE_EXACT_OPEN,1737763200000,0
BNBUSDT,1737792000000,0,682.22,MARK_PRICE_EXACT_OPEN,1737792000000,0
BNBUSDT,1737820800001,0.00008692,687.8,MARK_PRICE_PREVIOUS_FALLBACK,1737820800000,1
BNBUSDT,1737849600000,0.00007393,686.74,MARK_PRICE_EXACT_OPEN,1737849600000,0
BNBUSDT,1737878400000,0,689.89276671,MARK_PRICE_EXACT_OPEN,1737878400000,0
BNBUSDT,1737907200000,0,685.14,MARK_PRICE_EXACT_OPEN,1737907200000,0
BNBUSDT,1737936000000,0,666.77162871,MARK_PRICE_EXACT_OPEN,1737936000000,0
BNBUSDT,1737964800000,-0.00011806,646.83,MARK_PRICE_EXACT_OPEN,1737964800000,0
BNBUSDT,1737993600000,0,664.42139683,MARK_PRICE_EXACT_OPEN,1737993600000,0
BNBUSDT,1738022400000,0,680.17,MARK_PRICE_EXACT_OPEN,1738022400000,0
BNBUSDT,1738051200000,0,677.82,MARK_PRICE_EXACT_OPEN,1738051200000,0
BNBUSDT,1738080000000,0,673.1,MARK_PRICE_EXACT_OPEN,1738080000000,0
BNBUSDT,1738108800000,0,661.11305061,MARK_PRICE_EXACT_OPEN,1738108800000,0
BNBUSDT,1738137600000,0,674.54098853,MARK_PRICE_EXACT_OPEN,1738137600000,0
BNBUSDT,1738166400000,0,664.53,MARK_PRICE_EXACT_OPEN,1738166400000,0
BNBUSDT,1738195200000,0,667.88650677,MARK_PRICE_EXACT_OPEN,1738195200000,0
BNBUSDT,1738224000000,0,677.13,MARK_PRICE_EXACT_OPEN,1738224000000,0
BNBUSDT,1738252800000,0,680.68,MARK_PRICE_EXACT_OPEN,1738252800000,0
BNBUSDT,1738281600000,0,677.84001656,MARK_PRICE_EXACT_OPEN,1738281600000,0
BNBUSDT,1738310400000,0,677.78,MARK_PRICE_EXACT_OPEN,1738310400000,0
BNBUSDT,1738339200000,0,688.96445535,MARK_PRICE_EXACT_OPEN,1738339200000,0
BNBUSDT,1738368000000,0,677.79,MARK_PRICE_EXACT_OPEN,1738368000000,0
BNBUSDT,1738396800000,0.00006065,674.40613726,MARK_PRICE_EXACT_OPEN,1738396800000,0
BNBUSDT,1738425600000,0,668.32838183,MARK_PRICE_EXACT_OPEN,1738425600000,0
BNBUSDT,1738454400001,0,652.84319617,MARK_PRICE_PREVIOUS_FALLBACK,1738454400000,1
BNBUSDT,1738483200000,0,653.47017908,MARK_PRICE_EXACT_OPEN,1738483200000,0
BNBUSDT,1738512000000,0,645.66460309,MARK_PRICE_EXACT_OPEN,1738512000000,0
BNBUSDT,1738540800000,0,617.59,MARK_PRICE_EXACT_OPEN,1738540800000,0
BNBUSDT,1738569600000,0,577.65,MARK_PRICE_EXACT_OPEN,1738569600000,0
BNBUSDT,1738598400000,0,588.4,MARK_PRICE_EXACT_OPEN,1738598400000,0
BNBUSDT,1738627200000,0,616.76,MARK_PRICE_EXACT_OPEN,1738627200000,0
BNBUSDT,1738656000001,0,568.32,MARK_PRICE_PREVIOUS_FALLBACK,1738656000000,1
BNBUSDT,1738684800000,0,582.28669103,MARK_PRICE_EXACT_OPEN,1738684800000,0
BNBUSDT,1738713600001,0,573.10276943,MARK_PRICE_PREVIOUS_FALLBACK,1738713600000,1
BNBUSDT,1738742400001,0,573.5493562,MARK_PRICE_PREVIOUS_FALLBACK,1738742400000,1
BNBUSDT,1738771200000,0,570.142448,MARK_PRICE_EXACT_OPEN,1738771200000,0
BNBUSDT,1738800000001,0,571.18621592,MARK_PRICE_PREVIOUS_FALLBACK,1738800000000,1
BNBUSDT,1738828800001,0,578.53368629,MARK_PRICE_PREVIOUS_FALLBACK,1738828800000,1
BNBUSDT,1738857600000,-0.00001062,571.89,MARK_PRICE_EXACT_OPEN,1738857600000,0
BNBUSDT,1738886400000,-0.00007517,571.52585152,MARK_PRICE_EXACT_OPEN,1738886400000,0
BNBUSDT,1738915200000,-0.00009676,581.27243067,MARK_PRICE_EXACT_OPEN,1738915200000,0
BNBUSDT,1738944000000,0,582.69301312,MARK_PRICE_EXACT_OPEN,1738944000000,0
BNBUSDT,1738972800000,0,577.50391424,MARK_PRICE_EXACT_OPEN,1738972800000,0
BNBUSDT,1739001600000,0,579.69,MARK_PRICE_EXACT_OPEN,1739001600000,0
BNBUSDT,1739030400000,0,596.36,MARK_PRICE_EXACT_OPEN,1739030400000,0
BNBUSDT,1739059200000,-0.00004891,612.27,MARK_PRICE_EXACT_OPEN,1739059200000,0
BNBUSDT,1739088000000,-0.00035055,636.11236039,MARK_PRICE_EXACT_OPEN,1739088000000,0
BNBUSDT,1739116800000,-0.00004112,623.94998212,MARK_PRICE_EXACT_OPEN,1739116800000,0
BNBUSDT,1739145600000,0,615.38341534,MARK_PRICE_EXACT_OPEN,1739145600000,0
BNBUSDT,1739174400000,0,607.91,MARK_PRICE_EXACT_OPEN,1739174400000,0
BNBUSDT,1739203200000,0,602.95,MARK_PRICE_EXACT_OPEN,1739203200000,0
BNBUSDT,1739232000000,0,618.40493056,MARK_PRICE_EXACT_OPEN,1739232000000,0
BNBUSDT,1739260800000,0,636.68,MARK_PRICE_EXACT_OPEN,1739260800000,0
BNBUSDT,1739289600000,0,637.54,MARK_PRICE_EXACT_OPEN,1739289600000,0
BNBUSDT,1739318400000,-0.00014838,641.69722857,MARK_PRICE_EXACT_OPEN,1739318400000,0
BNBUSDT,1739347200000,0,636.81110434,MARK_PRICE_EXACT_OPEN,1739347200000,0
BNBUSDT,1739376000001,0,659.29462323,MARK_PRICE_PREVIOUS_FALLBACK,1739376000000,1
BNBUSDT,1739404800001,0,697.19,MARK_PRICE_PREVIOUS_FALLBACK,1739404800000,1
BNBUSDT,1739433600000,0,705.66,MARK_PRICE_EXACT_OPEN,1739433600000,0
BNBUSDT,1739462400001,-0.00055066,701.43272787,MARK_PRICE_PREVIOUS_FALLBACK,1739462400000,1
BNBUSDT,1739491200000,0,664.4202599,MARK_PRICE_EXACT_OPEN,1739491200000,0
BNBUSDT,1739520000001,0,669.97,MARK_PRICE_PREVIOUS_FALLBACK,1739520000000,1
BNBUSDT,1739548800000,-0.00005277,664.72,MARK_PRICE_EXACT_OPEN,1739548800000,0
BNBUSDT,1739577600000,-0.00010519,659.52946863,MARK_PRICE_EXACT_OPEN,1739577600000,0
BNBUSDT,1739606400000,0,657.31476244,MARK_PRICE_EXACT_OPEN,1739606400000,0
BNBUSDT,1739635200000,-0.00008377,665.92,MARK_PRICE_EXACT_OPEN,1739635200000,0
BNBUSDT,1739664000000,0,661.77809272,MARK_PRICE_EXACT_OPEN,1739664000000,0
BNBUSDT,1739692800000,-0.00004157,654.17176364,MARK_PRICE_EXACT_OPEN,1739692800000,0
BNBUSDT,1739721600000,-0.00035333,680.73,MARK_PRICE_EXACT_OPEN,1739721600000,0
BNBUSDT,1739750400000,-0.00014472,672.65,MARK_PRICE_EXACT_OPEN,1739750400000,0
BNBUSDT,1739779200000,0,669.89170039,MARK_PRICE_EXACT_OPEN,1739779200000,0
BNBUSDT,1739808000000,-0.0001797,669.78,MARK_PRICE_EXACT_OPEN,1739808000000,0
BNBUSDT,1739836800000,-0.00004687,667.12,MARK_PRICE_EXACT_OPEN,1739836800000,0
BNBUSDT,1739865600000,-0.00007162,651.05057618,MARK_PRICE_EXACT_OPEN,1739865600000,0
BNBUSDT,1739894400000,-0.00007734,647.78579012,MARK_PRICE_EXACT_OPEN,1739894400000,0
BNBUSDT,1739923200000,0,648.04,MARK_PRICE_EXACT_OPEN,1739923200000,0
BNBUSDT,1739952000000,0,654.57,MARK_PRICE_EXACT_OPEN,1739952000000,0
BNBUSDT,1739980800000,-0.00018423,652.04,MARK_PRICE_EXACT_OPEN,1739980800000,0
BNBUSDT,1740009600000,0,653.24434863,MARK_PRICE_EXACT_OPEN,1740009600000,0
BNBUSDT,1740038400000,-0.00002058,648.50429439,MARK_PRICE_EXACT_OPEN,1740038400000,0
BNBUSDT,1740067200000,-0.00010928,647.6,MARK_PRICE_EXACT_OPEN,1740067200000,0
BNBUSDT,1740096000001,0,656.11,MARK_PRICE_PREVIOUS_FALLBACK,1740096000000,1
BNBUSDT,1740124800000,-0.00011679,655.27766415,MARK_PRICE_EXACT_OPEN,1740124800000,0
BNBUSDT,1740153600000,-0.00040529,657.25188469,MARK_PRICE_EXACT_OPEN,1740153600000,0
BNBUSDT,1740182400000,-0.00036429,647.11,MARK_PRICE_EXACT_OPEN,1740182400000,0
BNBUSDT,1740211200000,-0.00009168,654.52715135,MARK_PRICE_EXACT_OPEN,1740211200000,0
BNBUSDT,1740240000000,-0.00008452,657.98,MARK_PRICE_EXACT_OPEN,1740240000000,0
BNBUSDT,1740268800000,-0.00007381,668.13,MARK_PRICE_EXACT_OPEN,1740268800000,0
BNBUSDT,1740297600000,-0.00020784,666.39,MARK_PRICE_EXACT_OPEN,1740297600000,0
BNBUSDT,1740326400000,-0.00008545,648.28860534,MARK_PRICE_EXACT_OPEN,1740326400000,0
BNBUSDT,1740355200000,-0.00052382,657.66,MARK_PRICE_EXACT_OPEN,1740355200000,0
BNBUSDT,1740384000000,-0.00010661,644.16104614,MARK_PRICE_EXACT_OPEN,1740384000000,0
BNBUSDT,1740412800000,0,635.15547668,MARK_PRICE_EXACT_OPEN,1740412800000,0
BNBUSDT,1740441600000,-0.00001384,614.14056852,MARK_PRICE_EXACT_OPEN,1740441600000,0
BNBUSDT,1740470400000,0,599.37486015,MARK_PRICE_EXACT_OPEN,1740470400000,0
BNBUSDT,1740499200000,-0.00003019,608.59919032,MARK_PRICE_EXACT_OPEN,1740499200000,0
BNBUSDT,1740528000000,-0.00033883,622.85138059,MARK_PRICE_EXACT_OPEN,1740528000000,0
BNBUSDT,1740556800000,-0.00017781,623.13,MARK_PRICE_EXACT_OPEN,1740556800000,0
BNBUSDT,1740585600000,-0.0000369,623.5,MARK_PRICE_EXACT_OPEN,1740585600000,0
BNBUSDT,1740614400001,0,611.90104859,MARK_PRICE_PREVIOUS_FALLBACK,1740614400000,1
BNBUSDT,1740643200000,0,617.51780839,MARK_PRICE_EXACT_OPEN,1740643200000,0
BNBUSDT,1740672000000,0,606.20091707,MARK_PRICE_EXACT_OPEN,1740672000000,0
BNBUSDT,1740700800001,-0.00004567,604.97613985,MARK_PRICE_PREVIOUS_FALLBACK,1740700800000,1
BNBUSDT,1740729600000,-0.00000634,566.88990913,MARK_PRICE_EXACT_OPEN,1740729600000,0
BNBUSDT,1740758400000,-0.00010522,588.26364945,MARK_PRICE_EXACT_OPEN,1740758400000,0
BNBUSDT,1740787200000,0,587.78953533,MARK_PRICE_EXACT_OPEN,1740787200000,0
BNBUSDT,1740816000000,-0.00018016,595.44,MARK_PRICE_EXACT_OPEN,1740816000000,0
BNBUSDT,1740844800001,-0.00036277,604.22,MARK_PRICE_PREVIOUS_FALLBACK,1740844800000,1
BNBUSDT,1740873600000,-0.00025537,607.28,MARK_PRICE_EXACT_OPEN,1740873600000,0
BNBUSDT,1740902400000,-0.00001752,610.21,MARK_PRICE_EXACT_OPEN,1740902400000,0
BNBUSDT,1740931200000,0,613.10780729,MARK_PRICE_EXACT_OPEN,1740931200000,0
BNBUSDT,1740960000001,0,623.62256623,MARK_PRICE_PREVIOUS_FALLBACK,1740960000000,1
BNBUSDT,1740988800000,0,607.11,MARK_PRICE_EXACT_OPEN,1740988800000,0
BNBUSDT,1741017600000,-0.00027543,591.4,MARK_PRICE_EXACT_OPEN,1741017600000,0
BNBUSDT,1741046400001,-0.00018834,574.89706188,MARK_PRICE_PREVIOUS_FALLBACK,1741046400000,1
BNBUSDT,1741075200005,-0.00005518,565.6740885,MARK_PRICE_PREVIOUS_FALLBACK,1741075200000,5
BNBUSDT,1741104000000,0,570.62,MARK_PRICE_EXACT_OPEN,1741104000000,0
BNBUSDT,1741132800000,0,583.82961754,MARK_PRICE_EXACT_OPEN,1741132800000,0
BNBUSDT,1741161600000,-0.00009954,592.83790792,MARK_PRICE_EXACT_OPEN,1741161600000,0
BNBUSDT,1741190400000,0,590.91231695,MARK_PRICE_EXACT_OPEN,1741190400000,0
BNBUSDT,1741219200000,0,597.94216994,MARK_PRICE_EXACT_OPEN,1741219200000,0
BNBUSDT,1741248000001,0,604.71527595,MARK_PRICE_PREVIOUS_FALLBACK,1741248000000,1
BNBUSDT,1741276800000,0,600.16103487,MARK_PRICE_EXACT_OPEN,1741276800000,0
BNBUSDT,1741305600000,0,596.27,MARK_PRICE_EXACT_OPEN,1741305600000,0
BNBUSDT,1741334400001,0,598.97678117,MARK_PRICE_PREVIOUS_FALLBACK,1741334400000,1
BNBUSDT,1741363200000,0,604.09158661,MARK_PRICE_EXACT_OPEN,1741363200000,0
BNBUSDT,1741392000000,0,594.62166632,MARK_PRICE_EXACT_OPEN,1741392000000,0
BNBUSDT,1741420800001,0,597.07463052,MARK_PRICE_PREVIOUS_FALLBACK,1741420800000,1
BNBUSDT,1741449600001,0,599.37166668,MARK_PRICE_PREVIOUS_FALLBACK,1741449600000,1
BNBUSDT,1741478400001,0,592.25081303,MARK_PRICE_PREVIOUS_FALLBACK,1741478400000,1
BNBUSDT,1741507200000,-0.00009932,585.72,MARK_PRICE_EXACT_OPEN,1741507200000,0
BNBUSDT,1741536000000,-0.00003136,566.48992854,MARK_PRICE_EXACT_OPEN,1741536000000,0
BNBUSDT,1741564800000,-0.00010786,554.38,MARK_PRICE_EXACT_OPEN,1741564800000,0
BNBUSDT,1741593600000,0,564.38,MARK_PRICE_EXACT_OPEN,1741593600000,0
BNBUSDT,1741622400000,0,550.0649029,MARK_PRICE_EXACT_OPEN,1741622400000,0
BNBUSDT,1741651200000,-0.00006362,531.2,MARK_PRICE_EXACT_OPEN,1741651200000,0
BNBUSDT,1741680000000,-0.00006049,557.47865361,MARK_PRICE_EXACT_OPEN,1741680000000,0
BNBUSDT,1741708800001,0,548.10589632,MARK_PRICE_PREVIOUS_FALLBACK,1741708800000,1
BNBUSDT,1741737600000,0,551.52157247,MARK_PRICE_EXACT_OPEN,1741737600000,0
BNBUSDT,1741766400000,-0.00001423,555.44,MARK_PRICE_EXACT_OPEN,1741766400000,0
BNBUSDT,1741795200001,0,552.14337304,MARK_PRICE_PREVIOUS_FALLBACK,1741795200000,1
BNBUSDT,1741824000000,0,569.75,MARK_PRICE_EXACT_OPEN,1741824000000,0
BNBUSDT,1741852800000,0,578.04,MARK_PRICE_EXACT_OPEN,1741852800000,0
BNBUSDT,1741881600000,0,581.08,MARK_PRICE_EXACT_OPEN,1741881600000,0
BNBUSDT,1741910400000,0,579.45,MARK_PRICE_EXACT_OPEN,1741910400000,0
BNBUSDT,1741939200000,-0.00004742,576.4,MARK_PRICE_EXACT_OPEN,1741939200000,0
BNBUSDT,1741968000000,-0.00001454,584.42745723,MARK_PRICE_EXACT_OPEN,1741968000000,0
BNBUSDT,1741996800000,-0.00002856,587.66,MARK_PRICE_EXACT_OPEN,1741996800000,0
BNBUSDT,1742025600000,-0.00000731,590.56,MARK_PRICE_EXACT_OPEN,1742025600000,0
BNBUSDT,1742054400000,0,603.08757499,MARK_PRICE_EXACT_OPEN,1742054400000,0
BNBUSDT,1742083200000,0,619.62,MARK_PRICE_EXACT_OPEN,1742083200000,0
BNBUSDT,1742112000000,0,604.78,MARK_PRICE_EXACT_OPEN,1742112000000,0
BNBUSDT,1742140800000,0,600.47,MARK_PRICE_EXACT_OPEN,1742140800000,0
BNBUSDT,1742169600000,0,602.1571744,MARK_PRICE_EXACT_OPEN,1742169600000,0
BNBUSDT,1742198400000,0,629.58873939,MARK_PRICE_EXACT_OPEN,1742198400000,0
BNBUSDT,1742227200000,0,629.98172881,MARK_PRICE_EXACT_OPEN,1742227200000,0
BNBUSDT,1742256000000,-0.00003807,631.42521046,MARK_PRICE_EXACT_OPEN,1742256000000,0
BNBUSDT,1742284800000,0,633.1428096,MARK_PRICE_EXACT_OPEN,1742284800000,0
BNBUSDT,1742313600000,0,627.14531322,MARK_PRICE_EXACT_OPEN,1742313600000,0
BNBUSDT,1742342400000,-0.00010693,627.42,MARK_PRICE_EXACT_OPEN,1742342400000,0
BNBUSDT,1742371200000,-0.00010256,615.19,MARK_PRICE_EXACT_OPEN,1742371200000,0
BNBUSDT,1742400000000,-0.00015238,609.5414803,MARK_PRICE_EXACT_OPEN,1742400000000,0
BNBUSDT,1742428800000,-0.00047322,618.02,MARK_PRICE_EXACT_OPEN,1742428800000,0
BNBUSDT,1742457600000,-0.00000586,623.91411412,MARK_PRICE_EXACT_OPEN,1742457600000,0
BNBUSDT,1742486400000,-0.00012553,624.03,MARK_PRICE_EXACT_OPEN,1742486400000,0
BNBUSDT,1742515200000,-0.00031252,629.93090643,MARK_PRICE_EXACT_OPEN,1742515200000,0
BNBUSDT,1742544000000,-0.00055149,628.94125675,MARK_PRICE_EXACT_OPEN,1742544000000,0
BNBUSDT,1742572800000,-0.00034207,633.77765803,MARK_PRICE_EXACT_OPEN,1742572800000,0
BNBUSDT,1742601600000,-0.00033579,634.64,MARK_PRICE_EXACT_OPEN,1742601600000,0
BNBUSDT,1742630400004,-0.000331,630.59450427,MARK_PRICE_PREVIOUS_FALLBACK,1742630400000,4
BNBUSDT,1742659200000,-0.00037452,625.25279934,MARK_PRICE_EXACT_OPEN,1742659200000,0
BNBUSDT,1742688000000,-0.00029912,626.52912265,MARK_PRICE_EXACT_OPEN,1742688000000,0
BNBUSDT,1742716800000,-0.0003243,622.51,MARK_PRICE_EXACT_OPEN,1742716800000,0
BNBUSDT,1742745600000,-0.00048595,621,MARK_PRICE_EXACT_OPEN,1742745600000,0
BNBUSDT,1742774400000,-0.00019082,623.25,MARK_PRICE_EXACT_OPEN,1742774400000,0
BNBUSDT,1742803200000,-0.00027641,622.45875467,MARK_PRICE_EXACT_OPEN,1742803200000,0
BNBUSDT,1742832000000,-0.00018556,630.68103683,MARK_PRICE_EXACT_OPEN,1742832000000,0
BNBUSDT,1742860800001,-0.0001407,636.59992104,MARK_PRICE_PREVIOUS_FALLBACK,1742860800000,1
BNBUSDT,1742889600000,-0.00032595,640.68,MARK_PRICE_EXACT_OPEN,1742889600000,0
BNBUSDT,1742918400000,0,633.6802984,MARK_PRICE_EXACT_OPEN,1742918400000,0
BNBUSDT,1742947200000,0,629.5338198,MARK_PRICE_EXACT_OPEN,1742947200000,0
BNBUSDT,1742976000000,0,633.21398011,MARK_PRICE_EXACT_OPEN,1742976000000,0
BNBUSDT,1743004800001,0,623.88322942,MARK_PRICE_PREVIOUS_FALLBACK,1743004800000,1
BNBUSDT,1743033600001,0,617.74382526,MARK_PRICE_PREVIOUS_FALLBACK,1743033600000,1
BNBUSDT,1743062400001,0,635.77,MARK_PRICE_PREVIOUS_FALLBACK,1743062400000,1
BNBUSDT,1743091200002,-0.0000232,637.77,MARK_PRICE_PREVIOUS_FALLBACK,1743091200000,2
BNBUSDT,1743120000001,-0.00023061,636.57013316,MARK_PRICE_PREVIOUS_FALLBACK,1743120000000,1
BNBUSDT,1743148800001,-0.00019365,628.84,MARK_PRICE_PREVIOUS_FALLBACK,1743148800000,1
BNBUSDT,1743177600000,-0.00003604,625.09803384,MARK_PRICE_EXACT_OPEN,1743177600000,0
BNBUSDT,1743206400000,-0.00026164,619.24790939,MARK_PRICE_EXACT_OPEN,1743206400000,0
BNBUSDT,1743235200000,-0.0002202,607.46035291,MARK_PRICE_EXACT_OPEN,1743235200000,0
BNBUSDT,1743264000000,-0.00026952,604.14586492,MARK_PRICE_EXACT_OPEN,1743264000000,0
BNBUSDT,1743292800000,-0.00025764,602.59,MARK_PRICE_EXACT_OPEN,1743292800000,0
BNBUSDT,1743321600000,-0.00045028,606.14,MARK_PRICE_EXACT_OPEN,1743321600000,0
BNBUSDT,1743350400000,-0.00033423,601.81,MARK_PRICE_EXACT_OPEN,1743350400000,0
BNBUSDT,1743379200000,-0.00022809,601.95,MARK_PRICE_EXACT_OPEN,1743379200000,0
BNBUSDT,1743408000000,-0.0000504,595.5,MARK_PRICE_EXACT_OPEN,1743408000000,0
BNBUSDT,1743436800000,-0.00004323,604.03928952,MARK_PRICE_EXACT_OPEN,1743436800000,0
BNBUSDT,1743465600000,0,604.63922145,MARK_PRICE_EXACT_OPEN,1743465600000,0
BNBUSDT,1743494400001,0,610.43965523,MARK_PRICE_PREVIOUS_FALLBACK,1743494400000,1
BNBUSDT,1743523200000,-0.00079717,614.12904646,MARK_PRICE_EXACT_OPEN,1743523200000,0
BNBUSDT,1743552000001,0,611.01,MARK_PRICE_PREVIOUS_FALLBACK,1743552000000,1
BNBUSDT,1743580800000,0,600.85402148,MARK_PRICE_EXACT_OPEN,1743580800000,0
BNBUSDT,1743609600000,-0.00008386,604.16183304,MARK_PRICE_EXACT_OPEN,1743609600000,0
BNBUSDT,1743638400000,-0.0002478,590.08,MARK_PRICE_EXACT_OPEN,1743638400000,0
BNBUSDT,1743667200000,-0.00045003,599.14363236,MARK_PRICE_EXACT_OPEN,1743667200000,0
BNBUSDT,1743696000000,0,586.19987264,MARK_PRICE_EXACT_OPEN,1743696000000,0
BNBUSDT,1743724800000,0,592.43,MARK_PRICE_EXACT_OPEN,1743724800000,0
BNBUSDT,1743753600000,0,598.14003707,MARK_PRICE_EXACT_OPEN,1743753600000,0
BNBUSDT,1743782400000,0,593.6954656,MARK_PRICE_EXACT_OPEN,1743782400000,0
BNBUSDT,1743811200000,0,597.84,MARK_PRICE_EXACT_OPEN,1743811200000,0
BNBUSDT,1743840000000,0,595.85,MARK_PRICE_EXACT_OPEN,1743840000000,0
BNBUSDT,1743868800000,0,592,MARK_PRICE_EXACT_OPEN,1743868800000,0
BNBUSDT,1743897600000,0,593.14307503,MARK_PRICE_EXACT_OPEN,1743897600000,0
BNBUSDT,1743926400000,0,590.27710495,MARK_PRICE_EXACT_OPEN,1743926400000,0
BNBUSDT,1743955200002,0,580.74,MARK_PRICE_PREVIOUS_FALLBACK,1743955200000,2
BNBUSDT,1743984000000,0,555.35731541,MARK_PRICE_EXACT_OPEN,1743984000000,0
BNBUSDT,1744012800000,0,529.93402862,MARK_PRICE_EXACT_OPEN,1744012800000,0
BNBUSDT,1744041600000,0,552.09559972,MARK_PRICE_EXACT_OPEN,1744041600000,0
BNBUSDT,1744070400000,0,554.60888832,MARK_PRICE_EXACT_OPEN,1744070400000,0
BNBUSDT,1744099200000,0,559.94081958,MARK_PRICE_EXACT_OPEN,1744099200000,0
BNBUSDT,1744128000000,0,559.56,MARK_PRICE_EXACT_OPEN,1744128000000,0
BNBUSDT,1744156800000,0,553.72500032,MARK_PRICE_EXACT_OPEN,1744156800000,0
BNBUSDT,1744185600001,0,556.87,MARK_PRICE_PREVIOUS_FALLBACK,1744185600000,1
BNBUSDT,1744214400000,0,561.15,MARK_PRICE_EXACT_OPEN,1744214400000,0
BNBUSDT,1744243200000,0,582.12,MARK_PRICE_EXACT_OPEN,1744243200000,0
BNBUSDT,1744272000000,0,579.25,MARK_PRICE_EXACT_OPEN,1744272000000,0
BNBUSDT,1744300800000,0,567.9,MARK_PRICE_EXACT_OPEN,1744300800000,0
BNBUSDT,1744329600001,0,577.7256316,MARK_PRICE_PREVIOUS_FALLBACK,1744329600000,1
BNBUSDT,1744358400000,0,581.33,MARK_PRICE_EXACT_OPEN,1744358400000,0
BNBUSDT,1744387200000,0,584.91,MARK_PRICE_EXACT_OPEN,1744387200000,0
BNBUSDT,1744416000000,0,585.87816507,MARK_PRICE_EXACT_OPEN,1744416000000,0
BNBUSDT,1744444800001,-0.00015552,588.48700421,MARK_PRICE_PREVIOUS_FALLBACK,1744444800000,1
BNBUSDT,1744473600000,-0.00017994,598.86640479,MARK_PRICE_EXACT_OPEN,1744473600000,0
BNBUSDT,1744502400000,0,597.1422618,MARK_PRICE_EXACT_OPEN,1744502400000,0
BNBUSDT,1744531200000,0,593.1048051,MARK_PRICE_EXACT_OPEN,1744531200000,0
BNBUSDT,1744560000000,-0.00005726,583.85552823,MARK_PRICE_EXACT_OPEN,1744560000000,0
BNBUSDT,1744588800000,-0.0000486,584.06,MARK_PRICE_EXACT_OPEN,1744588800000,0
BNBUSDT,1744617600000,0,590.51,MARK_PRICE_EXACT_OPEN,1744617600000,0
BNBUSDT,1744646400000,-0.00013678,585.3856025,MARK_PRICE_EXACT_OPEN,1744646400000,0
BNBUSDT,1744675200000,-0.00009005,584.11521857,MARK_PRICE_EXACT_OPEN,1744675200000,0
BNBUSDT,1744704000000,0,589.45422998,MARK_PRICE_EXACT_OPEN,1744704000000,0
BNBUSDT,1744732800001,0,584.24,MARK_PRICE_PREVIOUS_FALLBACK,1744732800000,1
BNBUSDT,1744761600000,-0.00022781,579.20700245,MARK_PRICE_EXACT_OPEN,1744761600000,0
BNBUSDT,1744790400000,0,577.96,MARK_PRICE_EXACT_OPEN,1744790400000,0
BNBUSDT,1744819200000,0,583.35826963,MARK_PRICE_EXACT_OPEN,1744819200000,0
BNBUSDT,1744848000001,0,582.53542602,MARK_PRICE_PREVIOUS_FALLBACK,1744848000000,1
BNBUSDT,1744876800000,0,583.25,MARK_PRICE_EXACT_OPEN,1744876800000,0
BNBUSDT,1744905600001,0,590.20587298,MARK_PRICE_PREVIOUS_FALLBACK,1744905600000,1
BNBUSDT,1744934400000,0,590.36,MARK_PRICE_EXACT_OPEN,1744934400000,0
BNBUSDT,1744963200000,-0.00022317,588.15,MARK_PRICE_EXACT_OPEN,1744963200000,0
BNBUSDT,1744992000000,-0.00005807,593.52,MARK_PRICE_EXACT_OPEN,1744992000000,0
BNBUSDT,1745020800000,0,591.60251414,MARK_PRICE_EXACT_OPEN,1745020800000,0
BNBUSDT,1745049600000,-0.000347,592.58,MARK_PRICE_EXACT_OPEN,1745049600000,0
BNBUSDT,1745078400000,-0.00041186,588.87,MARK_PRICE_EXACT_OPEN,1745078400000,0
BNBUSDT,1745107200000,0,591.56,MARK_PRICE_EXACT_OPEN,1745107200000,0
BNBUSDT,1745136000000,0,593.72,MARK_PRICE_EXACT_OPEN,1745136000000,0
BNBUSDT,1745164800000,0,587.83943762,MARK_PRICE_EXACT_OPEN,1745164800000,0
BNBUSDT,1745193600000,-0.00021758,592.47499545,MARK_PRICE_EXACT_OPEN,1745193600000,0
BNBUSDT,1745222400005,0,604.54759795,MARK_PRICE_PREVIOUS_FALLBACK,1745222400000,5
BNBUSDT,1745251200003,0,604.09,MARK_PRICE_PREVIOUS_FALLBACK,1745251200000,3
BNBUSDT,1745280000008,-0.00023365,596.65417321,MARK_PRICE_PREVIOUS_FALLBACK,1745280000000,8
BNBUSDT,1745308800000,-0.00010438,604.0016275,MARK_PRICE_EXACT_OPEN,1745308800000,0
BNBUSDT,1745337600000,0,609.65,MARK_PRICE_EXACT_OPEN,1745337600000,0
BNBUSDT,1745366400000,0,618.27695729,MARK_PRICE_EXACT_OPEN,1745366400000,0
BNBUSDT,1745395200002,0,616.83,MARK_PRICE_PREVIOUS_FALLBACK,1745395200000,2
BNBUSDT,1745424000000,0,606.69,MARK_PRICE_EXACT_OPEN,1745424000000,0
BNBUSDT,1745452800000,0,605.45,MARK_PRICE_EXACT_OPEN,1745452800000,0
BNBUSDT,1745481600001,0,603.24,MARK_PRICE_PREVIOUS_FALLBACK,1745481600000,1
BNBUSDT,1745510400001,0,598.54,MARK_PRICE_PREVIOUS_FALLBACK,1745510400000,1
BNBUSDT,1745539200007,0,601.02355596,MARK_PRICE_PREVIOUS_FALLBACK,1745539200000,7
BNBUSDT,1745568000002,0,606.42921139,MARK_PRICE_PREVIOUS_FALLBACK,1745568000000,2
BNBUSDT,1745596800003,0,605.74702172,MARK_PRICE_PREVIOUS_FALLBACK,1745596800000,3
BNBUSDT,1745625600002,0,599.51723659,MARK_PRICE_PREVIOUS_FALLBACK,1745625600000,2
BNBUSDT,1745654400000,-0.00005172,602.11,MARK_PRICE_EXACT_OPEN,1745654400000,0
BNBUSDT,1745683200002,0,608.93349007,MARK_PRICE_PREVIOUS_FALLBACK,1745683200000,2
BNBUSDT,1745712000001,0,607.21198812,MARK_PRICE_PREVIOUS_FALLBACK,1745712000000,1
BNBUSDT,1745740800000,-0.00007247,599.58,MARK_PRICE_EXACT_OPEN,1745740800000,0
BNBUSDT,1745769600000,-0.00008618,599.16383395,MARK_PRICE_EXACT_OPEN,1745769600000,0
BNBUSDT,1745798400001,0,603.71,MARK_PRICE_PREVIOUS_FALLBACK,1745798400000,1
BNBUSDT,1745827200003,0,605.84467147,MARK_PRICE_PREVIOUS_FALLBACK,1745827200000,3
BNBUSDT,1745856000005,0,600.36784411,MARK_PRICE_PREVIOUS_FALLBACK,1745856000000,5
BNBUSDT,1745884800000,0,605.99,MARK_PRICE_EXACT_OPEN,1745884800000,0
BNBUSDT,1745913600000,0,609.61,MARK_PRICE_EXACT_OPEN,1745913600000,0
BNBUSDT,1745942400010,-0.00004513,601.19184318,MARK_PRICE_PREVIOUS_FALLBACK,1745942400000,10
BNBUSDT,1745971200001,-0.00022437,600.46729413,MARK_PRICE_PREVIOUS_FALLBACK,1745971200000,1
BNBUSDT,1746000000000,0,602.74738176,MARK_PRICE_EXACT_OPEN,1746000000000,0
BNBUSDT,1746028800003,-0.00001462,595.88746455,MARK_PRICE_PREVIOUS_FALLBACK,1746028800000,3
BNBUSDT,1746057600000,-0.0004973,599.2585238,MARK_PRICE_EXACT_OPEN,1746057600000,0
BNBUSDT,1746086400000,0,599.65247333,MARK_PRICE_EXACT_OPEN,1746086400000,0
BNBUSDT,1746115200001,0,602.72,MARK_PRICE_PREVIOUS_FALLBACK,1746115200000,1
BNBUSDT,1746144000000,-0.00020135,599.2,MARK_PRICE_EXACT_OPEN,1746144000000,0
BNBUSDT,1746172800000,0,595.21286076,MARK_PRICE_EXACT_OPEN,1746172800000,0
BNBUSDT,1746201600003,0,599.65378621,MARK_PRICE_PREVIOUS_FALLBACK,1746201600000,3
BNBUSDT,1746230400000,-0.00000636,600.57889441,MARK_PRICE_EXACT_OPEN,1746230400000,0
BNBUSDT,1746259200000,0,597.26,MARK_PRICE_EXACT_OPEN,1746259200000,0
BNBUSDT,1746288000000,-0.00003504,598.39236676,MARK_PRICE_EXACT_OPEN,1746288000000,0
BNBUSDT,1746316800001,-0.00001702,599.13,MARK_PRICE_PREVIOUS_FALLBACK,1746316800000,1
BNBUSDT,1746345600001,-0.00003106,596.43999343,MARK_PRICE_PREVIOUS_FALLBACK,1746345600000,1
BNBUSDT,1746374400002,-0.00049565,588.6437856,MARK_PRICE_PREVIOUS_FALLBACK,1746374400000,2
BNBUSDT,1746403200000,-0.0003023,585.65,MARK_PRICE_EXACT_OPEN,1746403200000,0
BNBUSDT,1746432000000,0,591.84715476,MARK_PRICE_EXACT_OPEN,1746432000000,0
BNBUSDT,1746460800006,0,597.65501653,MARK_PRICE_PREVIOUS_FALLBACK,1746460800000,6
BNBUSDT,1746489600002,-0.00001939,597.29068809,MARK_PRICE_PREVIOUS_FALLBACK,1746489600000,2
BNBUSDT,1746518400005,-0.00046111,598.14892604,MARK_PRICE_PREVIOUS_FALLBACK,1746518400000,5
BNBUSDT,1746547200000,0,598.35469166,MARK_PRICE_EXACT_OPEN,1746547200000,0
BNBUSDT,1746576000002,0,602.73999415,MARK_PRICE_PREVIOUS_FALLBACK,1746576000000,2
BNBUSDT,1746604800000,0,606.62898126,MARK_PRICE_EXACT_OPEN,1746604800000,0
BNBUSDT,1746633600006,0,600.91,MARK_PRICE_PREVIOUS_FALLBACK,1746633600000,6
BNBUSDT,1746662400000,-0.00006247,602.51,MARK_PRICE_EXACT_OPEN,1746662400000,0
BNBUSDT,1746691200001,0,613.41,MARK_PRICE_PREVIOUS_FALLBACK,1746691200000,1
BNBUSDT,1746720000002,0,622.26705748,MARK_PRICE_PREVIOUS_FALLBACK,1746720000000,2
BNBUSDT,1746748800001,0,628.95,MARK_PRICE_PREVIOUS_FALLBACK,1746748800000,1
BNBUSDT,1746777600006,0,632.40529792,MARK_PRICE_PREVIOUS_FALLBACK,1746777600000,6
BNBUSDT,1746806400000,0,636.05415595,MARK_PRICE_EXACT_OPEN,1746806400000,0
BNBUSDT,1746835200001,0,667.23,MARK_PRICE_PREVIOUS_FALLBACK,1746835200000,1
BNBUSDT,1746864000000,0,661.92947453,MARK_PRICE_EXACT_OPEN,1746864000000,0
BNBUSDT,1746892800001,0,652.03495238,MARK_PRICE_PREVIOUS_FALLBACK,1746892800000,1
BNBUSDT,1746921600000,0,664.11,MARK_PRICE_EXACT_OPEN,1746921600000,0
BNBUSDT,1746950400001,0.00002903,656.95,MARK_PRICE_PREVIOUS_FALLBACK,1746950400000,1
BNBUSDT,1746979200001,0.00000649,652.10324053,MARK_PRICE_PREVIOUS_FALLBACK,1746979200000,1
BNBUSDT,1747008000004,0,651.33,MARK_PRICE_PREVIOUS_FALLBACK,1747008000000,4
BNBUSDT,1747036800000,0,661.35739909,MARK_PRICE_EXACT_OPEN,1747036800000,0
BNBUSDT,1747065600000,0.00006043,663.97539877,MARK_PRICE_EXACT_OPEN,1747065600000,0
BNBUSDT,1747094400000,0,660.49,MARK_PRICE_EXACT_OPEN,1747094400000,0
BNBUSDT,1747123200008,0,649.88,MARK_PRICE_PREVIOUS_FALLBACK,1747123200000,8
BNBUSDT,1747152000001,0,656.39,MARK_PRICE_PREVIOUS_FALLBACK,1747152000000,1
BNBUSDT,1747180800007,0.00005012,665.20774107,MARK_PRICE_PREVIOUS_FALLBACK,1747180800000,7
BNBUSDT,1747209600000,0,658.57,MARK_PRICE_EXACT_OPEN,1747209600000,0
BNBUSDT,1747238400002,0,652.35,MARK_PRICE_PREVIOUS_FALLBACK,1747238400000,2
BNBUSDT,1747267200000,0,652.7729139,MARK_PRICE_EXACT_OPEN,1747267200000,0
BNBUSDT,1747296000003,0,645.2203633,MARK_PRICE_PREVIOUS_FALLBACK,1747296000000,3
BNBUSDT,1747324800000,0,655.86,MARK_PRICE_EXACT_OPEN,1747324800000,0
BNBUSDT,1747353600001,0,651.98453779,MARK_PRICE_PREVIOUS_FALLBACK,1747353600000,1
BNBUSDT,1747382400000,0,655.48530161,MARK_PRICE_EXACT_OPEN,1747382400000,0
BNBUSDT,1747411200000,0,652.09,MARK_PRICE_EXACT_OPEN,1747411200000,0
BNBUSDT,1747440000000,0,646.44286264,MARK_PRICE_EXACT_OPEN,1747440000000,0
BNBUSDT,1747468800001,0,643.51205139,MARK_PRICE_PREVIOUS_FALLBACK,1747468800000,1
BNBUSDT,1747497600004,0,640.55245949,MARK_PRICE_PREVIOUS_FALLBACK,1747497600000,4
BNBUSDT,1747526400000,0,639.42,MARK_PRICE_EXACT_OPEN,1747526400000,0
BNBUSDT,1747555200000,0,645.5112492,MARK_PRICE_EXACT_OPEN,1747555200000,0
BNBUSDT,1747584000000,0,653.97911109,MARK_PRICE_EXACT_OPEN,1747584000000,0
BNBUSDT,1747612800000,0,651.4094046,MARK_PRICE_EXACT_OPEN,1747612800000,0
BNBUSDT,1747641600006,0,638.03,MARK_PRICE_PREVIOUS_FALLBACK,1747641600000,6
BNBUSDT,1747670400010,0,645.4333957,MARK_PRICE_PREVIOUS_FALLBACK,1747670400000,10
BNBUSDT,1747699200000,0,649.95034546,MARK_PRICE_EXACT_OPEN,1747699200000,0
BNBUSDT,1747728000002,0,647.49433438,MARK_PRICE_PREVIOUS_FALLBACK,1747728000000,2
BNBUSDT,1747756800000,0,644.66,MARK_PRICE_EXACT_OPEN,1747756800000,0
BNBUSDT,1747785600000,0,650.35527701,MARK_PRICE_EXACT_OPEN,1747785600000,0
BNBUSDT,1747814400001,0,653.02559898,MARK_PRICE_PREVIOUS_FALLBACK,1747814400000,1
BNBUSDT,1747843200004,0,663.63274303,MARK_PRICE_PREVIOUS_FALLBACK,1747843200000,4
BNBUSDT,1747872000001,0,674.32,MARK_PRICE_PREVIOUS_FALLBACK,1747872000000,1
BNBUSDT,1747900800000,0,682.96351825,MARK_PRICE_EXACT_OPEN,1747900800000,0
BNBUSDT,1747929600002,0,682.21,MARK_PRICE_PREVIOUS_FALLBACK,1747929600000,2
BNBUSDT,1747958400006,0,686.48334523,MARK_PRICE_PREVIOUS_FALLBACK,1747958400000,6
BNBUSDT,1747987200000,0,682.63311981,MARK_PRICE_EXACT_OPEN,1747987200000,0
BNBUSDT,1748016000007,0,670.78,MARK_PRICE_PREVIOUS_FALLBACK,1748016000000,7
BNBUSDT,1748044800010,0,656.39289552,MARK_PRICE_PREVIOUS_FALLBACK,1748044800000,10
BNBUSDT,1748073600000,0,668.34,MARK_PRICE_EXACT_OPEN,1748073600000,0
BNBUSDT,1748102400003,0,674.17,MARK_PRICE_PREVIOUS_FALLBACK,1748102400000,3
BNBUSDT,1748131200004,0,667.79,MARK_PRICE_PREVIOUS_FALLBACK,1748131200000,4
BNBUSDT,1748160000000,0,661.68765773,MARK_PRICE_EXACT_OPEN,1748160000000,0
BNBUSDT,1748188800000,0,663.03,MARK_PRICE_EXACT_OPEN,1748188800000,0
BNBUSDT,1748217600000,0,669.13473103,MARK_PRICE_EXACT_OPEN,1748217600000,0
BNBUSDT,1748246400000,0,674.43,MARK_PRICE_EXACT_OPEN,1748246400000,0
BNBUSDT,1748275200002,0,675.46,MARK_PRICE_PREVIOUS_FALLBACK,1748275200000,2
BNBUSDT,1748304000003,0,674.12,MARK_PRICE_PREVIOUS_FALLBACK,1748304000000,3
BNBUSDT,1748332800001,0,681.07,MARK_PRICE_PREVIOUS_FALLBACK,1748332800000,1
BNBUSDT,1748361600005,0,691.15,MARK_PRICE_PREVIOUS_FALLBACK,1748361600000,5
BNBUSDT,1748390400002,0,687.17,MARK_PRICE_PREVIOUS_FALLBACK,1748390400000,2
BNBUSDT,1748419200003,0,681.6282844,MARK_PRICE_PREVIOUS_FALLBACK,1748419200000,3
BNBUSDT,1748448000002,0,681.87,MARK_PRICE_PREVIOUS_FALLBACK,1748448000000,2
BNBUSDT,1748476800000,0,686.8,MARK_PRICE_EXACT_OPEN,1748476800000,0
BNBUSDT,1748505600006,0,684.91498673,MARK_PRICE_PREVIOUS_FALLBACK,1748505600000,6
BNBUSDT,1748534400000,0,680.89,MARK_PRICE_EXACT_OPEN,1748534400000,0
BNBUSDT,1748563200003,0,674.97,MARK_PRICE_PREVIOUS_FALLBACK,1748563200000,3
BNBUSDT,1748592000003,0,667.2,MARK_PRICE_PREVIOUS_FALLBACK,1748592000000,3
BNBUSDT,1748620800000,0,668.53692035,MARK_PRICE_EXACT_OPEN,1748620800000,0
BNBUSDT,1748649600000,0,655.02144903,MARK_PRICE_EXACT_OPEN,1748649600000,0
BNBUSDT,1748678400000,-0.00003519,653.51123513,MARK_PRICE_EXACT_OPEN,1748678400000,0
BNBUSDT,1748707200000,0,656.28487644,MARK_PRICE_EXACT_OPEN,1748707200000,0
BNBUSDT,1748736000001,0,657.94069591,MARK_PRICE_PREVIOUS_FALLBACK,1748736000000,1
BNBUSDT,1748764800002,-0.00002485,653.03801604,MARK_PRICE_PREVIOUS_FALLBACK,1748764800000,2
BNBUSDT,1748793600000,-0.0000171,654.2,MARK_PRICE_EXACT_OPEN,1748793600000,0
BNBUSDT,1748822400001,0,661.03073191,MARK_PRICE_PREVIOUS_FALLBACK,1748822400000,1
BNBUSDT,1748851200000,0,657.99,MARK_PRICE_EXACT_OPEN,1748851200000,0
BNBUSDT,1748880000000,0,656.93830064,MARK_PRICE_EXACT_OPEN,1748880000000,0
BNBUSDT,1748908800000,0,665.90554848,MARK_PRICE_EXACT_OPEN,1748908800000,0
BNBUSDT,1748937600000,0,665.22666905,MARK_PRICE_EXACT_OPEN,1748937600000,0
BNBUSDT,1748966400001,0,667.13521925,MARK_PRICE_PREVIOUS_FALLBACK,1748966400000,1
BNBUSDT,1748995200000,0,661.33,MARK_PRICE_EXACT_OPEN,1748995200000,0
BNBUSDT,1749024000000,0,670.81105757,MARK_PRICE_EXACT_OPEN,1749024000000,0
BNBUSDT,1749052800000,0,669.48230533,MARK_PRICE_EXACT_OPEN,1749052800000,0
BNBUSDT,1749081600016,0,662.99,MARK_PRICE_PREVIOUS_FALLBACK,1749081600000,16
BNBUSDT,1749110400000,0,668.37,MARK_PRICE_EXACT_OPEN,1749110400000,0
BNBUSDT,1749139200000,0,659.05024122,MARK_PRICE_EXACT_OPEN,1749139200000,0
BNBUSDT,1749168000002,-0.00017896,632.6035503,MARK_PRICE_PREVIOUS_FALLBACK,1749168000000,2
BNBUSDT,1749196800000,-0.00016509,640.97,MARK_PRICE_EXACT_OPEN,1749196800000,0
BNBUSDT,1749225600006,0,647.03,MARK_PRICE_PREVIOUS_FALLBACK,1749225600000,6
BNBUSDT,1749254400000,0,642.25,MARK_PRICE_EXACT_OPEN,1749254400000,0
BNBUSDT,1749283200000,-0.00002929,648.33,MARK_PRICE_EXACT_OPEN,1749283200000,0
BNBUSDT,1749312000002,-0.00003338,650.31,MARK_PRICE_PREVIOUS_FALLBACK,1749312000000,2
BNBUSDT,1749340800000,0,650.41921791,MARK_PRICE_EXACT_OPEN,1749340800000,0
BNBUSDT,1749369600000,-0.00005138,649,MARK_PRICE_EXACT_OPEN,1749369600000,0
BNBUSDT,1749398400000,0,651.59,MARK_PRICE_EXACT_OPEN,1749398400000,0
BNBUSDT,1749427200000,0,651.64051897,MARK_PRICE_EXACT_OPEN,1749427200000,0
BNBUSDT,1749456000001,-0.00013999,648.79,MARK_PRICE_PREVIOUS_FALLBACK,1749456000000,1
BNBUSDT,1749484800001,-0.00002759,656.56,MARK_PRICE_PREVIOUS_FALLBACK,1749484800000,1
BNBUSDT,1749513600000,0,665.62745314,MARK_PRICE_EXACT_OPEN,1749513600000,0
BNBUSDT,1749542400001,0,660.76640872,MARK_PRICE_PREVIOUS_FALLBACK,1749542400000,1
BNBUSDT,1749571200003,-0.0000284,661.01,MARK_PRICE_PREVIOUS_FALLBACK,1749571200000,3
BNBUSDT,1749600000000,0,673.5945214,MARK_PRICE_EXACT_OPEN,1749600000000,0
BNBUSDT,1749628800000,0,670.08,MARK_PRICE_EXACT_OPEN,1749628800000,0
BNBUSDT,1749657600010,0,669.7,MARK_PRICE_PREVIOUS_FALLBACK,1749657600000,10
BNBUSDT,1749686400002,0,667.40490116,MARK_PRICE_PREVIOUS_FALLBACK,1749686400000,2
BNBUSDT,1749715200003,0,667.25665425,MARK_PRICE_PREVIOUS_FALLBACK,1749715200000,3
BNBUSDT,1749744000001,0,660.06,MARK_PRICE_PREVIOUS_FALLBACK,1749744000000,1
BNBUSDT,1749772800000,-0.00008669,654.41,MARK_PRICE_EXACT_OPEN,1749772800000,0
BNBUSDT,1749801600001,0,654.66621793,MARK_PRICE_PREVIOUS_FALLBACK,1749801600000,1
BNBUSDT,1749830400004,0,653.05921003,MARK_PRICE_PREVIOUS_FALLBACK,1749830400000,4
BNBUSDT,1749859200000,0,655.06741644,MARK_PRICE_EXACT_OPEN,1749859200000,0
BNBUSDT,1749888000000,-0.00009685,651.43,MARK_PRICE_EXACT_OPEN,1749888000000,0
BNBUSDT,1749916800000,-0.0001498,645.00394996,MARK_PRICE_EXACT_OPEN,1749916800000,0
BNBUSDT,1749945600005,-0.00015328,645.31569236,MARK_PRICE_PREVIOUS_FALLBACK,1749945600000,5
BNBUSDT,1749974400009,0,649.11031983,MARK_PRICE_PREVIOUS_FALLBACK,1749974400000,9
BNBUSDT,1750003200000,0,647.52,MARK_PRICE_EXACT_OPEN,1750003200000,0
BNBUSDT,1750032000000,0,647.92,MARK_PRICE_EXACT_OPEN,1750032000000,0
BNBUSDT,1750060800000,0,655.93311414,MARK_PRICE_EXACT_OPEN,1750060800000,0
BNBUSDT,1750089600003,0,657.95085477,MARK_PRICE_PREVIOUS_FALLBACK,1750089600000,3
BNBUSDT,1750118400000,0,650.75,MARK_PRICE_EXACT_OPEN,1750118400000,0
BNBUSDT,1750147200006,0,658.09950196,MARK_PRICE_PREVIOUS_FALLBACK,1750147200000,6
BNBUSDT,1750176000001,0,646.32,MARK_PRICE_PREVIOUS_FALLBACK,1750176000000,1
BNBUSDT,1750204800001,0,648.29451719,MARK_PRICE_PREVIOUS_FALLBACK,1750204800000,1
BNBUSDT,1750233600001,0,651.61926528,MARK_PRICE_PREVIOUS_FALLBACK,1750233600000,1
BNBUSDT,1750262400001,-0.00017564,641.7,MARK_PRICE_PREVIOUS_FALLBACK,1750262400000,1
BNBUSDT,1750291200005,-0.00006854,644.27,MARK_PRICE_PREVIOUS_FALLBACK,1750291200000,5
BNBUSDT,1750320000003,0,644.70650261,MARK_PRICE_PREVIOUS_FALLBACK,1750320000000,3
BNBUSDT,1750348800000,0,639.48,MARK_PRICE_EXACT_OPEN,1750348800000,0
BNBUSDT,1750377600000,0,644.51,MARK_PRICE_EXACT_OPEN,1750377600000,0
BNBUSDT,1750406400002,0,647.63201116,MARK_PRICE_PREVIOUS_FALLBACK,1750406400000,2
BNBUSDT,1750435200001,0,645.34239972,MARK_PRICE_PREVIOUS_FALLBACK,1750435200000,1
BNBUSDT,1750464000002,0,641.5822664,MARK_PRICE_PREVIOUS_FALLBACK,1750464000000,2
BNBUSDT,1750492800005,0,641.61,MARK_PRICE_PREVIOUS_FALLBACK,1750492800000,5
BNBUSDT,1750521600000,-0.00015072,636.15900906,MARK_PRICE_EXACT_OPEN,1750521600000,0
BNBUSDT,1750550400005,-0.00012535,628.928412,MARK_PRICE_PREVIOUS_FALLBACK,1750550400000,5
BNBUSDT,1750579200000,0,632.66247001,MARK_PRICE_EXACT_OPEN,1750579200000,0
BNBUSDT,1750608000003,0,608.18749421,MARK_PRICE_PREVIOUS_FALLBACK,1750608000000,3
BNBUSDT,1750636800000,0,615.72,MARK_PRICE_EXACT_OPEN,1750636800000,0
BNBUSDT,1750665600004,0,624.13,MARK_PRICE_PREVIOUS_FALLBACK,1750665600000,4
BNBUSDT,1750694400013,0,623.21,MARK_PRICE_PREVIOUS_FALLBACK,1750694400000,13
BNBUSDT,1750723200003,-0.00000768,640.31,MARK_PRICE_PREVIOUS_FALLBACK,1750723200000,3
BNBUSDT,1750752000000,-0.00016409,638.79,MARK_PRICE_EXACT_OPEN,1750752000000,0
BNBUSDT,1750780800000,-0.00012123,639.07,MARK_PRICE_EXACT_OPEN,1750780800000,0
BNBUSDT,1750809600005,0,643.3691839,MARK_PRICE_PREVIOUS_FALLBACK,1750809600000,5
BNBUSDT,1750838400000,0,644.98,MARK_PRICE_EXACT_OPEN,1750838400000,0
BNBUSDT,1750867200005,0,642.7417171,MARK_PRICE_PREVIOUS_FALLBACK,1750867200000,5
BNBUSDT,1750896000000,0,646.09287108,MARK_PRICE_EXACT_OPEN,1750896000000,0
BNBUSDT,1750924800006,0,647.34,MARK_PRICE_PREVIOUS_FALLBACK,1750924800000,6
BNBUSDT,1750953600007,0,645.05,MARK_PRICE_PREVIOUS_FALLBACK,1750953600000,7
BNBUSDT,1750982400000,0,642.05535027,MARK_PRICE_EXACT_OPEN,1750982400000,0
BNBUSDT,1751011200000,0,643.45876343,MARK_PRICE_EXACT_OPEN,1751011200000,0
BNBUSDT,1751040000009,0,646.62231879,MARK_PRICE_PREVIOUS_FALLBACK,1751040000000,9
BNBUSDT,1751068800001,0,645.52354011,MARK_PRICE_PREVIOUS_FALLBACK,1751068800000,1
BNBUSDT,1751097600002,0,646.92299242,MARK_PRICE_PREVIOUS_FALLBACK,1751097600000,2
BNBUSDT,1751126400000,0,646.38,MARK_PRICE_EXACT_OPEN,1751126400000,0
BNBUSDT,1751155200004,0,648.46,MARK_PRICE_PREVIOUS_FALLBACK,1751155200000,4
BNBUSDT,1751184000001,0,649.07,MARK_PRICE_PREVIOUS_FALLBACK,1751184000000,1
BNBUSDT,1751212800001,0,648.97,MARK_PRICE_PREVIOUS_FALLBACK,1751212800000,1
BNBUSDT,1751241600000,0,654.93127698,MARK_PRICE_EXACT_OPEN,1751241600000,0
BNBUSDT,1751270400005,0,654.56085323,MARK_PRICE_PREVIOUS_FALLBACK,1751270400000,5
BNBUSDT,1751299200002,0,656.31,MARK_PRICE_PREVIOUS_FALLBACK,1751299200000,2
BNBUSDT,1751328000007,0,657.24001429,MARK_PRICE_PREVIOUS_FALLBACK,1751328000000,7
BNBUSDT,1751356800002,0,653.75154252,MARK_PRICE_PREVIOUS_FALLBACK,1751356800000,2
BNBUSDT,1751385600000,0,645.77863705,MARK_PRICE_EXACT_OPEN,1751385600000,0
BNBUSDT,1751414400001,0,646.19,MARK_PRICE_PREVIOUS_FALLBACK,1751414400000,1
BNBUSDT,1751443200000,0,657.6591225,MARK_PRICE_EXACT_OPEN,1751443200000,0
BNBUSDT,1751472000003,0,661.89792335,MARK_PRICE_PREVIOUS_FALLBACK,1751472000000,3
BNBUSDT,1751500800006,0,659.99786154,MARK_PRICE_PREVIOUS_FALLBACK,1751500800000,6
BNBUSDT,1751529600003,0,662.90133166,MARK_PRICE_PREVIOUS_FALLBACK,1751529600000,3
BNBUSDT,1751558400003,0,657.65560863,MARK_PRICE_PREVIOUS_FALLBACK,1751558400000,3
BNBUSDT,1751587200005,0,664.25,MARK_PRICE_PREVIOUS_FALLBACK,1751587200000,5
BNBUSDT,1751616000003,0,655.99,MARK_PRICE_PREVIOUS_FALLBACK,1751616000000,3
BNBUSDT,1751644800001,0,652.68279985,MARK_PRICE_PREVIOUS_FALLBACK,1751644800000,1
BNBUSDT,1751673600004,0,653.39,MARK_PRICE_PREVIOUS_FALLBACK,1751673600000,4
BNBUSDT,1751702400009,0,654.49,MARK_PRICE_PREVIOUS_FALLBACK,1751702400000,9
BNBUSDT,1751731200006,0,654.23,MARK_PRICE_PREVIOUS_FALLBACK,1751731200000,6
BNBUSDT,1751760000001,0,656.07193873,MARK_PRICE_PREVIOUS_FALLBACK,1751760000000,1
BNBUSDT,1751788800002,0,654.54,MARK_PRICE_PREVIOUS_FALLBACK,1751788800000,2
BNBUSDT,1751817600004,0,663.42158386,MARK_PRICE_PREVIOUS_FALLBACK,1751817600000,4
BNBUSDT,1751846400000,0,663.111572,MARK_PRICE_EXACT_OPEN,1751846400000,0
BNBUSDT,1751875200007,0,662.46,MARK_PRICE_PREVIOUS_FALLBACK,1751875200000,7
BNBUSDT,1751904000000,0,658.83957193,MARK_PRICE_EXACT_OPEN,1751904000000,0
BNBUSDT,1751932800010,0,661.04,MARK_PRICE_PREVIOUS_FALLBACK,1751932800000,10
BNBUSDT,1751961600003,0,659.80833947,MARK_PRICE_PREVIOUS_FALLBACK,1751961600000,3
BNBUSDT,1751990400000,0,658.05,MARK_PRICE_EXACT_OPEN,1751990400000,0
BNBUSDT,1752019200002,0,660.58687855,MARK_PRICE_PREVIOUS_FALLBACK,1752019200000,2
BNBUSDT,1752048000006,0,662.62534296,MARK_PRICE_PREVIOUS_FALLBACK,1752048000000,6
BNBUSDT,1752076800001,0,662.87,MARK_PRICE_PREVIOUS_FALLBACK,1752076800000,1
BNBUSDT,1752105600003,0,669.10657307,MARK_PRICE_PREVIOUS_FALLBACK,1752105600000,3
BNBUSDT,1752134400000,0,671.48413592,MARK_PRICE_EXACT_OPEN,1752134400000,0
BNBUSDT,1752163200004,0,668.10389702,MARK_PRICE_PREVIOUS_FALLBACK,1752163200000,4
BNBUSDT,1752192000004,0,686.03,MARK_PRICE_PREVIOUS_FALLBACK,1752192000000,4
BNBUSDT,1752220800007,0,685.78680746,MARK_PRICE_PREVIOUS_FALLBACK,1752220800000,7
BNBUSDT,1752249600001,0,688.42400918,MARK_PRICE_PREVIOUS_FALLBACK,1752249600000,1
BNBUSDT,1752278400000,0,690.39645918,MARK_PRICE_EXACT_OPEN,1752278400000,0
BNBUSDT,1752307200001,0.00002145,694.80806719,MARK_PRICE_PREVIOUS_FALLBACK,1752307200000,1
BNBUSDT,1752336000002,0,680.99,MARK_PRICE_PREVIOUS_FALLBACK,1752336000000,2
BNBUSDT,1752364800006,0,686.25,MARK_PRICE_PREVIOUS_FALLBACK,1752364800000,6
BNBUSDT,1752393600001,0,690.54191779,MARK_PRICE_PREVIOUS_FALLBACK,1752393600000,1
BNBUSDT,1752422400003,0,691.49,MARK_PRICE_PREVIOUS_FALLBACK,1752422400000,3
BNBUSDT,1752451200000,0,692.2933317,MARK_PRICE_EXACT_OPEN,1752451200000,0
BNBUSDT,1752480000000,0.0000944,706.87,MARK_PRICE_EXACT_OPEN,1752480000000,0
BNBUSDT,1752508800000,0,692.91,MARK_PRICE_EXACT_OPEN,1752508800000,0
BNBUSDT,1752537600002,0,688.78,MARK_PRICE_PREVIOUS_FALLBACK,1752537600000,2
BNBUSDT,1752566400000,0,679.17,MARK_PRICE_EXACT_OPEN,1752566400000,0
BNBUSDT,1752595200000,0,683.09463703,MARK_PRICE_EXACT_OPEN,1752595200000,0
BNBUSDT,1752624000000,0,690.3254119,MARK_PRICE_EXACT_OPEN,1752624000000,0
BNBUSDT,1752652800000,0,692.17,MARK_PRICE_EXACT_OPEN,1752652800000,0
BNBUSDT,1752681600008,0,700.68,MARK_PRICE_PREVIOUS_FALLBACK,1752681600000,8
BNBUSDT,1752710400003,0,709.48,MARK_PRICE_PREVIOUS_FALLBACK,1752710400000,3
BNBUSDT,1752739200000,0,721.120946,MARK_PRICE_EXACT_OPEN,1752739200000,0
BNBUSDT,1752768000000,0.00004682,721.6797386,MARK_PRICE_EXACT_OPEN,1752768000000,0
BNBUSDT,1752796800004,0.00005506,721.24,MARK_PRICE_PREVIOUS_FALLBACK,1752796800000,4
BNBUSDT,1752825600000,0.00013265,740.44149039,MARK_PRICE_EXACT_OPEN,1752825600000,0
BNBUSDT,1752854400000,0.00004213,737.93,MARK_PRICE_EXACT_OPEN,1752854400000,0
BNBUSDT,1752883200009,0,730.07,MARK_PRICE_PREVIOUS_FALLBACK,1752883200000,9
BNBUSDT,1752912000000,0,732.64314891,MARK_PRICE_EXACT_OPEN,1752912000000,0
BNBUSDT,1752940800002,0,731,MARK_PRICE_PREVIOUS_FALLBACK,1752940800000,2
BNBUSDT,1752969600000,0,733.43,MARK_PRICE_EXACT_OPEN,1752969600000,0
BNBUSDT,1752998400000,0.00001211,745,MARK_PRICE_EXACT_OPEN,1752998400000,0
BNBUSDT,1753027200000,0,751.41,MARK_PRICE_EXACT_OPEN,1753027200000,0
BNBUSDT,1753056000001,0.00003139,757.31947526,MARK_PRICE_PREVIOUS_FALLBACK,1753056000000,1
BNBUSDT,1753084800000,0.0000113,760.83000926,MARK_PRICE_EXACT_OPEN,1753084800000,0
BNBUSDT,1753113600001,0.00012067,774.80673786,MARK_PRICE_PREVIOUS_FALLBACK,1753113600000,1
BNBUSDT,1753142400000,0,766.51,MARK_PRICE_EXACT_OPEN,1753142400000,0
BNBUSDT,1753171200010,0,757.12331315,MARK_PRICE_PREVIOUS_FALLBACK,1753171200000,10
BNBUSDT,1753200000007,0.00010652,764.36870412,MARK_PRICE_PREVIOUS_FALLBACK,1753200000000,7
BNBUSDT,1753228800000,0.00024488,787.51712743,MARK_PRICE_EXACT_OPEN,1753228800000,0
BNBUSDT,1753257600004,0.00023989,796.06,MARK_PRICE_PREVIOUS_FALLBACK,1753257600000,4
BNBUSDT,1753286400002,0.00003205,783.91056323,MARK_PRICE_PREVIOUS_FALLBACK,1753286400000,2
BNBUSDT,1753315200000,0,776.87,MARK_PRICE_EXACT_OPEN,1753315200000,0
BNBUSDT,1753344000001,0,757.82220512,MARK_PRICE_PREVIOUS_FALLBACK,1753344000000,1
BNBUSDT,1753372800000,0.00003908,778.83,MARK_PRICE_EXACT_OPEN,1753372800000,0
BNBUSDT,1753401600000,0,771.08019387,MARK_PRICE_EXACT_OPEN,1753401600000,0
BNBUSDT,1753430400000,0,761.73,MARK_PRICE_EXACT_OPEN,1753430400000,0
BNBUSDT,1753459200000,0.00001809,766.21298179,MARK_PRICE_EXACT_OPEN,1753459200000,0
BNBUSDT,1753488000001,0.00013733,786,MARK_PRICE_PREVIOUS_FALLBACK,1753488000000,1
BNBUSDT,1753516800005,0.0000056,783.08740111,MARK_PRICE_PREVIOUS_FALLBACK,1753516800000,5
BNBUSDT,1753545600001,0.00000157,782.24,MARK_PRICE_PREVIOUS_FALLBACK,1753545600000,1
BNBUSDT,1753574400001,0.00012703,793.70626942,MARK_PRICE_PREVIOUS_FALLBACK,1753574400000,1
BNBUSDT,1753603200000,0,796.84,MARK_PRICE_EXACT_OPEN,1753603200000,0
BNBUSDT,1753632000008,0.00009734,817.33,MARK_PRICE_PREVIOUS_FALLBACK,1753632000000,8
BNBUSDT,1753660800005,0.00013252,844.31,MARK_PRICE_PREVIOUS_FALLBACK,1753660800000,5
BNBUSDT,1753689600000,0.00010789,856.33,MARK_PRICE_EXACT_OPEN,1753689600000,0
BNBUSDT,1753718400000,0.00011022,836.19454132,MARK_PRICE_EXACT_OPEN,1753718400000,0
BNBUSDT,1753747200001,0.00005822,824.11448679,MARK_PRICE_PREVIOUS_FALLBACK,1753747200000,1
BNBUSDT,1753776000000,0.00000714,825.83326148,MARK_PRICE_EXACT_OPEN,1753776000000,0
BNBUSDT,1753804800000,0.00007209,805.54,MARK_PRICE_EXACT_OPEN,1753804800000,0
BNBUSDT,1753833600011,0.00010428,805.59030832,MARK_PRICE_PREVIOUS_FALLBACK,1753833600000,11
BNBUSDT,1753862400000,0.00003363,800.94,MARK_PRICE_EXACT_OPEN,1753862400000,0
BNBUSDT,1753891200008,0.00003062,791.17813124,MARK_PRICE_PREVIOUS_FALLBACK,1753891200000,8
BNBUSDT,1753920000000,0.00007977,793.98818979,MARK_PRICE_EXACT_OPEN,1753920000000,0
BNBUSDT,1753948800009,0,804.12329254,MARK_PRICE_PREVIOUS_FALLBACK,1753948800000,9
BNBUSDT,1753977600000,0,800.05,MARK_PRICE_EXACT_OPEN,1753977600000,0
BNBUSDT,1754006400001,0,783.45,MARK_PRICE_PREVIOUS_FALLBACK,1754006400000,1
BNBUSDT,1754035200003,0.00002565,771.43503393,MARK_PRICE_PREVIOUS_FALLBACK,1754035200000,3
BNBUSDT,1754064000000,0.0000309,764.46,MARK_PRICE_EXACT_OPEN,1754064000000,0
BNBUSDT,1754092800004,0.00000979,757.83050878,MARK_PRICE_PREVIOUS_FALLBACK,1754092800000,4
BNBUSDT,1754121600000,0,759.34,MARK_PRICE_EXACT_OPEN,1754121600000,0
BNBUSDT,1754150400000,0,743.44,MARK_PRICE_EXACT_OPEN,1754150400000,0
BNBUSDT,1754179200000,0.00003677,736.91918691,MARK_PRICE_EXACT_OPEN,1754179200000,0
BNBUSDT,1754208000000,0,748.31353978,MARK_PRICE_EXACT_OPEN,1754208000000,0
BNBUSDT,1754236800003,0,748.73745624,MARK_PRICE_PREVIOUS_FALLBACK,1754236800000,3
BNBUSDT,1754265600004,0,751.6227091,MARK_PRICE_PREVIOUS_FALLBACK,1754265600000,4
BNBUSDT,1754294400000,0,757.31,MARK_PRICE_EXACT_OPEN,1754294400000,0
BNBUSDT,1754323200002,0,761.25,MARK_PRICE_PREVIOUS_FALLBACK,1754323200000,2
BNBUSDT,1754352000000,0,768.83716521,MARK_PRICE_EXACT_OPEN,1754352000000,0
BNBUSDT,1754380800000,0,757.73,MARK_PRICE_EXACT_OPEN,1754380800000,0
BNBUSDT,1754409600000,0,749.39,MARK_PRICE_EXACT_OPEN,1754409600000,0
BNBUSDT,1754438400005,0,755.61594148,MARK_PRICE_PREVIOUS_FALLBACK,1754438400000,5
BNBUSDT,1754467200000,0,763.49,MARK_PRICE_EXACT_OPEN,1754467200000,0
BNBUSDT,1754496000000,0.00003269,769.72,MARK_PRICE_EXACT_OPEN,1754496000000,0
BNBUSDT,1754524800003,0.0000417,770.06067279,MARK_PRICE_PREVIOUS_FALLBACK,1754524800000,3
BNBUSDT,1754553600002,0,768.34572143,MARK_PRICE_PREVIOUS_FALLBACK,1754553600000,2
BNBUSDT,1754582400002,0,775.81,MARK_PRICE_PREVIOUS_FALLBACK,1754582400000,2
BNBUSDT,1754611200002,0,788.42730732,MARK_PRICE_PREVIOUS_FALLBACK,1754611200000,2
BNBUSDT,1754640000004,0,790.56723167,MARK_PRICE_PREVIOUS_FALLBACK,1754640000000,4
BNBUSDT,1754668800000,0,785.16489274,MARK_PRICE_EXACT_OPEN,1754668800000,0
BNBUSDT,1754697600005,0,793.68,MARK_PRICE_PREVIOUS_FALLBACK,1754697600000,5
BNBUSDT,1754726400000,0,810.01438095,MARK_PRICE_EXACT_OPEN,1754726400000,0
BNBUSDT,1754755200007,0.00005501,807.68160304,MARK_PRICE_PREVIOUS_FALLBACK,1754755200000,7
BNBUSDT,1754784000003,0,799.34002123,MARK_PRICE_PREVIOUS_FALLBACK,1754784000000,3
BNBUSDT,1754812800005,0.00003278,799.38,MARK_PRICE_PREVIOUS_FALLBACK,1754812800000,5
BNBUSDT,1754841600002,0,802.24,MARK_PRICE_PREVIOUS_FALLBACK,1754841600000,2
BNBUSDT,1754870400000,0,807.50183059,MARK_PRICE_EXACT_OPEN,1754870400000,0
BNBUSDT,1754899200000,0.00014301,812.12,MARK_PRICE_EXACT_OPEN,1754899200000,0
BNBUSDT,1754928000000,0,807.59,MARK_PRICE_EXACT_OPEN,1754928000000,0
BNBUSDT,1754956800000,0,805.17705848,MARK_PRICE_EXACT_OPEN,1754956800000,0
BNBUSDT,1754985600001,0,807.90201159,MARK_PRICE_PREVIOUS_FALLBACK,1754985600000,1
BNBUSDT,1755014400005,0,822.37602434,MARK_PRICE_PREVIOUS_FALLBACK,1755014400000,5
BNBUSDT,1755043200000,0.0001441,832.98632612,MARK_PRICE_EXACT_OPEN,1755043200000,0
BNBUSDT,1755072000002,0.00007511,846.25216251,MARK_PRICE_PREVIOUS_FALLBACK,1755072000000,2
BNBUSDT,1755100800006,0.00022827,842.4,MARK_PRICE_PREVIOUS_FALLBACK,1755100800000,6
BNBUSDT,1755129600002,0.00002287,847.94,MARK_PRICE_PREVIOUS_FALLBACK,1755129600000,2
BNBUSDT,1755158400003,0.00019442,858.58082558,MARK_PRICE_PREVIOUS_FALLBACK,1755158400000,3
BNBUSDT,1755187200000,0.00008604,847.4,MARK_PRICE_EXACT_OPEN,1755187200000,0
BNBUSDT,1755216000000,0,840.8,MARK_PRICE_EXACT_OPEN,1755216000000,0
BNBUSDT,1755244800000,0,848.61,MARK_PRICE_EXACT_OPEN,1755244800000,0
BNBUSDT,1755273600000,0,818.89,MARK_PRICE_EXACT_OPEN,1755273600000,0
BNBUSDT,1755302400004,0,827.6,MARK_PRICE_PREVIOUS_FALLBACK,1755302400000,4
BNBUSDT,1755331200000,0,835.82728292,MARK_PRICE_EXACT_OPEN,1755331200000,0
BNBUSDT,1755360000002,0,831.99730326,MARK_PRICE_PREVIOUS_FALLBACK,1755360000000,2
BNBUSDT,1755388800000,0,838.97,MARK_PRICE_EXACT_OPEN,1755388800000,0
BNBUSDT,1755417600001,0.00000344,854.50295471,MARK_PRICE_PREVIOUS_FALLBACK,1755417600000,1
BNBUSDT,1755446400007,0,861.2,MARK_PRICE_PREVIOUS_FALLBACK,1755446400000,7
BNBUSDT,1755475200000,0.00003265,855.92491086,MARK_PRICE_EXACT_OPEN,1755475200000,0
BNBUSDT,1755504000001,0,831.0381914,MARK_PRICE_PREVIOUS_FALLBACK,1755504000000,1
BNBUSDT,1755532800002,0,841.84,MARK_PRICE_PREVIOUS_FALLBACK,1755532800000,2
BNBUSDT,1755561600000,0,847.43200062,MARK_PRICE_EXACT_OPEN,1755561600000,0
BNBUSDT,1755590400001,0,838.68802821,MARK_PRICE_PREVIOUS_FALLBACK,1755590400000,1
BNBUSDT,1755619200000,0,832.49450348,MARK_PRICE_EXACT_OPEN,1755619200000,0
BNBUSDT,1755648000000,0,824.44,MARK_PRICE_EXACT_OPEN,1755648000000,0
BNBUSDT,1755676800000,0,834.65552678,MARK_PRICE_EXACT_OPEN,1755676800000,0
BNBUSDT,1755705600000,0,833.45282028,MARK_PRICE_EXACT_OPEN,1755705600000,0
BNBUSDT,1755734400006,0.00009039,869.75693391,MARK_PRICE_PREVIOUS_FALLBACK,1755734400000,6
BNBUSDT,1755763200000,0.00003769,862.91915589,MARK_PRICE_EXACT_OPEN,1755763200000,0
BNBUSDT,1755792000003,0,841.79,MARK_PRICE_PREVIOUS_FALLBACK,1755792000000,3
BNBUSDT,1755820800010,0,839.95272431,MARK_PRICE_PREVIOUS_FALLBACK,1755820800000,10
BNBUSDT,1755849600007,0,852.1,MARK_PRICE_PREVIOUS_FALLBACK,1755849600000,7
BNBUSDT,1755878400001,0.00004832,878.22,MARK_PRICE_PREVIOUS_FALLBACK,1755878400000,1
BNBUSDT,1755907200004,0.00032856,899.70249617,MARK_PRICE_PREVIOUS_FALLBACK,1755907200000,4
BNBUSDT,1755936000006,0.00018028,889.31141036,MARK_PRICE_PREVIOUS_FALLBACK,1755936000000,6
BNBUSDT,1755964800000,0.00012106,889.17,MARK_PRICE_EXACT_OPEN,1755964800000,0
BNBUSDT,1755993600001,0.00011059,880.90087867,MARK_PRICE_PREVIOUS_FALLBACK,1755993600000,1
BNBUSDT,1756022400002,0.00011701,870.93,MARK_PRICE_PREVIOUS_FALLBACK,1756022400000,2
BNBUSDT,1756051200001,0,868.24261524,MARK_PRICE_PREVIOUS_FALLBACK,1756051200000,1
BNBUSDT,1756080000000,9e-8,876.9,MARK_PRICE_EXACT_OPEN,1756080000000,0
BNBUSDT,1756108800002,0.00006642,858.23746676,MARK_PRICE_PREVIOUS_FALLBACK,1756108800000,2
BNBUSDT,1756137600002,0,863.27419739,MARK_PRICE_PREVIOUS_FALLBACK,1756137600000,2
BNBUSDT,1756166400000,0,839.63,MARK_PRICE_EXACT_OPEN,1756166400000,0
BNBUSDT,1756195200000,0.0000028,843.03,MARK_PRICE_EXACT_OPEN,1756195200000,0
BNBUSDT,1756224000000,0,850.04,MARK_PRICE_EXACT_OPEN,1756224000000,0
BNBUSDT,1756252800003,0.00004937,863.21404447,MARK_PRICE_PREVIOUS_FALLBACK,1756252800000,3
BNBUSDT,1756281600000,0,857.64373464,MARK_PRICE_EXACT_OPEN,1756281600000,0
BNBUSDT,1756310400009,0,865.12,MARK_PRICE_PREVIOUS_FALLBACK,1756310400000,9
BNBUSDT,1756339200000,0.00002791,855.74,MARK_PRICE_EXACT_OPEN,1756339200000,0
BNBUSDT,1756368000005,0.00009121,870.33,MARK_PRICE_PREVIOUS_FALLBACK,1756368000000,5
BNBUSDT,1756396800004,0.00006997,871.49027688,MARK_PRICE_PREVIOUS_FALLBACK,1756396800000,4
BNBUSDT,1756425600000,0.00003288,874.08606817,MARK_PRICE_EXACT_OPEN,1756425600000,0
BNBUSDT,1756454400000,0.00001013,857.55967643,MARK_PRICE_EXACT_OPEN,1756454400000,0
BNBUSDT,1756483200005,0.00002538,858.46,MARK_PRICE_PREVIOUS_FALLBACK,1756483200000,5
BNBUSDT,1756512000000,0.00001126,862.77550298,MARK_PRICE_EXACT_OPEN,1756512000000,0
BNBUSDT,1756540800002,0.00004455,860.93,MARK_PRICE_PREVIOUS_FALLBACK,1756540800000,2
BNBUSDT,1756569600003,0,858.58960456,MARK_PRICE_PREVIOUS_FALLBACK,1756569600000,3
BNBUSDT,1756598400016,0.00003932,862.58,MARK_PRICE_PREVIOUS_FALLBACK,1756598400000,16
BNBUSDT,1756627200000,0,858.99611035,MARK_PRICE_EXACT_OPEN,1756627200000,0
BNBUSDT,1756656000001,0,862.69798772,MARK_PRICE_PREVIOUS_FALLBACK,1756656000000,1
BNBUSDT,1756684800000,0,858.00663604,MARK_PRICE_EXACT_OPEN,1756684800000,0
BNBUSDT,1756713600000,0,865.85218857,MARK_PRICE_EXACT_OPEN,1756713600000,0
BNBUSDT,1756742400001,0,847.07,MARK_PRICE_PREVIOUS_FALLBACK,1756742400000,1
BNBUSDT,1756771200000,0,846.12237605,MARK_PRICE_EXACT_OPEN,1756771200000,0
BNBUSDT,1756800000005,0,855.19,MARK_PRICE_PREVIOUS_FALLBACK,1756800000000,5
BNBUSDT,1756828800007,0.00002168,847.64470665,MARK_PRICE_PREVIOUS_FALLBACK,1756828800000,7
BNBUSDT,1756857600006,0,852.01,MARK_PRICE_PREVIOUS_FALLBACK,1756857600000,6
BNBUSDT,1756886400002,0,855.03,MARK_PRICE_PREVIOUS_FALLBACK,1756886400000,2
BNBUSDT,1756915200002,0,860.95112276,MARK_PRICE_PREVIOUS_FALLBACK,1756915200000,2
BNBUSDT,1756944000002,0.00002732,855.57,MARK_PRICE_PREVIOUS_FALLBACK,1756944000000,2
BNBUSDT,1756972800000,0,847.91139632,MARK_PRICE_EXACT_OPEN,1756972800000,0
BNBUSDT,1757001600000,0,844.5278189,MARK_PRICE_EXACT_OPEN,1757001600000,0
BNBUSDT,1757030400001,0,843.98161758,MARK_PRICE_PREVIOUS_FALLBACK,1757030400000,1
BNBUSDT,1757059200006,0,850.75,MARK_PRICE_PREVIOUS_FALLBACK,1757059200000,6
BNBUSDT,1757088000000,0,849.08,MARK_PRICE_EXACT_OPEN,1757088000000,0
BNBUSDT,1757116800000,0,850.28,MARK_PRICE_EXACT_OPEN,1757116800000,0
BNBUSDT,1757145600005,0,860.14979674,MARK_PRICE_PREVIOUS_FALLBACK,1757145600000,5
BNBUSDT,1757174400000,0.00001384,859.98,MARK_PRICE_EXACT_OPEN,1757174400000,0
BNBUSDT,1757203200000,0,861.33926659,MARK_PRICE_EXACT_OPEN,1757203200000,0
BNBUSDT,1757232000000,0,868.120262,MARK_PRICE_EXACT_OPEN,1757232000000,0
BNBUSDT,1757260800000,0.00005222,875.11,MARK_PRICE_EXACT_OPEN,1757260800000,0
BNBUSDT,1757289600007,0.00007418,881.01328214,MARK_PRICE_PREVIOUS_FALLBACK,1757289600000,7
BNBUSDT,1757318400000,0,874.51865139,MARK_PRICE_EXACT_OPEN,1757318400000,0
BNBUSDT,1757347200000,0,880.55589806,MARK_PRICE_EXACT_OPEN,1757347200000,0
BNBUSDT,1757376000000,0.00012454,878.46987356,MARK_PRICE_EXACT_OPEN,1757376000000,0
BNBUSDT,1757404800000,0.00009705,881.6968616,MARK_PRICE_EXACT_OPEN,1757404800000,0
BNBUSDT,1757433600000,0,873.69799496,MARK_PRICE_EXACT_OPEN,1757433600000,0
BNBUSDT,1757462400000,0,880.24281266,MARK_PRICE_EXACT_OPEN,1757462400000,0
BNBUSDT,1757491200002,0.00005321,884.28,MARK_PRICE_PREVIOUS_FALLBACK,1757491200000,2
BNBUSDT,1757520000000,0.00010856,895.84960917,MARK_PRICE_EXACT_OPEN,1757520000000,0
BNBUSDT,1757548800000,0,894.13522896,MARK_PRICE_EXACT_OPEN,1757548800000,0
BNBUSDT,1757577600000,0,896.92,MARK_PRICE_EXACT_OPEN,1757577600000,0
BNBUSDT,1757606400001,0.00002308,894.3,MARK_PRICE_PREVIOUS_FALLBACK,1757606400000,1
BNBUSDT,1757635200002,0,903.18983912,MARK_PRICE_PREVIOUS_FALLBACK,1757635200000,2
BNBUSDT,1757664000001,0.00003147,904.46353938,MARK_PRICE_PREVIOUS_FALLBACK,1757664000000,1
BNBUSDT,1757692800005,0.0001083,907.6435673,MARK_PRICE_PREVIOUS_FALLBACK,1757692800000,5
BNBUSDT,1757721600005,0.00016022,925.59702722,MARK_PRICE_PREVIOUS_FALLBACK,1757721600000,5
BNBUSDT,1757750400002,0.0001208,925.73007202,MARK_PRICE_PREVIOUS_FALLBACK,1757750400000,2
BNBUSDT,1757779200000,0.00012118,937.03480745,MARK_PRICE_EXACT_OPEN,1757779200000,0
BNBUSDT,1757808000006,0,934.02183256,MARK_PRICE_PREVIOUS_FALLBACK,1757808000000,6
BNBUSDT,1757836800000,0.00010453,938.13506564,MARK_PRICE_EXACT_OPEN,1757836800000,0
BNBUSDT,1757865600001,0,924.89,MARK_PRICE_PREVIOUS_FALLBACK,1757865600000,1
BNBUSDT,1757894400006,0,925.96,MARK_PRICE_PREVIOUS_FALLBACK,1757894400000,6
BNBUSDT,1757923200002,0,923.09164769,MARK_PRICE_PREVIOUS_FALLBACK,1757923200000,2
BNBUSDT,1757952000001,0,917.3149488,MARK_PRICE_PREVIOUS_FALLBACK,1757952000000,1
BNBUSDT,1757980800001,0.00000195,919.78862974,MARK_PRICE_PREVIOUS_FALLBACK,1757980800000,1
BNBUSDT,1758009600000,0,931.39201181,MARK_PRICE_EXACT_OPEN,1758009600000,0
BNBUSDT,1758038400000,0,938,MARK_PRICE_EXACT_OPEN,1758038400000,0
BNBUSDT,1758067200001,0.00015544,957.20233673,MARK_PRICE_PREVIOUS_FALLBACK,1758067200000,1
BNBUSDT,1758096000000,0.00005771,955.37273716,MARK_PRICE_EXACT_OPEN,1758096000000,0
BNBUSDT,1758124800003,0.00006133,951.62541734,MARK_PRICE_PREVIOUS_FALLBACK,1758124800000,3
BNBUSDT,1758153600006,0.00011161,990.71,MARK_PRICE_PREVIOUS_FALLBACK,1758153600000,6
BNBUSDT,1758182400002,0.00014904,999.12056223,MARK_PRICE_PREVIOUS_FALLBACK,1758182400000,2
BNBUSDT,1758211200000,0.00007826,994.01,MARK_PRICE_EXACT_OPEN,1758211200000,0
BNBUSDT,1758240000000,0.00003442,981.75122044,MARK_PRICE_EXACT_OPEN,1758240000000,0
BNBUSDT,1758268800005,0,996,MARK_PRICE_PREVIOUS_FALLBACK,1758268800000,5
BNBUSDT,1758297600000,0.00008365,983.17,MARK_PRICE_EXACT_OPEN,1758297600000,0
BNBUSDT,1758326400000,0,984.46979581,MARK_PRICE_EXACT_OPEN,1758326400000,0
BNBUSDT,1758355200000,0,999.67388551,MARK_PRICE_EXACT_OPEN,1758355200000,0
BNBUSDT,1758384000002,0,1022.12,MARK_PRICE_PREVIOUS_FALLBACK,1758384000000,2
BNBUSDT,1758412800000,0,1044.28,MARK_PRICE_EXACT_OPEN,1758412800000,0
BNBUSDT,1758441600000,0,1074.57,MARK_PRICE_EXACT_OPEN,1758441600000,0
BNBUSDT,1758470400000,0,1056.65455423,MARK_PRICE_EXACT_OPEN,1758470400000,0
BNBUSDT,1758499200005,0,1047.24,MARK_PRICE_PREVIOUS_FALLBACK,1758499200000,5
BNBUSDT,1758528000003,0.00004118,1024.76,MARK_PRICE_PREVIOUS_FALLBACK,1758528000000,3
BNBUSDT,1758556800000,0.00007583,998.27355701,MARK_PRICE_EXACT_OPEN,1758556800000,0
BNBUSDT,1758585600000,0.00004293,993.50041314,MARK_PRICE_EXACT_OPEN,1758585600000,0
BNBUSDT,1758614400001,0,1001.68,MARK_PRICE_PREVIOUS_FALLBACK,1758614400000,1
BNBUSDT,1758643200000,0,1022.96085688,MARK_PRICE_EXACT_OPEN,1758643200000,0
BNBUSDT,1758672000003,0.00006267,1016.97396531,MARK_PRICE_PREVIOUS_FALLBACK,1758672000000,3
BNBUSDT,1758700800001,0,1018.5680175,MARK_PRICE_PREVIOUS_FALLBACK,1758700800000,1
BNBUSDT,1758729600002,0.00000926,1008.90200464,MARK_PRICE_PREVIOUS_FALLBACK,1758729600000,2
BNBUSDT,1758758400000,0,1018.81,MARK_PRICE_EXACT_OPEN,1758758400000,0
BNBUSDT,1758787200001,0.00011201,993.37072217,MARK_PRICE_PREVIOUS_FALLBACK,1758787200000,1
BNBUSDT,1758816000000,0.0000045,995.74,MARK_PRICE_EXACT_OPEN,1758816000000,0
BNBUSDT,1758844800000,0.00005119,946.47849021,MARK_PRICE_EXACT_OPEN,1758844800000,0
BNBUSDT,1758873600000,0.00000924,949.95433881,MARK_PRICE_EXACT_OPEN,1758873600000,0
BNBUSDT,1758902400008,0,941.88,MARK_PRICE_PREVIOUS_FALLBACK,1758902400000,8
BNBUSDT,1758931200000,0,961.19791348,MARK_PRICE_EXACT_OPEN,1758931200000,0
BNBUSDT,1758960000010,0,971.73,MARK_PRICE_PREVIOUS_FALLBACK,1758960000000,10
BNBUSDT,1758988800003,0,977.23,MARK_PRICE_PREVIOUS_FALLBACK,1758988800000,3
BNBUSDT,1759017600000,0,968.71,MARK_PRICE_EXACT_OPEN,1759017600000,0
BNBUSDT,1759046400000,0,969.80488353,MARK_PRICE_EXACT_OPEN,1759046400000,0
BNBUSDT,1759075200000,0,976.42536149,MARK_PRICE_EXACT_OPEN,1759075200000,0
BNBUSDT,1759104000000,0,993.27090571,MARK_PRICE_EXACT_OPEN,1759104000000,0
BNBUSDT,1759132800002,0.00016081,1011.67,MARK_PRICE_PREVIOUS_FALLBACK,1759132800000,2
BNBUSDT,1759161600001,0,1011.14434177,MARK_PRICE_PREVIOUS_FALLBACK,1759161600000,1
BNBUSDT,1759190400002,0,1030.86,MARK_PRICE_PREVIOUS_FALLBACK,1759190400000,2
BNBUSDT,1759219200005,0.00003761,1020.6,MARK_PRICE_PREVIOUS_FALLBACK,1759219200000,5
BNBUSDT,1759248000000,0.00007373,998.69768743,MARK_PRICE_EXACT_OPEN,1759248000000,0
BNBUSDT,1759276800000,0,1008.77,MARK_PRICE_EXACT_OPEN,1759276800000,0
BNBUSDT,1759305600000,0,1010.21544814,MARK_PRICE_EXACT_OPEN,1759305600000,0
BNBUSDT,1759334400000,0,1019.36,MARK_PRICE_EXACT_OPEN,1759334400000,0
BNBUSDT,1759363200000,0,1026.83796169,MARK_PRICE_EXACT_OPEN,1759363200000,0
BNBUSDT,1759392000013,0,1037.12,MARK_PRICE_PREVIOUS_FALLBACK,1759392000000,13
BNBUSDT,1759420800000,0,1056.10594988,MARK_PRICE_EXACT_OPEN,1759420800000,0
BNBUSDT,1759449600006,0.00021025,1092.88,MARK_PRICE_PREVIOUS_FALLBACK,1759449600000,6
BNBUSDT,1759478400006,0.00009993,1088.58030368,MARK_PRICE_PREVIOUS_FALLBACK,1759478400000,6
BNBUSDT,1759507200000,0.00002968,1164.89,MARK_PRICE_EXACT_OPEN,1759507200000,0
BNBUSDT,1759536000001,0.0000949,1187.43,MARK_PRICE_PREVIOUS_FALLBACK,1759536000000,1
BNBUSDT,1759564800000,0.00003472,1167.49,MARK_PRICE_EXACT_OPEN,1759564800000,0
BNBUSDT,1759593600000,0.00003987,1144.92506245,MARK_PRICE_EXACT_OPEN,1759593600000,0
BNBUSDT,1759622400000,0.00004607,1151.46,MARK_PRICE_EXACT_OPEN,1759622400000,0
BNBUSDT,1759651200003,0,1178.64,MARK_PRICE_PREVIOUS_FALLBACK,1759651200000,3
BNBUSDT,1759680000009,0,1159.67,MARK_PRICE_PREVIOUS_FALLBACK,1759680000000,9
BNBUSDT,1759708800004,0,1168.02681608,MARK_PRICE_PREVIOUS_FALLBACK,1759708800000,4
BNBUSDT,1759737600002,0.00006884,1200.71,MARK_PRICE_PREVIOUS_FALLBACK,1759737600000,2
BNBUSDT,1759766400004,0.00003841,1222.57,MARK_PRICE_PREVIOUS_FALLBACK,1759766400000,4
BNBUSDT,1759795200000,0,1224.31571428,MARK_PRICE_EXACT_OPEN,1759795200000,0
BNBUSDT,1759824000003,0,1249.84,MARK_PRICE_PREVIOUS_FALLBACK,1759824000000,3
BNBUSDT,1759852800000,0.00006251,1281.57,MARK_PRICE_EXACT_OPEN,1759852800000,0
BNBUSDT,1759881600000,0,1305.24530664,MARK_PRICE_EXACT_OPEN,1759881600000,0
BNBUSDT,1759910400006,0,1313.9195419,MARK_PRICE_PREVIOUS_FALLBACK,1759910400000,6
BNBUSDT,1759939200002,0,1291.87024445,MARK_PRICE_PREVIOUS_FALLBACK,1759939200000,2
BNBUSDT,1759968000001,0,1306.21,MARK_PRICE_PREVIOUS_FALLBACK,1759968000000,1
BNBUSDT,1759996800000,0,1308.84,MARK_PRICE_EXACT_OPEN,1759996800000,0
BNBUSDT,1760025600000,0,1240.54,MARK_PRICE_EXACT_OPEN,1760025600000,0
BNBUSDT,1760054400005,0,1255.97,MARK_PRICE_PREVIOUS_FALLBACK,1760054400000,5
BNBUSDT,1760083200002,0,1266.33,MARK_PRICE_PREVIOUS_FALLBACK,1760083200000,2
BNBUSDT,1760112000014,0,1215.17278868,MARK_PRICE_PREVIOUS_FALLBACK,1760112000000,14
BNBUSDT,1760140800000,0.00000276,1102.30100704,MARK_PRICE_EXACT_OPEN,1760140800000,0
BNBUSDT,1760169600003,0,1093.41634278,MARK_PRICE_PREVIOUS_FALLBACK,1760169600000,3
BNBUSDT,1760198400000,0,1143.25,MARK_PRICE_EXACT_OPEN,1760198400000,0
BNBUSDT,1760227200004,0,1137.26937544,MARK_PRICE_PREVIOUS_FALLBACK,1760227200000,4
BNBUSDT,1760256000002,0,1160.53,MARK_PRICE_PREVIOUS_FALLBACK,1760256000000,2
BNBUSDT,1760284800000,-0.00005331,1302.38021497,MARK_PRICE_EXACT_OPEN,1760284800000,0
BNBUSDT,1760313600003,0,1299.74397592,MARK_PRICE_PREVIOUS_FALLBACK,1760313600000,3
BNBUSDT,1760342400002,-0.00030569,1345.7,MARK_PRICE_PREVIOUS_FALLBACK,1760342400000,2
BNBUSDT,1760371200003,0,1272.10088337,MARK_PRICE_PREVIOUS_FALLBACK,1760371200000,3
BNBUSDT,1760400000000,-0.00027668,1293.85465149,MARK_PRICE_EXACT_OPEN,1760400000000,0
BNBUSDT,1760428800000,0,1195.04687666,MARK_PRICE_EXACT_OPEN,1760428800000,0
BNBUSDT,1760457600000,-0.00016775,1211.82817811,MARK_PRICE_EXACT_OPEN,1760457600000,0
BNBUSDT,1760486400006,-0.00020435,1209.78,MARK_PRICE_PREVIOUS_FALLBACK,1760486400000,6
BNBUSDT,1760515200002,0,1188.02076005,MARK_PRICE_PREVIOUS_FALLBACK,1760515200000,2
BNBUSDT,1760544000000,0,1168.70261561,MARK_PRICE_EXACT_OPEN,1760544000000,0
BNBUSDT,1760572800000,0,1162.9692331,MARK_PRICE_EXACT_OPEN,1760572800000,0
BNBUSDT,1760601600003,0,1183.24,MARK_PRICE_PREVIOUS_FALLBACK,1760601600000,3
BNBUSDT,1760630400002,0,1125.18486851,MARK_PRICE_PREVIOUS_FALLBACK,1760630400000,2
BNBUSDT,1760659200001,0,1145.34726928,MARK_PRICE_PREVIOUS_FALLBACK,1760659200000,1
BNBUSDT,1760688000005,0,1056.02864806,MARK_PRICE_PREVIOUS_FALLBACK,1760688000000,5
BNBUSDT,1760716800003,-0.00016779,1076.82,MARK_PRICE_PREVIOUS_FALLBACK,1760716800000,3
BNBUSDT,1760745600000,0,1070.56520073,MARK_PRICE_EXACT_OPEN,1760745600000,0
BNBUSDT,1760774400002,-0.00013138,1117.31572996,MARK_PRICE_PREVIOUS_FALLBACK,1760774400000,2
BNBUSDT,1760803200001,-0.00008672,1092.08,MARK_PRICE_PREVIOUS_FALLBACK,1760803200000,1
BNBUSDT,1760832000001,-0.00001193,1091.89460648,MARK_PRICE_PREVIOUS_FALLBACK,1760832000000,1
BNBUSDT,1760860800001,0,1085.32219947,MARK_PRICE_PREVIOUS_FALLBACK,1760860800000,1
BNBUSDT,1760889600001,-0.00008195,1119.34198465,MARK_PRICE_PREVIOUS_FALLBACK,1760889600000,1
BNBUSDT,1760918400004,-0.00021765,1108.56185099,MARK_PRICE_PREVIOUS_FALLBACK,1760918400000,4
BNBUSDT,1760947200001,-0.00003486,1123.23384984,MARK_PRICE_PREVIOUS_FALLBACK,1760947200000,1
BNBUSDT,1760976000000,-0.00035218,1109.92462217,MARK_PRICE_EXACT_OPEN,1760976000000,0
BNBUSDT,1761004800009,-0.00002886,1099.57,MARK_PRICE_PREVIOUS_FALLBACK,1761004800000,9
BNBUSDT,1761033600000,0,1072.13352326,MARK_PRICE_EXACT_OPEN,1761033600000,0
BNBUSDT,1761062400000,0,1111.88,MARK_PRICE_EXACT_OPEN,1761062400000,0
BNBUSDT,1761091200004,0,1056.4,MARK_PRICE_PREVIOUS_FALLBACK,1761091200000,4
BNBUSDT,1761120000000,-0.00014817,1070.73,MARK_PRICE_EXACT_OPEN,1761120000000,0
BNBUSDT,1761148800000,-0.00007842,1080.49,MARK_PRICE_EXACT_OPEN,1761148800000,0
BNBUSDT,1761177600000,-0.0000694,1071.27,MARK_PRICE_EXACT_OPEN,1761177600000,0
BNBUSDT,1761206400001,0,1108.2,MARK_PRICE_PREVIOUS_FALLBACK,1761206400000,1
BNBUSDT,1761235200004,0,1132.36519068,MARK_PRICE_PREVIOUS_FALLBACK,1761235200000,4
BNBUSDT,1761264000000,-0.00020182,1125.72929418,MARK_PRICE_EXACT_OPEN,1761264000000,0
BNBUSDT,1761292800000,-0.00003383,1125.10623151,MARK_PRICE_EXACT_OPEN,1761292800000,0
BNBUSDT,1761321600009,-0.00021638,1103.55,MARK_PRICE_PREVIOUS_FALLBACK,1761321600000,9
BNBUSDT,1761350400000,-0.00015562,1108.5003094,MARK_PRICE_EXACT_OPEN,1761350400000,0
BNBUSDT,1761379200001,-0.00009134,1111.63753915,MARK_PRICE_PREVIOUS_FALLBACK,1761379200000,1
BNBUSDT,1761408000001,-0.00002384,1109.17867001,MARK_PRICE_PREVIOUS_FALLBACK,1761408000000,1
BNBUSDT,1761436800001,0,1116.69,MARK_PRICE_PREVIOUS_FALLBACK,1761436800000,1
BNBUSDT,1761465600001,0,1121.19722393,MARK_PRICE_PREVIOUS_FALLBACK,1761465600000,1
BNBUSDT,1761494400000,0,1132.9298229,MARK_PRICE_EXACT_OPEN,1761494400000,0
BNBUSDT,1761523200000,0,1137.96,MARK_PRICE_EXACT_OPEN,1761523200000,0
BNBUSDT,1761552000005,0,1155.92437884,MARK_PRICE_PREVIOUS_FALLBACK,1761552000000,5
BNBUSDT,1761580800000,0,1143,MARK_PRICE_EXACT_OPEN,1761580800000,0
BNBUSDT,1761609600000,0,1138.38,MARK_PRICE_EXACT_OPEN,1761609600000,0
BNBUSDT,1761638400000,-0.00011396,1131.63,MARK_PRICE_EXACT_OPEN,1761638400000,0
BNBUSDT,1761667200004,0,1134.94,MARK_PRICE_PREVIOUS_FALLBACK,1761667200000,4
BNBUSDT,1761696000004,-0.00029777,1100.3102427,MARK_PRICE_PREVIOUS_FALLBACK,1761696000000,4
BNBUSDT,1761724800005,-0.00023533,1115.63443245,MARK_PRICE_PREVIOUS_FALLBACK,1761724800000,5
BNBUSDT,1761753600000,0,1099.35,MARK_PRICE_EXACT_OPEN,1761753600000,0
BNBUSDT,1761782400004,0,1107.3,MARK_PRICE_PREVIOUS_FALLBACK,1761782400000,4
BNBUSDT,1761811200008,0,1117.8882281,MARK_PRICE_PREVIOUS_FALLBACK,1761811200000,8
BNBUSDT,1761840000001,-0.0000947,1074.85,MARK_PRICE_PREVIOUS_FALLBACK,1761840000000,1
BNBUSDT,1761868800000,-0.00030437,1078.1,MARK_PRICE_EXACT_OPEN,1761868800000,0
BNBUSDT,1761897600008,-0.00010318,1098.05,MARK_PRICE_PREVIOUS_FALLBACK,1761897600000,8
BNBUSDT,1761926400007,0,1084.13,MARK_PRICE_PREVIOUS_FALLBACK,1761926400000,7
BNBUSDT,1761955200001,-0.00009114,1087.54,MARK_PRICE_PREVIOUS_FALLBACK,1761955200000,1
BNBUSDT,1761984000000,-0.00000892,1086.03,MARK_PRICE_EXACT_OPEN,1761984000000,0
BNBUSDT,1762012800000,-0.00014754,1091.91,MARK_PRICE_EXACT_OPEN,1762012800000,0
BNBUSDT,1762041600007,0,1094.39,MARK_PRICE_PREVIOUS_FALLBACK,1762041600000,7
BNBUSDT,1762070400000,0,1093.04317117,MARK_PRICE_EXACT_OPEN,1762070400000,0
BNBUSDT,1762099200001,0,1079.51,MARK_PRICE_PREVIOUS_FALLBACK,1762099200000,1
BNBUSDT,1762128000000,0,1083.02043349,MARK_PRICE_EXACT_OPEN,1762128000000,0
BNBUSDT,1762156800010,0,1028.98304623,MARK_PRICE_PREVIOUS_FALLBACK,1762156800000,10
BNBUSDT,1762185600000,0,980.44899107,MARK_PRICE_EXACT_OPEN,1762185600000,0
BNBUSDT,1762214400002,0,992.35,MARK_PRICE_PREVIOUS_FALLBACK,1762214400000,2
BNBUSDT,1762243200004,0,946.34077439,MARK_PRICE_PREVIOUS_FALLBACK,1762243200000,4
BNBUSDT,1762272000000,0,950.08685947,MARK_PRICE_EXACT_OPEN,1762272000000,0
BNBUSDT,1762300800000,0,936.76860752,MARK_PRICE_EXACT_OPEN,1762300800000,0
BNBUSDT,1762329600000,0,953.89573159,MARK_PRICE_EXACT_OPEN,1762329600000,0
BNBUSDT,1762358400004,0,962.71416244,MARK_PRICE_PREVIOUS_FALLBACK,1762358400000,4
BNBUSDT,1762387200001,0,957.65,MARK_PRICE_PREVIOUS_FALLBACK,1762387200000,1
BNBUSDT,1762416000000,0,951.49379922,MARK_PRICE_EXACT_OPEN,1762416000000,0
BNBUSDT,1762444800001,0,934.70100296,MARK_PRICE_PREVIOUS_FALLBACK,1762444800000,1
BNBUSDT,1762473600005,0,950.26,MARK_PRICE_PREVIOUS_FALLBACK,1762473600000,5
BNBUSDT,1762502400003,0,970.04,MARK_PRICE_PREVIOUS_FALLBACK,1762502400000,3
BNBUSDT,1762531200005,0,944.08228563,MARK_PRICE_PREVIOUS_FALLBACK,1762531200000,5
BNBUSDT,1762560000011,0,991.17449089,MARK_PRICE_PREVIOUS_FALLBACK,1762560000000,11
BNBUSDT,1762588800015,0,995.47,MARK_PRICE_PREVIOUS_FALLBACK,1762588800000,15
BNBUSDT,1762617600001,0,991.72710479,MARK_PRICE_PREVIOUS_FALLBACK,1762617600000,1
BNBUSDT,1762646400004,0,989.54,MARK_PRICE_PREVIOUS_FALLBACK,1762646400000,4
BNBUSDT,1762675200000,0,989.52071315,MARK_PRICE_EXACT_OPEN,1762675200000,0
BNBUSDT,1762704000005,0,994.03,MARK_PRICE_PREVIOUS_FALLBACK,1762704000000,5
BNBUSDT,1762732800000,0,996.12,MARK_PRICE_EXACT_OPEN,1762732800000,0
BNBUSDT,1762761600000,-6e-8,1005.38,MARK_PRICE_EXACT_OPEN,1762761600000,0
BNBUSDT,1762790400003,-0.00021863,978.64,MARK_PRICE_PREVIOUS_FALLBACK,1762790400000,3
BNBUSDT,1762819200007,-0.00015352,992.13701245,MARK_PRICE_PREVIOUS_FALLBACK,1762819200000,7
BNBUSDT,1762848000000,0,973.74305926,MARK_PRICE_EXACT_OPEN,1762848000000,0
BNBUSDT,1762876800009,0,976.23129932,MARK_PRICE_PREVIOUS_FALLBACK,1762876800000,9
BNBUSDT,1762905600000,0,957.95298598,MARK_PRICE_EXACT_OPEN,1762905600000,0
BNBUSDT,1762934400002,0,953.06,MARK_PRICE_PREVIOUS_FALLBACK,1762934400000,2
BNBUSDT,1762963200000,0,949.08356396,MARK_PRICE_EXACT_OPEN,1762963200000,0
BNBUSDT,1762992000002,-0.00002848,952.97,MARK_PRICE_PREVIOUS_FALLBACK,1762992000000,2
BNBUSDT,1763020800000,0,964.70878831,MARK_PRICE_EXACT_OPEN,1763020800000,0
BNBUSDT,1763049600001,0,957.57,MARK_PRICE_PREVIOUS_FALLBACK,1763049600000,1
BNBUSDT,1763078400000,0,926.69719364,MARK_PRICE_EXACT_OPEN,1763078400000,0
BNBUSDT,1763107200000,0,923.17540974,MARK_PRICE_EXACT_OPEN,1763107200000,0
BNBUSDT,1763136000001,0,925.72,MARK_PRICE_PREVIOUS_FALLBACK,1763136000000,1
BNBUSDT,1763164800005,0,917.45172191,MARK_PRICE_PREVIOUS_FALLBACK,1763164800000,5
BNBUSDT,1763193600000,0,936.80687723,MARK_PRICE_EXACT_OPEN,1763193600000,0
BNBUSDT,1763222400001,0,936.23,MARK_PRICE_PREVIOUS_FALLBACK,1763222400000,1
BNBUSDT,1763251200001,0,932.31,MARK_PRICE_PREVIOUS_FALLBACK,1763251200000,1
BNBUSDT,1763280000000,0.00004995,943.94,MARK_PRICE_EXACT_OPEN,1763280000000,0
BNBUSDT,1763308800000,0,923.35905767,MARK_PRICE_EXACT_OPEN,1763308800000,0
BNBUSDT,1763337600003,0,926.81633609,MARK_PRICE_PREVIOUS_FALLBACK,1763337600000,3
BNBUSDT,1763366400003,0.00006771,935.70035465,MARK_PRICE_PREVIOUS_FALLBACK,1763366400000,3
BNBUSDT,1763395200000,0,911.92,MARK_PRICE_EXACT_OPEN,1763395200000,0
BNBUSDT,1763424000002,0,906.82850493,MARK_PRICE_PREVIOUS_FALLBACK,1763424000000,2
BNBUSDT,1763452800004,0.0000511,910.86935443,MARK_PRICE_PREVIOUS_FALLBACK,1763452800000,4
BNBUSDT,1763481600000,0.00006524,926.49241637,MARK_PRICE_EXACT_OPEN,1763481600000,0
BNBUSDT,1763510400000,0.00009883,933.16966753,MARK_PRICE_EXACT_OPEN,1763510400000,0
BNBUSDT,1763539200000,0.000089,931.63,MARK_PRICE_EXACT_OPEN,1763539200000,0
BNBUSDT,1763568000008,0.00000458,896.07,MARK_PRICE_PREVIOUS_FALLBACK,1763568000000,8
BNBUSDT,1763596800000,0,897.73981312,MARK_PRICE_EXACT_OPEN,1763596800000,0
BNBUSDT,1763625600000,0.00008774,908.44,MARK_PRICE_EXACT_OPEN,1763625600000,0
BNBUSDT,1763654400000,0.00005937,890.64,MARK_PRICE_EXACT_OPEN,1763654400000,0
BNBUSDT,1763683200001,0,867.03,MARK_PRICE_PREVIOUS_FALLBACK,1763683200000,1
BNBUSDT,1763712000000,0.00002824,832.22030311,MARK_PRICE_EXACT_OPEN,1763712000000,0
BNBUSDT,1763740800001,0.0000102,813.84675436,MARK_PRICE_PREVIOUS_FALLBACK,1763740800000,1
BNBUSDT,1763769600004,0.00005137,831.21378044,MARK_PRICE_PREVIOUS_FALLBACK,1763769600000,4
BNBUSDT,1763798400000,0.0000664,832.33665888,MARK_PRICE_EXACT_OPEN,1763798400000,0
BNBUSDT,1763827200000,0.0000161,823.73,MARK_PRICE_EXACT_OPEN,1763827200000,0
BNBUSDT,1763856000000,0.00007803,834.29,MARK_PRICE_EXACT_OPEN,1763856000000,0
BNBUSDT,1763884800008,0,841.74311857,MARK_PRICE_PREVIOUS_FALLBACK,1763884800000,8
BNBUSDT,1763913600003,0,850.27374323,MARK_PRICE_PREVIOUS_FALLBACK,1763913600000,3
BNBUSDT,1763942400004,0,843.37653871,MARK_PRICE_PREVIOUS_FALLBACK,1763942400000,4
BNBUSDT,1763971200000,0.00011464,854.47222874,MARK_PRICE_EXACT_OPEN,1763971200000,0
BNBUSDT,1764000000006,0,844.77422904,MARK_PRICE_PREVIOUS_FALLBACK,1764000000000,6
BNBUSDT,1764028800000,0.00014383,865.49,MARK_PRICE_EXACT_OPEN,1764028800000,0
BNBUSDT,1764057600009,0,856.38,MARK_PRICE_PREVIOUS_FALLBACK,1764057600000,9
BNBUSDT,1764086400007,0,846.46,MARK_PRICE_PREVIOUS_FALLBACK,1764086400000,7
BNBUSDT,1764115200001,0,863.31862952,MARK_PRICE_PREVIOUS_FALLBACK,1764115200000,1
BNBUSDT,1764144000001,0.0000087,860.64,MARK_PRICE_PREVIOUS_FALLBACK,1764144000000,1
BNBUSDT,1764172800000,0,865.58667935,MARK_PRICE_EXACT_OPEN,1764172800000,0
BNBUSDT,1764201600013,0.00005647,892.26,MARK_PRICE_PREVIOUS_FALLBACK,1764201600000,13
BNBUSDT,1764230400000,0,894.05871317,MARK_PRICE_EXACT_OPEN,1764230400000,0
BNBUSDT,1764259200004,0,893.12,MARK_PRICE_PREVIOUS_FALLBACK,1764259200000,4
BNBUSDT,1764288000008,0,895.75,MARK_PRICE_PREVIOUS_FALLBACK,1764288000000,8
BNBUSDT,1764316800000,0,882.78,MARK_PRICE_EXACT_OPEN,1764316800000,0
BNBUSDT,1764345600008,0,901.38,MARK_PRICE_PREVIOUS_FALLBACK,1764345600000,8
BNBUSDT,1764374400000,0,887.54789919,MARK_PRICE_EXACT_OPEN,1764374400000,0
BNBUSDT,1764403200005,0,879.13297086,MARK_PRICE_PREVIOUS_FALLBACK,1764403200000,5
BNBUSDT,1764432000001,0,880.93280015,MARK_PRICE_PREVIOUS_FALLBACK,1764432000000,1
BNBUSDT,1764460800003,0,873.47120428,MARK_PRICE_PREVIOUS_FALLBACK,1764460800000,3
BNBUSDT,1764489600000,0,875,MARK_PRICE_EXACT_OPEN,1764489600000,0
BNBUSDT,1764518400004,0,894.23,MARK_PRICE_PREVIOUS_FALLBACK,1764518400000,4
BNBUSDT,1764547200000,0,875.38908959,MARK_PRICE_EXACT_OPEN,1764547200000,0
BNBUSDT,1764576000004,0,832.30684805,MARK_PRICE_PREVIOUS_FALLBACK,1764576000000,4
BNBUSDT,1764604800000,0,811.94927212,MARK_PRICE_EXACT_OPEN,1764604800000,0
BNBUSDT,1764633600004,0,826.45556442,MARK_PRICE_PREVIOUS_FALLBACK,1764633600000,4
BNBUSDT,1764662400000,0,830.5712823,MARK_PRICE_EXACT_OPEN,1764662400000,0
BNBUSDT,1764691200000,0,871.19,MARK_PRICE_EXACT_OPEN,1764691200000,0
BNBUSDT,1764720000000,0,876.93936534,MARK_PRICE_EXACT_OPEN,1764720000000,0
BNBUSDT,1764748800000,0,897.11936711,MARK_PRICE_EXACT_OPEN,1764748800000,0
BNBUSDT,1764777600005,0,897.96557357,MARK_PRICE_PREVIOUS_FALLBACK,1764777600000,5
BNBUSDT,1764806400012,0.00003446,921.06,MARK_PRICE_PREVIOUS_FALLBACK,1764806400000,12
BNBUSDT,1764835200000,0.00005603,911.26,MARK_PRICE_EXACT_OPEN,1764835200000,0
BNBUSDT,1764864000011,0.00005758,910.90178311,MARK_PRICE_PREVIOUS_FALLBACK,1764864000000,11
BNBUSDT,1764892800000,0.00002223,900.46375994,MARK_PRICE_EXACT_OPEN,1764892800000,0
BNBUSDT,1764921600000,0.00001496,902.29,MARK_PRICE_EXACT_OPEN,1764921600000,0
BNBUSDT,1764950400010,0.00002344,888.73678987,MARK_PRICE_PREVIOUS_FALLBACK,1764950400000,10
BNBUSDT,1764979200001,0,883.35,MARK_PRICE_PREVIOUS_FALLBACK,1764979200000,1
BNBUSDT,1765008000001,0,884.44,MARK_PRICE_PREVIOUS_FALLBACK,1765008000000,1
BNBUSDT,1765036800008,0,889.97326629,MARK_PRICE_PREVIOUS_FALLBACK,1765036800000,8
BNBUSDT,1765065600000,0,890.61,MARK_PRICE_EXACT_OPEN,1765065600000,0
BNBUSDT,1765094400004,0,891.29,MARK_PRICE_PREVIOUS_FALLBACK,1765094400000,4
BNBUSDT,1765123200000,0,890.71,MARK_PRICE_EXACT_OPEN,1765123200000,0
BNBUSDT,1765152000000,0,894.65348068,MARK_PRICE_EXACT_OPEN,1765152000000,0
BNBUSDT,1765180800000,0.00002792,903.52167365,MARK_PRICE_EXACT_OPEN,1765180800000,0
BNBUSDT,1765209600001,0.00003235,896.4,MARK_PRICE_PREVIOUS_FALLBACK,1765209600000,1
BNBUSDT,1765238400001,0,896.95,MARK_PRICE_PREVIOUS_FALLBACK,1765238400000,1
BNBUSDT,1765267200001,0,889.44386355,MARK_PRICE_PREVIOUS_FALLBACK,1765267200000,1
BNBUSDT,1765296000007,0,911.94997333,MARK_PRICE_PREVIOUS_FALLBACK,1765296000000,7
BNBUSDT,1765324800007,0.00001106,897.53,MARK_PRICE_PREVIOUS_FALLBACK,1765324800000,7
BNBUSDT,1765353600002,0,893.35629173,MARK_PRICE_PREVIOUS_FALLBACK,1765353600000,2
BNBUSDT,1765382400012,0,891.02069281,MARK_PRICE_PREVIOUS_FALLBACK,1765382400000,12
BNBUSDT,1765411200001,0.00003901,892.6,MARK_PRICE_PREVIOUS_FALLBACK,1765411200000,1
BNBUSDT,1765440000000,0,866.92545342,MARK_PRICE_EXACT_OPEN,1765440000000,0
BNBUSDT,1765468800000,0,865.74,MARK_PRICE_EXACT_OPEN,1765468800000,0
BNBUSDT,1765497600005,0,886.04071972,MARK_PRICE_PREVIOUS_FALLBACK,1765497600000,5
BNBUSDT,1765526400007,0,889.12,MARK_PRICE_PREVIOUS_FALLBACK,1765526400000,7
BNBUSDT,1765555200002,0,875.93742906,MARK_PRICE_PREVIOUS_FALLBACK,1765555200000,2
BNBUSDT,1765584000001,0,882.01,MARK_PRICE_PREVIOUS_FALLBACK,1765584000000,1
BNBUSDT,1765612800006,0,886.97022941,MARK_PRICE_PREVIOUS_FALLBACK,1765612800000,6
BNBUSDT,1765641600000,0.00006184,899.50424145,MARK_PRICE_EXACT_OPEN,1765641600000,0
BNBUSDT,1765670400000,0.00003637,897.37330942,MARK_PRICE_EXACT_OPEN,1765670400000,0
BNBUSDT,1765699200003,0,897.11,MARK_PRICE_PREVIOUS_FALLBACK,1765699200000,3
BNBUSDT,1765728000005,0.00001561,885.96804366,MARK_PRICE_PREVIOUS_FALLBACK,1765728000000,5
BNBUSDT,1765756800000,0,877.4884664,MARK_PRICE_EXACT_OPEN,1765756800000,0
BNBUSDT,1765785600000,0,889.87,MARK_PRICE_EXACT_OPEN,1765785600000,0
BNBUSDT,1765814400000,0,859.0961203,MARK_PRICE_EXACT_OPEN,1765814400000,0
BNBUSDT,1765843200002,0,857.90931551,MARK_PRICE_PREVIOUS_FALLBACK,1765843200000,2
BNBUSDT,1765872000000,0,860.01,MARK_PRICE_EXACT_OPEN,1765872000000,0
BNBUSDT,1765900800002,0,876.01,MARK_PRICE_PREVIOUS_FALLBACK,1765900800000,2
BNBUSDT,1765929600004,0,875.6,MARK_PRICE_PREVIOUS_FALLBACK,1765929600000,4
BNBUSDT,1765958400000,0,868.25,MARK_PRICE_EXACT_OPEN,1765958400000,0
BNBUSDT,1765987200000,0,854.12183191,MARK_PRICE_EXACT_OPEN,1765987200000,0
BNBUSDT,1766016000005,0,842.87,MARK_PRICE_PREVIOUS_FALLBACK,1766016000000,5
BNBUSDT,1766044800007,0,833.6,MARK_PRICE_PREVIOUS_FALLBACK,1766044800000,7
BNBUSDT,1766073600001,0,847.68813961,MARK_PRICE_PREVIOUS_FALLBACK,1766073600000,1
BNBUSDT,1766102400000,0,830.11,MARK_PRICE_EXACT_OPEN,1766102400000,0
BNBUSDT,1766131200001,0,843,MARK_PRICE_PREVIOUS_FALLBACK,1766131200000,1
BNBUSDT,1766160000000,0,846.89,MARK_PRICE_EXACT_OPEN,1766160000000,0
BNBUSDT,1766188800005,0.00006564,856.71789657,MARK_PRICE_PREVIOUS_FALLBACK,1766188800000,5
BNBUSDT,1766217600000,0.00004864,854.26740983,MARK_PRICE_EXACT_OPEN,1766217600000,0
BNBUSDT,1766246400002,0.00005854,854.3965841,MARK_PRICE_PREVIOUS_FALLBACK,1766246400000,2
BNBUSDT,1766275200000,0.00001097,854.46019138,MARK_PRICE_EXACT_OPEN,1766275200000,0
BNBUSDT,1766304000009,0,850.1817283,MARK_PRICE_PREVIOUS_FALLBACK,1766304000000,9
BNBUSDT,1766332800000,0.0000054,848.99,MARK_PRICE_EXACT_OPEN,1766332800000,0
BNBUSDT,1766361600000,0.00001576,859.14,MARK_PRICE_EXACT_OPEN,1766361600000,0
BNBUSDT,1766390400005,0,861.93,MARK_PRICE_PREVIOUS_FALLBACK,1766390400000,5
BNBUSDT,1766419200009,0.00008095,868.5443066,MARK_PRICE_PREVIOUS_FALLBACK,1766419200000,9
BNBUSDT,1766448000000,0.00001888,858.98374958,MARK_PRICE_EXACT_OPEN,1766448000000,0
BNBUSDT,1766476800000,0,848.99,MARK_PRICE_EXACT_OPEN,1766476800000,0
BNBUSDT,1766505600001,0,843.22914732,MARK_PRICE_PREVIOUS_FALLBACK,1766505600000,1
BNBUSDT,1766534400001,0,844.43227791,MARK_PRICE_PREVIOUS_FALLBACK,1766534400000,1
BNBUSDT,1766563200001,0,837.98,MARK_PRICE_PREVIOUS_FALLBACK,1766563200000,1
BNBUSDT,1766592000000,0,841.2,MARK_PRICE_EXACT_OPEN,1766592000000,0
BNBUSDT,1766620800000,0,846.9,MARK_PRICE_EXACT_OPEN,1766620800000,0
BNBUSDT,1766649600001,0,843.44,MARK_PRICE_PREVIOUS_FALLBACK,1766649600000,1
BNBUSDT,1766678400005,0,842.64,MARK_PRICE_PREVIOUS_FALLBACK,1766678400000,5
BNBUSDT,1766707200004,0,829.15,MARK_PRICE_PREVIOUS_FALLBACK,1766707200000,4
BNBUSDT,1766736000001,0,841.72423084,MARK_PRICE_PREVIOUS_FALLBACK,1766736000000,1
BNBUSDT,1766764800007,0,829.42280796,MARK_PRICE_PREVIOUS_FALLBACK,1766764800000,7
BNBUSDT,1766793600000,0,834.82865005,MARK_PRICE_EXACT_OPEN,1766793600000,0
BNBUSDT,1766822400000,0,840.77,MARK_PRICE_EXACT_OPEN,1766822400000,0
BNBUSDT,1766851200011,0.00004901,841.66545236,MARK_PRICE_PREVIOUS_FALLBACK,1766851200000,11
BNBUSDT,1766880000008,0.0000448,845.85416957,MARK_PRICE_PREVIOUS_FALLBACK,1766880000000,8
BNBUSDT,1766908800000,0.0000194,844.33543824,MARK_PRICE_EXACT_OPEN,1766908800000,0
BNBUSDT,1766937600000,0.00010964,861.07994277,MARK_PRICE_EXACT_OPEN,1766937600000,0
BNBUSDT,1766966400016,0.00011598,860.01,MARK_PRICE_PREVIOUS_FALLBACK,1766966400000,16
BNBUSDT,1766995200001,0,861.13,MARK_PRICE_PREVIOUS_FALLBACK,1766995200000,1
BNBUSDT,1767024000000,0,853.88739549,MARK_PRICE_EXACT_OPEN,1767024000000,0
BNBUSDT,1767052800005,0,852.86,MARK_PRICE_PREVIOUS_FALLBACK,1767052800000,5
BNBUSDT,1767081600001,0,854.53335348,MARK_PRICE_PREVIOUS_FALLBACK,1767081600000,1
BNBUSDT,1767110400003,0.0000205,863.3575114,MARK_PRICE_PREVIOUS_FALLBACK,1767110400000,3
BNBUSDT,1767139200004,0.00007039,862.75975864,MARK_PRICE_PREVIOUS_FALLBACK,1767139200000,4
BNBUSDT,1767168000001,0,869.1316833,MARK_PRICE_PREVIOUS_FALLBACK,1767168000000,1
BNBUSDT,1767196800001,0.00007346,863.41077872,MARK_PRICE_PREVIOUS_FALLBACK,1767196800000,1
BNBUSDT,1767225600008,0.00006523,864.33,MARK_PRICE_PREVIOUS_FALLBACK,1767225600000,8
BNBUSDT,1767254400002,0.00007071,859.87749958,MARK_PRICE_PREVIOUS_FALLBACK,1767254400000,2
BNBUSDT,1767283200001,0,859.89617525,MARK_PRICE_PREVIOUS_FALLBACK,1767283200000,1
BNBUSDT,1767312000006,0,864.52,MARK_PRICE_PREVIOUS_FALLBACK,1767312000000,6
BNBUSDT,1767340800007,0,865.38,MARK_PRICE_PREVIOUS_FALLBACK,1767340800000,7
BNBUSDT,1767369600000,0.00005392,878.64765987,MARK_PRICE_EXACT_OPEN,1767369600000,0
BNBUSDT,1767398400001,0.00010055,882.44,MARK_PRICE_PREVIOUS_FALLBACK,1767398400000,1
BNBUSDT,1767427200000,0.00003998,873.56296107,MARK_PRICE_EXACT_OPEN,1767427200000,0
BNBUSDT,1767456000000,0,873.84879713,MARK_PRICE_EXACT_OPEN,1767456000000,0
BNBUSDT,1767484800000,0.00002126,879.04765679,MARK_PRICE_EXACT_OPEN,1767484800000,0
BNBUSDT,1767513600000,0.0000464,885.09250129,MARK_PRICE_EXACT_OPEN,1767513600000,0
BNBUSDT,1767542400001,0.00010041,891.05015063,MARK_PRICE_PREVIOUS_FALLBACK,1767542400000,1
BNBUSDT,1767571200000,0.00010532,895.99,MARK_PRICE_EXACT_OPEN,1767571200000,0
BNBUSDT,1767600000000,0.0000085,899.67912526,MARK_PRICE_EXACT_OPEN,1767600000000,0
BNBUSDT,1767628800000,0.00005953,906.82,MARK_PRICE_EXACT_OPEN,1767628800000,0
BNBUSDT,1767657600010,0.00010224,911.15849799,MARK_PRICE_PREVIOUS_FALLBACK,1767657600000,10
BNBUSDT,1767686400000,0,905.24592746,MARK_PRICE_EXACT_OPEN,1767686400000,0
BNBUSDT,1767715200000,0.00005142,919.79,MARK_PRICE_EXACT_OPEN,1767715200000,0
BNBUSDT,1767744000001,0.00004136,918.01864491,MARK_PRICE_PREVIOUS_FALLBACK,1767744000000,1
BNBUSDT,1767772800001,0.0000657,920.33495333,MARK_PRICE_PREVIOUS_FALLBACK,1767772800000,1
BNBUSDT,1767801600001,0.00000329,900.07,MARK_PRICE_PREVIOUS_FALLBACK,1767801600000,1
BNBUSDT,1767830400001,0.00004555,900.16,MARK_PRICE_PREVIOUS_FALLBACK,1767830400000,1
BNBUSDT,1767859200000,0,885.02,MARK_PRICE_EXACT_OPEN,1767859200000,0
BNBUSDT,1767888000000,0,889.05,MARK_PRICE_EXACT_OPEN,1767888000000,0
BNBUSDT,1767916800003,0,893.16,MARK_PRICE_PREVIOUS_FALLBACK,1767916800000,3
BNBUSDT,1767945600000,0,893.98068571,MARK_PRICE_EXACT_OPEN,1767945600000,0
BNBUSDT,1767974400001,0,895.14343475,MARK_PRICE_PREVIOUS_FALLBACK,1767974400000,1
BNBUSDT,1768003200000,0.00001141,897.34157345,MARK_PRICE_EXACT_OPEN,1768003200000,0
BNBUSDT,1768032000002,0.00012634,906.2826887,MARK_PRICE_PREVIOUS_FALLBACK,1768032000000,2
BNBUSDT,1768060800001,0.00000512,909.50414816,MARK_PRICE_PREVIOUS_FALLBACK,1768060800000,1
BNBUSDT,1768089600003,0.000134,908.52502562,MARK_PRICE_PREVIOUS_FALLBACK,1768089600000,3
BNBUSDT,1768118400006,0.00009446,914.40353548,MARK_PRICE_PREVIOUS_FALLBACK,1768118400000,6
BNBUSDT,1768147200000,0.00003344,909.11660603,MARK_PRICE_EXACT_OPEN,1768147200000,0
BNBUSDT,1768176000005,0,905.55306625,MARK_PRICE_PREVIOUS_FALLBACK,1768176000000,5
BNBUSDT,1768204800000,0,905.11,MARK_PRICE_EXACT_OPEN,1768204800000,0
BNBUSDT,1768233600000,7.6e-7,904.68970749,MARK_PRICE_EXACT_OPEN,1768233600000,0
BNBUSDT,1768262400007,0.00008828,906.66,MARK_PRICE_PREVIOUS_FALLBACK,1768262400000,7
BNBUSDT,1768291200009,0.00004761,910.91736717,MARK_PRICE_PREVIOUS_FALLBACK,1768291200000,9
BNBUSDT,1768320000002,0.0001388,918.73855356,MARK_PRICE_PREVIOUS_FALLBACK,1768320000000,2
BNBUSDT,1768348800000,0.00014578,944.25,MARK_PRICE_EXACT_OPEN,1768348800000,0
BNBUSDT,1768377600001,0.00011312,937.9717583,MARK_PRICE_PREVIOUS_FALLBACK,1768377600000,1
BNBUSDT,1768406400004,0.00005156,942.83163565,MARK_PRICE_PREVIOUS_FALLBACK,1768406400000,4
BNBUSDT,1768435200000,0.00011014,949.05633141,MARK_PRICE_EXACT_OPEN,1768435200000,0
BNBUSDT,1768464000004,0.00000444,939.67,MARK_PRICE_PREVIOUS_FALLBACK,1768464000000,4
BNBUSDT,1768492800002,0.00004633,938.10201172,MARK_PRICE_PREVIOUS_FALLBACK,1768492800000,2
BNBUSDT,1768521600000,0,931.52,MARK_PRICE_EXACT_OPEN,1768521600000,0
BNBUSDT,1768550400000,0,934.41375799,MARK_PRICE_EXACT_OPEN,1768550400000,0
BNBUSDT,1768579200001,0,927.56572167,MARK_PRICE_PREVIOUS_FALLBACK,1768579200000,1
BNBUSDT,1768608000000,0,938.49,MARK_PRICE_EXACT_OPEN,1768608000000,0
BNBUSDT,1768636800000,0,936.27611503,MARK_PRICE_EXACT_OPEN,1768636800000,0
BNBUSDT,1768665600002,0,956.31281879,MARK_PRICE_PREVIOUS_FALLBACK,1768665600000,2
BNBUSDT,1768694400001,0.00004767,947.12981791,MARK_PRICE_PREVIOUS_FALLBACK,1768694400000,1
BNBUSDT,1768723200000,0,945.08861788,MARK_PRICE_EXACT_OPEN,1768723200000,0
BNBUSDT,1768752000000,0,950.47,MARK_PRICE_EXACT_OPEN,1768752000000,0
BNBUSDT,1768780800007,0,926.55682803,MARK_PRICE_PREVIOUS_FALLBACK,1768780800000,7
BNBUSDT,1768809600007,0,926.33761852,MARK_PRICE_PREVIOUS_FALLBACK,1768809600000,7
BNBUSDT,1768838400007,0,925.78692807,MARK_PRICE_PREVIOUS_FALLBACK,1768838400000,7
BNBUSDT,1768867200005,0.00001336,924.19,MARK_PRICE_PREVIOUS_FALLBACK,1768867200000,5
BNBUSDT,1768896000001,0,916.68,MARK_PRICE_PREVIOUS_FALLBACK,1768896000000,1
BNBUSDT,1768924800009,0,906.39,MARK_PRICE_PREVIOUS_FALLBACK,1768924800000,9
BNBUSDT,1768953600001,0,883.21,MARK_PRICE_PREVIOUS_FALLBACK,1768953600000,1
BNBUSDT,1768982400011,0,874.99,MARK_PRICE_PREVIOUS_FALLBACK,1768982400000,11
BNBUSDT,1769011200011,0,892.14,MARK_PRICE_PREVIOUS_FALLBACK,1769011200000,11
BNBUSDT,1769040000010,0,884.19,MARK_PRICE_PREVIOUS_FALLBACK,1769040000000,10
BNBUSDT,1769068800003,0,889.56686153,MARK_PRICE_PREVIOUS_FALLBACK,1769068800000,3
BNBUSDT,1769097600005,0,884.31907028,MARK_PRICE_PREVIOUS_FALLBACK,1769097600000,5
BNBUSDT,1769126400005,0,889,MARK_PRICE_PREVIOUS_FALLBACK,1769126400000,5
BNBUSDT,1769155200000,0,891.7,MARK_PRICE_EXACT_OPEN,1769155200000,0
BNBUSDT,1769184000011,0.00001487,892.76707488,MARK_PRICE_PREVIOUS_FALLBACK,1769184000000,11
BNBUSDT,1769212800011,0.00004664,891.95570498,MARK_PRICE_PREVIOUS_FALLBACK,1769212800000,11
BNBUSDT,1769241600002,0,892.38156315,MARK_PRICE_PREVIOUS_FALLBACK,1769241600000,2
BNBUSDT,1769270400001,0,889.07,MARK_PRICE_PREVIOUS_FALLBACK,1769270400000,1
BNBUSDT,1769299200002,0,887.78,MARK_PRICE_PREVIOUS_FALLBACK,1769299200000,2
BNBUSDT,1769328000011,0.00003686,879.98517934,MARK_PRICE_PREVIOUS_FALLBACK,1769328000000,11
BNBUSDT,1769356800005,0,877.60140169,MARK_PRICE_PREVIOUS_FALLBACK,1769356800000,5
BNBUSDT,1769385600000,0,866.59980365,MARK_PRICE_EXACT_OPEN,1769385600000,0
BNBUSDT,1769414400003,0.00001338,875.2495907,MARK_PRICE_PREVIOUS_FALLBACK,1769414400000,3
BNBUSDT,1769443200000,0.00005329,872.4433097,MARK_PRICE_EXACT_OPEN,1769443200000,0
BNBUSDT,1769472000002,0.00004882,879.22694399,MARK_PRICE_PREVIOUS_FALLBACK,1769472000000,2
BNBUSDT,1769500800000,0,884.06689172,MARK_PRICE_EXACT_OPEN,1769500800000,0
BNBUSDT,1769529600000,0.00006294,886.16027659,MARK_PRICE_EXACT_OPEN,1769529600000,0
BNBUSDT,1769558400000,0.00007193,898.83587203,MARK_PRICE_EXACT_OPEN,1769558400000,0
BNBUSDT,1769587200000,0.00002537,903.78,MARK_PRICE_EXACT_OPEN,1769587200000,0
BNBUSDT,1769616000000,0,903.25,MARK_PRICE_EXACT_OPEN,1769616000000,0
BNBUSDT,1769644800000,0.00003327,903.45,MARK_PRICE_EXACT_OPEN,1769644800000,0
BNBUSDT,1769673600009,0.00003639,904.67078808,MARK_PRICE_PREVIOUS_FALLBACK,1769673600000,9
BNBUSDT,1769702400000,0.0000228,864.30930716,MARK_PRICE_EXACT_OPEN,1769702400000,0
BNBUSDT,1769731200008,0,869.12,MARK_PRICE_PREVIOUS_FALLBACK,1769731200000,8
BNBUSDT,1769760000000,0,847.3177733,MARK_PRICE_EXACT_OPEN,1769760000000,0
BNBUSDT,1769788800001,0,851.06,MARK_PRICE_PREVIOUS_FALLBACK,1769788800000,1
BNBUSDT,1769817600000,0,859.08112241,MARK_PRICE_EXACT_OPEN,1769817600000,0
BNBUSDT,1769846400001,0,847.44813642,MARK_PRICE_PREVIOUS_FALLBACK,1769846400000,1
BNBUSDT,1769875200009,0,804.93466885,MARK_PRICE_PREVIOUS_FALLBACK,1769875200000,9
BNBUSDT,1769904000001,0,780.12096304,MARK_PRICE_PREVIOUS_FALLBACK,1769904000000,1
BNBUSDT,1769932800004,0,778.51,MARK_PRICE_PREVIOUS_FALLBACK,1769932800000,4
BNBUSDT,1769961600000,0,749.91385675,MARK_PRICE_EXACT_OPEN,1769961600000,0
BNBUSDT,1769990400000,0,758.60986982,MARK_PRICE_EXACT_OPEN,1769990400000,0
BNBUSDT,1770019200014,0,753.11,MARK_PRICE_PREVIOUS_FALLBACK,1770019200000,14
BNBUSDT,1770048000000,0,777.81367232,MARK_PRICE_EXACT_OPEN,1770048000000,0
BNBUSDT,1770076800000,0,774.08938703,MARK_PRICE_EXACT_OPEN,1770076800000,0
BNBUSDT,1770105600007,0,781.62708786,MARK_PRICE_PREVIOUS_FALLBACK,1770105600000,7
BNBUSDT,1770134400000,0,776.91667078,MARK_PRICE_EXACT_OPEN,1770134400000,0
BNBUSDT,1770163200002,0,754.18,MARK_PRICE_PREVIOUS_FALLBACK,1770163200000,2
BNBUSDT,1770192000007,0,764.4640924,MARK_PRICE_PREVIOUS_FALLBACK,1770192000000,7
BNBUSDT,1770220800000,0,733.94,MARK_PRICE_EXACT_OPEN,1770220800000,0
BNBUSDT,1770249600011,0,697.54,MARK_PRICE_PREVIOUS_FALLBACK,1770249600000,11
BNBUSDT,1770278400000,0,691.56,MARK_PRICE_EXACT_OPEN,1770278400000,0
BNBUSDT,1770307200007,0,659.20228436,MARK_PRICE_PREVIOUS_FALLBACK,1770307200000,7
BNBUSDT,1770336000000,0.0000173,608.6,MARK_PRICE_EXACT_OPEN,1770336000000,0
BNBUSDT,1770364800001,0,623.24,MARK_PRICE_PREVIOUS_FALLBACK,1770364800000,1
BNBUSDT,1770393600000,0,651.14393632,MARK_PRICE_EXACT_OPEN,1770393600000,0
BNBUSDT,1770422400003,0,655.755442,MARK_PRICE_PREVIOUS_FALLBACK,1770422400000,3
BNBUSDT,1770451200000,0,638.70601118,MARK_PRICE_EXACT_OPEN,1770451200000,0
BNBUSDT,1770480000010,0,641.86422866,MARK_PRICE_PREVIOUS_FALLBACK,1770480000000,10
BNBUSDT,1770508800003,0,646.61892813,MARK_PRICE_PREVIOUS_FALLBACK,1770508800000,3
BNBUSDT,1770537600000,0,643.12,MARK_PRICE_EXACT_OPEN,1770537600000,0
BNBUSDT,1770566400000,0,643.59,MARK_PRICE_EXACT_OPEN,1770566400000,0
BNBUSDT,1770595200002,0,640.01772607,MARK_PRICE_PREVIOUS_FALLBACK,1770595200000,2
BNBUSDT,1770624000001,0,632.52636435,MARK_PRICE_PREVIOUS_FALLBACK,1770624000000,1
BNBUSDT,1770652800007,0,630.44778849,MARK_PRICE_PREVIOUS_FALLBACK,1770652800000,7
BNBUSDT,1770681600000,0,636.40754338,MARK_PRICE_EXACT_OPEN,1770681600000,0
BNBUSDT,1770710400007,0,632.06,MARK_PRICE_PREVIOUS_FALLBACK,1770710400000,7
BNBUSDT,1770739200000,0,619.06,MARK_PRICE_EXACT_OPEN,1770739200000,0
BNBUSDT,1770768000000,0,619.47,MARK_PRICE_EXACT_OPEN,1770768000000,0
BNBUSDT,1770796800006,0,600.55585342,MARK_PRICE_PREVIOUS_FALLBACK,1770796800000,6
BNBUSDT,1770825600000,0,593.55,MARK_PRICE_EXACT_OPEN,1770825600000,0
BNBUSDT,1770854400000,0,608.2367466,MARK_PRICE_EXACT_OPEN,1770854400000,0
BNBUSDT,1770883200001,0,615.52838966,MARK_PRICE_PREVIOUS_FALLBACK,1770883200000,1
BNBUSDT,1770912000001,0,609.29898946,MARK_PRICE_PREVIOUS_FALLBACK,1770912000000,1
BNBUSDT,1770940800007,0,613.88746444,MARK_PRICE_PREVIOUS_FALLBACK,1770940800000,7
BNBUSDT,1770969600003,0,598.06761145,MARK_PRICE_PREVIOUS_FALLBACK,1770969600000,3
BNBUSDT,1770998400005,0,609.51323061,MARK_PRICE_PREVIOUS_FALLBACK,1770998400000,5
BNBUSDT,1771027200002,0,619.21831123,MARK_PRICE_PREVIOUS_FALLBACK,1771027200000,2
BNBUSDT,1771056000004,0,622.33,MARK_PRICE_PREVIOUS_FALLBACK,1771056000000,4
BNBUSDT,1771084800002,0,634.4,MARK_PRICE_PREVIOUS_FALLBACK,1771084800000,2
BNBUSDT,1771113600000,0,632.88863614,MARK_PRICE_EXACT_OPEN,1771113600000,0
BNBUSDT,1771142400002,0,640.07593513,MARK_PRICE_PREVIOUS_FALLBACK,1771142400000,2
BNBUSDT,1771171200000,0,621.5110039,MARK_PRICE_EXACT_OPEN,1771171200000,0
BNBUSDT,1771200000001,0,614.09432519,MARK_PRICE_PREVIOUS_FALLBACK,1771200000000,1
BNBUSDT,1771228800003,0,613.33860194,MARK_PRICE_PREVIOUS_FALLBACK,1771228800000,3
BNBUSDT,1771257600000,0,607.31,MARK_PRICE_EXACT_OPEN,1771257600000,0
BNBUSDT,1771286400008,0,627.24017671,MARK_PRICE_PREVIOUS_FALLBACK,1771286400000,8
BNBUSDT,1771315200001,0,623.41789223,MARK_PRICE_PREVIOUS_FALLBACK,1771315200000,1
BNBUSDT,1771344000002,0,614.71305307,MARK_PRICE_PREVIOUS_FALLBACK,1771344000000,2
BNBUSDT,1771372800000,0,617.73,MARK_PRICE_EXACT_OPEN,1771372800000,0
BNBUSDT,1771401600000,0,620.89,MARK_PRICE_EXACT_OPEN,1771401600000,0
BNBUSDT,1771430400011,0,617.8,MARK_PRICE_PREVIOUS_FALLBACK,1771430400000,11
BNBUSDT,1771459200013,0,604.01,MARK_PRICE_PREVIOUS_FALLBACK,1771459200000,13
BNBUSDT,1771488000000,0,610.59394132,MARK_PRICE_EXACT_OPEN,1771488000000,0
BNBUSDT,1771516800003,-0.00007139,599.38015058,MARK_PRICE_PREVIOUS_FALLBACK,1771516800000,3
BNBUSDT,1771545600000,0,607.56,MARK_PRICE_EXACT_OPEN,1771545600000,0
BNBUSDT,1771574400000,0,611.9935396,MARK_PRICE_EXACT_OPEN,1771574400000,0
BNBUSDT,1771603200000,0,616.88891512,MARK_PRICE_EXACT_OPEN,1771603200000,0
BNBUSDT,1771632000004,0,627.00216781,MARK_PRICE_PREVIOUS_FALLBACK,1771632000000,4
BNBUSDT,1771660800000,0,626.10429162,MARK_PRICE_EXACT_OPEN,1771660800000,0
BNBUSDT,1771689600005,0,628.38,MARK_PRICE_PREVIOUS_FALLBACK,1771689600000,5
BNBUSDT,1771718400001,0,625.71158632,MARK_PRICE_PREVIOUS_FALLBACK,1771718400000,1
BNBUSDT,1771747200004,0,622.66712759,MARK_PRICE_PREVIOUS_FALLBACK,1771747200000,4
BNBUSDT,1771776000000,0,616.05,MARK_PRICE_EXACT_OPEN,1771776000000,0
BNBUSDT,1771804800001,0,614.63,MARK_PRICE_PREVIOUS_FALLBACK,1771804800000,1
BNBUSDT,1771833600000,0,598.91,MARK_PRICE_EXACT_OPEN,1771833600000,0
BNBUSDT,1771862400000,0,604.72119181,MARK_PRICE_EXACT_OPEN,1771862400000,0
BNBUSDT,1771891200007,0,596.87915945,MARK_PRICE_PREVIOUS_FALLBACK,1771891200000,7
BNBUSDT,1771920000000,0,589.48,MARK_PRICE_EXACT_OPEN,1771920000000,0
BNBUSDT,1771948800001,0,586.01,MARK_PRICE_PREVIOUS_FALLBACK,1771948800000,1
BNBUSDT,1771977600001,0,583.61,MARK_PRICE_PREVIOUS_FALLBACK,1771977600000,1
BNBUSDT,1772006400007,0,596.14,MARK_PRICE_PREVIOUS_FALLBACK,1772006400000,7
BNBUSDT,1772035200000,0,621.54,MARK_PRICE_EXACT_OPEN,1772035200000,0
BNBUSDT,1772064000000,0,629.78524179,MARK_PRICE_EXACT_OPEN,1772064000000,0
BNBUSDT,1772092800006,0,626.58,MARK_PRICE_PREVIOUS_FALLBACK,1772092800000,6
BNBUSDT,1772121600002,0,624.16529685,MARK_PRICE_PREVIOUS_FALLBACK,1772121600000,2
BNBUSDT,1772150400007,0,625.64427301,MARK_PRICE_PREVIOUS_FALLBACK,1772150400000,7
BNBUSDT,1772179200000,0,627.35,MARK_PRICE_EXACT_OPEN,1772179200000,0
BNBUSDT,1772208000001,0,614.10549439,MARK_PRICE_PREVIOUS_FALLBACK,1772208000000,1
BNBUSDT,1772236800000,0,614.03,MARK_PRICE_EXACT_OPEN,1772236800000,0
BNBUSDT,1772265600000,0,597.32,MARK_PRICE_EXACT_OPEN,1772265600000,0
BNBUSDT,1772294400004,0,603.4661798,MARK_PRICE_PREVIOUS_FALLBACK,1772294400000,4
BNBUSDT,1772323200005,0,617.6990246,MARK_PRICE_PREVIOUS_FALLBACK,1772323200000,5
BNBUSDT,1772352000000,0,625.65874451,MARK_PRICE_EXACT_OPEN,1772352000000,0
BNBUSDT,1772380800002,0,626.69718149,MARK_PRICE_PREVIOUS_FALLBACK,1772380800000,2
BNBUSDT,1772409600001,0,618.19,MARK_PRICE_PREVIOUS_FALLBACK,1772409600000,1
BNBUSDT,1772438400007,0,615.98091088,MARK_PRICE_PREVIOUS_FALLBACK,1772438400000,7
BNBUSDT,1772467200000,0,646.65,MARK_PRICE_EXACT_OPEN,1772467200000,0
BNBUSDT,1772496000000,0,637.78803262,MARK_PRICE_EXACT_OPEN,1772496000000,0
BNBUSDT,1772524800000,0,633.1981784,MARK_PRICE_EXACT_OPEN,1772524800000,0
BNBUSDT,1772553600007,0,629.93015102,MARK_PRICE_PREVIOUS_FALLBACK,1772553600000,7
BNBUSDT,1772582400001,0,633.1137297,MARK_PRICE_PREVIOUS_FALLBACK,1772582400000,1
BNBUSDT,1772611200005,0,641.21,MARK_PRICE_PREVIOUS_FALLBACK,1772611200000,5
BNBUSDT,1772640000000,0,661.32042773,MARK_PRICE_EXACT_OPEN,1772640000000,0
BNBUSDT,1772668800000,0,658.12758159,MARK_PRICE_EXACT_OPEN,1772668800000,0
BNBUSDT,1772697600000,0,650.41043209,MARK_PRICE_EXACT_OPEN,1772697600000,0
BNBUSDT,1772726400004,0,652.59,MARK_PRICE_PREVIOUS_FALLBACK,1772726400000,4
BNBUSDT,1772755200001,0,648.02,MARK_PRICE_PREVIOUS_FALLBACK,1772755200000,1
BNBUSDT,1772784000001,0,646.67185141,MARK_PRICE_PREVIOUS_FALLBACK,1772784000000,1
BNBUSDT,1772812800004,0,627.77096587,MARK_PRICE_PREVIOUS_FALLBACK,1772812800000,4
BNBUSDT,1772841600001,0,627.10319087,MARK_PRICE_PREVIOUS_FALLBACK,1772841600000,1
BNBUSDT,1772870400012,0,627.52776344,MARK_PRICE_PREVIOUS_FALLBACK,1772870400000,12
BNBUSDT,1772899200001,0,624.60169713,MARK_PRICE_PREVIOUS_FALLBACK,1772899200000,1
BNBUSDT,1772928000001,0,620.94362258,MARK_PRICE_PREVIOUS_FALLBACK,1772928000000,1
BNBUSDT,1772956800000,0,619.83852607,MARK_PRICE_EXACT_OPEN,1772956800000,0
BNBUSDT,1772985600002,0,615.704684,MARK_PRICE_PREVIOUS_FALLBACK,1772985600000,2
BNBUSDT,1773014400000,0,611.80456947,MARK_PRICE_EXACT_OPEN,1773014400000,0
BNBUSDT,1773043200004,0,621.92,MARK_PRICE_PREVIOUS_FALLBACK,1773043200000,4
BNBUSDT,1773072000003,0,639.76057066,MARK_PRICE_PREVIOUS_FALLBACK,1773072000000,3
BNBUSDT,1773100800012,0,635.07,MARK_PRICE_PREVIOUS_FALLBACK,1773100800000,12
BNBUSDT,1773129600002,0,644.83,MARK_PRICE_PREVIOUS_FALLBACK,1773129600000,2
BNBUSDT,1773158400001,0,649.64461524,MARK_PRICE_PREVIOUS_FALLBACK,1773158400000,1
BNBUSDT,1773187200000,0,641.89,MARK_PRICE_EXACT_OPEN,1773187200000,0
BNBUSDT,1773216000007,0,640.48294066,MARK_PRICE_PREVIOUS_FALLBACK,1773216000000,7
BNBUSDT,1773244800010,0,646.00202011,MARK_PRICE_PREVIOUS_FALLBACK,1773244800000,10
BNBUSDT,1773273600000,0,651.6807032,MARK_PRICE_EXACT_OPEN,1773273600000,0
BNBUSDT,1773302400000,0,645.7,MARK_PRICE_EXACT_OPEN,1773302400000,0
BNBUSDT,1773331200000,0,650.23068427,MARK_PRICE_EXACT_OPEN,1773331200000,0
BNBUSDT,1773360000006,0,651.18550185,MARK_PRICE_PREVIOUS_FALLBACK,1773360000000,6
BNBUSDT,1773388800001,0,661.86,MARK_PRICE_PREVIOUS_FALLBACK,1773388800000,1
BNBUSDT,1773417600000,0,662.39,MARK_PRICE_EXACT_OPEN,1773417600000,0
BNBUSDT,1773446400001,0,655.31611003,MARK_PRICE_PREVIOUS_FALLBACK,1773446400000,1
BNBUSDT,1773475200000,0,652.21819488,MARK_PRICE_EXACT_OPEN,1773475200000,0
BNBUSDT,1773504000007,0,653.00656965,MARK_PRICE_PREVIOUS_FALLBACK,1773504000000,7
BNBUSDT,1773532800000,0,657.61592172,MARK_PRICE_EXACT_OPEN,1773532800000,0
BNBUSDT,1773561600000,0,659.95599382,MARK_PRICE_EXACT_OPEN,1773561600000,0
BNBUSDT,1773590400000,0,659.6878366,MARK_PRICE_EXACT_OPEN,1773590400000,0
BNBUSDT,1773619200000,0,674.12,MARK_PRICE_EXACT_OPEN,1773619200000,0
BNBUSDT,1773648000010,0,679.43678223,MARK_PRICE_PREVIOUS_FALLBACK,1773648000000,10
BNBUSDT,1773676800000,0,671.72,MARK_PRICE_EXACT_OPEN,1773676800000,0
BNBUSDT,1773705600000,0,679.70265647,MARK_PRICE_EXACT_OPEN,1773705600000,0
BNBUSDT,1773734400002,0,674.71572844,MARK_PRICE_PREVIOUS_FALLBACK,1773734400000,2
BNBUSDT,1773763200011,0,668.46,MARK_PRICE_PREVIOUS_FALLBACK,1773763200000,11
BNBUSDT,1773792000002,0,668.50827783,MARK_PRICE_PREVIOUS_FALLBACK,1773792000000,2
BNBUSDT,1773820800002,0,673.8,MARK_PRICE_PREVIOUS_FALLBACK,1773820800000,2
BNBUSDT,1773849600005,0,647.38,MARK_PRICE_PREVIOUS_FALLBACK,1773849600000,5
BNBUSDT,1773878400000,-0.00005147,651.9051089,MARK_PRICE_EXACT_OPEN,1773878400000,0
BNBUSDT,1773907200003,-0.0000501,645.33827279,MARK_PRICE_PREVIOUS_FALLBACK,1773907200000,3
BNBUSDT,1773936000003,0,637.17,MARK_PRICE_PREVIOUS_FALLBACK,1773936000000,3
BNBUSDT,1773964800002,0,638.75,MARK_PRICE_PREVIOUS_FALLBACK,1773964800000,2
BNBUSDT,1773993600000,-0.00012728,643.69,MARK_PRICE_EXACT_OPEN,1773993600000,0
BNBUSDT,1774022400000,0,640.2018974,MARK_PRICE_EXACT_OPEN,1774022400000,0
BNBUSDT,1774051200000,0,642,MARK_PRICE_EXACT_OPEN,1774051200000,0
BNBUSDT,1774080000000,0,642.97,MARK_PRICE_EXACT_OPEN,1774080000000,0
BNBUSDT,1774108800014,0,642.59,MARK_PRICE_PREVIOUS_FALLBACK,1774108800000,14
BNBUSDT,1774137600012,0,628.74,MARK_PRICE_PREVIOUS_FALLBACK,1774137600000,12
BNBUSDT,1774166400007,0,631.69645845,MARK_PRICE_PREVIOUS_FALLBACK,1774166400000,7
BNBUSDT,1774195200002,-0.00007288,629.19320481,MARK_PRICE_PREVIOUS_FALLBACK,1774195200000,2
BNBUSDT,1774224000000,-0.00004454,626.08,MARK_PRICE_EXACT_OPEN,1774224000000,0
BNBUSDT,1774252800003,0,623.99109042,MARK_PRICE_PREVIOUS_FALLBACK,1774252800000,3
BNBUSDT,1774281600002,0,637.17610373,MARK_PRICE_PREVIOUS_FALLBACK,1774281600000,2
BNBUSDT,1774310400000,0,639.25307763,MARK_PRICE_EXACT_OPEN,1774310400000,0
BNBUSDT,1774339200000,0,637.89067639,MARK_PRICE_EXACT_OPEN,1774339200000,0
BNBUSDT,1774368000003,0,630.52,MARK_PRICE_PREVIOUS_FALLBACK,1774368000000,3
BNBUSDT,1774396800000,0,638.31,MARK_PRICE_EXACT_OPEN,1774396800000,0
BNBUSDT,1774425600000,0,643.64394901,MARK_PRICE_EXACT_OPEN,1774425600000,0
BNBUSDT,1774454400013,0,645.95788676,MARK_PRICE_PREVIOUS_FALLBACK,1774454400000,13
BNBUSDT,1774483200001,0,648.06,MARK_PRICE_PREVIOUS_FALLBACK,1774483200000,1
BNBUSDT,1774512000001,0,635.0992291,MARK_PRICE_PREVIOUS_FALLBACK,1774512000000,1
BNBUSDT,1774540800000,0,626.77,MARK_PRICE_EXACT_OPEN,1774540800000,0
BNBUSDT,1774569600006,0,628.3,MARK_PRICE_PREVIOUS_FALLBACK,1774569600000,6
BNBUSDT,1774598400000,0,628.33724617,MARK_PRICE_EXACT_OPEN,1774598400000,0
BNBUSDT,1774627200000,-0.00002719,610.35443432,MARK_PRICE_EXACT_OPEN,1774627200000,0
BNBUSDT,1774656000005,0,613.32156631,MARK_PRICE_PREVIOUS_FALLBACK,1774656000000,5
BNBUSDT,1774684800005,0,613.88533713,MARK_PRICE_PREVIOUS_FALLBACK,1774684800000,5
BNBUSDT,1774713600000,0,617.05095775,MARK_PRICE_EXACT_OPEN,1774713600000,0
BNBUSDT,1774742400003,0,610.73,MARK_PRICE_PREVIOUS_FALLBACK,1774742400000,3
BNBUSDT,1774771200001,0,613.42,MARK_PRICE_PREVIOUS_FALLBACK,1774771200000,1
BNBUSDT,1774800000000,0,609.4,MARK_PRICE_EXACT_OPEN,1774800000000,0
BNBUSDT,1774828800000,0,605.8,MARK_PRICE_EXACT_OPEN,1774828800000,0
BNBUSDT,1774857600005,0,618.50350658,MARK_PRICE_PREVIOUS_FALLBACK,1774857600000,5
BNBUSDT,1774886400000,0,618.73,MARK_PRICE_EXACT_OPEN,1774886400000,0
BNBUSDT,1774915200000,0,609.3754914,MARK_PRICE_EXACT_OPEN,1774915200000,0
BNBUSDT,1774944000000,0,611.07880558,MARK_PRICE_EXACT_OPEN,1774944000000,0
BNBUSDT,1774972800000,0,607.89316244,MARK_PRICE_EXACT_OPEN,1774972800000,0
BNBUSDT,1775001600000,0,617.64,MARK_PRICE_EXACT_OPEN,1775001600000,0
BNBUSDT,1775030400000,0.00004798,616.72,MARK_PRICE_EXACT_OPEN,1775030400000,0
BNBUSDT,1775059200000,0.00003638,615.20869785,MARK_PRICE_EXACT_OPEN,1775059200000,0
BNBUSDT,1775088000003,0.00000743,610.83224363,MARK_PRICE_PREVIOUS_FALLBACK,1775088000000,3
BNBUSDT,1775116800001,0,591.71,MARK_PRICE_PREVIOUS_FALLBACK,1775116800000,1
BNBUSDT,1775145600001,0,574.12376631,MARK_PRICE_PREVIOUS_FALLBACK,1775145600000,1
BNBUSDT,1775174400000,0,583.62713699,MARK_PRICE_EXACT_OPEN,1775174400000,0
BNBUSDT,1775203200008,0,586.86084265,MARK_PRICE_PREVIOUS_FALLBACK,1775203200000,8
BNBUSDT,1775232000008,0,587.28549048,MARK_PRICE_PREVIOUS_FALLBACK,1775232000000,8
BNBUSDT,1775260800000,0,588.45,MARK_PRICE_EXACT_OPEN,1775260800000,0
BNBUSDT,1775289600003,0,590.58,MARK_PRICE_PREVIOUS_FALLBACK,1775289600000,3
BNBUSDT,1775318400000,0,591.32342069,MARK_PRICE_EXACT_OPEN,1775318400000,0
BNBUSDT,1775347200008,0,593.77999635,MARK_PRICE_PREVIOUS_FALLBACK,1775347200000,8
BNBUSDT,1775376000000,0,590.61,MARK_PRICE_EXACT_OPEN,1775376000000,0
BNBUSDT,1775404800001,0,593.47,MARK_PRICE_PREVIOUS_FALLBACK,1775404800000,1
BNBUSDT,1775433600004,0,605.13,MARK_PRICE_PREVIOUS_FALLBACK,1775433600000,4
BNBUSDT,1775462400001,0,604.21282192,MARK_PRICE_PREVIOUS_FALLBACK,1775462400000,1
BNBUSDT,1775491200003,0.00003249,608.53022267,MARK_PRICE_PREVIOUS_FALLBACK,1775491200000,3
BNBUSDT,1775520000000,0.00000457,600.44996406,MARK_PRICE_EXACT_OPEN,1775520000000,0
BNBUSDT,1775548800000,0,599.39,MARK_PRICE_EXACT_OPEN,1775548800000,0
BNBUSDT,1775577600000,0,598.75,MARK_PRICE_EXACT_OPEN,1775577600000,0
BNBUSDT,1775606400000,0.00010441,620.57623536,MARK_PRICE_EXACT_OPEN,1775606400000,0
BNBUSDT,1775635200000,0.00005151,613.66722374,MARK_PRICE_EXACT_OPEN,1775635200000,0
BNBUSDT,1775664000006,0.00004108,605.9,MARK_PRICE_PREVIOUS_FALLBACK,1775664000000,6
BNBUSDT,1775692800000,0.00002561,601.41,MARK_PRICE_EXACT_OPEN,1775692800000,0
BNBUSDT,1775721600010,1.1e-7,600.18,MARK_PRICE_PREVIOUS_FALLBACK,1775721600000,10
BNBUSDT,1775750400001,0.00003305,607.27811366,MARK_PRICE_PREVIOUS_FALLBACK,1775750400000,1
BNBUSDT,1775779200000,0.00005621,603.38,MARK_PRICE_EXACT_OPEN,1775779200000,0
BNBUSDT,1775808000005,0,598.669664,MARK_PRICE_PREVIOUS_FALLBACK,1775808000000,5
BNBUSDT,1775836800000,0,603.68964586,MARK_PRICE_EXACT_OPEN,1775836800000,0
BNBUSDT,1775865600000,0.00009157,605.93088194,MARK_PRICE_EXACT_OPEN,1775865600000,0
BNBUSDT,1775894400000,0,606.32444502,MARK_PRICE_EXACT_OPEN,1775894400000,0
BNBUSDT,1775923200003,0.00000154,606.11,MARK_PRICE_PREVIOUS_FALLBACK,1775923200000,3
BNBUSDT,1775952000000,0.00006577,607.48194064,MARK_PRICE_EXACT_OPEN,1775952000000,0
BNBUSDT,1775980800000,0,594.3375503,MARK_PRICE_EXACT_OPEN,1775980800000,0
BNBUSDT,1776009600000,0,591.81,MARK_PRICE_EXACT_OPEN,1776009600000,0
BNBUSDT,1776038400011,0,591.94595811,MARK_PRICE_PREVIOUS_FALLBACK,1776038400000,11
BNBUSDT,1776067200006,0,597.18100456,MARK_PRICE_PREVIOUS_FALLBACK,1776067200000,6
BNBUSDT,1776096000000,0,603.78213676,MARK_PRICE_EXACT_OPEN,1776096000000,0
BNBUSDT,1776124800005,0.00015422,615.85692564,MARK_PRICE_PREVIOUS_FALLBACK,1776124800000,5
BNBUSDT,1776153600003,0.00005862,613.83,MARK_PRICE_PREVIOUS_FALLBACK,1776153600000,3
BNBUSDT,1776182400001,0.00003028,624.49,MARK_PRICE_PREVIOUS_FALLBACK,1776182400000,1
BNBUSDT,1776211200000,0.00003773,614.15344591,MARK_PRICE_EXACT_OPEN,1776211200000,0
BNBUSDT,1776240000000,0,611.92,MARK_PRICE_EXACT_OPEN,1776240000000,0
BNBUSDT,1776268800000,0.00004407,619.44,MARK_PRICE_EXACT_OPEN,1776268800000,0
BNBUSDT,1776297600013,0.00010905,623.10936712,MARK_PRICE_PREVIOUS_FALLBACK,1776297600000,13
BNBUSDT,1776326400000,0,622.97650851,MARK_PRICE_EXACT_OPEN,1776326400000,0
BNBUSDT,1776355200000,0,625.14,MARK_PRICE_EXACT_OPEN,1776355200000,0
BNBUSDT,1776384000001,0.00009789,636.22146863,MARK_PRICE_PREVIOUS_FALLBACK,1776384000000,1
BNBUSDT,1776412800011,0.00000234,627.5,MARK_PRICE_PREVIOUS_FALLBACK,1776412800000,11
BNBUSDT,1776441600001,0,643.52261957,MARK_PRICE_PREVIOUS_FALLBACK,1776441600000,1
BNBUSDT,1776470400001,0.00001541,644.04032843,MARK_PRICE_PREVIOUS_FALLBACK,1776470400000,1
BNBUSDT,1776499200006,0.00000138,643.76,MARK_PRICE_PREVIOUS_FALLBACK,1776499200000,6
BNBUSDT,1776528000000,0,633.63,MARK_PRICE_EXACT_OPEN,1776528000000,0
BNBUSDT,1776556800002,0.00001261,630.08,MARK_PRICE_PREVIOUS_FALLBACK,1776556800000,2
BNBUSDT,1776585600010,0,619.21406616,MARK_PRICE_PREVIOUS_FALLBACK,1776585600000,10
BNBUSDT,1776614400001,0,625.7964893,MARK_PRICE_PREVIOUS_FALLBACK,1776614400000,1
BNBUSDT,1776643200000,0,616.27,MARK_PRICE_EXACT_OPEN,1776643200000,0
BNBUSDT,1776672000000,0.00003601,625.03,MARK_PRICE_EXACT_OPEN,1776672000000,0
BNBUSDT,1776700800001,0.00001888,629,MARK_PRICE_PREVIOUS_FALLBACK,1776700800000,1
BNBUSDT,1776729600000,0.00005462,629.57,MARK_PRICE_EXACT_OPEN,1776729600000,0
BNBUSDT,1776758400004,0,632.97,MARK_PRICE_PREVIOUS_FALLBACK,1776758400000,4
BNBUSDT,1776787200004,0,632.52,MARK_PRICE_PREVIOUS_FALLBACK,1776787200000,4
BNBUSDT,1776816000004,0,632.38632429,MARK_PRICE_PREVIOUS_FALLBACK,1776816000000,4
BNBUSDT,1776844800000,0.00005781,642.34937696,MARK_PRICE_EXACT_OPEN,1776844800000,0
BNBUSDT,1776873600000,0.00007639,649.49,MARK_PRICE_EXACT_OPEN,1776873600000,0
BNBUSDT,1776902400000,0.00001259,637.81,MARK_PRICE_EXACT_OPEN,1776902400000,0
BNBUSDT,1776931200000,0,635.86,MARK_PRICE_EXACT_OPEN,1776931200000,0
BNBUSDT,1776960000004,0,640.23874462,MARK_PRICE_PREVIOUS_FALLBACK,1776960000000,4
BNBUSDT,1776988800006,0.00003278,639.2,MARK_PRICE_PREVIOUS_FALLBACK,1776988800000,6
BNBUSDT,1777017600000,0,635.38,MARK_PRICE_EXACT_OPEN,1777017600000,0
BNBUSDT,1777046400000,0.00007341,639.93,MARK_PRICE_EXACT_OPEN,1777046400000,0
BNBUSDT,1777075200000,0.00003157,636.48806027,MARK_PRICE_EXACT_OPEN,1777075200000,0
BNBUSDT,1777104000002,0,637.17432254,MARK_PRICE_PREVIOUS_FALLBACK,1777104000000,2
BNBUSDT,1777132800002,0,629.92,MARK_PRICE_PREVIOUS_FALLBACK,1777132800000,2
BNBUSDT,1777161600003,0,628.95,MARK_PRICE_PREVIOUS_FALLBACK,1777161600000,3
BNBUSDT,1777190400007,0.00003265,632.9,MARK_PRICE_PREVIOUS_FALLBACK,1777190400000,7
BNBUSDT,1777219200004,0.00000626,632.57589589,MARK_PRICE_PREVIOUS_FALLBACK,1777219200000,4
BNBUSDT,1777248000004,0.00002096,636.71,MARK_PRICE_PREVIOUS_FALLBACK,1777248000000,4
BNBUSDT,1777276800000,0,626.11560938,MARK_PRICE_EXACT_OPEN,1777276800000,0
BNBUSDT,1777305600002,0,621.07,MARK_PRICE_PREVIOUS_FALLBACK,1777305600000,2
BNBUSDT,1777334400001,0,626.96185662,MARK_PRICE_PREVIOUS_FALLBACK,1777334400000,1
BNBUSDT,1777363200000,0,624.55549258,MARK_PRICE_EXACT_OPEN,1777363200000,0
BNBUSDT,1777392000004,0.00004102,623.00140913,MARK_PRICE_PREVIOUS_FALLBACK,1777392000000,4
BNBUSDT,1777420800006,0.00004604,624.65552904,MARK_PRICE_PREVIOUS_FALLBACK,1777420800000,6
BNBUSDT,1777449600011,0,625.45,MARK_PRICE_PREVIOUS_FALLBACK,1777449600000,11
BNBUSDT,1777478400003,0,616.777741,MARK_PRICE_PREVIOUS_FALLBACK,1777478400000,3
BNBUSDT,1777507200002,0,618.08,MARK_PRICE_PREVIOUS_FALLBACK,1777507200000,2
BNBUSDT,1777536000000,0,617.85279668,MARK_PRICE_EXACT_OPEN,1777536000000,0
BNBUSDT,1777564800000,0.00000697,617.29,MARK_PRICE_EXACT_OPEN,1777564800000,0
BNBUSDT,1777593600000,0.00001441,615.61,MARK_PRICE_EXACT_OPEN,1777593600000,0
BNBUSDT,1777622400005,0,617.50554992,MARK_PRICE_PREVIOUS_FALLBACK,1777622400000,5
BNBUSDT,1777651200000,0.00001996,621.2,MARK_PRICE_EXACT_OPEN,1777651200000,0
BNBUSDT,1777680000006,0.00006706,615.70810499,MARK_PRICE_PREVIOUS_FALLBACK,1777680000000,6
BNBUSDT,1777708800000,0,616.13,MARK_PRICE_EXACT_OPEN,1777708800000,0
BNBUSDT,1777737600010,0.0000045,618.65,MARK_PRICE_PREVIOUS_FALLBACK,1777737600000,10
BNBUSDT,1777766400005,0.00002275,618.54,MARK_PRICE_PREVIOUS_FALLBACK,1777766400000,5
BNBUSDT,1777795200003,0,617.073853,MARK_PRICE_PREVIOUS_FALLBACK,1777795200000,3
BNBUSDT,1777824000000,0.00005316,620.28506204,MARK_PRICE_EXACT_OPEN,1777824000000,0
BNBUSDT,1777852800000,0.00001607,617.58,MARK_PRICE_EXACT_OPEN,1777852800000,0
BNBUSDT,1777881600000,0.00011312,628.85,MARK_PRICE_EXACT_OPEN,1777881600000,0
BNBUSDT,1777910400003,0.00002752,626.12,MARK_PRICE_PREVIOUS_FALLBACK,1777910400000,3
BNBUSDT,1777939200000,0.00005378,622.97875379,MARK_PRICE_EXACT_OPEN,1777939200000,0
BNBUSDT,1777968000011,0.00003103,627.65,MARK_PRICE_PREVIOUS_FALLBACK,1777968000000,11
BNBUSDT,1777996800000,0.00010704,631.38,MARK_PRICE_EXACT_OPEN,1777996800000,0
BNBUSDT,1778025600010,0.00011317,630.73812799,MARK_PRICE_PREVIOUS_FALLBACK,1778025600000,10
BNBUSDT,1778054400000,0.00001521,638.47213462,MARK_PRICE_EXACT_OPEN,1778054400000,0
BNBUSDT,1778083200002,0.0000946,649.06295434,MARK_PRICE_PREVIOUS_FALLBACK,1778083200000,2
BNBUSDT,1778112000000,0.00009945,648.10808928,MARK_PRICE_EXACT_OPEN,1778112000000,0
BNBUSDT,1778140800000,0.0000452,652.43,MARK_PRICE_EXACT_OPEN,1778140800000,0
BNBUSDT,1778169600004,0.00005902,642.83136775,MARK_PRICE_PREVIOUS_FALLBACK,1778169600000,4
BNBUSDT,1778198400003,0.00000891,637.36573441,MARK_PRICE_PREVIOUS_FALLBACK,1778198400000,3
BNBUSDT,1778227200002,0,636.54509314,MARK_PRICE_PREVIOUS_FALLBACK,1778227200000,2
BNBUSDT,1778256000003,0,644.54,MARK_PRICE_PREVIOUS_FALLBACK,1778256000000,3
BNBUSDT,1778284800000,0.00002196,649.76346392,MARK_PRICE_EXACT_OPEN,1778284800000,0
BNBUSDT,1778313600001,0.00010676,650.22,MARK_PRICE_PREVIOUS_FALLBACK,1778313600000,1
BNBUSDT,1778342400002,0.00007448,647.71405889,MARK_PRICE_PREVIOUS_FALLBACK,1778342400000,2
BNBUSDT,1778371200003,0.00002289,650.08611353,MARK_PRICE_PREVIOUS_FALLBACK,1778371200000,3
BNBUSDT,1778400000000,0.00000311,648.69,MARK_PRICE_EXACT_OPEN,1778400000000,0
BNBUSDT,1778428800000,0.0000797,655.90538001,MARK_PRICE_EXACT_OPEN,1778428800000,0
BNBUSDT,1778457600000,0.0000923,663.90457671,MARK_PRICE_EXACT_OPEN,1778457600000,0
BNBUSDT,1778486400000,0.00000828,650.95674795,MARK_PRICE_EXACT_OPEN,1778486400000,0
BNBUSDT,1778515200000,0,661.91147618,MARK_PRICE_EXACT_OPEN,1778515200000,0
BNBUSDT,1778544000002,0.00006651,671.12,MARK_PRICE_PREVIOUS_FALLBACK,1778544000000,2
BNBUSDT,1778572800008,0,659.27,MARK_PRICE_PREVIOUS_FALLBACK,1778572800000,8
BNBUSDT,1778601600000,0.00015663,652.51937085,MARK_PRICE_EXACT_OPEN,1778601600000,0
BNBUSDT,1778630400010,0.0001297,665.6112953,MARK_PRICE_PREVIOUS_FALLBACK,1778630400000,10
BNBUSDT,1778659200003,0.00006636,680.11,MARK_PRICE_PREVIOUS_FALLBACK,1778659200000,3
BNBUSDT,1778688000001,0,666.96,MARK_PRICE_PREVIOUS_FALLBACK,1778688000000,1
BNBUSDT,1778716800005,0,672.82940577,MARK_PRICE_PREVIOUS_FALLBACK,1778716800000,5
BNBUSDT,1778745600000,0,669.56631648,MARK_PRICE_EXACT_OPEN,1778745600000,0
BNBUSDT,1778774400000,0,680.19,MARK_PRICE_EXACT_OPEN,1778774400000,0
BNBUSDT,1778803200000,0.00012416,678.72326458,MARK_PRICE_EXACT_OPEN,1778803200000,0
BNBUSDT,1778832000016,0,684.9,MARK_PRICE_PREVIOUS_FALLBACK,1778832000000,16
BNBUSDT,1778860800012,0,671.43983402,MARK_PRICE_PREVIOUS_FALLBACK,1778860800000,12
BNBUSDT,1778889600005,0,672.20087749,MARK_PRICE_PREVIOUS_FALLBACK,1778889600000,5
BNBUSDT,1778918400000,0,660.95,MARK_PRICE_EXACT_OPEN,1778918400000,0
BNBUSDT,1778947200005,0,655.48,MARK_PRICE_PREVIOUS_FALLBACK,1778947200000,5
BNBUSDT,1778976000000,0,656.52,MARK_PRICE_EXACT_OPEN,1778976000000,0
BNBUSDT,1779004800010,0.00003265,655.24,MARK_PRICE_PREVIOUS_FALLBACK,1779004800000,10
BNBUSDT,1779033600009,0,652.79569772,MARK_PRICE_PREVIOUS_FALLBACK,1779033600000,9
BNBUSDT,1779062400007,0,649.28,MARK_PRICE_PREVIOUS_FALLBACK,1779062400000,7
BNBUSDT,1779091200002,0.00004297,642.16,MARK_PRICE_PREVIOUS_FALLBACK,1779091200000,2
BNBUSDT,1779120000007,0,636.65,MARK_PRICE_PREVIOUS_FALLBACK,1779120000000,7
BNBUSDT,1779148800001,0,644.13,MARK_PRICE_PREVIOUS_FALLBACK,1779148800000,1
BNBUSDT,1779177600001,0,645.15,MARK_PRICE_PREVIOUS_FALLBACK,1779177600000,1
BNBUSDT,1779206400009,0.00001483,639.31987215,MARK_PRICE_PREVIOUS_FALLBACK,1779206400000,9
BNBUSDT,1779235200001,0.0000762,639.78,MARK_PRICE_PREVIOUS_FALLBACK,1779235200000,1
BNBUSDT,1779264000006,0.00000889,643.7,MARK_PRICE_PREVIOUS_FALLBACK,1779264000000,6
BNBUSDT,1779292800000,0.0000624,649.15,MARK_PRICE_EXACT_OPEN,1779292800000,0
BNBUSDT,1779321600001,0.00002383,649.76,MARK_PRICE_PREVIOUS_FALLBACK,1779321600000,1
BNBUSDT,1779350400000,0.00008131,653.26,MARK_PRICE_EXACT_OPEN,1779350400000,0
BNBUSDT,1779379200000,0.00005686,652.74933912,MARK_PRICE_EXACT_OPEN,1779379200000,0
BNBUSDT,1779408000000,0.00004007,658.82,MARK_PRICE_EXACT_OPEN,1779408000000,0
BNBUSDT,1779436800004,0.00002067,660.50666298,MARK_PRICE_PREVIOUS_FALLBACK,1779436800000,4
BNBUSDT,1779465600001,0,658.30389779,MARK_PRICE_PREVIOUS_FALLBACK,1779465600000,1
BNBUSDT,1779494400009,0.00000214,650.32178754,MARK_PRICE_PREVIOUS_FALLBACK,1779494400000,9
BNBUSDT,1779523200001,0,636.20622935,MARK_PRICE_PREVIOUS_FALLBACK,1779523200000,1
BNBUSDT,1779552000003,0,648.17643143,MARK_PRICE_PREVIOUS_FALLBACK,1779552000000,3
BNBUSDT,1779580800011,0.00004985,657.35363756,MARK_PRICE_PREVIOUS_FALLBACK,1779580800000,11
BNBUSDT,1779609600008,0.00004422,657.07,MARK_PRICE_PREVIOUS_FALLBACK,1779609600000,8
BNBUSDT,1779638400000,0.000094,655.9,MARK_PRICE_EXACT_OPEN,1779638400000,0
BNBUSDT,1779667200001,0,657.5,MARK_PRICE_PREVIOUS_FALLBACK,1779667200000,1
BNBUSDT,1779696000001,0.0000674,662.06,MARK_PRICE_PREVIOUS_FALLBACK,1779696000000,1
BNBUSDT,1779724800001,0.00004621,668.21,MARK_PRICE_PREVIOUS_FALLBACK,1779724800000,1
BNBUSDT,1779753600000,0.00005354,663.47,MARK_PRICE_EXACT_OPEN,1779753600000,0
BNBUSDT,1779782400003,0,658.28,MARK_PRICE_PREVIOUS_FALLBACK,1779782400000,3
BNBUSDT,1779811200000,0.00002838,660.57,MARK_PRICE_EXACT_OPEN,1779811200000,0
BNBUSDT,1779840000000,0.00003134,656.77564475,MARK_PRICE_EXACT_OPEN,1779840000000,0
BNBUSDT,1779868800004,0.0000744,653.786221,MARK_PRICE_PREVIOUS_FALLBACK,1779868800000,4
BNBUSDT,1779897600009,0.00006759,658.92,MARK_PRICE_PREVIOUS_FALLBACK,1779897600000,9
BNBUSDT,1779926400001,0.00005788,648.49,MARK_PRICE_PREVIOUS_FALLBACK,1779926400000,1
BNBUSDT,1779955200000,0,635.13,MARK_PRICE_EXACT_OPEN,1779955200000,0
BNBUSDT,1779984000001,0,634.66,MARK_PRICE_PREVIOUS_FALLBACK,1779984000000,1
BNBUSDT,1780012800000,0.00007032,638.66,MARK_PRICE_EXACT_OPEN,1780012800000,0
BNBUSDT,1780041600001,0,637.98,MARK_PRICE_PREVIOUS_FALLBACK,1780041600000,1
BNBUSDT,1780070400008,0.0000091,640.19,MARK_PRICE_PREVIOUS_FALLBACK,1780070400000,8
BNBUSDT,1780099200000,0.00003792,643.49713666,MARK_PRICE_EXACT_OPEN,1780099200000,0
BNBUSDT,1780128000001,0.00010904,673.91775838,MARK_PRICE_PREVIOUS_FALLBACK,1780128000000,1
BNBUSDT,1780156800000,0.00011873,694.92406512,MARK_PRICE_EXACT_OPEN,1780156800000,0
BNBUSDT,1780185600000,0,718.8876246,MARK_PRICE_EXACT_OPEN,1780185600000,0
BNBUSDT,1780214400000,0,720.15638733,MARK_PRICE_EXACT_OPEN,1780214400000,0
BNBUSDT,1780243200004,0.00000115,721.81,MARK_PRICE_PREVIOUS_FALLBACK,1780243200000,4
BNBUSDT,1780272000001,0,710.92826054,MARK_PRICE_PREVIOUS_FALLBACK,1780272000000,1
BNBUSDT,1780300800001,0.00009172,686.55,MARK_PRICE_PREVIOUS_FALLBACK,1780300800000,1
BNBUSDT,1780329600000,0,677.87093847,MARK_PRICE_EXACT_OPEN,1780329600000,0
BNBUSDT,1780358400000,0,693.45,MARK_PRICE_EXACT_OPEN,1780358400000,0
BNBUSDT,1780387200000,0.00003806,682.25958347,MARK_PRICE_EXACT_OPEN,1780387200000,0
BNBUSDT,1780416000000,0.0001285,663.67,MARK_PRICE_EXACT_OPEN,1780416000000,0
BNBUSDT,1780444800013,0.00003437,652.03,MARK_PRICE_PREVIOUS_FALLBACK,1780444800000,13
BNBUSDT,1780473600000,0.00006088,644.33,MARK_PRICE_EXACT_OPEN,1780473600000,0
BNBUSDT,1780502400001,0.0000358,633.64857837,MARK_PRICE_PREVIOUS_FALLBACK,1780502400000,1
BNBUSDT,1780531200009,0,622.73500912,MARK_PRICE_PREVIOUS_FALLBACK,1780531200000,9
BNBUSDT,1780560000000,0.00005166,600.56,MARK_PRICE_EXACT_OPEN,1780560000000,0
BNBUSDT,1780588800003,0,606.62656997,MARK_PRICE_PREVIOUS_FALLBACK,1780588800000,3
BNBUSDT,1780617600000,0,604.84330844,MARK_PRICE_EXACT_OPEN,1780617600000,0
BNBUSDT,1780646400004,0,592.07513563,MARK_PRICE_PREVIOUS_FALLBACK,1780646400000,4
BNBUSDT,1780675200009,0.00004098,577.11705398,MARK_PRICE_PREVIOUS_FALLBACK,1780675200000,9
BNBUSDT,1780704000000,0.00006864,572.45,MARK_PRICE_EXACT_OPEN,1780704000000,0
BNBUSDT,1780732800000,0,579.37,MARK_PRICE_EXACT_OPEN,1780732800000,0
BNBUSDT,1780761600000,0,576.01,MARK_PRICE_EXACT_OPEN,1780761600000,0
BNBUSDT,1780790400001,0,574.84,MARK_PRICE_PREVIOUS_FALLBACK,1780790400000,1
BNBUSDT,1780819200000,0,589.93859305,MARK_PRICE_EXACT_OPEN,1780819200000,0
BNBUSDT,1780848000000,0,591.76772903,MARK_PRICE_EXACT_OPEN,1780848000000,0
BNBUSDT,1780876800000,0,604.7641624,MARK_PRICE_EXACT_OPEN,1780876800000,0
BNBUSDT,1780905600005,0,595.74,MARK_PRICE_PREVIOUS_FALLBACK,1780905600000,5
BNBUSDT,1780934400004,0,604.06779147,MARK_PRICE_PREVIOUS_FALLBACK,1780934400000,4
BNBUSDT,1780963200000,0,602.1092758,MARK_PRICE_EXACT_OPEN,1780963200000,0
BNBUSDT,1780992000000,0,604.11375982,MARK_PRICE_EXACT_OPEN,1780992000000,0
BNBUSDT,1781020800001,0,587.6,MARK_PRICE_PREVIOUS_FALLBACK,1781020800000,1
BNBUSDT,1781049600001,0.0000086,594.18007405,MARK_PRICE_PREVIOUS_FALLBACK,1781049600000,1
BNBUSDT,1781078400011,0,588.41429043,MARK_PRICE_PREVIOUS_FALLBACK,1781078400000,11
BNBUSDT,1781107200009,0,596.8,MARK_PRICE_PREVIOUS_FALLBACK,1781107200000,9
BNBUSDT,1781136000000,0,586.73,MARK_PRICE_EXACT_OPEN,1781136000000,0
BNBUSDT,1781164800004,0,599.13725439,MARK_PRICE_PREVIOUS_FALLBACK,1781164800000,4
BNBUSDT,1781193600000,0.00004668,598.92794928,MARK_PRICE_EXACT_OPEN,1781193600000,0
BNBUSDT,1781222400000,0.00002744,605.97,MARK_PRICE_EXACT_OPEN,1781222400000,0
BNBUSDT,1781251200000,0,600.12865016,MARK_PRICE_EXACT_OPEN,1781251200000,0
BNBUSDT,1781280000000,0.00006548,605.51203851,MARK_PRICE_EXACT_OPEN,1781280000000,0
BNBUSDT,1781308800000,0,604.04224789,MARK_PRICE_EXACT_OPEN,1781308800000,0
BNBUSDT,1781337600007,0,603.19378889,MARK_PRICE_PREVIOUS_FALLBACK,1781337600000,7
BNBUSDT,1781366400002,0.00004204,610.48,MARK_PRICE_PREVIOUS_FALLBACK,1781366400000,2
BNBUSDT,1781395200005,0,609.63116911,MARK_PRICE_PREVIOUS_FALLBACK,1781395200000,5
BNBUSDT,1781424000009,0,610.53,MARK_PRICE_PREVIOUS_FALLBACK,1781424000000,9
BNBUSDT,1781452800000,0,608.32,MARK_PRICE_EXACT_OPEN,1781452800000,0
BNBUSDT,1781481600013,0,617.62,MARK_PRICE_PREVIOUS_FALLBACK,1781481600000,13
BNBUSDT,1781510400013,0.00005384,615.78264957,MARK_PRICE_PREVIOUS_FALLBACK,1781510400000,13
BNBUSDT,1781539200004,0.00001223,628.61092099,MARK_PRICE_PREVIOUS_FALLBACK,1781539200000,4
BNBUSDT,1781568000000,0,618.15,MARK_PRICE_EXACT_OPEN,1781568000000,0
BNBUSDT,1781596800000,0,616.15276208,MARK_PRICE_EXACT_OPEN,1781596800000,0
BNBUSDT,1781625600001,0,607.03775384,MARK_PRICE_PREVIOUS_FALLBACK,1781625600000,1
BNBUSDT,1781654400012,0.00003807,605.13,MARK_PRICE_PREVIOUS_FALLBACK,1781654400000,12
BNBUSDT,1781683200000,0.0000544,606.98,MARK_PRICE_EXACT_OPEN,1781683200000,0
BNBUSDT,1781712000000,0.00005276,605.95420227,MARK_PRICE_EXACT_OPEN,1781712000000,0
BNBUSDT,1781740800002,0.00005822,601.9,MARK_PRICE_PREVIOUS_FALLBACK,1781740800000,2
BNBUSDT,1781769600000,0,589.97,MARK_PRICE_EXACT_OPEN,1781769600000,0
BNBUSDT,1781798400001,0,575.52826636,MARK_PRICE_PREVIOUS_FALLBACK,1781798400000,1
BNBUSDT,1781827200005,0,578.22897959,MARK_PRICE_PREVIOUS_FALLBACK,1781827200000,5
BNBUSDT,1781856000001,0,574.78812847,MARK_PRICE_PREVIOUS_FALLBACK,1781856000000,1
BNBUSDT,1781884800001,0,579.18,MARK_PRICE_PREVIOUS_FALLBACK,1781884800000,1
BNBUSDT,1781913600001,0,582.21,MARK_PRICE_PREVIOUS_FALLBACK,1781913600000,1
BNBUSDT,1781942400000,0.0000183,588.05368384,MARK_PRICE_EXACT_OPEN,1781942400000,0
BNBUSDT,1781971200001,0.00004245,586.42300333,MARK_PRICE_PREVIOUS_FALLBACK,1781971200000,1
BNBUSDT,1782000000000,0,588.30318269,MARK_PRICE_EXACT_OPEN,1782000000000,0
BNBUSDT,1782028800000,0,591.31,MARK_PRICE_EXACT_OPEN,1782028800000,0
BNBUSDT,1782057600000,0.00005515,590.27634485,MARK_PRICE_EXACT_OPEN,1782057600000,0
BNBUSDT,1782086400000,0,584.54,MARK_PRICE_EXACT_OPEN,1782086400000,0
BNBUSDT,1782115200000,0,594.25,MARK_PRICE_EXACT_OPEN,1782115200000,0
BNBUSDT,1782144000002,0,595.79799428,MARK_PRICE_PREVIOUS_FALLBACK,1782144000000,2
BNBUSDT,1782172800003,0,590.23,MARK_PRICE_PREVIOUS_FALLBACK,1782172800000,3
BNBUSDT,1782201600005,0,581.33026358,MARK_PRICE_PREVIOUS_FALLBACK,1782201600000,5
BNBUSDT,1782230400002,0,574.969658,MARK_PRICE_PREVIOUS_FALLBACK,1782230400000,2
BNBUSDT,1782259200005,0,578.86929798,MARK_PRICE_PREVIOUS_FALLBACK,1782259200000,5
BNBUSDT,1782288000005,0,576.76,MARK_PRICE_PREVIOUS_FALLBACK,1782288000000,5
BNBUSDT,1782316800003,0,561.95480277,MARK_PRICE_PREVIOUS_FALLBACK,1782316800000,3
BNBUSDT,1782345600000,0,564.52735789,MARK_PRICE_EXACT_OPEN,1782345600000,0
BNBUSDT,1782374400000,0,570.48337619,MARK_PRICE_EXACT_OPEN,1782374400000,0
BNBUSDT,1782403200000,0,554.06221361,MARK_PRICE_EXACT_OPEN,1782403200000,0
BNBUSDT,1782432000010,0,561.43,MARK_PRICE_PREVIOUS_FALLBACK,1782432000000,10
BNBUSDT,1782460800002,0,569.68,MARK_PRICE_PREVIOUS_FALLBACK,1782460800000,2
BNBUSDT,1782489600000,0,565.6867442,MARK_PRICE_EXACT_OPEN,1782489600000,0
BNBUSDT,1782518400000,0.00006039,567.98,MARK_PRICE_EXACT_OPEN,1782518400000,0
BNBUSDT,1782547200000,0.00004127,565.86228578,MARK_PRICE_EXACT_OPEN,1782547200000,0
BNBUSDT,1782576000009,0.0000689,565.82,MARK_PRICE_PREVIOUS_FALLBACK,1782576000000,9
BNBUSDT,1782604800000,0,557.44,MARK_PRICE_EXACT_OPEN,1782604800000,0
BNBUSDT,1782633600013,0,556.36809065,MARK_PRICE_PREVIOUS_FALLBACK,1782633600000,13
BNBUSDT,1782662400000,0,554.76891167,MARK_PRICE_EXACT_OPEN,1782662400000,0
BNBUSDT,1782691200006,0,551.42,MARK_PRICE_PREVIOUS_FALLBACK,1782691140000,60006
BNBUSDT,1782720000013,0.00000652,,MARK_PRICE_TOO_STALE,1782691140000,28860013
BNBUSDT,1782748800004,0.00001584,,MARK_PRICE_TOO_STALE,1782691140000,57660004
BNBUSDT,1782777600000,0.00004028,559.83,MARK_PRICE_EXACT_OPEN,1782777600000,0
BNBUSDT,1782806400000,0,552.60641553,MARK_PRICE_EXACT_OPEN,1782806400000,0
BNBUSDT,1782835200005,0,545.7280561,MARK_PRICE_PREVIOUS_FALLBACK,1782835200000,5
BNBUSDT,1782864000000,0.00008374,546.84,MARK_PRICE_EXACT_OPEN,1782864000000,0
BNBUSDT,1782892800000,0.00001081,547.13983877,MARK_PRICE_EXACT_OPEN,1782892800000,0
BNBUSDT,1782921600000,0,554.84,MARK_PRICE_EXACT_OPEN,1782921600000,0
BNBUSDT,1782950400000,0.00005254,550.79339107,MARK_PRICE_EXACT_OPEN,1782950400000,0
BNBUSDT,1782979200000,0.00004503,549.68002802,MARK_PRICE_EXACT_OPEN,1782979200000,0
BNBUSDT,1783008000000,0.00010499,562.82152953,MARK_PRICE_EXACT_OPEN,1783008000000,0
BNBUSDT,1783036800000,0.0000419,559.18,MARK_PRICE_EXACT_OPEN,1783036800000,0
BNBUSDT,1783065600007,0.00005653,561.97641242,MARK_PRICE_PREVIOUS_FALLBACK,1783065600000,7
BNBUSDT,1783094400000,0.0001291,566.15,MARK_PRICE_EXACT_OPEN,1783094400000,0
BNBUSDT,1783123200000,0.00019594,574.23,MARK_PRICE_EXACT_OPEN,1783123200000,0
BNBUSDT,1783152000000,0.00012176,570.06055682,MARK_PRICE_EXACT_OPEN,1783152000000,0
BNBUSDT,1783180800007,0.00010833,576.49391911,MARK_PRICE_PREVIOUS_FALLBACK,1783180800000,7
BNBUSDT,1783209600003,0.00004393,575.23900897,MARK_PRICE_PREVIOUS_FALLBACK,1783209600000,3
BNBUSDT,1783238400001,0.00003193,576.39881197,MARK_PRICE_PREVIOUS_FALLBACK,1783238400000,1
BNBUSDT,1783267200000,0.00007046,587.72,MARK_PRICE_EXACT_OPEN,1783267200000,0
BNBUSDT,1783296000000,0.00004905,590.30320334,MARK_PRICE_EXACT_OPEN,1783296000000,0
BNBUSDT,1783324800000,0.0000264,582.44816609,MARK_PRICE_EXACT_OPEN,1783324800000,0
BNBUSDT,1783353600000,0.00000735,585.08,MARK_PRICE_EXACT_OPEN,1783353600000,0
BNBUSDT,1783382400000,0.00002595,586.29152146,MARK_PRICE_EXACT_OPEN,1783382400000,0
BNBUSDT,1783411200000,0,578.62,MARK_PRICE_EXACT_OPEN,1783411200000,0
BNBUSDT,1783440000000,0.00001872,585.04507089,MARK_PRICE_EXACT_OPEN,1783440000000,0
BNBUSDT,1783468800000,0.00004957,577.05160767,MARK_PRICE_EXACT_OPEN,1783468800000,0
BNBUSDT,1783497600000,0.00001075,568.18,MARK_PRICE_EXACT_OPEN,1783497600000,0
BNBUSDT,1783526400000,0,562.66903401,MARK_PRICE_EXACT_OPEN,1783526400000,0
BNBUSDT,1783555200000,0.00003204,568.97545887,MARK_PRICE_EXACT_OPEN,1783555200000,0
BNBUSDT,1783584000001,0.00008613,573.22617613,MARK_PRICE_PREVIOUS_FALLBACK,1783584000000,1
BNBUSDT,1783612800001,0.00012025,571.52,MARK_PRICE_PREVIOUS_FALLBACK,1783612800000,1
BNBUSDT,1783641600000,0.00007403,569.05,MARK_PRICE_EXACT_OPEN,1783641600000,0
BNBUSDT,1783670400005,0.00011748,574.54,MARK_PRICE_PREVIOUS_FALLBACK,1783670400000,5
BNBUSDT,1783699200005,0.00011027,574.27,MARK_PRICE_PREVIOUS_FALLBACK,1783699200000,5
BNBUSDT,1783728000000,0.00009961,575.72,MARK_PRICE_EXACT_OPEN,1783728000000,0
BNBUSDT,1783756800000,0.00005645,577.26,MARK_PRICE_EXACT_OPEN,1783756800000,0
BNBUSDT,1783785600000,0.00007755,580.21,MARK_PRICE_EXACT_OPEN,1783785600000,0
BNBUSDT,1783814400000,0.0000835,574.91,MARK_PRICE_EXACT_OPEN,1783814400000,0
BNBUSDT,1783843200003,0,572.48,MARK_PRICE_PREVIOUS_FALLBACK,1783843200000,3
BNBUSDT,1783872000000,0.00011818,581.47,MARK_PRICE_EXACT_OPEN,1783872000000,0
BNBUSDT,1783900800000,0.00004761,574.17,MARK_PRICE_EXACT_OPEN,1783900800000,0
BNBUSDT,1783929600001,0.00000162,570.35,MARK_PRICE_PREVIOUS_FALLBACK,1783929600000,1
BNBUSDT,1783958400004,0.00003773,568.4837649,MARK_PRICE_PREVIOUS_FALLBACK,1783958400000,4
BNBUSDT,1783987200000,0,567.80607306,MARK_PRICE_EXACT_OPEN,1783987200000,0
BNBUSDT,1784016000002,0.00003843,570.49848679,MARK_PRICE_PREVIOUS_FALLBACK,1784016000000,2
BNBUSDT,1784044800001,0.00009807,583.49,MARK_PRICE_PREVIOUS_FALLBACK,1784044800000,1
BNBUSDT,1784073600005,0.00012457,582.28236012,MARK_PRICE_PREVIOUS_FALLBACK,1784073600000,5
BNBUSDT,1784102400002,0.00013454,577.00447945,MARK_PRICE_PREVIOUS_FALLBACK,1784102400000,2
BNBUSDT,1784131200000,0.00008756,582.01052511,MARK_PRICE_EXACT_OPEN,1784131200000,0
BNBUSDT,1784160000000,0.00014088,581.01799008,MARK_PRICE_EXACT_OPEN,1784160000000,0
BNBUSDT,1784188800003,0.00009816,580.35,MARK_PRICE_PREVIOUS_FALLBACK,1784188800000,3
BNBUSDT,1784217600002,0.0001107,579.73,MARK_PRICE_PREVIOUS_FALLBACK,1784217600000,2
BNBUSDT,1784246400000,0.00006363,572.76159828,MARK_PRICE_EXACT_OPEN,1784246400000,0
BNBUSDT,1784275200010,0.00002252,565.91523751,MARK_PRICE_PREVIOUS_FALLBACK,1784275200000,10
BNBUSDT,1784304000004,0,563.33,MARK_PRICE_PREVIOUS_FALLBACK,1784304000000,4
BNBUSDT,1784332800000,0,568.38235251,MARK_PRICE_EXACT_OPEN,1784332800000,0
BNBUSDT,1784361600000,0.00002518,568.2,MARK_PRICE_EXACT_OPEN,1784361600000,0
BNBUSDT,1784390400001,0.00009856,571.04381211,MARK_PRICE_PREVIOUS_FALLBACK,1784390400000,1
BNBUSDT,1784419200003,0.00006925,571.37,MARK_PRICE_PREVIOUS_FALLBACK,1784419200000,3
BNBUSDT,1784448000000,0.0000207,569.32657315,MARK_PRICE_EXACT_OPEN,1784448000000,0
BNBUSDT,1784476800001,0.00006631,570.62537626,MARK_PRICE_PREVIOUS_FALLBACK,1784476800000,1
BNBUSDT,1784505600000,0.00000243,571.36643836,MARK_PRICE_EXACT_OPEN,1784505600000,0
BNBUSDT,1784534400001,0,566.8,MARK_PRICE_PREVIOUS_FALLBACK,1784534400000,1
BNBUSDT,1784563200004,0.00008469,574.22,MARK_PRICE_PREVIOUS_FALLBACK,1784563200000,4
BNBUSDT,1784592000001,0.00006225,571.17,MARK_PRICE_PREVIOUS_FALLBACK,1784592000000,1
BNBUSDT,1784620800000,0.00009386,577.22,MARK_PRICE_EXACT_OPEN,1784620800000,0
BNBUSDT,1784649600002,0.00011917,575.48524692,MARK_PRICE_PREVIOUS_FALLBACK,1784649600000,2
BNBUSDT,1784678400000,0.00015287,574.34293151,MARK_PRICE_EXACT_OPEN,1784678400000,0
BNBUSDT,1784707200000,0.0000661,568.53,MARK_PRICE_EXACT_OPEN,1784707200000,0
BNBUSDT,1784736000001,0.00010491,572.92,MARK_PRICE_PREVIOUS_FALLBACK,1784736000000,1
BNBUSDT,1784764800000,0.00005785,571.38838937,MARK_PRICE_EXACT_OPEN,1784764800000,0
BNBUSDT,1784793600000,0,570.11371963,MARK_PRICE_EXACT_OPEN,1784793600000,0
BNBUSDT,1784822400000,0.00003257,567.9,MARK_PRICE_EXACT_OPEN,1784822400000,0
BNBUSDT,1784851200000,0.00001896,567.70510411,MARK_PRICE_EXACT_OPEN,1784851200000,0
BNBUSDT,1784880000000,0,569.73,MARK_PRICE_EXACT_OPEN,1784880000000,0
BNBUSDT,1784908800008,0,561.33,MARK_PRICE_PREVIOUS_FALLBACK,1784908800000,8
BNBUSDT,1784937600002,0.00000923,565.11,MARK_PRICE_PREVIOUS_FALLBACK,1784937600000,2
BNBUSDT,1784966400000,0.00005581,565.06,MARK_PRICE_EXACT_OPEN,1784966400000,0
BNBUSDT,1784995200000,0.00003563,567.67,MARK_PRICE_EXACT_OPEN,1784995200000,0
BNBUSDT,1785024000000,0.00006601,569.29,MARK_PRICE_EXACT_OPEN,1785024000000,0
BNBUSDT,1785052800002,0.00010218,571.91367692,MARK_PRICE_PREVIOUS_FALLBACK,1785052800000,2
BNBUSDT,1785081600000,0.00010676,574.16032877,MARK_PRICE_EXACT_OPEN,1785081600000,0
BNBUSDT,1785110400010,0.00006721,575.76,MARK_PRICE_PREVIOUS_FALLBACK,1785110400000,10
BNBUSDT,1785139200000,0,574.98,MARK_PRICE_EXACT_OPEN,1785139200000,0
BNBUSDT,1785168000001,0,568.46728225,MARK_PRICE_PREVIOUS_FALLBACK,1785168000000,1
BNBUSDT,1785196800000,0.00002237,566.56,MARK_PRICE_EXACT_OPEN,1785196800000,0
BNBUSDT,1785225600000,0,566.14,MARK_PRICE_EXACT_OPEN,1785225600000,0
BNBUSDT,1785254400000,0.00007903,573.67347879,MARK_PRICE_EXACT_OPEN,1785254400000,0
BNBUSDT,1785283200000,0.00002957,571.59,MARK_PRICE_EXACT_OPEN,1785283200000,0
BNBUSDT,1785312000002,0.00003688,572.23,MARK_PRICE_PREVIOUS_FALLBACK,1785312000000,2
BNBUSDT,1785340800000,0.00001878,568.93,MARK_PRICE_EXACT_OPEN,1785340800000,0
BNBUSDT,1785369600000,0.00006905,572.37003836,MARK_PRICE_EXACT_OPEN,1785369600000,0
BNBUSDT,1785398400000,0.00005247,575.05158136,MARK_PRICE_EXACT_OPEN,1785398400000,0
BNBUSDT,1785427200000,0.0001066,591.43345753,MARK_PRICE_EXACT_OPEN,1785427200000,0
BNBUSDT,1785456000003,0.0000515,592.63,MARK_PRICE_PREVIOUS_FALLBACK,1785456000000,3
BNBUSDT,1785484800000,0.00002909,590.17886301,MARK_PRICE_EXACT_OPEN,1785484800000,0
BNBUSDT,1785513600000,0.00005473,585.8,MARK_PRICE_EXACT_OPEN,1785513600000,0
