symbol,fundingTime,fundingRate,markPrice,markPriceSource,markPriceTimestamp,stalenessMs
BTCUSDT,1609459200002,0.00022753,28981.50621207,MARK_PRICE_PREVIOUS_FALLBACK,1609459200000,2
BTCUSDT,1609488000006,0.00026336,29143.87110316,MARK_PRICE_PREVIOUS_FALLBACK,1609488000000,6
BTCUSDT,1609516800003,0.00034457,29250.67059392,MARK_PRICE_PREVIOUS_FALLBACK,1609516800000,3
BTCUSDT,1609545600000,0.0001,29337.16,MARK_PRICE_EXACT_OPEN,1609545600000,0
BTCUSDT,1609574400000,0.00020151,29777,MARK_PRICE_EXACT_OPEN,1609574400000,0
BTCUSDT,1609603200006,0.00115471,31801.33444175,MARK_PRICE_PREVIOUS_FALLBACK,1609603200000,6
BTCUSDT,1609632000018,0.00124058,32241.27288843,MARK_PRICE_PREVIOUS_FALLBACK,1609632000000,18
BTCUSDT,1609660800000,0.00114744,34474.82,MARK_PRICE_EXACT_OPEN,1609660800000,0
BTCUSDT,1609689600002,0.00155006,33706.26899639,MARK_PRICE_PREVIOUS_FALLBACK,1609689600000,2
BTCUSDT,1609718400000,0.00164126,33054.6,MARK_PRICE_EXACT_OPEN,1609718400000,0
BTCUSDT,1609747200000,0.00236482,32162.59741107,MARK_PRICE_EXACT_OPEN,1609747200000,0
BTCUSDT,1609776000000,0.00056137,31713.30106952,MARK_PRICE_EXACT_OPEN,1609776000000,0
BTCUSDT,1609804800020,0.00088338,32100.7872839,MARK_PRICE_PREVIOUS_FALLBACK,1609804800000,20
BTCUSDT,1609833600003,0.00047166,30901.32,MARK_PRICE_PREVIOUS_FALLBACK,1609833600000,3
BTCUSDT,1609862400003,0.00062904,32100,MARK_PRICE_PREVIOUS_FALLBACK,1609862400000,3
BTCUSDT,1609891200010,0.00127193,34061.81006669,MARK_PRICE_PREVIOUS_FALLBACK,1609891200000,10
BTCUSDT,1609920000003,0.00210008,34898.48547035,MARK_PRICE_PREVIOUS_FALLBACK,1609920000000,3
BTCUSDT,1609948800000,0.00149253,34611.47,MARK_PRICE_EXACT_OPEN,1609948800000,0
BTCUSDT,1609977600007,0.00100316,36926.2909226,MARK_PRICE_PREVIOUS_FALLBACK,1609977600000,7
BTCUSDT,1610006400000,0.00142744,36900.99806902,MARK_PRICE_EXACT_OPEN,1610006400000,0
BTCUSDT,1610035200004,0.00099841,39152.37799636,MARK_PRICE_PREVIOUS_FALLBACK,1610035200000,4
BTCUSDT,1610064000000,0.00213517,39498.92,MARK_PRICE_EXACT_OPEN,1610064000000,0
BTCUSDT,1610092800000,0.00092044,38962.47,MARK_PRICE_EXACT_OPEN,1610092800000,0
BTCUSDT,1610121600000,0.00131892,40854.45197628,MARK_PRICE_EXACT_OPEN,1610121600000,0
BTCUSDT,1610150400009,0.00062954,40660.80482986,MARK_PRICE_PREVIOUS_FALLBACK,1610150400000,9
BTCUSDT,1610179200004,0.00066918,39629.38663647,MARK_PRICE_PREVIOUS_FALLBACK,1610179200000,4
BTCUSDT,1610208000000,0.00146942,40597.43714891,MARK_PRICE_EXACT_OPEN,1610208000000,0
BTCUSDT,1610236800000,0.00145604,40136.05,MARK_PRICE_EXACT_OPEN,1610236800000,0
BTCUSDT,1610265600005,0.00120632,41054.41377349,MARK_PRICE_PREVIOUS_FALLBACK,1610265600000,5
BTCUSDT,1610294400000,0.00052988,39720.01569627,MARK_PRICE_EXACT_OPEN,1610294400000,0
BTCUSDT,1610323200000,0.00086486,38200,MARK_PRICE_EXACT_OPEN,1610323200000,0
BTCUSDT,1610352000012,0.00081553,34417.04,MARK_PRICE_PREVIOUS_FALLBACK,1610352000000,12
BTCUSDT,1610380800000,0.00053444,31613.02,MARK_PRICE_EXACT_OPEN,1610380800000,0
BTCUSDT,1610409600000,0.00033526,35411.4664723,MARK_PRICE_EXACT_OPEN,1610409600000,0
BTCUSDT,1610438400000,0.00050855,36450,MARK_PRICE_EXACT_OPEN,1610438400000,0
BTCUSDT,1610467200008,0.00054945,33973.56806529,MARK_PRICE_PREVIOUS_FALLBACK,1610467200000,8
BTCUSDT,1610496000001,0.00014768,33994.26417229,MARK_PRICE_PREVIOUS_FALLBACK,1610496000000,1
BTCUSDT,1610524800000,0.0002259,34981.38,MARK_PRICE_EXACT_OPEN,1610524800000,0
BTCUSDT,1610553600003,0.0007053,34869.37862607,MARK_PRICE_PREVIOUS_FALLBACK,1610553600000,3
BTCUSDT,1610582400000,0.00078331,37406.1163669,MARK_PRICE_EXACT_OPEN,1610582400000,0
BTCUSDT,1610611200012,0.00072627,38339.26586563,MARK_PRICE_PREVIOUS_FALLBACK,1610611200000,12
BTCUSDT,1610640000000,0.00068503,39560.35019205,MARK_PRICE_EXACT_OPEN,1610640000000,0
BTCUSDT,1610668800002,0.00055628,39230.75,MARK_PRICE_PREVIOUS_FALLBACK,1610668800000,2
BTCUSDT,1610697600000,0.00064483,38482.67499391,MARK_PRICE_EXACT_OPEN,1610697600000,0
BTCUSDT,1610726400004,0.00118185,35430.68263757,MARK_PRICE_PREVIOUS_FALLBACK,1610726400000,4
BTCUSDT,1610755200000,0.0001,36764.51088,MARK_PRICE_EXACT_OPEN,1610755200000,0
BTCUSDT,1610784000008,0.00032573,36599.66,MARK_PRICE_PREVIOUS_FALLBACK,1610784000000,8
BTCUSDT,1610812800000,0.00068496,37506.8,MARK_PRICE_EXACT_OPEN,1610812800000,0
BTCUSDT,1610841600009,0.00033109,35915.34,MARK_PRICE_PREVIOUS_FALLBACK,1610841600000,9
BTCUSDT,1610870400000,0.00030276,34776.38084414,MARK_PRICE_EXACT_OPEN,1610870400000,0
BTCUSDT,1610899200001,0.0001,35691.12667634,MARK_PRICE_PREVIOUS_FALLBACK,1610899200000,1
BTCUSDT,1610928000000,0.00055375,35866.72697222,MARK_PRICE_EXACT_OPEN,1610928000000,0
BTCUSDT,1610956800004,0.00049321,36149.56113282,MARK_PRICE_PREVIOUS_FALLBACK,1610956800000,4
BTCUSDT,1610985600000,0.0010355,36444.28,MARK_PRICE_EXACT_OPEN,1610985600000,0
BTCUSDT,1611014400000,0.0006167,36676.80119142,MARK_PRICE_EXACT_OPEN,1611014400000,0
BTCUSDT,1611043200005,0.0014009,37327.05631985,MARK_PRICE_PREVIOUS_FALLBACK,1611043200000,5
BTCUSDT,1611072000012,0.00158467,37479.77689752,MARK_PRICE_PREVIOUS_FALLBACK,1611072000000,12
BTCUSDT,1611100800012,0.00088178,35678.62475558,MARK_PRICE_PREVIOUS_FALLBACK,1611100800000,12
BTCUSDT,1611129600001,0.00017967,35693.0816747,MARK_PRICE_PREVIOUS_FALLBACK,1611129600000,1
BTCUSDT,1611158400001,0.00016482,34041.6926449,MARK_PRICE_PREVIOUS_FALLBACK,1611158400000,1
BTCUSDT,1611187200000,0.00042078,35507.98,MARK_PRICE_EXACT_OPEN,1611187200000,0
BTCUSDT,1611216000000,0.00048357,34662.04524312,MARK_PRICE_EXACT_OPEN,1611216000000,0
BTCUSDT,1611244800004,0.00026589,31353.17738563,MARK_PRICE_PREVIOUS_FALLBACK,1611244800000,4
BTCUSDT,1611273600012,0.0001,30690.06089327,MARK_PRICE_PREVIOUS_FALLBACK,1611273600000,12
BTCUSDT,1611302400003,0.0001,31010.0492838,MARK_PRICE_PREVIOUS_FALLBACK,1611302400000,3
BTCUSDT,1611331200001,0.0001,32499.34,MARK_PRICE_PREVIOUS_FALLBACK,1611331200000,1
BTCUSDT,1611360000000,0.0001,32984.81262116,MARK_PRICE_EXACT_OPEN,1611360000000,0
BTCUSDT,1611388800002,0.00012182,32910.14,MARK_PRICE_PREVIOUS_FALLBACK,1611388800000,2
BTCUSDT,1611417600000,0.0001,31887.50707519,MARK_PRICE_EXACT_OPEN,1611417600000,0
BTCUSDT,1611446400001,0.0001,32002.98518766,MARK_PRICE_PREVIOUS_FALLBACK,1611446400000,1
BTCUSDT,1611475200011,0.00014368,32895.1375793,MARK_PRICE_PREVIOUS_FALLBACK,1611475200000,11
BTCUSDT,1611504000005,0.00041388,31932.06724257,MARK_PRICE_PREVIOUS_FALLBACK,1611504000000,5
BTCUSDT,1611532800007,0.0001,32224.73,MARK_PRICE_PREVIOUS_FALLBACK,1611532800000,7
BTCUSDT,1611561600012,0.00052253,33406.87242218,MARK_PRICE_PREVIOUS_FALLBACK,1611561600000,12
BTCUSDT,1611590400000,0.00042414,34487.43192828,MARK_PRICE_EXACT_OPEN,1611590400000,0
BTCUSDT,1611619200007,0.00013506,32007.94863335,MARK_PRICE_PREVIOUS_FALLBACK,1611619200000,7
BTCUSDT,1611648000000,0.0001,31641.946316,MARK_PRICE_EXACT_OPEN,1611648000000,0
BTCUSDT,1611676800000,0.0001,31756.34878976,MARK_PRICE_EXACT_OPEN,1611676800000,0
BTCUSDT,1611705600000,0.0001,32477.774292,MARK_PRICE_EXACT_OPEN,1611705600000,0
BTCUSDT,1611734400011,0.0001,31733.80180315,MARK_PRICE_PREVIOUS_FALLBACK,1611734400000,11
BTCUSDT,1611763200003,0.0001,30283.59098701,MARK_PRICE_PREVIOUS_FALLBACK,1611763200000,3
BTCUSDT,1611792000000,0.0001,30368.3321,MARK_PRICE_EXACT_OPEN,1611792000000,0
BTCUSDT,1611820800000,0.0001,31194.80357029,MARK_PRICE_EXACT_OPEN,1611820800000,0
BTCUSDT,1611849600000,0.00022262,31929.87,MARK_PRICE_EXACT_OPEN,1611849600000,0
BTCUSDT,1611878400009,0.0001,33375.68147976,MARK_PRICE_PREVIOUS_FALLBACK,1611878400000,9
BTCUSDT,1611907200000,0.00064803,32300.76,MARK_PRICE_EXACT_OPEN,1611907200000,0
BTCUSDT,1611936000000,0.00166789,37153.23,MARK_PRICE_EXACT_OPEN,1611936000000,0
BTCUSDT,1611964800000,0.00039208,34252.05,MARK_PRICE_EXACT_OPEN,1611964800000,0
BTCUSDT,1611993600000,0.000332,34069.69,MARK_PRICE_EXACT_OPEN,1611993600000,0
BTCUSDT,1612022400000,0.00052428,34245.49,MARK_PRICE_EXACT_OPEN,1612022400000,0
BTCUSDT,1612051200009,0.00054944,34219.47,MARK_PRICE_PREVIOUS_FALLBACK,1612051200000,9
BTCUSDT,1612080000000,0.00046117,33628.36821468,MARK_PRICE_EXACT_OPEN,1612080000000,0
BTCUSDT,1612108800000,0.00044234,32884.78,MARK_PRICE_EXACT_OPEN,1612108800000,0
BTCUSDT,1612137600001,0.00013932,33084.2,MARK_PRICE_PREVIOUS_FALLBACK,1612137600000,1
BTCUSDT,1612166400014,0.00037561,33871.55,MARK_PRICE_PREVIOUS_FALLBACK,1612166400000,14
BTCUSDT,1612195200000,0.00066848,33183.11,MARK_PRICE_EXACT_OPEN,1612195200000,0
BTCUSDT,1612224000000,0.00036787,33551.97818722,MARK_PRICE_EXACT_OPEN,1612224000000,0
BTCUSDT,1612252800006,0.00044278,34292.75786913,MARK_PRICE_PREVIOUS_FALLBACK,1612252800000,6
BTCUSDT,1612281600000,0.00122181,34750.82,MARK_PRICE_EXACT_OPEN,1612281600000,0
BTCUSDT,1612310400009,0.00077297,35517.27,MARK_PRICE_PREVIOUS_FALLBACK,1612310400000,9
BTCUSDT,1612339200006,0.00080805,36232.6781541,MARK_PRICE_PREVIOUS_FALLBACK,1612339200000,6
BTCUSDT,1612368000006,0.00075287,37001.72958448,MARK_PRICE_PREVIOUS_FALLBACK,1612368000000,6
BTCUSDT,1612396800005,0.00029063,37729.68079932,MARK_PRICE_PREVIOUS_FALLBACK,1612396800000,5
BTCUSDT,1612425600000,0.00074286,37882.69797631,MARK_PRICE_EXACT_OPEN,1612425600000,0
BTCUSDT,1612454400011,0.00061936,36510.87151616,MARK_PRICE_PREVIOUS_FALLBACK,1612454400000,11
BTCUSDT,1612483200009,0.00056635,37069.66633679,MARK_PRICE_PREVIOUS_FALLBACK,1612483200000,9
BTCUSDT,1612512000004,0.00074838,37741.7602992,MARK_PRICE_PREVIOUS_FALLBACK,1612512000000,4
BTCUSDT,1612540800000,0.00099154,38005.09,MARK_PRICE_EXACT_OPEN,1612540800000,0
BTCUSDT,1612569600008,0.00034782,38395.62659765,MARK_PRICE_PREVIOUS_FALLBACK,1612569600000,8
BTCUSDT,1612598400009,0.00069827,39449.91203574,MARK_PRICE_PREVIOUS_FALLBACK,1612598400000,9
BTCUSDT,1612627200000,0.00102371,40886.91,MARK_PRICE_EXACT_OPEN,1612627200000,0
BTCUSDT,1612656000000,0.00155546,39249.54,MARK_PRICE_EXACT_OPEN,1612656000000,0
BTCUSDT,1612684800005,0.00065121,39132.12,MARK_PRICE_PREVIOUS_FALLBACK,1612684800000,5
BTCUSDT,1612713600001,0.00106206,37847.29041268,MARK_PRICE_PREVIOUS_FALLBACK,1612713600000,1
BTCUSDT,1612742400000,0.00059267,38843.08825807,MARK_PRICE_EXACT_OPEN,1612742400000,0
BTCUSDT,1612771200001,0.00057887,39324.49283291,MARK_PRICE_PREVIOUS_FALLBACK,1612771200000,1
BTCUSDT,1612800000000,0.00248993,43783.47206671,MARK_PRICE_EXACT_OPEN,1612800000000,0
BTCUSDT,1612828800010,0.00131125,46659.99,MARK_PRICE_PREVIOUS_FALLBACK,1612828800000,10
BTCUSDT,1612857600006,0.00186573,47753.68,MARK_PRICE_PREVIOUS_FALLBACK,1612857600000,6
BTCUSDT,1612886400007,0.00161159,47058.1167976,MARK_PRICE_PREVIOUS_FALLBACK,1612886400000,7
BTCUSDT,1612915200009,0.00124313,46583.04236792,MARK_PRICE_PREVIOUS_FALLBACK,1612915200000,9
BTCUSDT,1612944000014,0.0017535,46791.7462415,MARK_PRICE_PREVIOUS_FALLBACK,1612944000000,14
BTCUSDT,1612972800005,0.00112397,44289.99,MARK_PRICE_PREVIOUS_FALLBACK,1612972800000,5
BTCUSDT,1613001600000,0.00076742,44850,MARK_PRICE_EXACT_OPEN,1613001600000,0
BTCUSDT,1613030400000,0.0008307,44760.17011534,MARK_PRICE_EXACT_OPEN,1613030400000,0
BTCUSDT,1613059200000,0.0017411,48058.27,MARK_PRICE_EXACT_OPEN,1613059200000,0
BTCUSDT,1613088000000,0.00128772,48063.43,MARK_PRICE_EXACT_OPEN,1613088000000,0
BTCUSDT,1613116800000,0.0012563,47392.25,MARK_PRICE_EXACT_OPEN,1613116800000,0
BTCUSDT,1613145600000,0.00105533,47064.08878355,MARK_PRICE_EXACT_OPEN,1613145600000,0
BTCUSDT,1613174400001,0.00139999,47499.69258994,MARK_PRICE_PREVIOUS_FALLBACK,1613174400000,1
BTCUSDT,1613203200003,0.00141609,47144.76001834,MARK_PRICE_PREVIOUS_FALLBACK,1613203200000,3
BTCUSDT,1613232000000,0.00075946,47136.27,MARK_PRICE_EXACT_OPEN,1613232000000,0
BTCUSDT,1613260800013,0.00085048,47263.56228217,MARK_PRICE_PREVIOUS_FALLBACK,1613260800000,13
BTCUSDT,1613289600000,0.00146185,48825.85343755,MARK_PRICE_EXACT_OPEN,1613289600000,0
BTCUSDT,1613318400008,0.00149489,48687.58047396,MARK_PRICE_PREVIOUS_FALLBACK,1613318400000,8
BTCUSDT,1613347200000,0.0011786,48652.01,MARK_PRICE_EXACT_OPEN,1613347200000,0
BTCUSDT,1613376000006,0.00040617,47485.08765216,MARK_PRICE_PREVIOUS_FALLBACK,1613376000000,6
BTCUSDT,1613404800000,0.00068133,47986.13,MARK_PRICE_EXACT_OPEN,1613404800000,0
BTCUSDT,1613433600001,0.000996,47964.75113074,MARK_PRICE_PREVIOUS_FALLBACK,1613433600000,1
BTCUSDT,1613462400000,0.00123546,49218.4,MARK_PRICE_EXACT_OPEN,1613462400000,0
BTCUSDT,1613491200010,0.00141818,49119.6544802,MARK_PRICE_PREVIOUS_FALLBACK,1613491200000,10
BTCUSDT,1613520000005,0.00104066,49330.14407487,MARK_PRICE_PREVIOUS_FALLBACK,1613520000000,5
BTCUSDT,1613548800010,0.00093436,51110.82,MARK_PRICE_PREVIOUS_FALLBACK,1613548800000,10
BTCUSDT,1613577600008,0.00147112,51454.69390884,MARK_PRICE_PREVIOUS_FALLBACK,1613577600000,8
BTCUSDT,1613606400012,0.00132249,52291.7,MARK_PRICE_PREVIOUS_FALLBACK,1613606400000,12
BTCUSDT,1613635200000,0.00154303,51997.54,MARK_PRICE_EXACT_OPEN,1613635200000,0
BTCUSDT,1613664000009,0.00125842,51724.39098617,MARK_PRICE_PREVIOUS_FALLBACK,1613664000000,9
BTCUSDT,1613692800010,0.00091255,51694.81506165,MARK_PRICE_PREVIOUS_FALLBACK,1613692800000,10
BTCUSDT,1613721600002,0.00084526,51825.65945881,MARK_PRICE_PREVIOUS_FALLBACK,1613721600000,2
BTCUSDT,1613750400008,0.00128791,53791.66,MARK_PRICE_PREVIOUS_FALLBACK,1613750400000,8
BTCUSDT,1613779200000,0.00156318,55988.90797073,MARK_PRICE_EXACT_OPEN,1613779200000,0
BTCUSDT,1613808000009,0.00116465,55404.61283801,MARK_PRICE_PREVIOUS_FALLBACK,1613808000000,9
BTCUSDT,1613836800000,0.00122535,56203.88713237,MARK_PRICE_EXACT_OPEN,1613836800000,0
BTCUSDT,1613865600007,0.00100357,55974.94,MARK_PRICE_PREVIOUS_FALLBACK,1613865600000,7
BTCUSDT,1613894400012,0.00099022,56098.61470915,MARK_PRICE_PREVIOUS_FALLBACK,1613894400000,12
BTCUSDT,1613923200001,0.0012582,57464.37672314,MARK_PRICE_PREVIOUS_FALLBACK,1613923200000,1
BTCUSDT,1613952000006,0.00117049,57539.07362932,MARK_PRICE_PREVIOUS_FALLBACK,1613952000000,6
BTCUSDT,1613980800002,0.00091782,56656.51774599,MARK_PRICE_PREVIOUS_FALLBACK,1613980800000,2
BTCUSDT,1614009600000,0.00077864,53278.07,MARK_PRICE_EXACT_OPEN,1614009600000,0
BTCUSDT,1614038400000,0.00024947,54133.3209059,MARK_PRICE_EXACT_OPEN,1614038400000,0
BTCUSDT,1614067200006,0.0002962,49778.63089722,MARK_PRICE_PREVIOUS_FALLBACK,1614067200000,6
BTCUSDT,1614096000000,0.00013281,48625.81057988,MARK_PRICE_EXACT_OPEN,1614096000000,0
BTCUSDT,1614124800012,0.0001,49014.08063898,MARK_PRICE_PREVIOUS_FALLBACK,1614124800000,12
BTCUSDT,1614153600016,0.00051791,50181.19,MARK_PRICE_PREVIOUS_FALLBACK,1614153600000,16
BTCUSDT,1614182400011,0.00037289,49817.8,MARK_PRICE_PREVIOUS_FALLBACK,1614182400000,11
BTCUSDT,1614211200007,0.00017706,49786.22244193,MARK_PRICE_PREVIOUS_FALLBACK,1614211200000,7
BTCUSDT,1614240000000,0.00018247,50416.01,MARK_PRICE_EXACT_OPEN,1614240000000,0
BTCUSDT,1614268800010,0.00034053,50979.96,MARK_PRICE_PREVIOUS_FALLBACK,1614268800000,10
BTCUSDT,1614297600000,0.0001,47112.15792386,MARK_PRICE_EXACT_OPEN,1614297600000,0
BTCUSDT,1614326400025,0.0001,45119.91,MARK_PRICE_PREVIOUS_FALLBACK,1614326400000,25
BTCUSDT,1614355200010,0.0001,47719.19058837,MARK_PRICE_PREVIOUS_FALLBACK,1614355200000,10
BTCUSDT,1614384000001,0.00030164,46355.85003605,MARK_PRICE_PREVIOUS_FALLBACK,1614384000000,1
BTCUSDT,1614412800000,0.0004457,47204.91759979,MARK_PRICE_EXACT_OPEN,1614412800000,0
BTCUSDT,1614441600000,0.00010038,46544.68,MARK_PRICE_EXACT_OPEN,1614441600000,0
BTCUSDT,1614470400021,0.0001,45929.0172217,MARK_PRICE_PREVIOUS_FALLBACK,1614470400000,21
BTCUSDT,1614499200009,0.0001,44551.40166187,MARK_PRICE_PREVIOUS_FALLBACK,1614499200000,9
BTCUSDT,1614528000000,0.00037706,43425.23,MARK_PRICE_EXACT_OPEN,1614528000000,0
BTCUSDT,1614556800000,0.00016921,45185.16517656,MARK_PRICE_EXACT_OPEN,1614556800000,0
BTCUSDT,1614585600003,0.0001,46331.19157557,MARK_PRICE_PREVIOUS_FALLBACK,1614585600000,3
BTCUSDT,1614614400001,0.0001,49103.80448265,MARK_PRICE_PREVIOUS_FALLBACK,1614614400000,1
BTCUSDT,1614643200000,0.0001,49591.12558036,MARK_PRICE_EXACT_OPEN,1614643200000,0
BTCUSDT,1614672000000,0.0001,48363.33,MARK_PRICE_EXACT_OPEN,1614672000000,0
BTCUSDT,1614700800004,0.0001,48612.36781042,MARK_PRICE_PREVIOUS_FALLBACK,1614700800000,4
BTCUSDT,1614729600000,0.0001,48443.66691812,MARK_PRICE_EXACT_OPEN,1614729600000,0
BTCUSDT,1614758400016,0.0001,49821.73927126,MARK_PRICE_PREVIOUS_FALLBACK,1614758400000,16
BTCUSDT,1614787200000,0.00045078,50774.5767827,MARK_PRICE_EXACT_OPEN,1614787200000,0
BTCUSDT,1614816000000,0.0001,50348.53,MARK_PRICE_EXACT_OPEN,1614816000000,0
BTCUSDT,1614844800015,0.0001,49832.91308949,MARK_PRICE_PREVIOUS_FALLBACK,1614844800000,15
BTCUSDT,1614873600001,0.0001,49397.77767205,MARK_PRICE_PREVIOUS_FALLBACK,1614873600000,1
BTCUSDT,1614902400000,0.0001,48377.65598309,MARK_PRICE_EXACT_OPEN,1614902400000,0
BTCUSDT,1614931200002,0.0001,47360.05,MARK_PRICE_PREVIOUS_FALLBACK,1614931200000,2
BTCUSDT,1614960000008,0.0001,47739.71714845,MARK_PRICE_PREVIOUS_FALLBACK,1614960000000,8
BTCUSDT,1614988800000,0.0001,48784.34339164,MARK_PRICE_EXACT_OPEN,1614988800000,0
BTCUSDT,1615017600000,0.0001,48833.2,MARK_PRICE_EXACT_OPEN,1615017600000,0
BTCUSDT,1615046400000,0.0001,47266.94024905,MARK_PRICE_EXACT_OPEN,1615046400000,0
BTCUSDT,1615075200006,0.0001,49000.36323988,MARK_PRICE_PREVIOUS_FALLBACK,1615075200000,6
BTCUSDT,1615104000005,0.0001,50220.16399328,MARK_PRICE_PREVIOUS_FALLBACK,1615104000000,5
BTCUSDT,1615132800008,0.00017606,50736.38,MARK_PRICE_PREVIOUS_FALLBACK,1615132800000,8
BTCUSDT,1615161600000,0.0001,50999.9650795,MARK_PRICE_EXACT_OPEN,1615161600000,0
BTCUSDT,1615190400000,0.0001,49780.77668737,MARK_PRICE_EXACT_OPEN,1615190400000,0
BTCUSDT,1615219200006,0.00024757,51123.44,MARK_PRICE_PREVIOUS_FALLBACK,1615219200000,6
BTCUSDT,1615248000000,0.00072419,52427.50149064,MARK_PRICE_EXACT_OPEN,1615248000000,0
BTCUSDT,1615276800000,0.00041976,53582.82506426,MARK_PRICE_EXACT_OPEN,1615276800000,0
BTCUSDT,1615305600000,0.00057038,54127.88,MARK_PRICE_EXACT_OPEN,1615305600000,0
BTCUSDT,1615334400009,0.00024344,55013.75186534,MARK_PRICE_PREVIOUS_FALLBACK,1615334400000,9
BTCUSDT,1615363200006,0.00048586,54240.77742379,MARK_PRICE_PREVIOUS_FALLBACK,1615363200000,6
BTCUSDT,1615392000008,0.00056915,56265.52751783,MARK_PRICE_PREVIOUS_FALLBACK,1615392000000,8
BTCUSDT,1615420800000,0.00095931,55956.41594658,MARK_PRICE_EXACT_OPEN,1615420800000,0
BTCUSDT,1615449600000,0.00099305,55080.92,MARK_PRICE_EXACT_OPEN,1615449600000,0
BTCUSDT,1615478400014,0.00085439,56732.49,MARK_PRICE_PREVIOUS_FALLBACK,1615478400000,14
BTCUSDT,1615507200002,0.00102002,57968.55972301,MARK_PRICE_PREVIOUS_FALLBACK,1615507200000,2
BTCUSDT,1615536000005,0.00067147,56623.4321114,MARK_PRICE_PREVIOUS_FALLBACK,1615536000000,5
BTCUSDT,1615564800011,0.00051199,57219.89,MARK_PRICE_PREVIOUS_FALLBACK,1615564800000,11
BTCUSDT,1615593600000,0.00047834,57305.36675083,MARK_PRICE_EXACT_OPEN,1615593600000,0
BTCUSDT,1615622400002,0.00060567,57468.96312098,MARK_PRICE_PREVIOUS_FALLBACK,1615622400000,2
BTCUSDT,1615651200000,0.00057114,59734.70729864,MARK_PRICE_EXACT_OPEN,1615651200000,0
BTCUSDT,1615680000011,0.00081828,61215.10763044,MARK_PRICE_PREVIOUS_FALLBACK,1615680000000,11
BTCUSDT,1615708800000,0.00084593,60594.25914236,MARK_PRICE_EXACT_OPEN,1615708800000,0
BTCUSDT,1615737600000,0.00115069,59750.76,MARK_PRICE_EXACT_OPEN,1615737600000,0
BTCUSDT,1615766400012,0.0008201,59238.75224543,MARK_PRICE_PREVIOUS_FALLBACK,1615766400000,12
BTCUSDT,1615795200016,0.0010521,57758.4,MARK_PRICE_PREVIOUS_FALLBACK,1615795200000,16
BTCUSDT,1615824000030,0.00015776,56097.29,MARK_PRICE_PREVIOUS_FALLBACK,1615824000000,30
BTCUSDT,1615852800005,0.00022573,55409.66,MARK_PRICE_PREVIOUS_FALLBACK,1615852800000,5
BTCUSDT,1615881600008,0.00035862,55263.18513944,MARK_PRICE_PREVIOUS_FALLBACK,1615881600000,8
BTCUSDT,1615910400012,0.00040673,55832.56,MARK_PRICE_PREVIOUS_FALLBACK,1615910400000,12
BTCUSDT,1615939200010,0.00035367,57137.59,MARK_PRICE_PREVIOUS_FALLBACK,1615939200000,10
BTCUSDT,1615968000000,0.00019234,55857.09,MARK_PRICE_EXACT_OPEN,1615968000000,0
BTCUSDT,1615996800009,0.00024575,54852,MARK_PRICE_PREVIOUS_FALLBACK,1615996800000,9
BTCUSDT,1616025600001,0.00030265,59261.80568592,MARK_PRICE_PREVIOUS_FALLBACK,1616025600000,1
BTCUSDT,1616054400000,0.00029259,58400,MARK_PRICE_EXACT_OPEN,1616054400000,0
BTCUSDT,1616083200000,0.00032547,59567.49518188,MARK_PRICE_EXACT_OPEN,1616083200000,0
BTCUSDT,1616112000011,0.00032006,57616.09,MARK_PRICE_PREVIOUS_FALLBACK,1616112000000,11
BTCUSDT,1616140800001,0.00012887,57926.77193069,MARK_PRICE_PREVIOUS_FALLBACK,1616140800000,1
BTCUSDT,1616169600000,0.0003326,59022.29,MARK_PRICE_EXACT_OPEN,1616169600000,0
BTCUSDT,1616198400000,0.0004928,58100,MARK_PRICE_EXACT_OPEN,1616198400000,0
BTCUSDT,1616227200000,0.00044452,58471.06813743,MARK_PRICE_EXACT_OPEN,1616227200000,0
BTCUSDT,1616256000007,0.00048936,59266.56994029,MARK_PRICE_PREVIOUS_FALLBACK,1616256000000,7
BTCUSDT,1616284800000,0.00031366,58156.27824689,MARK_PRICE_EXACT_OPEN,1616284800000,0
BTCUSDT,1616313600000,0.00042375,57012.41,MARK_PRICE_EXACT_OPEN,1616313600000,0
BTCUSDT,1616342400000,0.0001,57200.91,MARK_PRICE_EXACT_OPEN,1616342400000,0
BTCUSDT,1616371200007,0.00051919,57451.19,MARK_PRICE_PREVIOUS_FALLBACK,1616371200000,7
BTCUSDT,1616400000001,0.00045562,57616.80317289,MARK_PRICE_PREVIOUS_FALLBACK,1616400000000,1
BTCUSDT,1616428800000,0.00048977,57104.6628655,MARK_PRICE_EXACT_OPEN,1616428800000,0
BTCUSDT,1616457600000,0.0002421,54103.74,MARK_PRICE_EXACT_OPEN,1616457600000,0
BTCUSDT,1616486400010,0.00026619,54175.12,MARK_PRICE_PREVIOUS_FALLBACK,1616486400000,10
BTCUSDT,1616515200023,0.00042245,55182.14954237,MARK_PRICE_PREVIOUS_FALLBACK,1616515200000,23
BTCUSDT,1616544000002,0.00053454,54309.54,MARK_PRICE_PREVIOUS_FALLBACK,1616544000000,2
BTCUSDT,1616572800000,0.00016567,55485.7,MARK_PRICE_EXACT_OPEN,1616572800000,0
BTCUSDT,1616601600000,0.00026422,56356.39,MARK_PRICE_EXACT_OPEN,1616601600000,0
BTCUSDT,1616630400000,0.00011828,52313.76,MARK_PRICE_EXACT_OPEN,1616630400000,0
BTCUSDT,1616659200000,0.0001,52279.44270339,MARK_PRICE_EXACT_OPEN,1616659200000,0
BTCUSDT,1616688000000,0.0001,51017.15025241,MARK_PRICE_EXACT_OPEN,1616688000000,0
BTCUSDT,1616716800008,0.00016,51363.24753486,MARK_PRICE_PREVIOUS_FALLBACK,1616716800000,8
BTCUSDT,1616745600000,0.0001,53569.60525974,MARK_PRICE_EXACT_OPEN,1616745600000,0
BTCUSDT,1616774400012,0.0001,53349.91739515,MARK_PRICE_PREVIOUS_FALLBACK,1616774400000,12
BTCUSDT,1616803200018,0.0001,55246.7443503,MARK_PRICE_PREVIOUS_FALLBACK,1616803200000,18
BTCUSDT,1616832000000,0.0001,54969,MARK_PRICE_EXACT_OPEN,1616832000000,0
BTCUSDT,1616860800001,0.0001,55064.39,MARK_PRICE_PREVIOUS_FALLBACK,1616860800000,1
BTCUSDT,1616889600000,0.0001,55840.0612138,MARK_PRICE_EXACT_OPEN,1616889600000,0
BTCUSDT,1616918400000,0.0001,56207.28217336,MARK_PRICE_EXACT_OPEN,1616918400000,0
BTCUSDT,1616947200005,0.0001,56495.34816842,MARK_PRICE_PREVIOUS_FALLBACK,1616947200000,5
BTCUSDT,1616976000003,0.0001,55840.29041569,MARK_PRICE_PREVIOUS_FALLBACK,1616976000000,3
BTCUSDT,1617004800000,0.0001,55931.47164717,MARK_PRICE_EXACT_OPEN,1617004800000,0
BTCUSDT,1617033600000,0.00018171,57751.87330257,MARK_PRICE_EXACT_OPEN,1617033600000,0
BTCUSDT,1617062400018,0.00032026,57694.86,MARK_PRICE_PREVIOUS_FALLBACK,1617062400000,18
BTCUSDT,1617091200012,0.00027258,58205.01,MARK_PRICE_PREVIOUS_FALLBACK,1617091200000,12
BTCUSDT,1617120000001,0.00083501,58785.6,MARK_PRICE_PREVIOUS_FALLBACK,1617120000000,1
BTCUSDT,1617148800000,0.00080754,58797.58,MARK_PRICE_EXACT_OPEN,1617148800000,0
BTCUSDT,1617177600000,0.00070889,58191.89724906,MARK_PRICE_EXACT_OPEN,1617177600000,0
BTCUSDT,1617206400000,0.00058414,59342.05935684,MARK_PRICE_EXACT_OPEN,1617206400000,0
BTCUSDT,1617235200025,0.00109277,58865.64982824,MARK_PRICE_PREVIOUS_FALLBACK,1617235200000,25
BTCUSDT,1617264000011,0.00095247,58925.10153942,MARK_PRICE_PREVIOUS_FALLBACK,1617264000000,11
BTCUSDT,1617292800004,0.00051932,59155.75,MARK_PRICE_PREVIOUS_FALLBACK,1617292800000,4
BTCUSDT,1617321600000,0.00071058,58794.01,MARK_PRICE_EXACT_OPEN,1617321600000,0
BTCUSDT,1617350400000,0.00106221,59517,MARK_PRICE_EXACT_OPEN,1617350400000,0
BTCUSDT,1617379200000,0.0010197,59545.06723004,MARK_PRICE_EXACT_OPEN,1617379200000,0
BTCUSDT,1617408000003,0.00063267,59081.63746764,MARK_PRICE_PREVIOUS_FALLBACK,1617408000000,3
BTCUSDT,1617436800000,0.00107843,59370.19,MARK_PRICE_EXACT_OPEN,1617436800000,0
BTCUSDT,1617465600000,0.00101313,58869.85097397,MARK_PRICE_EXACT_OPEN,1617465600000,0
BTCUSDT,1617494400000,0.0005209,57133.59355092,MARK_PRICE_EXACT_OPEN,1617494400000,0
BTCUSDT,1617523200000,0.00048495,57661.53521017,MARK_PRICE_EXACT_OPEN,1617523200000,0
BTCUSDT,1617552000016,0.00026521,57863.48556996,MARK_PRICE_PREVIOUS_FALLBACK,1617552000000,16
BTCUSDT,1617580800000,0.00039464,58228.40382931,MARK_PRICE_EXACT_OPEN,1617580800000,0
BTCUSDT,1617609600001,0.00043217,57336.74993514,MARK_PRICE_PREVIOUS_FALLBACK,1617609600000,1
BTCUSDT,1617638400001,0.00037409,59164.6,MARK_PRICE_PREVIOUS_FALLBACK,1617638400000,1
BTCUSDT,1617667200010,0.00097189,59323.6909702,MARK_PRICE_PREVIOUS_FALLBACK,1617667200000,10
BTCUSDT,1617696000000,0.00057776,58639.75399833,MARK_PRICE_EXACT_OPEN,1617696000000,0
BTCUSDT,1617724800003,0.00083736,57846.87263414,MARK_PRICE_PREVIOUS_FALLBACK,1617724800000,3
BTCUSDT,1617753600000,0.00057609,58055.82825018,MARK_PRICE_EXACT_OPEN,1617753600000,0
BTCUSDT,1617782400006,0.00053749,57820.12,MARK_PRICE_PREVIOUS_FALLBACK,1617782400000,6
BTCUSDT,1617811200004,0.0005366,56412.50282336,MARK_PRICE_PREVIOUS_FALLBACK,1617811200000,4
BTCUSDT,1617840000013,0.00040784,56024.71,MARK_PRICE_PREVIOUS_FALLBACK,1617840000000,13
BTCUSDT,1617868800003,0.00024943,57135.22758105,MARK_PRICE_PREVIOUS_FALLBACK,1617868800000,3
BTCUSDT,1617897600005,0.00026225,57899.31,MARK_PRICE_PREVIOUS_FALLBACK,1617897600000,5
BTCUSDT,1617926400000,0.00019611,58125.45084236,MARK_PRICE_EXACT_OPEN,1617926400000,0
BTCUSDT,1617955200004,0.00026301,58073.14,MARK_PRICE_PREVIOUS_FALLBACK,1617955200000,4
BTCUSDT,1617984000004,0.00021785,58336.11130033,MARK_PRICE_PREVIOUS_FALLBACK,1617984000000,4
BTCUSDT,1618012800011,0.00012959,58184.85,MARK_PRICE_PREVIOUS_FALLBACK,1618012800000,11
BTCUSDT,1618041600005,0.00148624,60626.36630838,MARK_PRICE_PREVIOUS_FALLBACK,1618041600000,5
BTCUSDT,1618070400000,0.00119652,60340.43,MARK_PRICE_EXACT_OPEN,1618070400000,0
BTCUSDT,1618099200004,0.00086735,60095.18329001,MARK_PRICE_PREVIOUS_FALLBACK,1618099200000,4
BTCUSDT,1618128000000,0.00099427,59722.51,MARK_PRICE_EXACT_OPEN,1618128000000,0
BTCUSDT,1618156800000,0.00105998,59726.65808127,MARK_PRICE_EXACT_OPEN,1618156800000,0
BTCUSDT,1618185600001,0.00093793,60242.45997129,MARK_PRICE_PREVIOUS_FALLBACK,1618185600000,1
BTCUSDT,1618214400001,0.00106358,60739.01,MARK_PRICE_PREVIOUS_FALLBACK,1618214400000,1
BTCUSDT,1618243200008,0.00094343,59963.85,MARK_PRICE_PREVIOUS_FALLBACK,1618243200000,8
BTCUSDT,1618272000003,0.00084072,59979.45297606,MARK_PRICE_PREVIOUS_FALLBACK,1618272000000,3
BTCUSDT,1618300800008,0.00089928,61256.04562354,MARK_PRICE_PREVIOUS_FALLBACK,1618300800000,8
BTCUSDT,1618329600008,0.0012267,63588.0680876,MARK_PRICE_PREVIOUS_FALLBACK,1618329600000,8
BTCUSDT,1618358400008,0.00090508,63717.3505434,MARK_PRICE_PREVIOUS_FALLBACK,1618358400000,8
BTCUSDT,1618387200000,0.00108567,64370.13056778,MARK_PRICE_EXACT_OPEN,1618387200000,0
BTCUSDT,1618416000012,0.00104786,63253.41607268,MARK_PRICE_PREVIOUS_FALLBACK,1618416000000,12
BTCUSDT,1618444800006,0.00076335,63359.44651167,MARK_PRICE_PREVIOUS_FALLBACK,1618444800000,6
BTCUSDT,1618473600000,0.00082082,62923.38399874,MARK_PRICE_EXACT_OPEN,1618473600000,0
BTCUSDT,1618502400008,0.00110324,62905.81948439,MARK_PRICE_PREVIOUS_FALLBACK,1618502400000,8
BTCUSDT,1618531200008,0.00109647,63360.12800271,MARK_PRICE_PREVIOUS_FALLBACK,1618531200000,8
BTCUSDT,1618560000000,0.00120022,61469.5,MARK_PRICE_EXACT_OPEN,1618560000000,0
BTCUSDT,1618588800002,0.00115519,61588.15,MARK_PRICE_PREVIOUS_FALLBACK,1618588800000,2
BTCUSDT,1618617600008,0.00054906,61464.4578054,MARK_PRICE_PREVIOUS_FALLBACK,1618617600000,8
BTCUSDT,1618646400000,0.00054007,62149.19149109,MARK_PRICE_EXACT_OPEN,1618646400000,0
BTCUSDT,1618675200001,0.00087572,60250.01786983,MARK_PRICE_PREVIOUS_FALLBACK,1618675200000,1
BTCUSDT,1618704000006,0.00081624,60232.48580377,MARK_PRICE_PREVIOUS_FALLBACK,1618704000000,6
BTCUSDT,1618732800004,0.00058448,56344.6069102,MARK_PRICE_PREVIOUS_FALLBACK,1618732800000,4
BTCUSDT,1618761600000,0.0001,55474.92,MARK_PRICE_EXACT_OPEN,1618761600000,0
BTCUSDT,1618790400000,0.0001,56150.199968,MARK_PRICE_EXACT_OPEN,1618790400000,0
BTCUSDT,1618819200000,0.0001,57325,MARK_PRICE_EXACT_OPEN,1618819200000,0
BTCUSDT,1618848000009,0.0001,54463.2063849,MARK_PRICE_PREVIOUS_FALLBACK,1618848000000,9
BTCUSDT,1618876800004,0.0001,55719,MARK_PRICE_PREVIOUS_FALLBACK,1618876800000,4
BTCUSDT,1618905600000,0.0001,54403.61182255,MARK_PRICE_EXACT_OPEN,1618905600000,0
BTCUSDT,1618934400001,0.0001,55449.11,MARK_PRICE_PREVIOUS_FALLBACK,1618934400000,1
BTCUSDT,1618963200013,0.0001,56459.97069563,MARK_PRICE_PREVIOUS_FALLBACK,1618963200000,13
BTCUSDT,1618992000001,0.0001,55382.37855361,MARK_PRICE_PREVIOUS_FALLBACK,1618992000000,1
BTCUSDT,1619020800002,0.0001,56204.43301537,MARK_PRICE_PREVIOUS_FALLBACK,1619020800000,2
BTCUSDT,1619049600000,0.0001,53793.61,MARK_PRICE_EXACT_OPEN,1619049600000,0
BTCUSDT,1619078400000,0.0001,54146.03,MARK_PRICE_EXACT_OPEN,1619078400000,0
BTCUSDT,1619107200001,0.0001,54636.88,MARK_PRICE_PREVIOUS_FALLBACK,1619107200000,1
BTCUSDT,1619136000002,0.0001,51636.6595804,MARK_PRICE_PREVIOUS_FALLBACK,1619136000000,2
BTCUSDT,1619164800009,0.00047618,48119.02310344,MARK_PRICE_PREVIOUS_FALLBACK,1619164800000,9
BTCUSDT,1619193600001,0.0001,49782.61,MARK_PRICE_PREVIOUS_FALLBACK,1619193600000,1
BTCUSDT,1619222400019,0.0001,51173.23299248,MARK_PRICE_PREVIOUS_FALLBACK,1619222400000,19
BTCUSDT,1619251200001,0.00027672,49778.4932286,MARK_PRICE_PREVIOUS_FALLBACK,1619251200000,1
BTCUSDT,1619280000011,0.0001676,50140.86266437,MARK_PRICE_PREVIOUS_FALLBACK,1619280000000,11
BTCUSDT,1619308800000,0.000217,50087.74,MARK_PRICE_EXACT_OPEN,1619308800000,0
BTCUSDT,1619337600010,0.00038558,49719.74833135,MARK_PRICE_PREVIOUS_FALLBACK,1619337600000,10
BTCUSDT,1619366400000,0.0001,50273.28,MARK_PRICE_EXACT_OPEN,1619366400000,0
BTCUSDT,1619395200003,0.0001,49215.88828594,MARK_PRICE_PREVIOUS_FALLBACK,1619395200000,3
BTCUSDT,1619424000002,0.0001,52913.67301837,MARK_PRICE_PREVIOUS_FALLBACK,1619424000000,2
BTCUSDT,1619452800004,0.0001,53666.01497238,MARK_PRICE_PREVIOUS_FALLBACK,1619452800000,4
BTCUSDT,1619481600000,0.0001,53987.95,MARK_PRICE_EXACT_OPEN,1619481600000,0
BTCUSDT,1619510400000,0.0001,54540.9876866,MARK_PRICE_EXACT_OPEN,1619510400000,0
BTCUSDT,1619539200009,0.0001,55049.84061692,MARK_PRICE_PREVIOUS_FALLBACK,1619539200000,9
BTCUSDT,1619568000000,0.0001,55012.84173978,MARK_PRICE_EXACT_OPEN,1619568000000,0
BTCUSDT,1619596800000,0.0001,54277.85868526,MARK_PRICE_EXACT_OPEN,1619596800000,0
BTCUSDT,1619625600001,0.0001,54331.46397692,MARK_PRICE_PREVIOUS_FALLBACK,1619625600000,1
BTCUSDT,1619654400004,0.0001,54936.07093396,MARK_PRICE_PREVIOUS_FALLBACK,1619654400000,4
BTCUSDT,1619683200013,0.0001,54449.57717998,MARK_PRICE_PREVIOUS_FALLBACK,1619683200000,13
BTCUSDT,1619712000003,0.0001,53700,MARK_PRICE_PREVIOUS_FALLBACK,1619712000000,3
BTCUSDT,1619740800004,0.0001,53537.26620145,MARK_PRICE_PREVIOUS_FALLBACK,1619740800000,4
BTCUSDT,1619769600019,0.0001,54413.25,MARK_PRICE_PREVIOUS_FALLBACK,1619769600000,19
BTCUSDT,1619798400003,0.0001,57207.01314778,MARK_PRICE_PREVIOUS_FALLBACK,1619798400000,3
BTCUSDT,1619827200002,0.00011209,57548.76585413,MARK_PRICE_PREVIOUS_FALLBACK,1619827200000,2
BTCUSDT,1619856000006,0.0001,57802.58,MARK_PRICE_PREVIOUS_FALLBACK,1619856000000,6
BTCUSDT,1619884800000,0.00032496,57396.11,MARK_PRICE_EXACT_OPEN,1619884800000,0
BTCUSDT,1619913600010,0.00015819,57850.01,MARK_PRICE_PREVIOUS_FALLBACK,1619913600000,10
BTCUSDT,1619942400011,0.00045285,56757.45997574,MARK_PRICE_PREVIOUS_FALLBACK,1619942400000,11
BTCUSDT,1619971200007,0.00045283,56695.78224669,MARK_PRICE_PREVIOUS_FALLBACK,1619971200000,7
BTCUSDT,1620000000003,0.00040313,56627.51073132,MARK_PRICE_PREVIOUS_FALLBACK,1620000000000,3
BTCUSDT,1620028800000,0.00036188,58839.37,MARK_PRICE_EXACT_OPEN,1620028800000,0
BTCUSDT,1620057600043,0.00067307,57822.71670765,MARK_PRICE_PREVIOUS_FALLBACK,1620057600000,43
BTCUSDT,1620086400004,0.00050959,57209,MARK_PRICE_PREVIOUS_FALLBACK,1620086400000,4
BTCUSDT,1620115200003,0.00012186,55892.39936507,MARK_PRICE_PREVIOUS_FALLBACK,1620115200000,3
BTCUSDT,1620144000011,0.00066426,53835.1,MARK_PRICE_PREVIOUS_FALLBACK,1620144000000,11
BTCUSDT,1620172800001,0.00044701,53135.68385781,MARK_PRICE_PREVIOUS_FALLBACK,1620172800000,1
BTCUSDT,1620201600007,0.00042458,54889.9584455,MARK_PRICE_PREVIOUS_FALLBACK,1620201600000,7
BTCUSDT,1620230400001,0.00011734,57709.44,MARK_PRICE_PREVIOUS_FALLBACK,1620230400000,1
BTCUSDT,1620259200003,0.00076121,57534.53375697,MARK_PRICE_PREVIOUS_FALLBACK,1620259200000,3
BTCUSDT,1620288000001,0.00059968,56869.34970252,MARK_PRICE_PREVIOUS_FALLBACK,1620288000000,1
BTCUSDT,1620316800000,0.0009352,57172.91485734,MARK_PRICE_EXACT_OPEN,1620316800000,0
BTCUSDT,1620345600000,0.00044645,56440.23,MARK_PRICE_EXACT_OPEN,1620345600000,0
BTCUSDT,1620374400000,0.00053313,55854.4,MARK_PRICE_EXACT_OPEN,1620374400000,0
BTCUSDT,1620403200001,0.00017144,57616.95157397,MARK_PRICE_PREVIOUS_FALLBACK,1620403200000,1
BTCUSDT,1620432000006,0.0005937,57348.08717557,MARK_PRICE_PREVIOUS_FALLBACK,1620432000000,6
BTCUSDT,1620460800000,0.00046279,58496.54263243,MARK_PRICE_EXACT_OPEN,1620460800000,0
BTCUSDT,1620489600000,0.00046426,57655.98,MARK_PRICE_EXACT_OPEN,1620489600000,0
BTCUSDT,1620518400005,0.00048942,58988.6450544,MARK_PRICE_PREVIOUS_FALLBACK,1620518400000,5
BTCUSDT,1620547200016,0.00043845,58020.35149221,MARK_PRICE_PREVIOUS_FALLBACK,1620547200000,16
BTCUSDT,1620576000000,0.00063864,57459.7987741,MARK_PRICE_EXACT_OPEN,1620576000000,0
BTCUSDT,1620604800004,0.00033531,58370.65,MARK_PRICE_PREVIOUS_FALLBACK,1620604800000,4
BTCUSDT,1620633600000,0.00090258,58462.14,MARK_PRICE_EXACT_OPEN,1620633600000,0
BTCUSDT,1620662400013,0.00098653,58614.8250389,MARK_PRICE_PREVIOUS_FALLBACK,1620662400000,13
BTCUSDT,1620691200000,0.00039557,55867.57,MARK_PRICE_EXACT_OPEN,1620691200000,0
BTCUSDT,1620720000000,0.00050874,55790.72,MARK_PRICE_EXACT_OPEN,1620720000000,0
BTCUSDT,1620748800002,0.00025625,56054.38904666,MARK_PRICE_PREVIOUS_FALLBACK,1620748800000,2
BTCUSDT,1620777600004,0.00016659,56682.58,MARK_PRICE_PREVIOUS_FALLBACK,1620777600000,4
BTCUSDT,1620806400007,0.00033736,57165.41104646,MARK_PRICE_PREVIOUS_FALLBACK,1620806400000,7
BTCUSDT,1620835200012,0.00039761,55424.78678513,MARK_PRICE_PREVIOUS_FALLBACK,1620835200000,12
BTCUSDT,1620864000016,0.00011638,49288.61692113,MARK_PRICE_PREVIOUS_FALLBACK,1620864000000,16
BTCUSDT,1620892800000,0.0001,50893.36,MARK_PRICE_EXACT_OPEN,1620892800000,0
BTCUSDT,1620921600008,0.00022863,49839.06877182,MARK_PRICE_PREVIOUS_FALLBACK,1620921600000,8
BTCUSDT,1620950400007,0.0004004,49646.76,MARK_PRICE_PREVIOUS_FALLBACK,1620950400000,7
BTCUSDT,1620979200001,0.00035219,50049.96410971,MARK_PRICE_PREVIOUS_FALLBACK,1620979200000,1
BTCUSDT,1621008000004,0.00015069,51302.52,MARK_PRICE_PREVIOUS_FALLBACK,1621008000000,4
BTCUSDT,1621036800022,0.0001,49919.27299232,MARK_PRICE_PREVIOUS_FALLBACK,1621036800000,22
BTCUSDT,1621065600014,0.00010123,48407.36,MARK_PRICE_PREVIOUS_FALLBACK,1621065600000,14
BTCUSDT,1621094400002,0.00020153,48892.54127974,MARK_PRICE_PREVIOUS_FALLBACK,1621094400000,2
BTCUSDT,1621123200000,0.00040248,46785.65609912,MARK_PRICE_EXACT_OPEN,1621123200000,0
BTCUSDT,1621152000003,0.00016682,49351.3,MARK_PRICE_PREVIOUS_FALLBACK,1621152000000,3
BTCUSDT,1621180800002,0.00036196,47637.44,MARK_PRICE_PREVIOUS_FALLBACK,1621180800000,2
BTCUSDT,1621209600005,0.0001,46509.14198932,MARK_PRICE_PREVIOUS_FALLBACK,1621209600000,5
BTCUSDT,1621238400001,0.00063989,45151.13504702,MARK_PRICE_PREVIOUS_FALLBACK,1621238400000,1
BTCUSDT,1621267200000,0.00059294,43397.01,MARK_PRICE_EXACT_OPEN,1621267200000,0
BTCUSDT,1621296000019,0.00054643,43767.00428877,MARK_PRICE_PREVIOUS_FALLBACK,1621296000000,19
BTCUSDT,1621324800001,0.00014723,45128.03163901,MARK_PRICE_PREVIOUS_FALLBACK,1621324800000,1
BTCUSDT,1621353600006,0.00021809,43034.2557407,MARK_PRICE_PREVIOUS_FALLBACK,1621353600000,6
BTCUSDT,1621382400000,0.0001,42862.48,MARK_PRICE_EXACT_OPEN,1621382400000,0
BTCUSDT,1621411200003,0.00035813,40275,MARK_PRICE_PREVIOUS_FALLBACK,1621411200000,3
BTCUSDT,1621440000018,-0.00089697,37039.65,MARK_PRICE_PREVIOUS_FALLBACK,1621440000000,18
BTCUSDT,1621468800005,0.0001,37145.93,MARK_PRICE_PREVIOUS_FALLBACK,1621468800000,5
BTCUSDT,1621497600000,0.0001,39957.19,MARK_PRICE_EXACT_OPEN,1621497600000,0
BTCUSDT,1621526400005,0.0001,41067.78,MARK_PRICE_PREVIOUS_FALLBACK,1621526400000,5
BTCUSDT,1621555200000,0.0001,40511.04171736,MARK_PRICE_EXACT_OPEN,1621555200000,0
BTCUSDT,1621584000000,-0.00001001,39819.99,MARK_PRICE_EXACT_OPEN,1621584000000,0
BTCUSDT,1621612800001,0.00007546,36455.48979944,MARK_PRICE_PREVIOUS_FALLBACK,1621612800000,1
BTCUSDT,1621641600001,-0.00024448,37295.5,MARK_PRICE_PREVIOUS_FALLBACK,1621641600000,1
BTCUSDT,1621670400002,0.0001,36317.01,MARK_PRICE_PREVIOUS_FALLBACK,1621670400000,2
BTCUSDT,1621699200005,0.0001,38163.18,MARK_PRICE_PREVIOUS_FALLBACK,1621699200000,5
BTCUSDT,1621728000006,-0.00005011,37336.72,MARK_PRICE_PREVIOUS_FALLBACK,1621728000000,6
BTCUSDT,1621756800004,-0.00001059,35790.62564698,MARK_PRICE_PREVIOUS_FALLBACK,1621756800000,4
BTCUSDT,1621785600002,0.00004696,33161.93353568,MARK_PRICE_PREVIOUS_FALLBACK,1621785600000,2
BTCUSDT,1621814400007,-0.00008534,34796.27,MARK_PRICE_PREVIOUS_FALLBACK,1621814400000,7
BTCUSDT,1621843200005,-0.00009905,36542.97,MARK_PRICE_PREVIOUS_FALLBACK,1621843200000,5
BTCUSDT,1621872000005,0.00002089,37721.44,MARK_PRICE_PREVIOUS_FALLBACK,1621872000000,5
BTCUSDT,1621900800000,0.0001,38780.74190871,MARK_PRICE_EXACT_OPEN,1621900800000,0
BTCUSDT,1621929600014,0.0001,38932.777154,MARK_PRICE_PREVIOUS_FALLBACK,1621929600000,14
BTCUSDT,1621958400000,0.0001,38265.40812863,MARK_PRICE_EXACT_OPEN,1621958400000,0
BTCUSDT,1621987200022,0.0001,38345.01,MARK_PRICE_PREVIOUS_FALLBACK,1621987200000,22
BTCUSDT,1622016000018,0.0001,40460.54687043,MARK_PRICE_PREVIOUS_FALLBACK,1622016000000,18
BTCUSDT,1622044800004,0.0001,38789.78,MARK_PRICE_PREVIOUS_FALLBACK,1622044800000,4
BTCUSDT,1622073600000,0.0001,39224.2,MARK_PRICE_EXACT_OPEN,1622073600000,0
BTCUSDT,1622102400017,0.0001,38258.21,MARK_PRICE_PREVIOUS_FALLBACK,1622102400000,17
BTCUSDT,1622131200000,0.0001,39689.03,MARK_PRICE_EXACT_OPEN,1622131200000,0
BTCUSDT,1622160000005,0.0001,38338.17002102,MARK_PRICE_PREVIOUS_FALLBACK,1622160000000,5
BTCUSDT,1622188800009,0.0001,36875.85068162,MARK_PRICE_PREVIOUS_FALLBACK,1622188800000,9
BTCUSDT,1622217600000,0.0001,36741.99158747,MARK_PRICE_EXACT_OPEN,1622217600000,0
BTCUSDT,1622246400006,0.0001,35728.93160049,MARK_PRICE_PREVIOUS_FALLBACK,1622246400000,6
BTCUSDT,1622275200000,0.0001,36190.89,MARK_PRICE_EXACT_OPEN,1622275200000,0
BTCUSDT,1622304000000,0.00010375,34445.1862288,MARK_PRICE_EXACT_OPEN,1622304000000,0
BTCUSDT,1622332800003,0.0001,34591.06210611,MARK_PRICE_PREVIOUS_FALLBACK,1622332800000,3
BTCUSDT,1622361600004,0.0001,36042.90060628,MARK_PRICE_PREVIOUS_FALLBACK,1622361600000,4
BTCUSDT,1622390400018,0.0001,35552.87,MARK_PRICE_PREVIOUS_FALLBACK,1622390400000,18
BTCUSDT,1622419200002,0.0001,35523.69,MARK_PRICE_PREVIOUS_FALLBACK,1622419200000,2
BTCUSDT,1622448000000,0.0001,35849.62348031,MARK_PRICE_EXACT_OPEN,1622448000000,0
BTCUSDT,1622476800000,0.0001,36953.26829482,MARK_PRICE_EXACT_OPEN,1622476800000,0
BTCUSDT,1622505600001,0.0001,37108.24707284,MARK_PRICE_PREVIOUS_FALLBACK,1622505600000,1
BTCUSDT,1622534400010,0.0001,36851.96,MARK_PRICE_PREVIOUS_FALLBACK,1622534400000,10
BTCUSDT,1622563200010,0.0001,36132.8348771,MARK_PRICE_PREVIOUS_FALLBACK,1622563200000,10
BTCUSDT,1622592000008,0.0001,36773.21541929,MARK_PRICE_PREVIOUS_FALLBACK,1622592000000,8
BTCUSDT,1622620800000,0.0001,37219.22,MARK_PRICE_EXACT_OPEN,1622620800000,0
BTCUSDT,1622649600007,0.0001,38063.5,MARK_PRICE_PREVIOUS_FALLBACK,1622649600000,7
BTCUSDT,1622678400019,0.0001,37494.1188404,MARK_PRICE_PREVIOUS_FALLBACK,1622678400000,19
BTCUSDT,1622707200002,0.0001,38604.70092654,MARK_PRICE_PREVIOUS_FALLBACK,1622707200000,2
BTCUSDT,1622736000003,0.0001,38591.78864789,MARK_PRICE_PREVIOUS_FALLBACK,1622736000000,3
BTCUSDT,1622764800003,0.0001,39217.44755146,MARK_PRICE_PREVIOUS_FALLBACK,1622764800000,3
BTCUSDT,1622793600006,0.00020566,36531.97131239,MARK_PRICE_PREVIOUS_FALLBACK,1622793600000,6
BTCUSDT,1622822400002,0.0001,36821.59,MARK_PRICE_PREVIOUS_FALLBACK,1622822400000,2
BTCUSDT,1622851200000,0.0001,36839.52084555,MARK_PRICE_EXACT_OPEN,1622851200000,0
BTCUSDT,1622880000004,0.0001,37603.58,MARK_PRICE_PREVIOUS_FALLBACK,1622880000000,4
BTCUSDT,1622908800020,0.0001,36205,MARK_PRICE_PREVIOUS_FALLBACK,1622908800000,20
BTCUSDT,1622937600000,0.0001,35502.50078829,MARK_PRICE_EXACT_OPEN,1622937600000,0
BTCUSDT,1622966400004,0.0001,36168.73094849,MARK_PRICE_PREVIOUS_FALLBACK,1622966400000,4
BTCUSDT,1622995200000,0.0001,36162.03640147,MARK_PRICE_EXACT_OPEN,1622995200000,0
BTCUSDT,1623024000007,0.0001,35855.61093228,MARK_PRICE_PREVIOUS_FALLBACK,1623024000000,7
BTCUSDT,1623052800007,0.0001,36178.87377753,MARK_PRICE_PREVIOUS_FALLBACK,1623052800000,7
BTCUSDT,1623081600003,0.0001,36075.327218,MARK_PRICE_PREVIOUS_FALLBACK,1623081600000,3
BTCUSDT,1623110400000,0.0001,33561.76996397,MARK_PRICE_EXACT_OPEN,1623110400000,0
BTCUSDT,1623139200000,0.00001015,32944.28905361,MARK_PRICE_EXACT_OPEN,1623139200000,0
BTCUSDT,1623168000002,0.0001,31609.91,MARK_PRICE_PREVIOUS_FALLBACK,1623168000000,2
BTCUSDT,1623196800009,0.0001,33388.48,MARK_PRICE_PREVIOUS_FALLBACK,1623196800000,9
BTCUSDT,1623225600002,-0.00005397,34084.79047336,MARK_PRICE_PREVIOUS_FALLBACK,1623225600000,2
BTCUSDT,1623254400000,-0.00014842,36333.38,MARK_PRICE_EXACT_OPEN,1623254400000,0
BTCUSDT,1623283200007,-0.00016793,37344.95467548,MARK_PRICE_PREVIOUS_FALLBACK,1623283200000,7
BTCUSDT,1623312000003,0.00006027,36892.64,MARK_PRICE_PREVIOUS_FALLBACK,1623312000000,3
BTCUSDT,1623340800000,0.0001,36901.36995306,MARK_PRICE_EXACT_OPEN,1623340800000,0
BTCUSDT,1623369600010,0.0001,36704.86,MARK_PRICE_PREVIOUS_FALLBACK,1623369600000,10
BTCUSDT,1623398400007,0.00002612,37074.88,MARK_PRICE_PREVIOUS_FALLBACK,1623398400000,7
BTCUSDT,1623427200006,0.00004776,36794,MARK_PRICE_PREVIOUS_FALLBACK,1623427200000,6
BTCUSDT,1623456000005,-0.0000778,37233.76793027,MARK_PRICE_PREVIOUS_FALLBACK,1623456000000,5
BTCUSDT,1623484800000,0.0001,35274.47,MARK_PRICE_EXACT_OPEN,1623484800000,0
BTCUSDT,1623513600018,-0.00000814,35364.95374782,MARK_PRICE_PREVIOUS_FALLBACK,1623513600000,18
BTCUSDT,1623542400002,0.0000964,35592.86,MARK_PRICE_PREVIOUS_FALLBACK,1623542400000,2
BTCUSDT,1623571200000,0.00002852,35266.96934134,MARK_PRICE_EXACT_OPEN,1623571200000,0
BTCUSDT,1623600000003,-0.00006559,36051.37926946,MARK_PRICE_PREVIOUS_FALLBACK,1623600000000,3
BTCUSDT,1623628800000,0.0001,39003.78733616,MARK_PRICE_EXACT_OPEN,1623628800000,0
BTCUSDT,1623657600015,0.0001,39576.35,MARK_PRICE_PREVIOUS_FALLBACK,1623657600000,15
BTCUSDT,1623686400000,-0.00003144,40674.59,MARK_PRICE_EXACT_OPEN,1623686400000,0
BTCUSDT,1623715200000,0.00008002,40495.28718167,MARK_PRICE_EXACT_OPEN,1623715200000,0
BTCUSDT,1623744000000,0.0001,40352.71946399,MARK_PRICE_EXACT_OPEN,1623744000000,0
BTCUSDT,1623772800004,0.0001,40074.3,MARK_PRICE_PREVIOUS_FALLBACK,1623772800000,4
BTCUSDT,1623801600004,0.0001,40062.76771444,MARK_PRICE_PREVIOUS_FALLBACK,1623801600000,4
BTCUSDT,1623830400001,0.0001,40088.6,MARK_PRICE_PREVIOUS_FALLBACK,1623830400000,1
BTCUSDT,1623859200000,0.0001,38778.67091585,MARK_PRICE_EXACT_OPEN,1623859200000,0
BTCUSDT,1623888000004,0.0001,38389.53768144,MARK_PRICE_PREVIOUS_FALLBACK,1623888000000,4
BTCUSDT,1623916800000,0.0001,39203.49051326,MARK_PRICE_EXACT_OPEN,1623916800000,0
BTCUSDT,1623945600002,0.0001,38972.61165074,MARK_PRICE_PREVIOUS_FALLBACK,1623945600000,2
BTCUSDT,1623974400009,0.00005342,37992.93,MARK_PRICE_PREVIOUS_FALLBACK,1623974400000,9
BTCUSDT,1624003200014,0.00000345,37707.1,MARK_PRICE_PREVIOUS_FALLBACK,1624003200000,14
BTCUSDT,1624032000007,0.0001,36477.58385848,MARK_PRICE_PREVIOUS_FALLBACK,1624032000000,7
BTCUSDT,1624060800003,-0.00005205,35750.59,MARK_PRICE_PREVIOUS_FALLBACK,1624060800000,3
BTCUSDT,1624089600001,-0.00009441,35696.60004048,MARK_PRICE_PREVIOUS_FALLBACK,1624089600000,1
BTCUSDT,1624118400000,0.00007475,36104.67,MARK_PRICE_EXACT_OPEN,1624118400000,0
BTCUSDT,1624147200005,0.0001,35501.04587828,MARK_PRICE_PREVIOUS_FALLBACK,1624147200000,5
BTCUSDT,1624176000000,0.0001,35613.35,MARK_PRICE_EXACT_OPEN,1624176000000,0
BTCUSDT,1624204800002,-0.00018437,34435.02,MARK_PRICE_PREVIOUS_FALLBACK,1624204800000,2
BTCUSDT,1624233600019,-0.00001617,35566.65,MARK_PRICE_PREVIOUS_FALLBACK,1624233600000,19
BTCUSDT,1624262400000,0.0001,32984.94872513,MARK_PRICE_EXACT_OPEN,1624262400000,0
BTCUSDT,1624291200024,-0.00019854,32637.2,MARK_PRICE_PREVIOUS_FALLBACK,1624291200000,24
BTCUSDT,1624320000008,0.00007947,31683.34,MARK_PRICE_PREVIOUS_FALLBACK,1624320000000,8
BTCUSDT,1624348800009,0.0001,32613.11878154,MARK_PRICE_PREVIOUS_FALLBACK,1624348800000,9
BTCUSDT,1624377600001,-0.00032806,31797.34446693,MARK_PRICE_PREVIOUS_FALLBACK,1624377600000,1
BTCUSDT,1624406400003,6.7e-7,32474.43,MARK_PRICE_PREVIOUS_FALLBACK,1624406400000,3
BTCUSDT,1624435200000,-0.00013693,33959.13,MARK_PRICE_EXACT_OPEN,1624435200000,0
BTCUSDT,1624464000000,-0.00019895,33488.23,MARK_PRICE_EXACT_OPEN,1624464000000,0
BTCUSDT,1624492800009,-0.00007785,33637.61,MARK_PRICE_PREVIOUS_FALLBACK,1624492800000,9
BTCUSDT,1624521600018,0.0001,32819.55197122,MARK_PRICE_PREVIOUS_FALLBACK,1624521600000,18
BTCUSDT,1624550400001,-0.00018863,33856.73439677,MARK_PRICE_PREVIOUS_FALLBACK,1624550400000,1
BTCUSDT,1624579200009,0.00002372,34680.58,MARK_PRICE_PREVIOUS_FALLBACK,1624579200000,9
BTCUSDT,1624608000004,0.0001,34227.46907979,MARK_PRICE_PREVIOUS_FALLBACK,1624608000000,4
BTCUSDT,1624636800000,0.0001,32604.06262493,MARK_PRICE_EXACT_OPEN,1624636800000,0
BTCUSDT,1624665600007,-0.00011029,31662.28518427,MARK_PRICE_PREVIOUS_FALLBACK,1624665600000,7
BTCUSDT,1624694400000,-0.00013121,30701.22529279,MARK_PRICE_EXACT_OPEN,1624694400000,0
BTCUSDT,1624723200002,-0.00010371,31452.98982297,MARK_PRICE_PREVIOUS_FALLBACK,1624723200000,2
BTCUSDT,1624752000005,-0.00023578,32256.26965152,MARK_PRICE_PREVIOUS_FALLBACK,1624752000000,5
BTCUSDT,1624780800010,-0.00052905,33173.69,MARK_PRICE_PREVIOUS_FALLBACK,1624780800000,10
BTCUSDT,1624809600001,-0.00026102,33101.00177574,MARK_PRICE_PREVIOUS_FALLBACK,1624809600000,1
BTCUSDT,1624838400025,-0.00002914,34576.33,MARK_PRICE_PREVIOUS_FALLBACK,1624838400000,25
BTCUSDT,1624867200017,0.00003312,34979.92666651,MARK_PRICE_PREVIOUS_FALLBACK,1624867200000,17
BTCUSDT,1624896000007,0.0001,34864.32405893,MARK_PRICE_PREVIOUS_FALLBACK,1624896000000,7
BTCUSDT,1624924800008,0.00008346,34528.99,MARK_PRICE_PREVIOUS_FALLBACK,1624924800000,8
BTCUSDT,1624953600000,0.0001,34847.04596648,MARK_PRICE_EXACT_OPEN,1624953600000,0
BTCUSDT,1624982400000,0.00003883,36247.5927711,MARK_PRICE_EXACT_OPEN,1624982400000,0
BTCUSDT,1625011200011,0.0001,35935.15,MARK_PRICE_PREVIOUS_FALLBACK,1625011200000,11
BTCUSDT,1625040000044,0.0001,35186.21,MARK_PRICE_PREVIOUS_FALLBACK,1625040000000,44
BTCUSDT,1625068800005,0.0001,34193.89634228,MARK_PRICE_PREVIOUS_FALLBACK,1625068800000,5
BTCUSDT,1625097600000,0.0001,35031.41,MARK_PRICE_PREVIOUS_FALLBACK,1625097540000,60000
BTCUSDT,1625126400004,0.0001,,MARK_PRICE_TOO_STALE,1625097540000,28860004
BTCUSDT,1625155200028,0.0001,,MARK_PRICE_TOO_STALE,1625097540000,57660028
BTCUSDT,1625184000002,0.00008304,33516.71,MARK_PRICE_PREVIOUS_FALLBACK,1625184000000,2
BTCUSDT,1625212800016,0.0001,33379.25622556,MARK_PRICE_PREVIOUS_FALLBACK,1625212800000,16
BTCUSDT,1625241600007,-0.00012187,33623.84248319,MARK_PRICE_PREVIOUS_FALLBACK,1625241600000,7
BTCUSDT,1625270400008,-0.00004866,33800.92646392,MARK_PRICE_PREVIOUS_FALLBACK,1625270400000,8
BTCUSDT,1625299200000,-0.0001355,34476.17,MARK_PRICE_EXACT_OPEN,1625299200000,0
BTCUSDT,1625328000004,0.0000353,34578.77961022,MARK_PRICE_PREVIOUS_FALLBACK,1625328000000,4
BTCUSDT,1625356800012,0.00003235,34601.66,MARK_PRICE_PREVIOUS_FALLBACK,1625356800000,12
BTCUSDT,1625385600002,-0.0001527,35603.46779082,MARK_PRICE_PREVIOUS_FALLBACK,1625385600000,2
BTCUSDT,1625414400003,0.00004428,35502.43829907,MARK_PRICE_PREVIOUS_FALLBACK,1625414400000,3
BTCUSDT,1625443200004,0.0001,35111.57615348,MARK_PRICE_PREVIOUS_FALLBACK,1625443200000,4
BTCUSDT,1625472000000,0.0001,34237.23,MARK_PRICE_EXACT_OPEN,1625472000000,0
BTCUSDT,1625500800009,-0.0001044,33595.51,MARK_PRICE_PREVIOUS_FALLBACK,1625500800000,9
BTCUSDT,1625529600008,-0.00000681,33662.97715808,MARK_PRICE_PREVIOUS_FALLBACK,1625529600000,8
BTCUSDT,1625558400019,-0.0001114,34850.01018233,MARK_PRICE_PREVIOUS_FALLBACK,1625558400000,19
BTCUSDT,1625587200000,-0.00008213,34027.37,MARK_PRICE_EXACT_OPEN,1625587200000,0
BTCUSDT,1625616000007,-0.00013362,34170,MARK_PRICE_PREVIOUS_FALLBACK,1625616000000,7
BTCUSDT,1625644800001,0.0001,34673.43644704,MARK_PRICE_PREVIOUS_FALLBACK,1625644800000,1
BTCUSDT,1625673600008,0.0001,34516.53088771,MARK_PRICE_PREVIOUS_FALLBACK,1625673600000,8
BTCUSDT,1625702400002,0.00001382,33766.41052325,MARK_PRICE_PREVIOUS_FALLBACK,1625702400000,2
BTCUSDT,1625731200010,-0.00006403,32479.21532105,MARK_PRICE_PREVIOUS_FALLBACK,1625731200000,10
BTCUSDT,1625760000003,-0.0002808,32826.2,MARK_PRICE_PREVIOUS_FALLBACK,1625760000000,3
BTCUSDT,1625788800000,-0.00010885,32855.2634305,MARK_PRICE_EXACT_OPEN,1625788800000,0
BTCUSDT,1625817600006,-0.00017364,32854.21579217,MARK_PRICE_PREVIOUS_FALLBACK,1625817600000,6
BTCUSDT,1625846400000,-0.00018845,33539.24671778,MARK_PRICE_EXACT_OPEN,1625846400000,0
BTCUSDT,1625875200002,-8.1e-7,33748.66,MARK_PRICE_PREVIOUS_FALLBACK,1625875200000,2
BTCUSDT,1625904000000,0.00007847,33741,MARK_PRICE_EXACT_OPEN,1625904000000,0
BTCUSDT,1625932800001,7.2e-7,33847.59915985,MARK_PRICE_PREVIOUS_FALLBACK,1625932800000,1
BTCUSDT,1625961600001,0.00007785,33547.59,MARK_PRICE_PREVIOUS_FALLBACK,1625961600000,1
BTCUSDT,1625990400025,0.0001,33489.98384453,MARK_PRICE_PREVIOUS_FALLBACK,1625990400000,25
BTCUSDT,1626019200006,-0.00003373,33910.28090987,MARK_PRICE_PREVIOUS_FALLBACK,1626019200000,6
BTCUSDT,1626048000000,0.00008851,34249.73,MARK_PRICE_EXACT_OPEN,1626048000000,0
BTCUSDT,1626076800021,0.00003463,34253.48492993,MARK_PRICE_PREVIOUS_FALLBACK,1626076800000,21
BTCUSDT,1626105600000,0.0001,33342.36,MARK_PRICE_EXACT_OPEN,1626105600000,0
BTCUSDT,1626134400000,0.0001,33076.99972929,MARK_PRICE_EXACT_OPEN,1626134400000,0
BTCUSDT,1626163200013,0.0001,33210.26,MARK_PRICE_PREVIOUS_FALLBACK,1626163200000,13
BTCUSDT,1626192000005,5.2e-7,32794.23,MARK_PRICE_PREVIOUS_FALLBACK,1626192000000,5
BTCUSDT,1626220800000,0.0001,32713.52540935,MARK_PRICE_EXACT_OPEN,1626220800000,0
BTCUSDT,1626249600000,0.00001317,31910.38,MARK_PRICE_EXACT_OPEN,1626249600000,0
BTCUSDT,1626278400005,-0.00011753,32782.41,MARK_PRICE_PREVIOUS_FALLBACK,1626278400000,5
BTCUSDT,1626307200005,-0.00004883,32805,MARK_PRICE_PREVIOUS_FALLBACK,1626307200000,5
BTCUSDT,1626336000001,0.0001,32430.5904563,MARK_PRICE_PREVIOUS_FALLBACK,1626336000000,1
BTCUSDT,1626364800000,0.00001576,31679.3109098,MARK_PRICE_EXACT_OPEN,1626364800000,0
BTCUSDT,1626393600000,-0.00011529,31858.81177262,MARK_PRICE_EXACT_OPEN,1626393600000,0
BTCUSDT,1626422400000,0.00006105,31769.37696,MARK_PRICE_EXACT_OPEN,1626422400000,0
BTCUSDT,1626451200001,0.00001073,32128.33,MARK_PRICE_PREVIOUS_FALLBACK,1626451200000,1
BTCUSDT,1626480000004,0.0001,31396.25588107,MARK_PRICE_PREVIOUS_FALLBACK,1626480000000,4
BTCUSDT,1626508800009,-0.00004343,31471.29,MARK_PRICE_PREVIOUS_FALLBACK,1626508800000,9
BTCUSDT,1626537600006,0.00002365,31700.01,MARK_PRICE_PREVIOUS_FALLBACK,1626537600000,6
BTCUSDT,1626566400000,0.0001,31491.92043829,MARK_PRICE_EXACT_OPEN,1626566400000,0
BTCUSDT,1626595200001,0.0001,31698.83293949,MARK_PRICE_PREVIOUS_FALLBACK,1626595200000,1
BTCUSDT,1626624000003,-0.00004434,31385,MARK_PRICE_PREVIOUS_FALLBACK,1626624000000,3
BTCUSDT,1626652800002,-0.0000751,31725.5515734,MARK_PRICE_PREVIOUS_FALLBACK,1626652800000,2
BTCUSDT,1626681600006,0.00003183,31606.67947575,MARK_PRICE_PREVIOUS_FALLBACK,1626681600000,6
BTCUSDT,1626710400006,-0.0000123,30669.71,MARK_PRICE_PREVIOUS_FALLBACK,1626710400000,6
BTCUSDT,1626739200002,-0.00015687,30826.54973685,MARK_PRICE_PREVIOUS_FALLBACK,1626739200000,2
BTCUSDT,1626768000011,-0.00012569,29823.54835167,MARK_PRICE_PREVIOUS_FALLBACK,1626768000000,11
BTCUSDT,1626796800001,-0.00018939,29807.21814834,MARK_PRICE_PREVIOUS_FALLBACK,1626796800000,1
BTCUSDT,1626825600022,-0.00022869,29762.9,MARK_PRICE_PREVIOUS_FALLBACK,1626825600000,22
BTCUSDT,1626854400000,-0.00039139,30804.30962566,MARK_PRICE_EXACT_OPEN,1626854400000,0
BTCUSDT,1626883200018,-0.00032314,31932.01,MARK_PRICE_PREVIOUS_FALLBACK,1626883200000,18
BTCUSDT,1626912000002,-0.00016261,32047.04932254,MARK_PRICE_PREVIOUS_FALLBACK,1626912000000,2
BTCUSDT,1626940800006,0.00001362,32082.86920486,MARK_PRICE_PREVIOUS_FALLBACK,1626940800000,6
BTCUSDT,1626969600010,0.00001374,32450.5,MARK_PRICE_PREVIOUS_FALLBACK,1626969600000,10
BTCUSDT,1626998400013,0.00000344,32303.82,MARK_PRICE_PREVIOUS_FALLBACK,1626998400000,13
BTCUSDT,1627027200000,-0.00016985,32458.77,MARK_PRICE_EXACT_OPEN,1627027200000,0
BTCUSDT,1627056000005,-0.0000099,32307.45,MARK_PRICE_PREVIOUS_FALLBACK,1627056000000,5
BTCUSDT,1627084800000,-0.00007246,33624.18779938,MARK_PRICE_PREVIOUS_FALLBACK,1627084740000,60000
BTCUSDT,1627113600002,-0.00013379,,MARK_PRICE_TOO_STALE,1627084740000,28860002
BTCUSDT,1627142400001,-0.00010603,,MARK_PRICE_TOO_STALE,1627084740000,57660001
BTCUSDT,1627171200003,-0.00025685,,MARK_PRICE_TOO_STALE,1627084740000,86460003
BTCUSDT,1627200000015,-0.00021708,,MARK_PRICE_TOO_STALE,1627084740000,115260015
BTCUSDT,1627228800000,-0.00005198,,MARK_PRICE_TOO_STALE,1627084740000,144060000
BTCUSDT,1627257600000,-0.00054841,,MARK_PRICE_TOO_STALE,1627084740000,172860000
BTCUSDT,1627286400000,0.0001,,MARK_PRICE_TOO_STALE,1627084740000,201660000
BTCUSDT,1627315200000,0.0001,,MARK_PRICE_TOO_STALE,1627084740000,230460000
BTCUSDT,1627344000046,0.0001,,MARK_PRICE_TOO_STALE,1627084740000,259260046
BTCUSDT,1627372800014,0.0001,,MARK_PRICE_TOO_STALE,1627084740000,288060014
BTCUSDT,1627401600007,-0.00002248,,MARK_PRICE_TOO_STALE,1627084740000,316860007
BTCUSDT,1627430400000,-0.00002037,39451,MARK_PRICE_EXACT_OPEN,1627430400000,0
BTCUSDT,1627459200002,0.0001,39906.54,MARK_PRICE_PREVIOUS_FALLBACK,1627459200000,2
BTCUSDT,1627488000005,0.0001,39628.41724508,MARK_PRICE_PREVIOUS_FALLBACK,1627488000000,5
BTCUSDT,1627516800004,0.00001493,40007.51347924,MARK_PRICE_PREVIOUS_FALLBACK,1627516800000,4
BTCUSDT,1627545600000,0.00008276,39925.16,MARK_PRICE_EXACT_OPEN,1627545600000,0
BTCUSDT,1627574400007,0.0001,39900.45942453,MARK_PRICE_PREVIOUS_FALLBACK,1627574400000,7
BTCUSDT,1627603200004,0.0001,40002.4,MARK_PRICE_PREVIOUS_FALLBACK,1627603200000,4
BTCUSDT,1627632000000,0.0001,39724.3202436,MARK_PRICE_EXACT_OPEN,1627632000000,0
BTCUSDT,1627660800000,-0.00002377,39053.25101028,MARK_PRICE_EXACT_OPEN,1627660800000,0
BTCUSDT,1627689600000,0.0001,42204.0495488,MARK_PRICE_EXACT_OPEN,1627689600000,0
BTCUSDT,1627718400014,0.0001,41513.65013626,MARK_PRICE_PREVIOUS_FALLBACK,1627718400000,14
BTCUSDT,1627747200003,0.0001,41569.11550481,MARK_PRICE_PREVIOUS_FALLBACK,1627747200000,3
BTCUSDT,1627776000005,0.0001,41437.17,MARK_PRICE_PREVIOUS_FALLBACK,1627776000000,5
BTCUSDT,1627804800016,0.0001,41726.7551025,MARK_PRICE_PREVIOUS_FALLBACK,1627804800000,16
BTCUSDT,1627833600001,0.0001,41253.97533539,MARK_PRICE_PREVIOUS_FALLBACK,1627833600000,1
BTCUSDT,1627862400000,0.0001,39849.56736035,MARK_PRICE_EXACT_OPEN,1627862400000,0
BTCUSDT,1627891200014,0.0001,40099.80750905,MARK_PRICE_PREVIOUS_FALLBACK,1627891200000,14
BTCUSDT,1627920000021,0.0001,39670.61,MARK_PRICE_PREVIOUS_FALLBACK,1627920000000,21
BTCUSDT,1627948800000,0.0001,39147.48,MARK_PRICE_EXACT_OPEN,1627948800000,0
BTCUSDT,1627977600000,0.0001,38569.96,MARK_PRICE_EXACT_OPEN,1627977600000,0
BTCUSDT,1628006400009,0.0001,38200.14,MARK_PRICE_PREVIOUS_FALLBACK,1628006400000,9
BTCUSDT,1628035200000,0.0001,38207.15154041,MARK_PRICE_EXACT_OPEN,1628035200000,0
BTCUSDT,1628064000000,0.0001,37827.86241206,MARK_PRICE_EXACT_OPEN,1628064000000,0
BTCUSDT,1628092800003,0.00001272,39288.66951835,MARK_PRICE_PREVIOUS_FALLBACK,1628092800000,3
BTCUSDT,1628121600000,0.0001,39737.69533645,MARK_PRICE_EXACT_OPEN,1628121600000,0
BTCUSDT,1628150400000,0.0001,38887.51,MARK_PRICE_EXACT_OPEN,1628150400000,0
BTCUSDT,1628179200001,0.0001,38770.91995695,MARK_PRICE_PREVIOUS_FALLBACK,1628179200000,1
BTCUSDT,1628208000000,0.0001,40878.95200275,MARK_PRICE_EXACT_OPEN,1628208000000,0
BTCUSDT,1628236800004,0.0001,40716.77820078,MARK_PRICE_PREVIOUS_FALLBACK,1628236800000,4
BTCUSDT,1628265600003,0.0001,42372.98055002,MARK_PRICE_PREVIOUS_FALLBACK,1628265600000,3
BTCUSDT,1628294400015,0.0001,42795.92941972,MARK_PRICE_PREVIOUS_FALLBACK,1628294400000,15
BTCUSDT,1628323200001,0.0001,43161.18717955,MARK_PRICE_PREVIOUS_FALLBACK,1628323200000,1
BTCUSDT,1628352000002,0.0001,43356.29,MARK_PRICE_PREVIOUS_FALLBACK,1628352000000,2
BTCUSDT,1628380800000,0.0001,44601.12,MARK_PRICE_EXACT_OPEN,1628380800000,0
BTCUSDT,1628409600002,0.0001,44828.86605492,MARK_PRICE_PREVIOUS_FALLBACK,1628409600000,2
BTCUSDT,1628438400018,0.0001,44017.16602887,MARK_PRICE_PREVIOUS_FALLBACK,1628438400000,18
BTCUSDT,1628467200000,0.0001,43798.78566959,MARK_PRICE_EXACT_OPEN,1628467200000,0
BTCUSDT,1628496000000,0.0001,43794.6040371,MARK_PRICE_EXACT_OPEN,1628496000000,0
BTCUSDT,1628524800002,0.0001,45919.43,MARK_PRICE_PREVIOUS_FALLBACK,1628524800000,2
BTCUSDT,1628553600000,0.0001,46268.12372627,MARK_PRICE_EXACT_OPEN,1628553600000,0
BTCUSDT,1628582400003,0.0001,45905.35,MARK_PRICE_PREVIOUS_FALLBACK,1628582400000,3
BTCUSDT,1628611200000,0.0001,45179.49171455,MARK_PRICE_EXACT_OPEN,1628611200000,0
BTCUSDT,1628640000006,0.0001,45561.40930181,MARK_PRICE_PREVIOUS_FALLBACK,1628640000000,6
BTCUSDT,1628668800003,0.0001,46442.15243355,MARK_PRICE_PREVIOUS_FALLBACK,1628668800000,3
BTCUSDT,1628697600000,0.0001,46444.26,MARK_PRICE_EXACT_OPEN,1628697600000,0
BTCUSDT,1628726400013,0.0001,45447.97484062,MARK_PRICE_PREVIOUS_FALLBACK,1628726400000,13
BTCUSDT,1628755200001,0.0001,45232.42955856,MARK_PRICE_PREVIOUS_FALLBACK,1628755200000,1
BTCUSDT,1628784000000,0.0001,44187.67835049,MARK_PRICE_EXACT_OPEN,1628784000000,0
BTCUSDT,1628812800000,0.0001,44388.12627341,MARK_PRICE_EXACT_OPEN,1628812800000,0
BTCUSDT,1628841600000,0.0001,46098.21,MARK_PRICE_EXACT_OPEN,1628841600000,0
BTCUSDT,1628870400002,0.0001,46364.02849897,MARK_PRICE_PREVIOUS_FALLBACK,1628870400000,2
BTCUSDT,1628899200006,0.0001,47740.17371017,MARK_PRICE_PREVIOUS_FALLBACK,1628899200000,6
BTCUSDT,1628928000000,0.0001,47638.19,MARK_PRICE_EXACT_OPEN,1628928000000,0
BTCUSDT,1628956800000,0.0001,46941.03939074,MARK_PRICE_EXACT_OPEN,1628956800000,0
BTCUSDT,1628985600003,0.0001,47099.72192019,MARK_PRICE_PREVIOUS_FALLBACK,1628985600000,3
BTCUSDT,1629014400000,0.0001,45788.24,MARK_PRICE_EXACT_OPEN,1629014400000,0
BTCUSDT,1629043200007,0.0001,46183.61,MARK_PRICE_PREVIOUS_FALLBACK,1629043200000,7
BTCUSDT,1629072000012,0.0001,47075.1314889,MARK_PRICE_PREVIOUS_FALLBACK,1629072000000,12
BTCUSDT,1629100800003,0.0001,47336.51832263,MARK_PRICE_PREVIOUS_FALLBACK,1629100800000,3
BTCUSDT,1629129600010,0.00013924,46291.66904624,MARK_PRICE_PREVIOUS_FALLBACK,1629129600000,10
BTCUSDT,1629158400018,0.0001,45940.66064373,MARK_PRICE_PREVIOUS_FALLBACK,1629158400000,18
BTCUSDT,1629187200015,0.0001,45982.86,MARK_PRICE_PREVIOUS_FALLBACK,1629187200000,15
BTCUSDT,1629216000006,0.0001,45735.54652493,MARK_PRICE_PREVIOUS_FALLBACK,1629216000000,6
BTCUSDT,1629244800000,0.0001,44702.99,MARK_PRICE_EXACT_OPEN,1629244800000,0
BTCUSDT,1629273600000,0.0001,44972.94,MARK_PRICE_EXACT_OPEN,1629273600000,0
BTCUSDT,1629302400011,0.0001,45801.76217896,MARK_PRICE_PREVIOUS_FALLBACK,1629302400000,11
BTCUSDT,1629331200000,0.0001,44710.43,MARK_PRICE_EXACT_OPEN,1629331200000,0
BTCUSDT,1629360000014,0.0001,44742.27,MARK_PRICE_PREVIOUS_FALLBACK,1629360000000,14
BTCUSDT,1629388800000,0.0001,45787.59314922,MARK_PRICE_EXACT_OPEN,1629388800000,0
BTCUSDT,1629417600000,0.0001,46772,MARK_PRICE_EXACT_OPEN,1629417600000,0
BTCUSDT,1629446400001,0.00011483,46864.11,MARK_PRICE_PREVIOUS_FALLBACK,1629446400000,1
BTCUSDT,1629475200001,0.00014278,48730.37578831,MARK_PRICE_PREVIOUS_FALLBACK,1629475200000,1
BTCUSDT,1629504000005,0.0001,49325.0297688,MARK_PRICE_PREVIOUS_FALLBACK,1629504000000,5
BTCUSDT,1629532800001,0.00020013,48989.53,MARK_PRICE_PREVIOUS_FALLBACK,1629532800000,1
BTCUSDT,1629561600000,0.00016694,49201.9,MARK_PRICE_EXACT_OPEN,1629561600000,0
BTCUSDT,1629590400005,0.0001,48880.17423643,MARK_PRICE_PREVIOUS_FALLBACK,1629590400000,5
BTCUSDT,1629619200007,0.0001,49234.39047915,MARK_PRICE_PREVIOUS_FALLBACK,1629619200000,7
BTCUSDT,1629648000002,0.00014813,48511.57078293,MARK_PRICE_PREVIOUS_FALLBACK,1629648000000,2
BTCUSDT,1629676800003,0.0001,49319.61938462,MARK_PRICE_PREVIOUS_FALLBACK,1629676800000,3
BTCUSDT,1629705600005,0.0003918,50192.62684339,MARK_PRICE_PREVIOUS_FALLBACK,1629705600000,5
BTCUSDT,1629734400002,0.00023983,49553.54747079,MARK_PRICE_PREVIOUS_FALLBACK,1629734400000,2
BTCUSDT,1629763200006,0.000293,49486.97394017,MARK_PRICE_PREVIOUS_FALLBACK,1629763200000,6
BTCUSDT,1629792000004,0.0001,49811.66560823,MARK_PRICE_PREVIOUS_FALLBACK,1629792000000,4
BTCUSDT,1629820800000,0.00041348,48365.50220303,MARK_PRICE_EXACT_OPEN,1629820800000,0
BTCUSDT,1629849600015,0.00019568,47807.14919796,MARK_PRICE_PREVIOUS_FALLBACK,1629849600000,15
BTCUSDT,1629878400000,0.0001,48159.67,MARK_PRICE_EXACT_OPEN,1629878400000,0
BTCUSDT,1629907200000,0.0001,48806.34312081,MARK_PRICE_EXACT_OPEN,1629907200000,0
BTCUSDT,1629936000001,0.0001,48987.74,MARK_PRICE_PREVIOUS_FALLBACK,1629936000000,1
BTCUSDT,1629964800016,0.00021865,46892.56,MARK_PRICE_PREVIOUS_FALLBACK,1629964800000,16
BTCUSDT,1629993600004,0.0001,46823.5,MARK_PRICE_PREVIOUS_FALLBACK,1629993600000,4
BTCUSDT,1630022400013,0.0001,46780.44,MARK_PRICE_PREVIOUS_FALLBACK,1630022400000,13
BTCUSDT,1630051200001,0.0001,47427.25862798,MARK_PRICE_PREVIOUS_FALLBACK,1630051200000,1
BTCUSDT,1630080000004,0.0001,48208.50896186,MARK_PRICE_PREVIOUS_FALLBACK,1630080000000,4
BTCUSDT,1630108800000,0.0001,49070.63,MARK_PRICE_EXACT_OPEN,1630108800000,0
BTCUSDT,1630137600000,0.0003224,48976.80534661,MARK_PRICE_EXACT_OPEN,1630137600000,0
BTCUSDT,1630166400000,0.00023137,48839.99,MARK_PRICE_EXACT_OPEN,1630166400000,0
BTCUSDT,1630195200000,0.0001,48920.55649434,MARK_PRICE_EXACT_OPEN,1630195200000,0
BTCUSDT,1630224000002,0.0001,48506.71,MARK_PRICE_PREVIOUS_FALLBACK,1630224000000,2
BTCUSDT,1630252800005,0.0001,48493.26366644,MARK_PRICE_PREVIOUS_FALLBACK,1630252800000,5
BTCUSDT,1630281600013,0.0001,48766.63,MARK_PRICE_PREVIOUS_FALLBACK,1630281600000,13
BTCUSDT,1630310400008,0.0001,47950,MARK_PRICE_PREVIOUS_FALLBACK,1630310400000,8
BTCUSDT,1630339200000,0.0002255,48039.05890141,MARK_PRICE_EXACT_OPEN,1630339200000,0
BTCUSDT,1630368000000,0.00036162,47023.0233442,MARK_PRICE_EXACT_OPEN,1630368000000,0
BTCUSDT,1630396800007,0.00027795,47788.02,MARK_PRICE_PREVIOUS_FALLBACK,1630396800000,7
BTCUSDT,1630425600003,0.00023354,47413.4,MARK_PRICE_PREVIOUS_FALLBACK,1630425600000,3
BTCUSDT,1630454400000,0.00044618,47154.97,MARK_PRICE_EXACT_OPEN,1630454400000,0
BTCUSDT,1630483200006,0.00027256,47243.53,MARK_PRICE_PREVIOUS_FALLBACK,1630483200000,6
BTCUSDT,1630512000000,0.00033967,47527.68,MARK_PRICE_EXACT_OPEN,1630512000000,0
BTCUSDT,1630540800009,0.0004052,48878.64236345,MARK_PRICE_PREVIOUS_FALLBACK,1630540800000,9
BTCUSDT,1630569600006,0.0004869,49909.8902157,MARK_PRICE_PREVIOUS_FALLBACK,1630569600000,6
BTCUSDT,1630598400007,0.00057405,49587.88714404,MARK_PRICE_PREVIOUS_FALLBACK,1630598400000,7
BTCUSDT,1630627200011,0.00047856,49291.20020055,MARK_PRICE_PREVIOUS_FALLBACK,1630627200000,11
BTCUSDT,1630656000000,0.00033375,49338.65769478,MARK_PRICE_EXACT_OPEN,1630656000000,0
BTCUSDT,1630684800002,0.00024375,50608.67,MARK_PRICE_PREVIOUS_FALLBACK,1630684800000,2
BTCUSDT,1630713600003,0.00043928,49938.5028377,MARK_PRICE_PREVIOUS_FALLBACK,1630713600000,3
BTCUSDT,1630742400008,0.00011799,50220.78,MARK_PRICE_PREVIOUS_FALLBACK,1630742400000,8
BTCUSDT,1630771200009,0.00019219,49877.90789675,MARK_PRICE_PREVIOUS_FALLBACK,1630771200000,9
BTCUSDT,1630800000002,0.0001,49942.24,MARK_PRICE_PREVIOUS_FALLBACK,1630800000000,2
BTCUSDT,1630828800002,0.0001,49885.01,MARK_PRICE_PREVIOUS_FALLBACK,1630828800000,2
BTCUSDT,1630857600000,0.0001,50241.51659308,MARK_PRICE_EXACT_OPEN,1630857600000,0
BTCUSDT,1630886400003,0.00026783,51788.34,MARK_PRICE_PREVIOUS_FALLBACK,1630886400000,3
BTCUSDT,1630915200008,0.0001,51800.56865706,MARK_PRICE_PREVIOUS_FALLBACK,1630915200000,8
BTCUSDT,1630944000009,0.0001,51649.99,MARK_PRICE_PREVIOUS_FALLBACK,1630944000000,9
BTCUSDT,1630972800004,0.0001,52677.4,MARK_PRICE_PREVIOUS_FALLBACK,1630972800000,4
BTCUSDT,1631001600002,0.0001,52388.71614448,MARK_PRICE_PREVIOUS_FALLBACK,1631001600000,2
BTCUSDT,1631030400001,0.00022977,46651.54,MARK_PRICE_PREVIOUS_FALLBACK,1631030400000,1
BTCUSDT,1631059200005,0.0001,46945.59797309,MARK_PRICE_PREVIOUS_FALLBACK,1631059200000,5
BTCUSDT,1631088000000,0.0001,45100.46,MARK_PRICE_EXACT_OPEN,1631088000000,0
BTCUSDT,1631116800000,0.0001,46087.51304928,MARK_PRICE_EXACT_OPEN,1631116800000,0
BTCUSDT,1631145600006,0.0001,46024.58791756,MARK_PRICE_PREVIOUS_FALLBACK,1631145600000,6
BTCUSDT,1631174400014,0.0001,46308.25198363,MARK_PRICE_PREVIOUS_FALLBACK,1631174400000,14
BTCUSDT,1631203200002,0.0001,47023.05902937,MARK_PRICE_PREVIOUS_FALLBACK,1631203200000,2
BTCUSDT,1631232000001,0.0001,46415.05789526,MARK_PRICE_PREVIOUS_FALLBACK,1631232000000,1
BTCUSDT,1631260800018,0.0001,46249.55409201,MARK_PRICE_PREVIOUS_FALLBACK,1631260800000,18
BTCUSDT,1631289600006,0.00011115,45394.77120086,MARK_PRICE_PREVIOUS_FALLBACK,1631289600000,6
BTCUSDT,1631318400000,0.0001,44860.83,MARK_PRICE_EXACT_OPEN,1631318400000,0
BTCUSDT,1631347200001,0.0001,45075.49967563,MARK_PRICE_PREVIOUS_FALLBACK,1631347200000,1
BTCUSDT,1631376000000,0.0001,45582.00196686,MARK_PRICE_EXACT_OPEN,1631376000000,0
BTCUSDT,1631404800000,0.0001,45187.86,MARK_PRICE_EXACT_OPEN,1631404800000,0
BTCUSDT,1631433600002,0.0001,45349.10932907,MARK_PRICE_PREVIOUS_FALLBACK,1631433600000,2
BTCUSDT,1631462400000,0.0001,45907.1108,MARK_PRICE_EXACT_OPEN,1631462400000,0
BTCUSDT,1631491200000,0.0001,46044.67,MARK_PRICE_EXACT_OPEN,1631491200000,0
BTCUSDT,1631520000007,0.0001,44444,MARK_PRICE_PREVIOUS_FALLBACK,1631520000000,7
BTCUSDT,1631548800005,0.0001,44319.66237775,MARK_PRICE_PREVIOUS_FALLBACK,1631548800000,5
BTCUSDT,1631577600002,0.0001,44989.50670828,MARK_PRICE_PREVIOUS_FALLBACK,1631577600000,2
BTCUSDT,1631606400000,0.0001,45731.1,MARK_PRICE_EXACT_OPEN,1631606400000,0
BTCUSDT,1631635200007,0.0001,46776.18,MARK_PRICE_PREVIOUS_FALLBACK,1631635200000,7
BTCUSDT,1631664000012,0.0001,47068.94354638,MARK_PRICE_PREVIOUS_FALLBACK,1631664000000,12
BTCUSDT,1631692800003,0.0001,47136.59,MARK_PRICE_PREVIOUS_FALLBACK,1631692800000,3
BTCUSDT,1631721600006,0.0001,48243.23,MARK_PRICE_PREVIOUS_FALLBACK,1631721600000,6
BTCUSDT,1631750400008,0.0001,48080.20793684,MARK_PRICE_PREVIOUS_FALLBACK,1631750400000,8
BTCUSDT,1631779200005,0.0001,48314.03353407,MARK_PRICE_PREVIOUS_FALLBACK,1631779200000,5
BTCUSDT,1631808000002,0.0001,48044.52,MARK_PRICE_PREVIOUS_FALLBACK,1631808000000,2
BTCUSDT,1631836800000,0.0001,47743.29238058,MARK_PRICE_EXACT_OPEN,1631836800000,0
BTCUSDT,1631865600047,0.0001,47714.34999704,MARK_PRICE_PREVIOUS_FALLBACK,1631865600000,47
BTCUSDT,1631894400013,0.0001,47502.02146973,MARK_PRICE_PREVIOUS_FALLBACK,1631894400000,13
BTCUSDT,1631923200000,0.0001,47296.68,MARK_PRICE_EXACT_OPEN,1631923200000,0
BTCUSDT,1631952000010,0.0001,48649.15,MARK_PRICE_PREVIOUS_FALLBACK,1631952000000,10
BTCUSDT,1631980800005,0.0001,48392.93873659,MARK_PRICE_PREVIOUS_FALLBACK,1631980800000,5
BTCUSDT,1632009600006,0.0001,48279.99821245,MARK_PRICE_PREVIOUS_FALLBACK,1632009600000,6
BTCUSDT,1632038400015,0.0001,48169.3958785,MARK_PRICE_PREVIOUS_FALLBACK,1632038400000,15
BTCUSDT,1632067200007,0.0001,47687.57173491,MARK_PRICE_PREVIOUS_FALLBACK,1632067200000,7
BTCUSDT,1632096000018,0.0001,47271.38080844,MARK_PRICE_PREVIOUS_FALLBACK,1632096000000,18
BTCUSDT,1632124800000,0.0001,44842.8164307,MARK_PRICE_EXACT_OPEN,1632124800000,0
BTCUSDT,1632153600005,0.0001,43828.67940393,MARK_PRICE_PREVIOUS_FALLBACK,1632153600000,5
BTCUSDT,1632182400005,0.0001,43002.56,MARK_PRICE_PREVIOUS_FALLBACK,1632182400000,5
BTCUSDT,1632211200007,0.0001,43241.48344507,MARK_PRICE_PREVIOUS_FALLBACK,1632211200000,7
BTCUSDT,1632240000000,0.0001,43073.9,MARK_PRICE_EXACT_OPEN,1632240000000,0
BTCUSDT,1632268800005,0.0001,40667.74978865,MARK_PRICE_PREVIOUS_FALLBACK,1632268800000,5
BTCUSDT,1632297600006,0.0001,42542.18,MARK_PRICE_PREVIOUS_FALLBACK,1632297600000,6
BTCUSDT,1632326400000,0.0001,43194.96,MARK_PRICE_EXACT_OPEN,1632326400000,0
BTCUSDT,1632355200003,0.00004744,43499.3784913,MARK_PRICE_PREVIOUS_FALLBACK,1632355200000,3
BTCUSDT,1632384000000,0.00007835,44207.6735909,MARK_PRICE_EXACT_OPEN,1632384000000,0
BTCUSDT,1632412800007,0.0001,43786.7,MARK_PRICE_PREVIOUS_FALLBACK,1632412800000,7
BTCUSDT,1632441600000,-0.00007856,44831.84795954,MARK_PRICE_EXACT_OPEN,1632441600000,0
BTCUSDT,1632470400017,-0.00008536,44845,MARK_PRICE_PREVIOUS_FALLBACK,1632470400000,17
BTCUSDT,1632499200000,0.00003978,41945.25477041,MARK_PRICE_EXACT_OPEN,1632499200000,0
BTCUSDT,1632528000007,0.0001,42788.77224493,MARK_PRICE_PREVIOUS_FALLBACK,1632528000000,7
BTCUSDT,1632556800002,0.00005629,42385.08,MARK_PRICE_PREVIOUS_FALLBACK,1632556800000,2
BTCUSDT,1632585600004,0.0001,42661.18,MARK_PRICE_PREVIOUS_FALLBACK,1632585600000,4
BTCUSDT,1632614400013,0.00002457,42636.47,MARK_PRICE_PREVIOUS_FALLBACK,1632614400000,13
BTCUSDT,1632643200000,0.0001,41230.78883993,MARK_PRICE_EXACT_OPEN,1632643200000,0
BTCUSDT,1632672000005,-0.00001686,43371.42,MARK_PRICE_PREVIOUS_FALLBACK,1632672000000,5
BTCUSDT,1632700800000,0.0001,43160.55247347,MARK_PRICE_EXACT_OPEN,1632700800000,0
BTCUSDT,1632729600001,0.0001,43666.18164748,MARK_PRICE_PREVIOUS_FALLBACK,1632729600000,1
BTCUSDT,1632758400000,0.0001,43269.26124577,MARK_PRICE_EXACT_OPEN,1632758400000,0
BTCUSDT,1632787200000,0.00002549,42127.02415314,MARK_PRICE_EXACT_OPEN,1632787200000,0
BTCUSDT,1632816000014,0.00003318,41726.92704585,MARK_PRICE_PREVIOUS_FALLBACK,1632816000000,14
BTCUSDT,1632844800000,0.00009756,41453.77396772,MARK_PRICE_EXACT_OPEN,1632844800000,0
BTCUSDT,1632873600000,0.00004448,41015.18261607,MARK_PRICE_EXACT_OPEN,1632873600000,0
BTCUSDT,1632902400002,0.00003757,42410.24480883,MARK_PRICE_PREVIOUS_FALLBACK,1632902400000,2
BTCUSDT,1632931200000,0.00005661,41693.39,MARK_PRICE_EXACT_OPEN,1632931200000,0
BTCUSDT,1632960000000,0.0001,41499.71,MARK_PRICE_EXACT_OPEN,1632960000000,0
BTCUSDT,1632988800004,0.0001,43299.99,MARK_PRICE_PREVIOUS_FALLBACK,1632988800000,4
BTCUSDT,1633017600005,0.00009235,43134.46512827,MARK_PRICE_PREVIOUS_FALLBACK,1633017600000,5
BTCUSDT,1633046400012,0.00002202,43805.00111325,MARK_PRICE_PREVIOUS_FALLBACK,1633046400000,12
BTCUSDT,1633075200008,-0.00002693,44753.98584319,MARK_PRICE_PREVIOUS_FALLBACK,1633075200000,8
BTCUSDT,1633104000000,0.0001,47328.23,MARK_PRICE_EXACT_OPEN,1633104000000,0
BTCUSDT,1633132800000,0.00005277,48123.88852158,MARK_PRICE_EXACT_OPEN,1633132800000,0
BTCUSDT,1633161600002,0.00003519,47693.8,MARK_PRICE_PREVIOUS_FALLBACK,1633161600000,2
BTCUSDT,1633190400011,0.00005938,47830.57,MARK_PRICE_PREVIOUS_FALLBACK,1633190400000,11
BTCUSDT,1633219200019,0.0001,47651.82,MARK_PRICE_PREVIOUS_FALLBACK,1633219200000,19
BTCUSDT,1633248000011,0.0001,47885.62508545,MARK_PRICE_PREVIOUS_FALLBACK,1633248000000,11
BTCUSDT,1633276800004,0.0001,47894,MARK_PRICE_PREVIOUS_FALLBACK,1633276800000,4
BTCUSDT,1633305600004,0.0001,48136.02139383,MARK_PRICE_PREVIOUS_FALLBACK,1633305600000,4
BTCUSDT,1633334400000,0.0001,47840.21878665,MARK_PRICE_EXACT_OPEN,1633334400000,0
BTCUSDT,1633363200000,0.0001,47761.16479075,MARK_PRICE_EXACT_OPEN,1633363200000,0
BTCUSDT,1633392000007,0.0001,49206.33207925,MARK_PRICE_PREVIOUS_FALLBACK,1633392000000,7
BTCUSDT,1633420800007,-0.00002427,49469.4,MARK_PRICE_PREVIOUS_FALLBACK,1633420800000,7
BTCUSDT,1633449600004,0.00000161,49799.98,MARK_PRICE_PREVIOUS_FALLBACK,1633449600000,4
BTCUSDT,1633478400002,0.0001,51390.74334279,MARK_PRICE_PREVIOUS_FALLBACK,1633478400000,2
BTCUSDT,1633507200000,0.0001,51433.52123875,MARK_PRICE_EXACT_OPEN,1633507200000,0
BTCUSDT,1633536000003,0.0001,55028.7,MARK_PRICE_PREVIOUS_FALLBACK,1633536000000,3
BTCUSDT,1633564800007,0.0001,55257.19,MARK_PRICE_PREVIOUS_FALLBACK,1633564800000,7
BTCUSDT,1633593600002,0.0002918,54768.87,MARK_PRICE_PREVIOUS_FALLBACK,1633593600000,2
BTCUSDT,1633622400000,0.00032669,53941.89152318,MARK_PRICE_EXACT_OPEN,1633622400000,0
BTCUSDT,1633651200011,0.00033379,53850.05872287,MARK_PRICE_PREVIOUS_FALLBACK,1633651200000,11
BTCUSDT,1633680000003,0.00023355,54791.37,MARK_PRICE_PREVIOUS_FALLBACK,1633680000000,3
BTCUSDT,1633708800002,0.00013417,54295.45,MARK_PRICE_PREVIOUS_FALLBACK,1633708800000,2
BTCUSDT,1633737600006,0.0001,53989.26,MARK_PRICE_PREVIOUS_FALLBACK,1633737600000,6
BTCUSDT,1633766400003,0.0001,54958.85252918,MARK_PRICE_PREVIOUS_FALLBACK,1633766400000,3
BTCUSDT,1633795200000,0.00015717,55015.74,MARK_PRICE_EXACT_OPEN,1633795200000,0
BTCUSDT,1633824000000,0.0001,54959.59281317,MARK_PRICE_EXACT_OPEN,1633824000000,0
BTCUSDT,1633852800008,0.00020906,55700.93,MARK_PRICE_PREVIOUS_FALLBACK,1633852800000,8
BTCUSDT,1633881600000,0.0001,55383.24,MARK_PRICE_EXACT_OPEN,1633881600000,0
BTCUSDT,1633910400002,0.0001,54681.92560664,MARK_PRICE_PREVIOUS_FALLBACK,1633910400000,2
BTCUSDT,1633939200001,0.0001,56843.13621776,MARK_PRICE_PREVIOUS_FALLBACK,1633939200000,1
BTCUSDT,1633968000006,0.0001,57576.02131018,MARK_PRICE_PREVIOUS_FALLBACK,1633968000000,6
BTCUSDT,1633996800008,0.0001,57440.39,MARK_PRICE_PREVIOUS_FALLBACK,1633996800000,8
BTCUSDT,1634025600013,0.0001,57361.54244609,MARK_PRICE_PREVIOUS_FALLBACK,1634025600000,13
BTCUSDT,1634054400003,0.0001,56320.83,MARK_PRICE_PREVIOUS_FALLBACK,1634054400000,3
BTCUSDT,1634083200003,0.0001,56035.35784708,MARK_PRICE_PREVIOUS_FALLBACK,1634083200000,3
BTCUSDT,1634112000015,0.0001,54608.05,MARK_PRICE_PREVIOUS_FALLBACK,1634112000000,15
BTCUSDT,1634140800000,0.0001,56163.87506409,MARK_PRICE_EXACT_OPEN,1634140800000,0
BTCUSDT,1634169600011,0.0001,57391.97296854,MARK_PRICE_PREVIOUS_FALLBACK,1634169600000,11
BTCUSDT,1634198400017,0.00022797,57447.26491221,MARK_PRICE_PREVIOUS_FALLBACK,1634198400000,17
BTCUSDT,1634227200000,0.00017282,57372.34,MARK_PRICE_EXACT_OPEN,1634227200000,0
BTCUSDT,1634256000005,0.0001,57341.3,MARK_PRICE_PREVIOUS_FALLBACK,1634256000000,5
BTCUSDT,1634284800002,0.00036685,59337.49873458,MARK_PRICE_PREVIOUS_FALLBACK,1634284800000,2
BTCUSDT,1634313600005,0.0001,60083.58,MARK_PRICE_PREVIOUS_FALLBACK,1634313600000,5
BTCUSDT,1634342400009,0.00048084,61693.56276437,MARK_PRICE_PREVIOUS_FALLBACK,1634342400000,9
BTCUSDT,1634371200000,0.00027876,61782.65,MARK_PRICE_EXACT_OPEN,1634371200000,0
BTCUSDT,1634400000003,0.00043303,60963.57,MARK_PRICE_PREVIOUS_FALLBACK,1634400000000,3
BTCUSDT,1634428800001,0.00031281,60934.53171268,MARK_PRICE_PREVIOUS_FALLBACK,1634428800000,1
BTCUSDT,1634457600002,0.00040131,60425.40633467,MARK_PRICE_PREVIOUS_FALLBACK,1634457600000,2
BTCUSDT,1634486400002,0.0004425,60827.03942465,MARK_PRICE_PREVIOUS_FALLBACK,1634486400000,2
BTCUSDT,1634515200006,0.00038415,61612.53380549,MARK_PRICE_PREVIOUS_FALLBACK,1634515200000,6
BTCUSDT,1634544000004,0.00022227,62004.86929745,MARK_PRICE_PREVIOUS_FALLBACK,1634544000000,4
BTCUSDT,1634572800001,0.0001,62010.68683877,MARK_PRICE_PREVIOUS_FALLBACK,1634572800000,1
BTCUSDT,1634601600002,0.0001,62026.76,MARK_PRICE_PREVIOUS_FALLBACK,1634601600000,2
BTCUSDT,1634630400000,0.00014974,62320.32,MARK_PRICE_EXACT_OPEN,1634630400000,0
BTCUSDT,1634659200000,0.0001,62425.07,MARK_PRICE_EXACT_OPEN,1634659200000,0
BTCUSDT,1634688000017,0.0001,64344.95430453,MARK_PRICE_PREVIOUS_FALLBACK,1634688000000,17
BTCUSDT,1634716800004,0.0001,64006.58,MARK_PRICE_PREVIOUS_FALLBACK,1634716800000,4
BTCUSDT,1634745600020,0.00063237,66828.01203448,MARK_PRICE_PREVIOUS_FALLBACK,1634745600000,20
BTCUSDT,1634774400000,0.00068927,66064.25,MARK_PRICE_EXACT_OPEN,1634774400000,0
BTCUSDT,1634803200000,0.00057124,65129.56,MARK_PRICE_EXACT_OPEN,1634803200000,0
BTCUSDT,1634832000008,0.00062183,62852.51817477,MARK_PRICE_PREVIOUS_FALLBACK,1634832000000,8
BTCUSDT,1634860800005,0.00033487,62205.91015777,MARK_PRICE_PREVIOUS_FALLBACK,1634860800000,5
BTCUSDT,1634889600005,0.00024509,63361.74,MARK_PRICE_PREVIOUS_FALLBACK,1634889600000,5
BTCUSDT,1634918400018,0.00033222,60730.84,MARK_PRICE_PREVIOUS_FALLBACK,1634918400000,18
BTCUSDT,1634947200005,0.00026183,60714.19,MARK_PRICE_PREVIOUS_FALLBACK,1634947200000,5
BTCUSDT,1634976000001,0.00014854,60936.94,MARK_PRICE_PREVIOUS_FALLBACK,1634976000000,1
BTCUSDT,1635004800004,0.0001739,61447.25,MARK_PRICE_PREVIOUS_FALLBACK,1635004800000,4
BTCUSDT,1635033600006,0.00030335,61339.88142079,MARK_PRICE_PREVIOUS_FALLBACK,1635033600000,6
BTCUSDT,1635062400012,0.00037238,60764.28,MARK_PRICE_PREVIOUS_FALLBACK,1635062400000,12
BTCUSDT,1635091200001,0.00032862,59930.64660395,MARK_PRICE_PREVIOUS_FALLBACK,1635091200000,1
BTCUSDT,1635120000012,0.00048777,60946.39,MARK_PRICE_PREVIOUS_FALLBACK,1635120000000,12
BTCUSDT,1635148800002,0.00020028,62735.84,MARK_PRICE_PREVIOUS_FALLBACK,1635148800000,2
BTCUSDT,1635177600022,0.00017861,63589.89,MARK_PRICE_PREVIOUS_FALLBACK,1635177600000,22
BTCUSDT,1635206400005,0.00040992,63158.38085368,MARK_PRICE_PREVIOUS_FALLBACK,1635206400000,5
BTCUSDT,1635235200016,0.00060638,62493.47948612,MARK_PRICE_PREVIOUS_FALLBACK,1635235200000,16
BTCUSDT,1635264000000,0.00055995,62561.26709809,MARK_PRICE_EXACT_OPEN,1635264000000,0
BTCUSDT,1635292800004,0.00033175,60363.43558815,MARK_PRICE_PREVIOUS_FALLBACK,1635292800000,4
BTCUSDT,1635321600000,0.00030309,59991.0634485,MARK_PRICE_EXACT_OPEN,1635321600000,0
BTCUSDT,1635350400002,0.00023017,58877.13501174,MARK_PRICE_PREVIOUS_FALLBACK,1635350400000,2
BTCUSDT,1635379200002,0.00015574,58506.70898579,MARK_PRICE_PREVIOUS_FALLBACK,1635379200000,2
BTCUSDT,1635408000000,0.0001,59022.01,MARK_PRICE_EXACT_OPEN,1635408000000,0
BTCUSDT,1635436800005,0.00013782,61224.39819284,MARK_PRICE_PREVIOUS_FALLBACK,1635436800000,5
BTCUSDT,1635465600000,0.0002352,60639.34090623,MARK_PRICE_EXACT_OPEN,1635465600000,0
BTCUSDT,1635494400007,0.00024122,60631.17553363,MARK_PRICE_PREVIOUS_FALLBACK,1635494400000,7
BTCUSDT,1635523200001,0.00017968,62489.73021085,MARK_PRICE_PREVIOUS_FALLBACK,1635523200000,1
BTCUSDT,1635552000000,0.00016972,62302.00465233,MARK_PRICE_EXACT_OPEN,1635552000000,0
BTCUSDT,1635580800001,0.00038483,61642.2,MARK_PRICE_PREVIOUS_FALLBACK,1635580800000,1
BTCUSDT,1635609600013,0.00023181,61447.5473399,MARK_PRICE_PREVIOUS_FALLBACK,1635609600000,13
BTCUSDT,1635638400008,0.00019088,62055.27059126,MARK_PRICE_PREVIOUS_FALLBACK,1635638400000,8
BTCUSDT,1635667200010,0.00048915,61417.46657761,MARK_PRICE_PREVIOUS_FALLBACK,1635667200000,10
BTCUSDT,1635696000001,0.00043874,60562.46,MARK_PRICE_PREVIOUS_FALLBACK,1635696000000,1
BTCUSDT,1635724800009,0.00032554,61342.98,MARK_PRICE_PREVIOUS_FALLBACK,1635724800000,9
BTCUSDT,1635753600014,0.00031437,62354.12214683,MARK_PRICE_PREVIOUS_FALLBACK,1635753600000,14
BTCUSDT,1635782400001,0.00056812,61562.76,MARK_PRICE_PREVIOUS_FALLBACK,1635782400000,1
BTCUSDT,1635811200000,0.00015524,60936.09,MARK_PRICE_EXACT_OPEN,1635811200000,0
BTCUSDT,1635840000007,0.00033216,61587.9972317,MARK_PRICE_PREVIOUS_FALLBACK,1635840000000,7
BTCUSDT,1635868800010,0.00047797,64192.30482698,MARK_PRICE_PREVIOUS_FALLBACK,1635868800000,10
BTCUSDT,1635897600019,0.0008207,63378.87717495,MARK_PRICE_PREVIOUS_FALLBACK,1635897600000,19
BTCUSDT,1635926400000,0.00043965,63435.71213022,MARK_PRICE_EXACT_OPEN,1635926400000,0
BTCUSDT,1635955200005,0.00031399,62163.44002758,MARK_PRICE_PREVIOUS_FALLBACK,1635955200000,5
BTCUSDT,1635984000006,0.00045987,62954.44043113,MARK_PRICE_PREVIOUS_FALLBACK,1635984000000,6
BTCUSDT,1636012800004,0.0005075,61976.34,MARK_PRICE_PREVIOUS_FALLBACK,1636012800000,4
BTCUSDT,1636041600004,0.00046368,61027.32,MARK_PRICE_PREVIOUS_FALLBACK,1636041600000,4
BTCUSDT,1636070400000,0.00018372,61436.65,MARK_PRICE_EXACT_OPEN,1636070400000,0
BTCUSDT,1636099200013,0.00018568,62200.21,MARK_PRICE_PREVIOUS_FALLBACK,1636099200000,13
BTCUSDT,1636128000016,0.00041167,60827.8721728,MARK_PRICE_PREVIOUS_FALLBACK,1636128000000,16
BTCUSDT,1636156800010,0.00053155,60999.86167098,MARK_PRICE_PREVIOUS_FALLBACK,1636156800000,10
BTCUSDT,1636185600000,0.00045326,60823.63,MARK_PRICE_EXACT_OPEN,1636185600000,0
BTCUSDT,1636214400007,0.00037687,60687.85387182,MARK_PRICE_PREVIOUS_FALLBACK,1636214400000,7
BTCUSDT,1636243200013,0.00017244,61517.38,MARK_PRICE_PREVIOUS_FALLBACK,1636243200000,13
BTCUSDT,1636272000005,0.00036277,61815.06574499,MARK_PRICE_PREVIOUS_FALLBACK,1636272000000,5
BTCUSDT,1636300800004,0.00037438,62018.59495458,MARK_PRICE_PREVIOUS_FALLBACK,1636300800000,4
BTCUSDT,1636329600001,0.00025861,63432.3939141,MARK_PRICE_PREVIOUS_FALLBACK,1636329600000,1
BTCUSDT,1636358400000,0.00049328,65984.58,MARK_PRICE_EXACT_OPEN,1636358400000,0
BTCUSDT,1636387200000,0.0004876,66438.68,MARK_PRICE_EXACT_OPEN,1636387200000,0
BTCUSDT,1636416000000,0.00038683,67606.95,MARK_PRICE_EXACT_OPEN,1636416000000,0
BTCUSDT,1636444800014,0.00039251,67927.19631195,MARK_PRICE_PREVIOUS_FALLBACK,1636444800000,14
BTCUSDT,1636473600001,0.00067839,66950.16349206,MARK_PRICE_PREVIOUS_FALLBACK,1636473600000,1
BTCUSDT,1636502400000,0.00037679,66998.50741577,MARK_PRICE_EXACT_OPEN,1636502400000,0
BTCUSDT,1636531200003,0.00068212,66545.46469885,MARK_PRICE_PREVIOUS_FALLBACK,1636531200000,3
BTCUSDT,1636560000001,0.00057535,68455.27812547,MARK_PRICE_PREVIOUS_FALLBACK,1636560000000,1
BTCUSDT,1636588800008,0.00023211,64895.26585824,MARK_PRICE_PREVIOUS_FALLBACK,1636588800000,8
BTCUSDT,1636617600012,0.0001,65256.89264026,MARK_PRICE_PREVIOUS_FALLBACK,1636617600000,12
BTCUSDT,1636646400007,0.00021812,64882.73758692,MARK_PRICE_PREVIOUS_FALLBACK,1636646400000,7
BTCUSDT,1636675200000,0.00018008,64831.3,MARK_PRICE_EXACT_OPEN,1636675200000,0
BTCUSDT,1636704000000,0.00035543,64531.23790751,MARK_PRICE_EXACT_OPEN,1636704000000,0
BTCUSDT,1636732800004,0.00036867,63159.32442673,MARK_PRICE_PREVIOUS_FALLBACK,1636732800000,4
BTCUSDT,1636761600000,0.00015442,64154.05702019,MARK_PRICE_EXACT_OPEN,1636761600000,0
BTCUSDT,1636790400004,0.00031732,64114.27,MARK_PRICE_PREVIOUS_FALLBACK,1636790400000,4
BTCUSDT,1636819200006,0.00021842,64839,MARK_PRICE_PREVIOUS_FALLBACK,1636819200000,6
BTCUSDT,1636848000010,0.00013962,64506.32666033,MARK_PRICE_PREVIOUS_FALLBACK,1636848000000,10
BTCUSDT,1636876800001,0.0001,64707.45682603,MARK_PRICE_PREVIOUS_FALLBACK,1636876800000,1
BTCUSDT,1636905600000,0.00013059,64117.3295126,MARK_PRICE_EXACT_OPEN,1636905600000,0
BTCUSDT,1636934400008,0.00016126,65761.21252692,MARK_PRICE_PREVIOUS_FALLBACK,1636934400000,8
BTCUSDT,1636963200000,0.00020745,65626.04,MARK_PRICE_EXACT_OPEN,1636963200000,0
BTCUSDT,1636992000000,0.00040989,64345.28,MARK_PRICE_EXACT_OPEN,1636992000000,0
BTCUSDT,1637020800000,0.00035998,63658.03,MARK_PRICE_EXACT_OPEN,1637020800000,0
BTCUSDT,1637049600001,0.0001,60829.89,MARK_PRICE_PREVIOUS_FALLBACK,1637049600000,1
BTCUSDT,1637078400018,0.0001,60724.9244946,MARK_PRICE_PREVIOUS_FALLBACK,1637078400000,18
BTCUSDT,1637107200005,0.0001,60162.12143689,MARK_PRICE_PREVIOUS_FALLBACK,1637107200000,5
BTCUSDT,1637136000007,0.00013155,59811.04643995,MARK_PRICE_PREVIOUS_FALLBACK,1637136000000,7
BTCUSDT,1637164800003,0.0001,59622.38543928,MARK_PRICE_PREVIOUS_FALLBACK,1637164800000,3
BTCUSDT,1637193600017,0.0001,60322.51,MARK_PRICE_PREVIOUS_FALLBACK,1637193600000,17
BTCUSDT,1637222400007,0.0001,59730.86334948,MARK_PRICE_PREVIOUS_FALLBACK,1637222400000,7
BTCUSDT,1637251200011,0.00011235,58025.99,MARK_PRICE_PREVIOUS_FALLBACK,1637251200000,11
BTCUSDT,1637280000000,0.0001,56907.52,MARK_PRICE_EXACT_OPEN,1637280000000,0
BTCUSDT,1637308800000,0.0001,56032.21489456,MARK_PRICE_EXACT_OPEN,1637308800000,0
BTCUSDT,1637337600005,0.0001,57907.09876374,MARK_PRICE_PREVIOUS_FALLBACK,1637337600000,5
BTCUSDT,1637366400012,0.0001,58128.99190615,MARK_PRICE_PREVIOUS_FALLBACK,1637366400000,12
BTCUSDT,1637395200000,0.0001,58400.34,MARK_PRICE_EXACT_OPEN,1637395200000,0
BTCUSDT,1637424000007,0.0001,57611.74988118,MARK_PRICE_PREVIOUS_FALLBACK,1637424000000,7
BTCUSDT,1637452800000,0.0001,59692.02017468,MARK_PRICE_EXACT_OPEN,1637452800000,0
BTCUSDT,1637481600006,0.0001,59048.11860209,MARK_PRICE_PREVIOUS_FALLBACK,1637481600000,6
BTCUSDT,1637510400000,0.0001,59214.54,MARK_PRICE_EXACT_OPEN,1637510400000,0
BTCUSDT,1637539200004,0.0001,58711.17790215,MARK_PRICE_PREVIOUS_FALLBACK,1637539200000,4
BTCUSDT,1637568000000,0.0001,57279.81,MARK_PRICE_EXACT_OPEN,1637568000000,0
BTCUSDT,1637596800000,0.0001,58200.75768905,MARK_PRICE_EXACT_OPEN,1637596800000,0
BTCUSDT,1637625600004,0.0001,56246.66365519,MARK_PRICE_PREVIOUS_FALLBACK,1637625600000,4
BTCUSDT,1637654400010,0.00012897,56084.78663452,MARK_PRICE_PREVIOUS_FALLBACK,1637654400000,10
BTCUSDT,1637683200005,0.0001,56988,MARK_PRICE_PREVIOUS_FALLBACK,1637683200000,5
BTCUSDT,1637712000001,0.0001,57623.08,MARK_PRICE_PREVIOUS_FALLBACK,1637712000000,1
BTCUSDT,1637740800003,0.0001,56534.69654984,MARK_PRICE_PREVIOUS_FALLBACK,1637740800000,3
BTCUSDT,1637769600010,0.0001201,56852.96875264,MARK_PRICE_PREVIOUS_FALLBACK,1637769600000,10
BTCUSDT,1637798400000,0.00014549,57165.09,MARK_PRICE_EXACT_OPEN,1637798400000,0
BTCUSDT,1637827200010,0.00016775,57701.18036678,MARK_PRICE_PREVIOUS_FALLBACK,1637827200000,10
BTCUSDT,1637856000000,0.00011888,59087.25,MARK_PRICE_EXACT_OPEN,1637856000000,0
BTCUSDT,1637884800000,0.00013863,58975.69645412,MARK_PRICE_EXACT_OPEN,1637884800000,0
BTCUSDT,1637913600000,0.00033741,57014.53758492,MARK_PRICE_EXACT_OPEN,1637913600000,0
BTCUSDT,1637942400016,0.0001,54301.01,MARK_PRICE_PREVIOUS_FALLBACK,1637942400000,16
BTCUSDT,1637971200005,0.00010824,53841.3610046,MARK_PRICE_PREVIOUS_FALLBACK,1637971200000,5
BTCUSDT,1638000000008,0.0001,54441.53609429,MARK_PRICE_PREVIOUS_FALLBACK,1638000000000,8
BTCUSDT,1638028800007,0.0001,54936.71,MARK_PRICE_PREVIOUS_FALLBACK,1638028800000,7
BTCUSDT,1638057600018,0.0001,54639.65,MARK_PRICE_PREVIOUS_FALLBACK,1638057600000,18
BTCUSDT,1638086400000,0.0001,54533.56,MARK_PRICE_EXACT_OPEN,1638086400000,0
BTCUSDT,1638115200004,0.0001,54298.09501476,MARK_PRICE_PREVIOUS_FALLBACK,1638115200000,4
BTCUSDT,1638144000002,0.0001,57448.00750624,MARK_PRICE_PREVIOUS_FALLBACK,1638144000000,2
BTCUSDT,1638172800004,0.0001,57561.71,MARK_PRICE_PREVIOUS_FALLBACK,1638172800000,4
BTCUSDT,1638201600000,0.00020774,57143.03,MARK_PRICE_EXACT_OPEN,1638201600000,0
BTCUSDT,1638230400000,0.0002781,57827.98,MARK_PRICE_EXACT_OPEN,1638230400000,0
BTCUSDT,1638259200006,0.0001,56489.76478465,MARK_PRICE_PREVIOUS_FALLBACK,1638259200000,6
BTCUSDT,1638288000000,0.0001,57343.28070981,MARK_PRICE_EXACT_OPEN,1638288000000,0
BTCUSDT,1638316800000,0.00012689,56946.18591045,MARK_PRICE_EXACT_OPEN,1638316800000,0
BTCUSDT,1638345600000,0.00029146,57179.27177,MARK_PRICE_EXACT_OPEN,1638345600000,0
BTCUSDT,1638374400001,0.0001,58701.4260637,MARK_PRICE_PREVIOUS_FALLBACK,1638374400000,1
BTCUSDT,1638403200000,0.00015951,57209.29,MARK_PRICE_EXACT_OPEN,1638403200000,0
BTCUSDT,1638432000007,0.0001,56863.13865489,MARK_PRICE_PREVIOUS_FALLBACK,1638432000000,7
BTCUSDT,1638460800008,0.0001,56502.37,MARK_PRICE_PREVIOUS_FALLBACK,1638460800000,8
BTCUSDT,1638489600004,0.0001,56570,MARK_PRICE_PREVIOUS_FALLBACK,1638489600000,4
BTCUSDT,1638518400002,0.00011686,56759.9858143,MARK_PRICE_PREVIOUS_FALLBACK,1638518400000,2
BTCUSDT,1638547200006,0.00027198,55979.01100057,MARK_PRICE_PREVIOUS_FALLBACK,1638547200000,6
BTCUSDT,1638576000006,0.0001,53671.91545379,MARK_PRICE_PREVIOUS_FALLBACK,1638576000000,6
BTCUSDT,1638604800004,0.00006285,47128.08841629,MARK_PRICE_PREVIOUS_FALLBACK,1638604800000,4
BTCUSDT,1638633600000,0.00002893,48188.90080301,MARK_PRICE_EXACT_OPEN,1638633600000,0
BTCUSDT,1638662400003,0.00008272,49221.75,MARK_PRICE_PREVIOUS_FALLBACK,1638662400000,3
BTCUSDT,1638691200008,0.00009001,49260.49509468,MARK_PRICE_PREVIOUS_FALLBACK,1638691200000,8
BTCUSDT,1638720000007,0.0001,47932.47439839,MARK_PRICE_PREVIOUS_FALLBACK,1638720000000,7
BTCUSDT,1638748800009,0.0001,49414.2,MARK_PRICE_PREVIOUS_FALLBACK,1638748800000,9
BTCUSDT,1638777600001,0.0001,48451.46222565,MARK_PRICE_PREVIOUS_FALLBACK,1638777600000,1
BTCUSDT,1638806400000,0.0001,48935.67292551,MARK_PRICE_EXACT_OPEN,1638806400000,0
BTCUSDT,1638835200018,0.0001,50486.23133135,MARK_PRICE_PREVIOUS_FALLBACK,1638835200000,18
BTCUSDT,1638864000000,0.00003977,50900.77562544,MARK_PRICE_EXACT_OPEN,1638864000000,0
BTCUSDT,1638892800000,0.0001,51713.61,MARK_PRICE_EXACT_OPEN,1638892800000,0
BTCUSDT,1638921600000,0.0001,50577.2,MARK_PRICE_EXACT_OPEN,1638921600000,0
BTCUSDT,1638950400018,0.0001,50490.62344493,MARK_PRICE_PREVIOUS_FALLBACK,1638950400000,18
BTCUSDT,1638979200010,0.0001,50667.11993118,MARK_PRICE_PREVIOUS_FALLBACK,1638979200000,10
BTCUSDT,1639008000010,0.0001,50473.82,MARK_PRICE_PREVIOUS_FALLBACK,1639008000000,10
BTCUSDT,1639036800000,0.0001,49987.9,MARK_PRICE_EXACT_OPEN,1639036800000,0
BTCUSDT,1639065600000,0.0001,48454.21909455,MARK_PRICE_EXACT_OPEN,1639065600000,0
BTCUSDT,1639094400000,0.0001,47546.70355508,MARK_PRICE_EXACT_OPEN,1639094400000,0
BTCUSDT,1639123200008,0.0001,47669.10754524,MARK_PRICE_PREVIOUS_FALLBACK,1639123200000,8
BTCUSDT,1639152000012,0.0001,47908.70022674,MARK_PRICE_PREVIOUS_FALLBACK,1639152000000,12
BTCUSDT,1639180800009,0.0001,47234.49,MARK_PRICE_PREVIOUS_FALLBACK,1639180800000,9
BTCUSDT,1639209600008,0.0001,48026.69,MARK_PRICE_PREVIOUS_FALLBACK,1639209600000,8
BTCUSDT,1639238400000,0.0001,48744.62028854,MARK_PRICE_EXACT_OPEN,1639238400000,0
BTCUSDT,1639267200001,0.0001,49387.97,MARK_PRICE_PREVIOUS_FALLBACK,1639267200000,1
BTCUSDT,1639296000015,0.0001,49300.36,MARK_PRICE_PREVIOUS_FALLBACK,1639296000000,15
BTCUSDT,1639324800011,0.0001,49620.6903803,MARK_PRICE_PREVIOUS_FALLBACK,1639324800000,11
BTCUSDT,1639353600006,0.0001,50027.44281749,MARK_PRICE_PREVIOUS_FALLBACK,1639353600000,6
BTCUSDT,1639382400019,0.0001,48771.14,MARK_PRICE_PREVIOUS_FALLBACK,1639382400000,19
BTCUSDT,1639411200000,0.0001,47241.68622935,MARK_PRICE_EXACT_OPEN,1639411200000,0
BTCUSDT,1639440000004,-0.00000493,46598.53583043,MARK_PRICE_PREVIOUS_FALLBACK,1639440000000,4
BTCUSDT,1639468800000,0.0001,46981.8,MARK_PRICE_EXACT_OPEN,1639468800000,0
BTCUSDT,1639497600015,0.00008838,46780.59,MARK_PRICE_PREVIOUS_FALLBACK,1639497600000,15
BTCUSDT,1639526400000,0.0001,48330.75598245,MARK_PRICE_EXACT_OPEN,1639526400000,0
BTCUSDT,1639555200008,0.0001,48215.13876127,MARK_PRICE_PREVIOUS_FALLBACK,1639555200000,8
BTCUSDT,1639584000005,0.0001,46579.77258193,MARK_PRICE_PREVIOUS_FALLBACK,1639584000000,5
BTCUSDT,1639612800006,0.0001,48869.14866348,MARK_PRICE_PREVIOUS_FALLBACK,1639612800000,6
BTCUSDT,1639641600009,0.0001,48753.21186039,MARK_PRICE_PREVIOUS_FALLBACK,1639641600000,9
BTCUSDT,1639670400000,0.0001,48585.34294128,MARK_PRICE_EXACT_OPEN,1639670400000,0
BTCUSDT,1639699200000,0.0001,47624.93823894,MARK_PRICE_EXACT_OPEN,1639699200000,0
BTCUSDT,1639728000005,0.0001,46942.74674155,MARK_PRICE_PREVIOUS_FALLBACK,1639728000000,5
BTCUSDT,1639756800006,0.00004678,46438.54,MARK_PRICE_PREVIOUS_FALLBACK,1639756800000,6
BTCUSDT,1639785600014,0.00009119,46203.89,MARK_PRICE_PREVIOUS_FALLBACK,1639785600000,14
BTCUSDT,1639814400012,0.00009221,46357.81,MARK_PRICE_PREVIOUS_FALLBACK,1639814400000,12
BTCUSDT,1639843200000,0.00008402,46850,MARK_PRICE_EXACT_OPEN,1639843200000,0
BTCUSDT,1639872000031,0.0000708,46771.92320606,MARK_PRICE_PREVIOUS_FALLBACK,1639872000000,31
BTCUSDT,1639900800000,0.0001,47507.86,MARK_PRICE_EXACT_OPEN,1639900800000,0
BTCUSDT,1639929600003,0.0001,47178.56795584,MARK_PRICE_PREVIOUS_FALLBACK,1639929600000,3
BTCUSDT,1639958400015,0.0001,46659.9,MARK_PRICE_PREVIOUS_FALLBACK,1639958400000,15
BTCUSDT,1639987200007,0.0001,46439.63604702,MARK_PRICE_PREVIOUS_FALLBACK,1639987200000,7
BTCUSDT,1640016000005,0.0001,45978.64,MARK_PRICE_PREVIOUS_FALLBACK,1640016000000,5
BTCUSDT,1640044800003,0.00009184,46935.30855647,MARK_PRICE_PREVIOUS_FALLBACK,1640044800000,3
BTCUSDT,1640073600012,0.0001,48565.91,MARK_PRICE_PREVIOUS_FALLBACK,1640073600000,12
BTCUSDT,1640102400005,0.0001,48390.12,MARK_PRICE_PREVIOUS_FALLBACK,1640102400000,5
BTCUSDT,1640131200000,0.0001,48873.69503347,MARK_PRICE_EXACT_OPEN,1640131200000,0
BTCUSDT,1640160000001,0.0001,49218.34,MARK_PRICE_PREVIOUS_FALLBACK,1640160000000,1
BTCUSDT,1640188800006,0.0001,48845.88031471,MARK_PRICE_PREVIOUS_FALLBACK,1640188800000,6
BTCUSDT,1640217600011,0.0000972,48625.7,MARK_PRICE_PREVIOUS_FALLBACK,1640217600000,11
BTCUSDT,1640246400000,0.0001,48120.13791762,MARK_PRICE_EXACT_OPEN,1640246400000,0
BTCUSDT,1640275200000,0.00004018,48788,MARK_PRICE_EXACT_OPEN,1640275200000,0
BTCUSDT,1640304000005,0.0001,50802.00050753,MARK_PRICE_PREVIOUS_FALLBACK,1640304000000,5
BTCUSDT,1640332800000,0.0001,50989.48306559,MARK_PRICE_EXACT_OPEN,1640332800000,0
BTCUSDT,1640361600011,0.0001,50914.72762748,MARK_PRICE_PREVIOUS_FALLBACK,1640361600000,11
BTCUSDT,1640390400000,0.0001,50802.90776819,MARK_PRICE_EXACT_OPEN,1640390400000,0
BTCUSDT,1640419200001,0.0001,50943.48,MARK_PRICE_PREVIOUS_FALLBACK,1640419200000,1
BTCUSDT,1640448000005,0.0001,50686.63297456,MARK_PRICE_PREVIOUS_FALLBACK,1640448000000,5
BTCUSDT,1640476800004,0.0001,50364.54971698,MARK_PRICE_PREVIOUS_FALLBACK,1640476800000,4
BTCUSDT,1640505600002,0.0001,49875.32084316,MARK_PRICE_PREVIOUS_FALLBACK,1640505600000,2
BTCUSDT,1640534400000,0.0001,50039.09,MARK_PRICE_EXACT_OPEN,1640534400000,0
BTCUSDT,1640563200002,0.0001,50809.04175955,MARK_PRICE_PREVIOUS_FALLBACK,1640563200000,2
BTCUSDT,1640592000005,0.0001,50687.6156614,MARK_PRICE_PREVIOUS_FALLBACK,1640592000000,5
BTCUSDT,1640620800000,0.0001,51447.98243668,MARK_PRICE_EXACT_OPEN,1640620800000,0
BTCUSDT,1640649600000,0.0001,50708.16086329,MARK_PRICE_EXACT_OPEN,1640649600000,0
BTCUSDT,1640678400012,0.0001,49178.77,MARK_PRICE_PREVIOUS_FALLBACK,1640678400000,12
BTCUSDT,1640707200000,0.0001,48927.4304635,MARK_PRICE_EXACT_OPEN,1640707200000,0
BTCUSDT,1640736000006,0.0001,47577.49,MARK_PRICE_PREVIOUS_FALLBACK,1640736000000,6
BTCUSDT,1640764800003,0.0001,47606.64734412,MARK_PRICE_PREVIOUS_FALLBACK,1640764800000,3
BTCUSDT,1640793600004,0.0001,47949.71581398,MARK_PRICE_PREVIOUS_FALLBACK,1640793600000,4
BTCUSDT,1640822400003,0.0001,46502.35,MARK_PRICE_PREVIOUS_FALLBACK,1640822400000,3
BTCUSDT,1640851200001,0.0001,47061.07,MARK_PRICE_PREVIOUS_FALLBACK,1640851200000,1
BTCUSDT,1640880000017,0.0001,47190.24542202,MARK_PRICE_PREVIOUS_FALLBACK,1640880000000,17
BTCUSDT,1640908800006,-0.00003102,47065.2,MARK_PRICE_PREVIOUS_FALLBACK,1640908800000,6
BTCUSDT,1640937600009,0.0001,47144.76338539,MARK_PRICE_PREVIOUS_FALLBACK,1640937600000,9
BTCUSDT,1640966400000,0.0001,47973.80249473,MARK_PRICE_EXACT_OPEN,1640966400000,0
BTCUSDT,1640995200006,0.0001,46250.63933363,MARK_PRICE_PREVIOUS_FALLBACK,1640995200000,6
BTCUSDT,1641024000009,0.0001,47173.47943302,MARK_PRICE_PREVIOUS_FALLBACK,1641024000000,9
BTCUSDT,1641052800000,0.0001,47197.066436,MARK_PRICE_EXACT_OPEN,1641052800000,0
BTCUSDT,1641081600028,0.0001,47721.39542877,MARK_PRICE_PREVIOUS_FALLBACK,1641081600000,28
BTCUSDT,1641110400000,0.0001,47170.75717071,MARK_PRICE_EXACT_OPEN,1641110400000,0
BTCUSDT,1641139200000,0.0001,47329.69,MARK_PRICE_EXACT_OPEN,1641139200000,0
BTCUSDT,1641168000010,0.0001,47244.05,MARK_PRICE_PREVIOUS_FALLBACK,1641168000000,10
BTCUSDT,1641196800013,0.0001,47074.21018796,MARK_PRICE_PREVIOUS_FALLBACK,1641196800000,13
BTCUSDT,1641225600018,0.0001,46643.65227368,MARK_PRICE_PREVIOUS_FALLBACK,1641225600000,18
BTCUSDT,1641254400000,0.0001,46438.82584834,MARK_PRICE_EXACT_OPEN,1641254400000,0
BTCUSDT,1641283200010,0.0001,46513.17596189,MARK_PRICE_PREVIOUS_FALLBACK,1641283200000,10
BTCUSDT,1641312000002,0.0001,46830.46328484,MARK_PRICE_PREVIOUS_FALLBACK,1641312000000,2
BTCUSDT,1641340800001,0.0001,45910.30061172,MARK_PRICE_PREVIOUS_FALLBACK,1641340800000,1
BTCUSDT,1641369600017,0.0001,46423.45,MARK_PRICE_PREVIOUS_FALLBACK,1641369600000,17
BTCUSDT,1641398400000,0.0001,46611,MARK_PRICE_EXACT_OPEN,1641398400000,0
BTCUSDT,1641427200002,0.0001,43401.50839227,MARK_PRICE_PREVIOUS_FALLBACK,1641427200000,2
BTCUSDT,1641456000021,0.0001,43245.89,MARK_PRICE_PREVIOUS_FALLBACK,1641456000000,21
BTCUSDT,1641484800006,0.0001,42999.79,MARK_PRICE_PREVIOUS_FALLBACK,1641484800000,6
BTCUSDT,1641513600005,0.0001,43131.62139985,MARK_PRICE_PREVIOUS_FALLBACK,1641513600000,5
BTCUSDT,1641542400000,0.0001,41697.14941698,MARK_PRICE_EXACT_OPEN,1641542400000,0
BTCUSDT,1641571200001,0.0001,41424.9,MARK_PRICE_PREVIOUS_FALLBACK,1641571200000,1
BTCUSDT,1641600000014,0.0001,41660.31672831,MARK_PRICE_PREVIOUS_FALLBACK,1641600000000,14
BTCUSDT,1641628800013,0.0001,41923.88,MARK_PRICE_PREVIOUS_FALLBACK,1641628800000,13
BTCUSDT,1641657600000,0.0001,41605.70453664,MARK_PRICE_EXACT_OPEN,1641657600000,0
BTCUSDT,1641686400003,0.0001,41668.94706817,MARK_PRICE_PREVIOUS_FALLBACK,1641686400000,3
BTCUSDT,1641715200000,0.0001,41785.5,MARK_PRICE_EXACT_OPEN,1641715200000,0
BTCUSDT,1641744000000,0.0001,41617.54488578,MARK_PRICE_EXACT_OPEN,1641744000000,0
BTCUSDT,1641772800000,0.0001,41850.98,MARK_PRICE_EXACT_OPEN,1641772800000,0
BTCUSDT,1641801600010,0.00004522,42071.632928,MARK_PRICE_PREVIOUS_FALLBACK,1641801600000,10
BTCUSDT,1641830400007,0.0001,40896.98817287,MARK_PRICE_PREVIOUS_FALLBACK,1641830400000,7
BTCUSDT,1641859200013,0.0001,41841.53699775,MARK_PRICE_PREVIOUS_FALLBACK,1641859200000,13
BTCUSDT,1641888000004,0.00007394,42215.84307846,MARK_PRICE_PREVIOUS_FALLBACK,1641888000000,4
BTCUSDT,1641916800000,0.0001,41716.73859758,MARK_PRICE_EXACT_OPEN,1641916800000,0
BTCUSDT,1641945600012,-0.00004772,42721.91,MARK_PRICE_PREVIOUS_FALLBACK,1641945600000,12
BTCUSDT,1641974400015,0.00009625,42540.60981497,MARK_PRICE_PREVIOUS_FALLBACK,1641974400000,15
BTCUSDT,1642003200000,-0.00005342,43543.54830505,MARK_PRICE_EXACT_OPEN,1642003200000,0
BTCUSDT,1642032000007,-0.00007506,43843.90973819,MARK_PRICE_PREVIOUS_FALLBACK,1642032000000,7
BTCUSDT,1642060800000,0.0001,43685.44294681,MARK_PRICE_EXACT_OPEN,1642060800000,0
BTCUSDT,1642089600014,-0.00006081,43157.29711621,MARK_PRICE_PREVIOUS_FALLBACK,1642089600000,14
BTCUSDT,1642118400000,0.00000592,42549.26482874,MARK_PRICE_EXACT_OPEN,1642118400000,0
BTCUSDT,1642147200006,-0.0000917,42583.39075224,MARK_PRICE_PREVIOUS_FALLBACK,1642147200000,6
BTCUSDT,1642176000014,-0.00006655,43128.39,MARK_PRICE_PREVIOUS_FALLBACK,1642176000000,14
BTCUSDT,1642204800000,0.00002282,43048.19062586,MARK_PRICE_EXACT_OPEN,1642204800000,0
BTCUSDT,1642233600002,0.0001,43065.43,MARK_PRICE_PREVIOUS_FALLBACK,1642233600000,2
BTCUSDT,1642262400000,0.00002661,43370.01,MARK_PRICE_EXACT_OPEN,1642262400000,0
BTCUSDT,1642291200000,0.0000907,43073.27,MARK_PRICE_EXACT_OPEN,1642291200000,0
BTCUSDT,1642320000017,-0.0000233,43212.13317893,MARK_PRICE_PREVIOUS_FALLBACK,1642320000000,17
BTCUSDT,1642348800011,0.0000362,43242.49477479,MARK_PRICE_PREVIOUS_FALLBACK,1642348800000,11
BTCUSDT,1642377600005,0.00001751,43088.51780896,MARK_PRICE_PREVIOUS_FALLBACK,1642377600000,5
BTCUSDT,1642406400006,0.00006647,42711.68,MARK_PRICE_PREVIOUS_FALLBACK,1642406400000,6
BTCUSDT,1642435200012,0.0001,42470.44,MARK_PRICE_PREVIOUS_FALLBACK,1642435200000,12
BTCUSDT,1642464000020,0.0001,42247.35,MARK_PRICE_PREVIOUS_FALLBACK,1642464000000,20
BTCUSDT,1642492800000,0.00009998,42042.1665092,MARK_PRICE_EXACT_OPEN,1642492800000,0
BTCUSDT,1642521600013,0.0001,41605.42,MARK_PRICE_PREVIOUS_FALLBACK,1642521600000,13
BTCUSDT,1642550400001,0.00004973,42382,MARK_PRICE_PREVIOUS_FALLBACK,1642550400000,1
BTCUSDT,1642579200000,0.0001,41268.77,MARK_PRICE_EXACT_OPEN,1642579200000,0
BTCUSDT,1642608000000,0.0001,41979.610117,MARK_PRICE_EXACT_OPEN,1642608000000,0
BTCUSDT,1642636800015,0.0001,41709.9392938,MARK_PRICE_PREVIOUS_FALLBACK,1642636800000,15
BTCUSDT,1642665600000,0.0001,42040,MARK_PRICE_EXACT_OPEN,1642665600000,0
BTCUSDT,1642694400000,0.0001,43275.74,MARK_PRICE_EXACT_OPEN,1642694400000,0
BTCUSDT,1642723200007,0.0001,40682.99,MARK_PRICE_PREVIOUS_FALLBACK,1642723200000,7
BTCUSDT,1642752000015,0.00004523,39057.98783124,MARK_PRICE_PREVIOUS_FALLBACK,1642752000000,15
BTCUSDT,1642780800000,0.00008226,38831.87,MARK_PRICE_EXACT_OPEN,1642780800000,0
BTCUSDT,1642809600017,-0.00001051,36496.58,MARK_PRICE_PREVIOUS_FALLBACK,1642809600000,17
BTCUSDT,1642838400003,0.00004122,35484.04529237,MARK_PRICE_PREVIOUS_FALLBACK,1642838400000,3
BTCUSDT,1642867200021,0.0001,34867.79,MARK_PRICE_PREVIOUS_FALLBACK,1642867200000,21
BTCUSDT,1642896000026,0.0001,35083.2,MARK_PRICE_PREVIOUS_FALLBACK,1642896000000,26
BTCUSDT,1642924800010,-0.00001256,35536.31,MARK_PRICE_PREVIOUS_FALLBACK,1642924800000,10
BTCUSDT,1642953600009,-0.00001573,35298.23726451,MARK_PRICE_PREVIOUS_FALLBACK,1642953600000,9
BTCUSDT,1642982400010,0.0000348,36187.96726714,MARK_PRICE_PREVIOUS_FALLBACK,1642982400000,10
BTCUSDT,1643011200000,0.00005605,34876.21,MARK_PRICE_EXACT_OPEN,1643011200000,0
BTCUSDT,1643040000021,0.00005009,34134.4227431,MARK_PRICE_PREVIOUS_FALLBACK,1643040000000,21
BTCUSDT,1643068800000,0.0001,36650.90018703,MARK_PRICE_EXACT_OPEN,1643068800000,0
BTCUSDT,1643097600000,0.00008126,36040.88,MARK_PRICE_EXACT_OPEN,1643097600000,0
BTCUSDT,1643126400012,-0.00010008,36539.17848073,MARK_PRICE_PREVIOUS_FALLBACK,1643126400000,12
BTCUSDT,1643155200000,0.00000676,36934.26,MARK_PRICE_EXACT_OPEN,1643155200000,0
BTCUSDT,1643184000001,-0.00001905,37366.16,MARK_PRICE_PREVIOUS_FALLBACK,1643184000000,1
BTCUSDT,1643212800005,-0.0000413,37968.94997031,MARK_PRICE_PREVIOUS_FALLBACK,1643212800000,5
BTCUSDT,1643241600004,-0.00004869,36784.43,MARK_PRICE_PREVIOUS_FALLBACK,1643241600000,4
BTCUSDT,1643270400004,-0.00010186,36130.78,MARK_PRICE_PREVIOUS_FALLBACK,1643270400000,4
BTCUSDT,1643299200019,-0.00007554,36618.85209245,MARK_PRICE_PREVIOUS_FALLBACK,1643299200000,19
BTCUSDT,1643328000000,-0.00000493,37133.39,MARK_PRICE_EXACT_OPEN,1643328000000,0
BTCUSDT,1643356800000,0.00007165,36788.86,MARK_PRICE_EXACT_OPEN,1643356800000,0
BTCUSDT,1643385600025,0.0000288,37123.96351538,MARK_PRICE_PREVIOUS_FALLBACK,1643385600000,25
BTCUSDT,1643414400017,-0.00001093,37633.23780619,MARK_PRICE_PREVIOUS_FALLBACK,1643414400000,17
BTCUSDT,1643443200000,0.00005239,37828.01555745,MARK_PRICE_EXACT_OPEN,1643443200000,0
BTCUSDT,1643472000013,-0.00003029,37563.89584642,MARK_PRICE_PREVIOUS_FALLBACK,1643472000000,13
BTCUSDT,1643500800025,0.0000605,38122.9277872,MARK_PRICE_PREVIOUS_FALLBACK,1643500800000,25
BTCUSDT,1643529600009,0.00009126,38303.82415832,MARK_PRICE_PREVIOUS_FALLBACK,1643529600000,9
BTCUSDT,1643558400000,0.0001,37953.35,MARK_PRICE_EXACT_OPEN,1643558400000,0
BTCUSDT,1643587200000,0.00008927,37880.01,MARK_PRICE_EXACT_OPEN,1643587200000,0
BTCUSDT,1643616000000,-0.00007369,37102.39,MARK_PRICE_EXACT_OPEN,1643616000000,0
BTCUSDT,1643644800000,-0.00005648,37697.94,MARK_PRICE_EXACT_OPEN,1643644800000,0
BTCUSDT,1643673600010,-0.00004,38383.24439758,MARK_PRICE_PREVIOUS_FALLBACK,1643673600000,10
BTCUSDT,1643702400000,0.00006113,38420.65,MARK_PRICE_EXACT_OPEN,1643702400000,0
BTCUSDT,1643731200004,-0.00006256,38658,MARK_PRICE_PREVIOUS_FALLBACK,1643731200000,4
BTCUSDT,1643760000004,-0.00002905,38706.96756756,MARK_PRICE_PREVIOUS_FALLBACK,1643760000000,4
BTCUSDT,1643788800000,0.0001,38268.32,MARK_PRICE_EXACT_OPEN,1643788800000,0
BTCUSDT,1643817600002,0.00002553,37359.97105831,MARK_PRICE_PREVIOUS_FALLBACK,1643817600000,2
BTCUSDT,1643846400002,-0.00007716,36892.52543665,MARK_PRICE_PREVIOUS_FALLBACK,1643846400000,2
BTCUSDT,1643875200000,0.00001168,36997.47,MARK_PRICE_EXACT_OPEN,1643875200000,0
BTCUSDT,1643904000000,-0.00001533,36882.51906799,MARK_PRICE_EXACT_OPEN,1643904000000,0
BTCUSDT,1643932800018,0.00001462,37211.64967467,MARK_PRICE_PREVIOUS_FALLBACK,1643932800000,18
BTCUSDT,1643961600005,-0.00008571,37934.13499668,MARK_PRICE_PREVIOUS_FALLBACK,1643961600000,5
BTCUSDT,1643990400010,0.0001,39555.44479655,MARK_PRICE_PREVIOUS_FALLBACK,1643990400000,10
BTCUSDT,1644019200014,0.00007457,41507.11745509,MARK_PRICE_PREVIOUS_FALLBACK,1644019200000,14
BTCUSDT,1644048000000,0.0001,41367.73,MARK_PRICE_EXACT_OPEN,1644048000000,0
BTCUSDT,1644076800000,0.0001,41746.68837094,MARK_PRICE_EXACT_OPEN,1644076800000,0
BTCUSDT,1644105600000,0.0001,41376.2735763,MARK_PRICE_EXACT_OPEN,1644105600000,0
BTCUSDT,1644134400000,0.0001,41592.39262227,MARK_PRICE_EXACT_OPEN,1644134400000,0
BTCUSDT,1644163200000,0.0001,41494.99,MARK_PRICE_EXACT_OPEN,1644163200000,0
BTCUSDT,1644192000003,0.00001477,42443.44047129,MARK_PRICE_PREVIOUS_FALLBACK,1644192000000,3
BTCUSDT,1644220800014,0.00005264,42684.99,MARK_PRICE_PREVIOUS_FALLBACK,1644220800000,14
BTCUSDT,1644249600003,-0.00009617,43799.94,MARK_PRICE_PREVIOUS_FALLBACK,1644249600000,3
BTCUSDT,1644278400001,0.0001,43858.66755484,MARK_PRICE_PREVIOUS_FALLBACK,1644278400000,1
BTCUSDT,1644307200003,0.0001,44893.43894032,MARK_PRICE_PREVIOUS_FALLBACK,1644307200000,3
BTCUSDT,1644336000002,0.0001,43526.25,MARK_PRICE_PREVIOUS_FALLBACK,1644336000000,2
BTCUSDT,1644364800000,0.00008216,44024.94477584,MARK_PRICE_EXACT_OPEN,1644364800000,0
BTCUSDT,1644393600005,0.00005826,43820.14166238,MARK_PRICE_PREVIOUS_FALLBACK,1644393600000,5
BTCUSDT,1644422400001,0.0000512,43840.72724864,MARK_PRICE_PREVIOUS_FALLBACK,1644422400000,1
BTCUSDT,1644451200012,0.0001,44349.98383417,MARK_PRICE_PREVIOUS_FALLBACK,1644451200000,12
BTCUSDT,1644480000000,-0.00001799,44068.51667822,MARK_PRICE_EXACT_OPEN,1644480000000,0
BTCUSDT,1644508800006,0.0001,44893.8113347,MARK_PRICE_PREVIOUS_FALLBACK,1644508800000,6
BTCUSDT,1644537600000,0.00003895,43475.93777999,MARK_PRICE_EXACT_OPEN,1644537600000,0
BTCUSDT,1644566400009,-0.00005238,43291.87,MARK_PRICE_PREVIOUS_FALLBACK,1644566400000,9
BTCUSDT,1644595200015,-0.00007643,43670.01,MARK_PRICE_PREVIOUS_FALLBACK,1644595200000,15
BTCUSDT,1644624000020,0.0001,42383.15667307,MARK_PRICE_PREVIOUS_FALLBACK,1644624000000,20
BTCUSDT,1644652800001,0.0001,42131.28,MARK_PRICE_PREVIOUS_FALLBACK,1644652800000,1
BTCUSDT,1644681600007,0.0001,42169.82,MARK_PRICE_PREVIOUS_FALLBACK,1644681600000,7
BTCUSDT,1644710400022,0.00008047,42184.94,MARK_PRICE_PREVIOUS_FALLBACK,1644710400000,22
BTCUSDT,1644739200001,0.00007937,42363.85813562,MARK_PRICE_PREVIOUS_FALLBACK,1644739200000,1
BTCUSDT,1644768000007,0.00006814,42566.37,MARK_PRICE_PREVIOUS_FALLBACK,1644768000000,7
BTCUSDT,1644796800005,0.00009717,42078.09627873,MARK_PRICE_PREVIOUS_FALLBACK,1644796800000,5
BTCUSDT,1644825600013,0.00002867,42300.73,MARK_PRICE_PREVIOUS_FALLBACK,1644825600000,13
BTCUSDT,1644854400019,0.00006445,42552.56558602,MARK_PRICE_PREVIOUS_FALLBACK,1644854400000,19
BTCUSDT,1644883200012,0.0001,42553.81670532,MARK_PRICE_PREVIOUS_FALLBACK,1644883200000,12
BTCUSDT,1644912000005,-0.0000776,43659.8,MARK_PRICE_PREVIOUS_FALLBACK,1644912000000,5
BTCUSDT,1644940800011,0.00005462,44161.9,MARK_PRICE_PREVIOUS_FALLBACK,1644940800000,11
BTCUSDT,1644969600009,0.0001,44422.43610398,MARK_PRICE_PREVIOUS_FALLBACK,1644969600000,9
BTCUSDT,1644998400001,0.0001,44175.56285842,MARK_PRICE_PREVIOUS_FALLBACK,1644998400000,1
BTCUSDT,1645027200014,0.0001,43575.56876357,MARK_PRICE_PREVIOUS_FALLBACK,1645027200000,14
BTCUSDT,1645056000018,0.0001,43863.16143501,MARK_PRICE_PREVIOUS_FALLBACK,1645056000000,18
BTCUSDT,1645084800000,0.0001,43903.5,MARK_PRICE_EXACT_OPEN,1645084800000,0
BTCUSDT,1645113600010,0.0001,41864.5,MARK_PRICE_PREVIOUS_FALLBACK,1645113600000,10
BTCUSDT,1645142400000,-0.00000438,40502.44745093,MARK_PRICE_EXACT_OPEN,1645142400000,0
BTCUSDT,1645171200002,-0.00002923,40650.2985738,MARK_PRICE_PREVIOUS_FALLBACK,1645171200000,2
BTCUSDT,1645200000000,-0.00000936,39811,MARK_PRICE_EXACT_OPEN,1645200000000,0
BTCUSDT,1645228800007,0.0001,39975.6,MARK_PRICE_PREVIOUS_FALLBACK,1645228800000,7
BTCUSDT,1645257600000,0.00000961,40245.1,MARK_PRICE_EXACT_OPEN,1645257600000,0
BTCUSDT,1645286400023,0.0000771,39975.3,MARK_PRICE_PREVIOUS_FALLBACK,1645286400000,23
BTCUSDT,1645315200001,0.00003023,40046.4,MARK_PRICE_PREVIOUS_FALLBACK,1645315200000,1
BTCUSDT,1645344000003,0.00006581,38760.3,MARK_PRICE_PREVIOUS_FALLBACK,1645344000000,3
BTCUSDT,1645372800001,-0.00007517,38302.3,MARK_PRICE_PREVIOUS_FALLBACK,1645372800000,1
BTCUSDT,1645401600000,0.000065,38369.7,MARK_PRICE_EXACT_OPEN,1645401600000,0
BTCUSDT,1645430400001,-0.00004498,39270.7,MARK_PRICE_PREVIOUS_FALLBACK,1645430400000,1
BTCUSDT,1645459200005,-0.00003473,38806.8,MARK_PRICE_PREVIOUS_FALLBACK,1645459200000,5
BTCUSDT,1645488000005,-0.00005357,37038.01291936,MARK_PRICE_PREVIOUS_FALLBACK,1645488000000,5
BTCUSDT,1645516800000,0.00002477,36754.6,MARK_PRICE_EXACT_OPEN,1645516800000,0
BTCUSDT,1645545600000,-0.00003085,37749.67355956,MARK_PRICE_EXACT_OPEN,1645545600000,0
BTCUSDT,1645574400002,-0.00002623,38225.64374868,MARK_PRICE_PREVIOUS_FALLBACK,1645574400000,2
BTCUSDT,1645603200005,-0.00012603,38137.4,MARK_PRICE_PREVIOUS_FALLBACK,1645603200000,5
BTCUSDT,1645632000010,-0.00003332,38497.9,MARK_PRICE_PREVIOUS_FALLBACK,1645632000000,10
BTCUSDT,1645660800008,0.00006475,37201.5,MARK_PRICE_PREVIOUS_FALLBACK,1645660800000,8
BTCUSDT,1645689600003,-0.00016045,35237.79342391,MARK_PRICE_PREVIOUS_FALLBACK,1645689600000,3
BTCUSDT,1645718400001,-0.0000921,35937.97564552,MARK_PRICE_PREVIOUS_FALLBACK,1645718400000,1
BTCUSDT,1645747200000,0.0001,38316.28833658,MARK_PRICE_EXACT_OPEN,1645747200000,0
BTCUSDT,1645776000006,0.0000622,38416.72267636,MARK_PRICE_PREVIOUS_FALLBACK,1645776000000,6
BTCUSDT,1645804800001,0.00000998,39392.7,MARK_PRICE_PREVIOUS_FALLBACK,1645804800000,1
BTCUSDT,1645833600004,0.00009332,39190.44147407,MARK_PRICE_PREVIOUS_FALLBACK,1645833600000,4
BTCUSDT,1645862400004,0.0001,39180.1,MARK_PRICE_PREVIOUS_FALLBACK,1645862400000,4
BTCUSDT,1645891200007,0.00007614,39167.68167147,MARK_PRICE_PREVIOUS_FALLBACK,1645891200000,7
BTCUSDT,1645920000012,0.00005574,39094.3,MARK_PRICE_PREVIOUS_FALLBACK,1645920000000,12
BTCUSDT,1645948800000,0.00001803,38774.77401722,MARK_PRICE_EXACT_OPEN,1645948800000,0
BTCUSDT,1645977600000,-0.00000628,39333.11422564,MARK_PRICE_EXACT_OPEN,1645977600000,0
BTCUSDT,1646006400000,-0.00021167,37672,MARK_PRICE_EXACT_OPEN,1646006400000,0
BTCUSDT,1646035200001,-0.00008986,38267.46866715,MARK_PRICE_PREVIOUS_FALLBACK,1646035200000,1
BTCUSDT,1646064000002,-0.00005386,40824.79577925,MARK_PRICE_PREVIOUS_FALLBACK,1646064000000,2
BTCUSDT,1646092800002,0.0001,43171.92542194,MARK_PRICE_PREVIOUS_FALLBACK,1646092800000,2
BTCUSDT,1646121600001,0.0001,43457.78143429,MARK_PRICE_PREVIOUS_FALLBACK,1646121600000,1
BTCUSDT,1646150400000,0.00004369,43629.27616875,MARK_PRICE_EXACT_OPEN,1646150400000,0
BTCUSDT,1646179200000,-0.00000507,44394.1,MARK_PRICE_EXACT_OPEN,1646179200000,0
BTCUSDT,1646208000000,0.0001,43963,MARK_PRICE_EXACT_OPEN,1646208000000,0
BTCUSDT,1646236800002,0.0001,44052.44285268,MARK_PRICE_PREVIOUS_FALLBACK,1646236800000,2
BTCUSDT,1646265600000,0.0001,43888.6215268,MARK_PRICE_EXACT_OPEN,1646265600000,0
BTCUSDT,1646294400000,0.0001,43469.17639451,MARK_PRICE_EXACT_OPEN,1646294400000,0
BTCUSDT,1646323200005,0.0001,42498,MARK_PRICE_PREVIOUS_FALLBACK,1646323200000,5
BTCUSDT,1646352000018,0.0001,42421.49952524,MARK_PRICE_PREVIOUS_FALLBACK,1646352000000,18
BTCUSDT,1646380800000,0.0001,41427.48855607,MARK_PRICE_EXACT_OPEN,1646380800000,0
BTCUSDT,1646409600000,0.0001,40694.94012227,MARK_PRICE_EXACT_OPEN,1646409600000,0
BTCUSDT,1646438400006,0.0001,39174.8,MARK_PRICE_PREVIOUS_FALLBACK,1646438400000,6
BTCUSDT,1646467200004,0.0001,39037.6,MARK_PRICE_PREVIOUS_FALLBACK,1646467200000,4
BTCUSDT,1646496000000,0.00001656,39139.22184584,MARK_PRICE_EXACT_OPEN,1646496000000,0
BTCUSDT,1646524800004,0.00004115,39367.06096363,MARK_PRICE_PREVIOUS_FALLBACK,1646524800000,4
BTCUSDT,1646553600000,-0.0000096,39371.49234805,MARK_PRICE_EXACT_OPEN,1646553600000,0
BTCUSDT,1646582400013,0.00001957,38802.38055294,MARK_PRICE_PREVIOUS_FALLBACK,1646582400000,13
BTCUSDT,1646611200008,0.00000318,38443.1,MARK_PRICE_PREVIOUS_FALLBACK,1646611200000,8
BTCUSDT,1646640000006,-0.00008983,37917.3,MARK_PRICE_PREVIOUS_FALLBACK,1646640000000,6
BTCUSDT,1646668800000,-0.00003177,39059.1,MARK_PRICE_EXACT_OPEN,1646668800000,0
BTCUSDT,1646697600008,0.00003378,37987.02561008,MARK_PRICE_PREVIOUS_FALLBACK,1646697600000,8
BTCUSDT,1646726400002,0.0001,38584.5,MARK_PRICE_PREVIOUS_FALLBACK,1646726400000,2
BTCUSDT,1646755200000,0.0001,38639.58050962,MARK_PRICE_EXACT_OPEN,1646755200000,0
BTCUSDT,1646784000008,0.00006776,38699.9,MARK_PRICE_PREVIOUS_FALLBACK,1646784000000,8
BTCUSDT,1646812800000,0.0001,41775.87933198,MARK_PRICE_EXACT_OPEN,1646812800000,0
BTCUSDT,1646841600004,0.0001,42477.77051604,MARK_PRICE_PREVIOUS_FALLBACK,1646841600000,4
BTCUSDT,1646870400000,0.0001,41940.57499852,MARK_PRICE_EXACT_OPEN,1646870400000,0
BTCUSDT,1646899200017,0.0000828,39185.76128668,MARK_PRICE_PREVIOUS_FALLBACK,1646899200000,17
BTCUSDT,1646928000000,-0.00008919,39162.8,MARK_PRICE_EXACT_OPEN,1646928000000,0
BTCUSDT,1646956800008,-0.00009808,39420.60425589,MARK_PRICE_PREVIOUS_FALLBACK,1646956800000,8
BTCUSDT,1646985600000,-0.00007765,39112.7,MARK_PRICE_EXACT_OPEN,1646985600000,0
BTCUSDT,1647014400001,0.00004301,39006.79076587,MARK_PRICE_PREVIOUS_FALLBACK,1647014400000,1
BTCUSDT,1647043200010,-0.00000307,38652.04754529,MARK_PRICE_PREVIOUS_FALLBACK,1647043200000,10
BTCUSDT,1647072000001,0.00003168,39075.65136926,MARK_PRICE_PREVIOUS_FALLBACK,1647072000000,1
BTCUSDT,1647100800002,-0.00003565,39034,MARK_PRICE_PREVIOUS_FALLBACK,1647100800000,2
BTCUSDT,1647129600008,-0.00005855,38752.79533546,MARK_PRICE_PREVIOUS_FALLBACK,1647129600000,8
BTCUSDT,1647158400000,0.00000613,39075.67135421,MARK_PRICE_EXACT_OPEN,1647158400000,0
BTCUSDT,1647187200002,-0.00005741,38878,MARK_PRICE_PREVIOUS_FALLBACK,1647187200000,2
BTCUSDT,1647216000014,-0.00008009,37732.81438388,MARK_PRICE_PREVIOUS_FALLBACK,1647216000000,14
BTCUSDT,1647244800005,-0.00006699,39058,MARK_PRICE_PREVIOUS_FALLBACK,1647244800000,5
BTCUSDT,1647273600002,0.00002708,38938.33399522,MARK_PRICE_PREVIOUS_FALLBACK,1647273600000,2
BTCUSDT,1647302400008,0.00005726,39635.78367016,MARK_PRICE_PREVIOUS_FALLBACK,1647302400000,8
BTCUSDT,1647331200000,0.00004476,38431.1,MARK_PRICE_EXACT_OPEN,1647331200000,0
BTCUSDT,1647360000006,0.00009061,38977.06547432,MARK_PRICE_PREVIOUS_FALLBACK,1647360000000,6
BTCUSDT,1647388800013,0.0001,39337.3,MARK_PRICE_PREVIOUS_FALLBACK,1647388800000,13
BTCUSDT,1647417600000,0.00005871,39561.99310764,MARK_PRICE_EXACT_OPEN,1647417600000,0
BTCUSDT,1647446400008,0.0001,40599.76462515,MARK_PRICE_PREVIOUS_FALLBACK,1647446400000,8
BTCUSDT,1647475200004,0.0001,41095.75288195,MARK_PRICE_PREVIOUS_FALLBACK,1647475200000,4
BTCUSDT,1647504000000,0.0001,40720.6,MARK_PRICE_EXACT_OPEN,1647504000000,0
BTCUSDT,1647532800004,0.0001,40809.7,MARK_PRICE_PREVIOUS_FALLBACK,1647532800000,4
BTCUSDT,1647561600000,0.0001,40898.1,MARK_PRICE_EXACT_OPEN,1647561600000,0
BTCUSDT,1647590400000,0.00001662,40560.8,MARK_PRICE_EXACT_OPEN,1647590400000,0
BTCUSDT,1647619200017,0.0001,40922.9,MARK_PRICE_PREVIOUS_FALLBACK,1647619200000,17
BTCUSDT,1647648000008,0.0001,41781.7,MARK_PRICE_PREVIOUS_FALLBACK,1647648000000,8
BTCUSDT,1647676800015,0.0001,41593.80612756,MARK_PRICE_PREVIOUS_FALLBACK,1647676800000,15
BTCUSDT,1647705600000,0.0001,41913.92315877,MARK_PRICE_EXACT_OPEN,1647705600000,0
BTCUSDT,1647734400000,0.0001,42192.59715285,MARK_PRICE_EXACT_OPEN,1647734400000,0
BTCUSDT,1647763200001,0.0001,41843.70073837,MARK_PRICE_PREVIOUS_FALLBACK,1647763200000,1
BTCUSDT,1647792000002,0.0001,41311.54987151,MARK_PRICE_PREVIOUS_FALLBACK,1647792000000,2
BTCUSDT,1647820800013,0.0001,41249.61506287,MARK_PRICE_PREVIOUS_FALLBACK,1647820800000,13
BTCUSDT,1647849600004,-0.00000954,41088.15482018,MARK_PRICE_PREVIOUS_FALLBACK,1647849600000,4
BTCUSDT,1647878400010,-9.3e-7,41139.95808857,MARK_PRICE_PREVIOUS_FALLBACK,1647878400000,10
BTCUSDT,1647907200012,0.0001,40978.6,MARK_PRICE_PREVIOUS_FALLBACK,1647907200000,12
BTCUSDT,1647936000001,0.0001,42237.57516333,MARK_PRICE_PREVIOUS_FALLBACK,1647936000000,1
BTCUSDT,1647964800022,0.0001,42564.10386255,MARK_PRICE_PREVIOUS_FALLBACK,1647964800000,22
BTCUSDT,1647993600007,0.0001,42333.95928172,MARK_PRICE_PREVIOUS_FALLBACK,1647993600000,7
BTCUSDT,1648022400000,0.0001,42098.28485794,MARK_PRICE_EXACT_OPEN,1648022400000,0
BTCUSDT,1648051200006,0.00007014,42656.25826577,MARK_PRICE_PREVIOUS_FALLBACK,1648051200000,6
BTCUSDT,1648080000013,0.00001664,42900.1,MARK_PRICE_PREVIOUS_FALLBACK,1648080000000,13
BTCUSDT,1648108800006,0.000008,43097.8,MARK_PRICE_PREVIOUS_FALLBACK,1648108800000,6
BTCUSDT,1648137600020,-0.00000907,43997.6,MARK_PRICE_PREVIOUS_FALLBACK,1648137600000,20
BTCUSDT,1648166400010,0.0000067,43942.16788297,MARK_PRICE_PREVIOUS_FALLBACK,1648166400000,10
BTCUSDT,1648195200001,0.00009286,43875.09623676,MARK_PRICE_PREVIOUS_FALLBACK,1648195200000,1
BTCUSDT,1648224000014,0.00005473,44314.65542314,MARK_PRICE_PREVIOUS_FALLBACK,1648224000000,14
BTCUSDT,1648252800020,0.00009739,44312.91211221,MARK_PRICE_PREVIOUS_FALLBACK,1648252800000,20
BTCUSDT,1648281600006,-0.00007111,44493.3,MARK_PRICE_PREVIOUS_FALLBACK,1648281600000,6
BTCUSDT,1648310400000,0.0001,44193.5,MARK_PRICE_EXACT_OPEN,1648310400000,0
BTCUSDT,1648339200004,-0.00008253,44498.1,MARK_PRICE_PREVIOUS_FALLBACK,1648339200000,4
BTCUSDT,1648368000001,0.00001306,44718.57342725,MARK_PRICE_PREVIOUS_FALLBACK,1648368000000,1
BTCUSDT,1648396800006,0.0001,44796.79028543,MARK_PRICE_PREVIOUS_FALLBACK,1648396800000,6
BTCUSDT,1648425600012,0.0001,46797.5,MARK_PRICE_PREVIOUS_FALLBACK,1648425600000,12
BTCUSDT,1648454400007,0.0001,46957.45473706,MARK_PRICE_PREVIOUS_FALLBACK,1648454400000,7
BTCUSDT,1648483200000,0.0001,47408.9,MARK_PRICE_EXACT_OPEN,1648483200000,0
BTCUSDT,1648512000000,0.0001,47119.29103522,MARK_PRICE_EXACT_OPEN,1648512000000,0
BTCUSDT,1648540800015,0.0001,47353.6,MARK_PRICE_PREVIOUS_FALLBACK,1648540800000,15
BTCUSDT,1648569600000,0.00009594,47429.4,MARK_PRICE_EXACT_OPEN,1648569600000,0
BTCUSDT,1648598400000,0.0001,47418.8860188,MARK_PRICE_EXACT_OPEN,1648598400000,0
BTCUSDT,1648627200002,0.0001,47377.6,MARK_PRICE_PREVIOUS_FALLBACK,1648627200000,2
BTCUSDT,1648656000028,0.0001,47145.86953248,MARK_PRICE_PREVIOUS_FALLBACK,1648656000000,28
BTCUSDT,1648684800017,0.0001,46992,MARK_PRICE_PREVIOUS_FALLBACK,1648684800000,17
BTCUSDT,1648713600000,0.0001,47147.94784185,MARK_PRICE_EXACT_OPEN,1648713600000,0
BTCUSDT,1648742400015,0.0001,46484.44603518,MARK_PRICE_PREVIOUS_FALLBACK,1648742400000,15
BTCUSDT,1648771200000,0.0001,45506,MARK_PRICE_EXACT_OPEN,1648771200000,0
BTCUSDT,1648800000000,0.00007626,44993.8,MARK_PRICE_EXACT_OPEN,1648800000000,0
BTCUSDT,1648828800018,0.00009193,46552.7,MARK_PRICE_PREVIOUS_FALLBACK,1648828800000,18
BTCUSDT,1648857600000,0.0001,46269.24121852,MARK_PRICE_EXACT_OPEN,1648857600000,0
BTCUSDT,1648886400002,0.0001,46565.59302841,MARK_PRICE_PREVIOUS_FALLBACK,1648886400000,2
BTCUSDT,1648915200006,0.0001,46270.29250749,MARK_PRICE_PREVIOUS_FALLBACK,1648915200000,6
BTCUSDT,1648944000018,0.0001,45833.17487832,MARK_PRICE_PREVIOUS_FALLBACK,1648944000000,18
BTCUSDT,1648972800018,0.0001,46409.3,MARK_PRICE_PREVIOUS_FALLBACK,1648972800000,18
BTCUSDT,1649001600015,0.0001,46379.39995661,MARK_PRICE_PREVIOUS_FALLBACK,1649001600000,15
BTCUSDT,1649030400006,0.0001,46357.38631555,MARK_PRICE_PREVIOUS_FALLBACK,1649030400000,6
BTCUSDT,1649059200000,0.0001,46159.4831,MARK_PRICE_EXACT_OPEN,1649059200000,0
BTCUSDT,1649088000016,0.0001,45574.6,MARK_PRICE_PREVIOUS_FALLBACK,1649088000000,16
BTCUSDT,1649116800000,0.0001,46586.34449709,MARK_PRICE_EXACT_OPEN,1649116800000,0
BTCUSDT,1649145600010,0.0001,46721.69972458,MARK_PRICE_PREVIOUS_FALLBACK,1649145600000,10
BTCUSDT,1649174400008,0.0001,45737.1,MARK_PRICE_PREVIOUS_FALLBACK,1649174400000,8
BTCUSDT,1649203200001,0.00009898,45431.13414676,MARK_PRICE_PREVIOUS_FALLBACK,1649203200000,1
BTCUSDT,1649232000021,0.0001,45254.2,MARK_PRICE_PREVIOUS_FALLBACK,1649232000000,21
BTCUSDT,1649260800000,0.0001,44159.4,MARK_PRICE_EXACT_OPEN,1649260800000,0
BTCUSDT,1649289600009,0.0001,43203.29134646,MARK_PRICE_PREVIOUS_FALLBACK,1649289600000,9
BTCUSDT,1649318400000,0.0001,43418.08724208,MARK_PRICE_EXACT_OPEN,1649318400000,0
BTCUSDT,1649347200000,0.00002421,43314.04988419,MARK_PRICE_EXACT_OPEN,1649347200000,0
BTCUSDT,1649376000000,0.00004306,43437.64653011,MARK_PRICE_EXACT_OPEN,1649376000000,0
BTCUSDT,1649404800004,0.0001,43694.59509678,MARK_PRICE_PREVIOUS_FALLBACK,1649404800000,4
BTCUSDT,1649433600008,0.0001,43627.53264216,MARK_PRICE_PREVIOUS_FALLBACK,1649433600000,8
BTCUSDT,1649462400008,0.0001,42253.9,MARK_PRICE_PREVIOUS_FALLBACK,1649462400000,8
BTCUSDT,1649491200000,0.00009279,42466.5,MARK_PRICE_EXACT_OPEN,1649491200000,0
BTCUSDT,1649520000001,0.0001,42198.78587149,MARK_PRICE_PREVIOUS_FALLBACK,1649520000000,1
BTCUSDT,1649548800004,0.00002721,42740.1380851,MARK_PRICE_PREVIOUS_FALLBACK,1649548800000,4
BTCUSDT,1649577600007,0.00006231,42597.3,MARK_PRICE_PREVIOUS_FALLBACK,1649577600000,7
BTCUSDT,1649606400016,0.0001,42734.76598095,MARK_PRICE_PREVIOUS_FALLBACK,1649606400000,16
BTCUSDT,1649635200000,0.00000243,42140.3,MARK_PRICE_EXACT_OPEN,1649635200000,0
BTCUSDT,1649664000000,0.0001,42286.25228246,MARK_PRICE_EXACT_OPEN,1649664000000,0
BTCUSDT,1649692800009,0.0001,40634.2,MARK_PRICE_PREVIOUS_FALLBACK,1649692800000,9
BTCUSDT,1649721600000,-0.00006795,39505.6,MARK_PRICE_EXACT_OPEN,1649721600000,0
BTCUSDT,1649750400006,-0.00010012,40108.4,MARK_PRICE_PREVIOUS_FALLBACK,1649750400000,6
BTCUSDT,1649779200013,-0.00007001,40158.5,MARK_PRICE_PREVIOUS_FALLBACK,1649779200000,13
BTCUSDT,1649808000005,-0.00001692,40080.8,MARK_PRICE_PREVIOUS_FALLBACK,1649808000000,5
BTCUSDT,1649836800008,0.00000753,40124.8,MARK_PRICE_PREVIOUS_FALLBACK,1649836800000,8
BTCUSDT,1649865600013,-0.00001485,41096.98281856,MARK_PRICE_PREVIOUS_FALLBACK,1649865600000,13
BTCUSDT,1649894400007,0.00005018,41105.15682485,MARK_PRICE_PREVIOUS_FALLBACK,1649894400000,7
BTCUSDT,1649923200000,0.00003533,41248.68542261,MARK_PRICE_EXACT_OPEN,1649923200000,0
BTCUSDT,1649952000006,0.00004423,39909.88373228,MARK_PRICE_PREVIOUS_FALLBACK,1649952000000,6
BTCUSDT,1649980800008,-0.00013233,39882.22422913,MARK_PRICE_PREVIOUS_FALLBACK,1649980800000,8
BTCUSDT,1650009600002,-0.00006805,40184.23113552,MARK_PRICE_PREVIOUS_FALLBACK,1650009600000,2
BTCUSDT,1650038400000,0.00007697,40398,MARK_PRICE_EXACT_OPEN,1650038400000,0
BTCUSDT,1650067200011,0.00002197,40544.8,MARK_PRICE_PREVIOUS_FALLBACK,1650067200000,11
BTCUSDT,1650096000007,0.00005199,40370.2,MARK_PRICE_PREVIOUS_FALLBACK,1650096000000,7
BTCUSDT,1650124800007,0.00006201,40036.6,MARK_PRICE_PREVIOUS_FALLBACK,1650124800000,7
BTCUSDT,1650153600000,0.0000072,40361.9128407,MARK_PRICE_EXACT_OPEN,1650153600000,0
BTCUSDT,1650182400004,0.00009838,40270,MARK_PRICE_PREVIOUS_FALLBACK,1650182400000,4
BTCUSDT,1650211200000,0.0001,40430.7,MARK_PRICE_EXACT_OPEN,1650211200000,0
BTCUSDT,1650240000008,-0.00003231,39638.5,MARK_PRICE_PREVIOUS_FALLBACK,1650240000000,8
BTCUSDT,1650268800012,-0.00017197,38915.35431815,MARK_PRICE_PREVIOUS_FALLBACK,1650268800000,12
BTCUSDT,1650297600000,-0.00005436,39245.11045827,MARK_PRICE_EXACT_OPEN,1650297600000,0
BTCUSDT,1650326400021,0.0001,40805.19761506,MARK_PRICE_PREVIOUS_FALLBACK,1650326400000,21
BTCUSDT,1650355200031,0.00006251,40666.3,MARK_PRICE_PREVIOUS_FALLBACK,1650355200000,31
BTCUSDT,1650384000000,-0.00005028,41435.29933705,MARK_PRICE_EXACT_OPEN,1650384000000,0
BTCUSDT,1650412800025,0.0000945,41443.96315652,MARK_PRICE_PREVIOUS_FALLBACK,1650412800000,25
BTCUSDT,1650441600003,0.00009543,41325.46808213,MARK_PRICE_PREVIOUS_FALLBACK,1650441600000,3
BTCUSDT,1650470400000,0.00003714,41247.1,MARK_PRICE_EXACT_OPEN,1650470400000,0
BTCUSDT,1650499200000,0.00000177,41330.4884688,MARK_PRICE_EXACT_OPEN,1650499200000,0
BTCUSDT,1650528000000,-0.00005245,41829.9,MARK_PRICE_EXACT_OPEN,1650528000000,0
BTCUSDT,1650556800024,0.00005359,42149.9,MARK_PRICE_PREVIOUS_FALLBACK,1650556800000,24
BTCUSDT,1650585600008,0.00003026,40427.9,MARK_PRICE_PREVIOUS_FALLBACK,1650585600000,8
BTCUSDT,1650614400008,-0.00016984,40672,MARK_PRICE_PREVIOUS_FALLBACK,1650614400000,8
BTCUSDT,1650643200008,-0.00000415,39460.6,MARK_PRICE_PREVIOUS_FALLBACK,1650643200000,8
BTCUSDT,1650672000000,-0.00009023,39677.933623,MARK_PRICE_EXACT_OPEN,1650672000000,0
BTCUSDT,1650700800000,-0.00007562,39579.76147797,MARK_PRICE_EXACT_OPEN,1650700800000,0
BTCUSDT,1650729600012,-0.00011883,39762.56443628,MARK_PRICE_PREVIOUS_FALLBACK,1650729600000,12
BTCUSDT,1650758400004,-0.00018273,39422.1,MARK_PRICE_PREVIOUS_FALLBACK,1650758400000,4
BTCUSDT,1650787200003,-0.00015276,39724.79841662,MARK_PRICE_PREVIOUS_FALLBACK,1650787200000,3
BTCUSDT,1650816000000,-0.00003654,39634.2,MARK_PRICE_EXACT_OPEN,1650816000000,0
BTCUSDT,1650844800008,-0.00008908,39464.3,MARK_PRICE_PREVIOUS_FALLBACK,1650844800000,8
BTCUSDT,1650873600018,-0.00007844,38388.0974959,MARK_PRICE_PREVIOUS_FALLBACK,1650873600000,18
BTCUSDT,1650902400000,0.00007223,38967.4,MARK_PRICE_EXACT_OPEN,1650902400000,0
BTCUSDT,1650931200014,0.0001,40466,MARK_PRICE_PREVIOUS_FALLBACK,1650931200000,14
BTCUSDT,1650960000000,0.0001,40569,MARK_PRICE_EXACT_OPEN,1650960000000,0
BTCUSDT,1650988800017,0.0001,38631.8,MARK_PRICE_PREVIOUS_FALLBACK,1650988800000,17
BTCUSDT,1651017600012,-0.0001264,38083,MARK_PRICE_PREVIOUS_FALLBACK,1651017600000,12
BTCUSDT,1651046400000,-0.00011034,39035.32226989,MARK_PRICE_EXACT_OPEN,1651046400000,0
BTCUSDT,1651075200002,0.00001968,39019.10640828,MARK_PRICE_PREVIOUS_FALLBACK,1651075200000,2
BTCUSDT,1651104000000,-0.00005716,39209.42013672,MARK_PRICE_EXACT_OPEN,1651104000000,0
BTCUSDT,1651132800004,-0.00005544,39382.84729193,MARK_PRICE_PREVIOUS_FALLBACK,1651132800000,4
BTCUSDT,1651161600030,0.0001,39393.42056416,MARK_PRICE_PREVIOUS_FALLBACK,1651161600000,30
BTCUSDT,1651190400000,0.0001,39738.55386183,MARK_PRICE_EXACT_OPEN,1651190400000,0
BTCUSDT,1651219200016,0.0001,39597.3,MARK_PRICE_PREVIOUS_FALLBACK,1651219200000,16
BTCUSDT,1651248000010,0.00002628,38960,MARK_PRICE_PREVIOUS_FALLBACK,1651248000000,10
BTCUSDT,1651276800000,-0.00009371,38575.86391283,MARK_PRICE_EXACT_OPEN,1651276800000,0
BTCUSDT,1651305600005,0.00004536,38619.59620681,MARK_PRICE_PREVIOUS_FALLBACK,1651305600000,5
BTCUSDT,1651334400015,0.00005926,38467.2,MARK_PRICE_PREVIOUS_FALLBACK,1651334400000,15
BTCUSDT,1651363200000,0.00002403,37618.37629299,MARK_PRICE_EXACT_OPEN,1651363200000,0
BTCUSDT,1651392000000,9.5e-7,37950.64268009,MARK_PRICE_EXACT_OPEN,1651392000000,0
BTCUSDT,1651420800010,0.0001,38489.7,MARK_PRICE_PREVIOUS_FALLBACK,1651420800000,10
BTCUSDT,1651449600018,0.0001,38468.53442853,MARK_PRICE_PREVIOUS_FALLBACK,1651449600000,18
BTCUSDT,1651478400007,0.00009,38876.6,MARK_PRICE_PREVIOUS_FALLBACK,1651478400000,7
BTCUSDT,1651507200000,0.0001,38691.25959121,MARK_PRICE_EXACT_OPEN,1651507200000,0
BTCUSDT,1651536000006,0.0001,38512.4,MARK_PRICE_PREVIOUS_FALLBACK,1651536000000,6
BTCUSDT,1651564800000,0.0001,38555.8617005,MARK_PRICE_EXACT_OPEN,1651564800000,0
BTCUSDT,1651593600021,0.0001,38334.77579218,MARK_PRICE_PREVIOUS_FALLBACK,1651593600000,21
BTCUSDT,1651622400007,0.0001,37706.5,MARK_PRICE_PREVIOUS_FALLBACK,1651622400000,7
BTCUSDT,1651651200011,0.00002504,38728.9,MARK_PRICE_PREVIOUS_FALLBACK,1651651200000,11
BTCUSDT,1651680000000,0.0001,38969,MARK_PRICE_EXACT_OPEN,1651680000000,0
BTCUSDT,1651708800005,0.0001,39692.54017628,MARK_PRICE_PREVIOUS_FALLBACK,1651708800000,5
BTCUSDT,1651737600019,0.0001,39585,MARK_PRICE_PREVIOUS_FALLBACK,1651737600000,19
BTCUSDT,1651766400005,0.0001,36805.7,MARK_PRICE_PREVIOUS_FALLBACK,1651766400000,5
BTCUSDT,1651795200005,-0.0001346,36512.85501837,MARK_PRICE_PREVIOUS_FALLBACK,1651795200000,5
BTCUSDT,1651824000001,-0.00005734,36282.26384715,MARK_PRICE_PREVIOUS_FALLBACK,1651824000000,1
BTCUSDT,1651852800010,0.00004197,35981.4,MARK_PRICE_PREVIOUS_FALLBACK,1651852800000,10
BTCUSDT,1651881600004,-0.00005273,36009.09370919,MARK_PRICE_PREVIOUS_FALLBACK,1651881600000,4
BTCUSDT,1651910400016,0.00005998,35912.8,MARK_PRICE_PREVIOUS_FALLBACK,1651910400000,16
BTCUSDT,1651939200011,0.00000713,35936.46790236,MARK_PRICE_PREVIOUS_FALLBACK,1651939200000,11
BTCUSDT,1651968000000,-0.00002659,35466.3,MARK_PRICE_EXACT_OPEN,1651968000000,0
BTCUSDT,1651996800007,0.0001,34598.3,MARK_PRICE_PREVIOUS_FALLBACK,1651996800000,7
BTCUSDT,1652025600015,0.0001,34377.6256036,MARK_PRICE_PREVIOUS_FALLBACK,1652025600000,15
BTCUSDT,1652054400000,0.0001,34031.83262947,MARK_PRICE_EXACT_OPEN,1652054400000,0
BTCUSDT,1652083200001,0.0001,33510,MARK_PRICE_PREVIOUS_FALLBACK,1652083200000,1
BTCUSDT,1652112000000,0.0001,32347.79067357,MARK_PRICE_EXACT_OPEN,1652112000000,0
BTCUSDT,1652140800000,0.0001,30077.46808903,MARK_PRICE_EXACT_OPEN,1652140800000,0
BTCUSDT,1652169600007,0.0001,31572.36072286,MARK_PRICE_PREVIOUS_FALLBACK,1652169600000,7
BTCUSDT,1652198400008,0.0001,31322.7,MARK_PRICE_PREVIOUS_FALLBACK,1652198400000,8
BTCUSDT,1652227200004,0.0000758,30968.40991896,MARK_PRICE_PREVIOUS_FALLBACK,1652227200000,4
BTCUSDT,1652256000007,0.00006939,30564.65278362,MARK_PRICE_PREVIOUS_FALLBACK,1652256000000,7
BTCUSDT,1652284800008,-0.00003512,30915.69129145,MARK_PRICE_PREVIOUS_FALLBACK,1652284800000,8
BTCUSDT,1652313600014,-0.00018773,29145.94208804,MARK_PRICE_PREVIOUS_FALLBACK,1652313600000,14
BTCUSDT,1652342400000,-0.00041995,28119.8,MARK_PRICE_EXACT_OPEN,1652342400000,0
BTCUSDT,1652371200007,-0.00014678,29022.2,MARK_PRICE_PREVIOUS_FALLBACK,1652371200000,7
BTCUSDT,1652400000014,-0.00007127,29046.5,MARK_PRICE_PREVIOUS_FALLBACK,1652400000000,14
BTCUSDT,1652428800001,-0.00000605,30225.8,MARK_PRICE_PREVIOUS_FALLBACK,1652428800000,1
BTCUSDT,1652457600000,0.00006045,30325.8,MARK_PRICE_EXACT_OPEN,1652457600000,0
BTCUSDT,1652486400000,0.0001,29277.56867785,MARK_PRICE_EXACT_OPEN,1652486400000,0
BTCUSDT,1652515200000,0.0001,29413.6558152,MARK_PRICE_EXACT_OPEN,1652515200000,0
BTCUSDT,1652544000001,0.0001,28836.1,MARK_PRICE_PREVIOUS_FALLBACK,1652544000000,1
BTCUSDT,1652572800000,0.0000829,30079.1,MARK_PRICE_EXACT_OPEN,1652572800000,0
BTCUSDT,1652601600000,0.0001,29811.5,MARK_PRICE_EXACT_OPEN,1652601600000,0
BTCUSDT,1652630400000,0.00009053,30004.89035291,MARK_PRICE_EXACT_OPEN,1652630400000,0
BTCUSDT,1652659200021,0.0001,31285.1,MARK_PRICE_PREVIOUS_FALLBACK,1652659200000,21
BTCUSDT,1652688000013,0.00008883,29604.8,MARK_PRICE_PREVIOUS_FALLBACK,1652688000000,13
BTCUSDT,1652716800006,0.0000494,29652.5,MARK_PRICE_PREVIOUS_FALLBACK,1652716800000,6
BTCUSDT,1652745600000,0.0001,29864.2,MARK_PRICE_EXACT_OPEN,1652745600000,0
BTCUSDT,1652774400010,-0.0000071,30385.88190755,MARK_PRICE_PREVIOUS_FALLBACK,1652774400000,10
BTCUSDT,1652803200023,0.00004705,30158.7,MARK_PRICE_PREVIOUS_FALLBACK,1652803200000,23
BTCUSDT,1652832000003,-0.00006956,30414.21091878,MARK_PRICE_PREVIOUS_FALLBACK,1652832000000,3
BTCUSDT,1652860800024,-0.00005753,29866.8273462,MARK_PRICE_PREVIOUS_FALLBACK,1652860800000,24
BTCUSDT,1652889600014,0.00002893,28977.2,MARK_PRICE_PREVIOUS_FALLBACK,1652889600000,14
BTCUSDT,1652918400000,-0.00000341,28700.6,MARK_PRICE_EXACT_OPEN,1652918400000,0
BTCUSDT,1652947200008,0.00005624,29184.98269498,MARK_PRICE_PREVIOUS_FALLBACK,1652947200000,8
BTCUSDT,1652976000015,0.00007465,30369.21597057,MARK_PRICE_PREVIOUS_FALLBACK,1652976000000,15
BTCUSDT,1653004800001,0.0001,30317.18069124,MARK_PRICE_PREVIOUS_FALLBACK,1653004800000,1
BTCUSDT,1653033600003,0.0001,30263.9,MARK_PRICE_PREVIOUS_FALLBACK,1653033600000,3
BTCUSDT,1653062400012,0.0001,29087.72413935,MARK_PRICE_PREVIOUS_FALLBACK,1653062400000,12
BTCUSDT,1653091200008,-0.00000202,29184.51804854,MARK_PRICE_PREVIOUS_FALLBACK,1653091200000,8
BTCUSDT,1653120000001,-0.00002146,29403.21328606,MARK_PRICE_PREVIOUS_FALLBACK,1653120000000,1
BTCUSDT,1653148800007,0.00002549,29513.02736028,MARK_PRICE_PREVIOUS_FALLBACK,1653148800000,7
BTCUSDT,1653177600003,0.0000241,29450,MARK_PRICE_PREVIOUS_FALLBACK,1653177600000,3
BTCUSDT,1653206400016,-0.00003063,29436.4,MARK_PRICE_PREVIOUS_FALLBACK,1653206400000,16
BTCUSDT,1653235200000,0.0001,29834.7,MARK_PRICE_EXACT_OPEN,1653235200000,0
BTCUSDT,1653264000011,0.0001,30249.01080569,MARK_PRICE_PREVIOUS_FALLBACK,1653264000000,11
BTCUSDT,1653292800000,0.0001,30448.99880924,MARK_PRICE_EXACT_OPEN,1653292800000,0
BTCUSDT,1653321600023,0.0001,30354.3,MARK_PRICE_PREVIOUS_FALLBACK,1653321600000,23
BTCUSDT,1653350400011,-0.00012372,29115.4,MARK_PRICE_PREVIOUS_FALLBACK,1653350400000,11
BTCUSDT,1653379200000,-0.00000676,29390.2541791,MARK_PRICE_EXACT_OPEN,1653379200000,0
BTCUSDT,1653408000009,0.00002892,29433.7,MARK_PRICE_PREVIOUS_FALLBACK,1653408000000,9
BTCUSDT,1653436800001,0.00003679,29624.58256472,MARK_PRICE_PREVIOUS_FALLBACK,1653436800000,1
BTCUSDT,1653465600000,0.0001,29695.6,MARK_PRICE_EXACT_OPEN,1653465600000,0
BTCUSDT,1653494400015,0.0001,29618.7,MARK_PRICE_PREVIOUS_FALLBACK,1653494400000,15
BTCUSDT,1653523200005,0.00007516,29516.13633919,MARK_PRICE_PREVIOUS_FALLBACK,1653523200000,5
BTCUSDT,1653552000001,0.0001,29722,MARK_PRICE_PREVIOUS_FALLBACK,1653552000000,1
BTCUSDT,1653580800000,0.00000721,29380.13313124,MARK_PRICE_EXACT_OPEN,1653580800000,0
BTCUSDT,1653609600007,0.0001,29205.0604164,MARK_PRICE_PREVIOUS_FALLBACK,1653609600000,7
BTCUSDT,1653638400008,0.0001,28951.59527187,MARK_PRICE_PREVIOUS_FALLBACK,1653638400000,8
BTCUSDT,1653667200000,0.0001,28835.6,MARK_PRICE_EXACT_OPEN,1653667200000,0
BTCUSDT,1653696000018,0.0001,28630.00954443,MARK_PRICE_PREVIOUS_FALLBACK,1653696000000,18
BTCUSDT,1653724800016,0.00008712,28887.1,MARK_PRICE_PREVIOUS_FALLBACK,1653724800000,16
BTCUSDT,1653753600013,0.0001,28948.49706374,MARK_PRICE_PREVIOUS_FALLBACK,1653753600000,13
BTCUSDT,1653782400000,0.0001,29021.59930158,MARK_PRICE_EXACT_OPEN,1653782400000,0
BTCUSDT,1653811200025,0.0001,28987.4,MARK_PRICE_PREVIOUS_FALLBACK,1653811200000,25
BTCUSDT,1653840000002,0.0001,29220,MARK_PRICE_PREVIOUS_FALLBACK,1653840000000,2
BTCUSDT,1653868800000,0.0001,29456.244592,MARK_PRICE_EXACT_OPEN,1653868800000,0
BTCUSDT,1653897600013,0.0001,30630.18829391,MARK_PRICE_PREVIOUS_FALLBACK,1653897600000,13
BTCUSDT,1653926400005,0.0001,30622.75179393,MARK_PRICE_PREVIOUS_FALLBACK,1653926400000,5
BTCUSDT,1653955200016,0.0001,31700.84393985,MARK_PRICE_PREVIOUS_FALLBACK,1653955200000,16
BTCUSDT,1653984000000,0.0001,31570.95549306,MARK_PRICE_EXACT_OPEN,1653984000000,0
BTCUSDT,1654012800000,0.0001,32048.21698978,MARK_PRICE_EXACT_OPEN,1654012800000,0
BTCUSDT,1654041600000,0.0001,31797.32873158,MARK_PRICE_EXACT_OPEN,1654041600000,0
BTCUSDT,1654070400011,0.0001,31473.6,MARK_PRICE_PREVIOUS_FALLBACK,1654070400000,11
BTCUSDT,1654099200000,0.0001,30740.6,MARK_PRICE_EXACT_OPEN,1654099200000,0
BTCUSDT,1654128000000,-0.00001452,29787.9,MARK_PRICE_EXACT_OPEN,1654128000000,0
BTCUSDT,1654156800006,0.00002265,29934.5576248,MARK_PRICE_PREVIOUS_FALLBACK,1654156800000,6
BTCUSDT,1654185600021,0.00002107,30210.21683486,MARK_PRICE_PREVIOUS_FALLBACK,1654185600000,21
BTCUSDT,1654214400016,-0.00003378,30439.16734151,MARK_PRICE_PREVIOUS_FALLBACK,1654214400000,16
BTCUSDT,1654243200016,-0.00001456,30421.92824113,MARK_PRICE_PREVIOUS_FALLBACK,1654243200000,16
BTCUSDT,1654272000012,0.00006937,29514.6,MARK_PRICE_PREVIOUS_FALLBACK,1654272000000,12
BTCUSDT,1654300800005,0.0000027,29698.8,MARK_PRICE_PREVIOUS_FALLBACK,1654300800000,5
BTCUSDT,1654329600000,0.00004795,29690.5,MARK_PRICE_EXACT_OPEN,1654329600000,0
BTCUSDT,1654358400007,0.00005506,29819.70721412,MARK_PRICE_PREVIOUS_FALLBACK,1654358400000,7
BTCUSDT,1654387200005,0.00004358,29850.08934139,MARK_PRICE_PREVIOUS_FALLBACK,1654387200000,5
BTCUSDT,1654416000015,0.00002828,29643.9,MARK_PRICE_PREVIOUS_FALLBACK,1654416000000,15
BTCUSDT,1654444800000,0.00004753,29958.3,MARK_PRICE_EXACT_OPEN,1654444800000,0
BTCUSDT,1654473600000,0.00006036,29909.9,MARK_PRICE_EXACT_OPEN,1654473600000,0
BTCUSDT,1654502400017,0.00009656,31284.6,MARK_PRICE_PREVIOUS_FALLBACK,1654502400000,17
BTCUSDT,1654531200000,0.0001,31532.25801835,MARK_PRICE_EXACT_OPEN,1654531200000,0
BTCUSDT,1654560000000,0.0001,31365.31010905,MARK_PRICE_EXACT_OPEN,1654560000000,0
BTCUSDT,1654588800011,-0.00010234,29572.1,MARK_PRICE_PREVIOUS_FALLBACK,1654588800000,11
BTCUSDT,1654617600000,-0.00003705,29876,MARK_PRICE_EXACT_OPEN,1654617600000,0
BTCUSDT,1654646400008,0.0001,31085.65614868,MARK_PRICE_PREVIOUS_FALLBACK,1654646400000,8
BTCUSDT,1654675200020,0.0001,30545.32182171,MARK_PRICE_PREVIOUS_FALLBACK,1654675200000,20
BTCUSDT,1654704000012,0.0001,30483.2,MARK_PRICE_PREVIOUS_FALLBACK,1654704000000,12
BTCUSDT,1654732800000,0.0001,30192.54973398,MARK_PRICE_EXACT_OPEN,1654732800000,0
BTCUSDT,1654761600000,0.00009106,30478.5,MARK_PRICE_EXACT_OPEN,1654761600000,0
BTCUSDT,1654790400000,0.0001,30290.83113594,MARK_PRICE_EXACT_OPEN,1654790400000,0
BTCUSDT,1654819200009,0.0001,30090,MARK_PRICE_PREVIOUS_FALLBACK,1654819200000,9
BTCUSDT,1654848000000,0.00009289,30045.49277756,MARK_PRICE_EXACT_OPEN,1654848000000,0
BTCUSDT,1654876800006,0.00003503,29434,MARK_PRICE_PREVIOUS_FALLBACK,1654876800000,6
BTCUSDT,1654905600018,0.00001762,29080.6,MARK_PRICE_PREVIOUS_FALLBACK,1654905600000,18
BTCUSDT,1654934400014,0.00000379,29316.6,MARK_PRICE_PREVIOUS_FALLBACK,1654934400000,14
BTCUSDT,1654963200000,0.00006606,28393.58141178,MARK_PRICE_EXACT_OPEN,1654963200000,0
BTCUSDT,1654992000015,0.0001,28395.8,MARK_PRICE_PREVIOUS_FALLBACK,1654992000000,15
BTCUSDT,1655020800019,0.00000563,27610.54759082,MARK_PRICE_PREVIOUS_FALLBACK,1655020800000,19
BTCUSDT,1655049600010,0.00000439,28026.4,MARK_PRICE_PREVIOUS_FALLBACK,1655049600000,10
BTCUSDT,1655078400009,0.00005616,26659.3333792,MARK_PRICE_PREVIOUS_FALLBACK,1655078400000,9
BTCUSDT,1655107200000,-0.00003182,24792.8,MARK_PRICE_EXACT_OPEN,1655107200000,0
BTCUSDT,1655136000007,-0.0000058,23176.95336087,MARK_PRICE_PREVIOUS_FALLBACK,1655136000000,7
BTCUSDT,1655164800013,0.00004088,22360.81938396,MARK_PRICE_PREVIOUS_FALLBACK,1655164800000,13
BTCUSDT,1655193600008,-0.00010037,22849.20650145,MARK_PRICE_PREVIOUS_FALLBACK,1655193600000,8
BTCUSDT,1655222400006,-0.00005186,22635.0928523,MARK_PRICE_PREVIOUS_FALLBACK,1655222400000,6
BTCUSDT,1655251200000,-0.00002077,22122.7,MARK_PRICE_EXACT_OPEN,1655251200000,0
BTCUSDT,1655280000016,-0.0000724,20710.8,MARK_PRICE_PREVIOUS_FALLBACK,1655280000000,16
BTCUSDT,1655308800008,-0.00000666,21375.17734851,MARK_PRICE_PREVIOUS_FALLBACK,1655308800000,8
BTCUSDT,1655337600009,-0.00004114,22567.92617664,MARK_PRICE_PREVIOUS_FALLBACK,1655337600000,9
BTCUSDT,1655366400016,0.00004475,21751.64551376,MARK_PRICE_PREVIOUS_FALLBACK,1655366400000,16
BTCUSDT,1655395200000,-0.00005277,21063.74306015,MARK_PRICE_EXACT_OPEN,1655395200000,0
BTCUSDT,1655424000008,-0.00002222,20354.64581161,MARK_PRICE_PREVIOUS_FALLBACK,1655424000000,8
BTCUSDT,1655452800003,-0.00009486,21119.2,MARK_PRICE_PREVIOUS_FALLBACK,1655452800000,3
BTCUSDT,1655481600000,0.00005092,20661.66457367,MARK_PRICE_EXACT_OPEN,1655481600000,0
BTCUSDT,1655510400020,0.00007356,20431.90871125,MARK_PRICE_PREVIOUS_FALLBACK,1655510400000,20
BTCUSDT,1655539200025,0.00004575,19202.51918992,MARK_PRICE_PREVIOUS_FALLBACK,1655539200000,25
BTCUSDT,1655568000014,0.00005227,18978.8,MARK_PRICE_PREVIOUS_FALLBACK,1655568000000,14
BTCUSDT,1655596800012,0.00004243,19008.7,MARK_PRICE_PREVIOUS_FALLBACK,1655596800000,12
BTCUSDT,1655625600012,-0.00004559,18287.1,MARK_PRICE_PREVIOUS_FALLBACK,1655625600000,12
BTCUSDT,1655654400008,0.00007239,19738.44591345,MARK_PRICE_PREVIOUS_FALLBACK,1655654400000,8
BTCUSDT,1655683200016,0.00000873,20544.76309642,MARK_PRICE_PREVIOUS_FALLBACK,1655683200000,16
BTCUSDT,1655712000000,-0.0000054,20070.62018053,MARK_PRICE_EXACT_OPEN,1655712000000,0
BTCUSDT,1655740800013,0.0000608,20794.25269968,MARK_PRICE_PREVIOUS_FALLBACK,1655740800000,13
BTCUSDT,1655769600012,0.0001,20551.8,MARK_PRICE_PREVIOUS_FALLBACK,1655769600000,12
BTCUSDT,1655798400018,0.00004967,21109.73236103,MARK_PRICE_PREVIOUS_FALLBACK,1655798400000,18
BTCUSDT,1655827200010,0.00002028,21401,MARK_PRICE_PREVIOUS_FALLBACK,1655827200000,10
BTCUSDT,1655856000000,0.00000178,20716,MARK_PRICE_EXACT_OPEN,1655856000000,0
BTCUSDT,1655884800001,-0.00002982,20082.7,MARK_PRICE_PREVIOUS_FALLBACK,1655884800000,1
BTCUSDT,1655913600012,-0.0000164,20093.99677503,MARK_PRICE_PREVIOUS_FALLBACK,1655913600000,12
BTCUSDT,1655942400000,-0.00000872,19977.4,MARK_PRICE_EXACT_OPEN,1655942400000,0
BTCUSDT,1655971200000,-0.00001577,20450.83613837,MARK_PRICE_EXACT_OPEN,1655971200000,0
BTCUSDT,1656000000016,-0.00002656,20346.02718984,MARK_PRICE_PREVIOUS_FALLBACK,1656000000000,16
BTCUSDT,1656028800005,0.00006006,21112.7,MARK_PRICE_PREVIOUS_FALLBACK,1656028800000,5
BTCUSDT,1656057600004,0.0001,20894.00193955,MARK_PRICE_PREVIOUS_FALLBACK,1656057600000,4
BTCUSDT,1656086400018,0.0001,20859.63953279,MARK_PRICE_PREVIOUS_FALLBACK,1656086400000,18
BTCUSDT,1656115200001,0.00002621,21224.2,MARK_PRICE_PREVIOUS_FALLBACK,1656115200000,1
BTCUSDT,1656144000010,0.0001,21499.2923211,MARK_PRICE_PREVIOUS_FALLBACK,1656144000000,10
BTCUSDT,1656172800000,0.0001,20958.9,MARK_PRICE_EXACT_OPEN,1656172800000,0
BTCUSDT,1656201600002,0.0001,21476.32904472,MARK_PRICE_PREVIOUS_FALLBACK,1656201600000,2
BTCUSDT,1656230400016,0.0001,21394.09187239,MARK_PRICE_PREVIOUS_FALLBACK,1656230400000,16
BTCUSDT,1656259200006,0.00000669,21310.01669256,MARK_PRICE_PREVIOUS_FALLBACK,1656259200000,6
BTCUSDT,1656288000008,0.0000782,21025.7,MARK_PRICE_PREVIOUS_FALLBACK,1656288000000,8
BTCUSDT,1656316800000,0.00003533,21354.9,MARK_PRICE_EXACT_OPEN,1656316800000,0
BTCUSDT,1656345600016,0.00006102,20735.78509812,MARK_PRICE_PREVIOUS_FALLBACK,1656345600000,16
BTCUSDT,1656374400016,-0.00002586,20726.31585621,MARK_PRICE_PREVIOUS_FALLBACK,1656374400000,16
BTCUSDT,1656403200001,-0.00005613,20885.31468917,MARK_PRICE_PREVIOUS_FALLBACK,1656403200000,1
BTCUSDT,1656432000005,0.00002435,20604.72174254,MARK_PRICE_PREVIOUS_FALLBACK,1656432000000,5
BTCUSDT,1656460800000,0.00004188,20270.63759463,MARK_PRICE_EXACT_OPEN,1656460800000,0
BTCUSDT,1656489600013,0.00008335,20066.5,MARK_PRICE_PREVIOUS_FALLBACK,1656489600000,13
BTCUSDT,1656518400000,0.00005319,20078.08642924,MARK_PRICE_EXACT_OPEN,1656518400000,0
BTCUSDT,1656547200000,0.00000324,20108,MARK_PRICE_EXACT_OPEN,1656547200000,0
BTCUSDT,1656576000000,-0.00005159,19425.76682376,MARK_PRICE_EXACT_OPEN,1656576000000,0
BTCUSDT,1656604800000,-0.00015879,19134.3,MARK_PRICE_EXACT_OPEN,1656604800000,0
BTCUSDT,1656633600001,-0.00008786,19810.47622105,MARK_PRICE_PREVIOUS_FALLBACK,1656633600000,1
BTCUSDT,1656662400017,0.00003106,19555.88435793,MARK_PRICE_PREVIOUS_FALLBACK,1656662400000,17
BTCUSDT,1656691200005,-0.00008061,19277.5,MARK_PRICE_PREVIOUS_FALLBACK,1656691200000,5
BTCUSDT,1656720000000,-0.00002913,19272,MARK_PRICE_EXACT_OPEN,1656720000000,0
BTCUSDT,1656748800000,0.00005218,19119.9,MARK_PRICE_EXACT_OPEN,1656748800000,0
BTCUSDT,1656777600008,0.0000212,19226.3,MARK_PRICE_PREVIOUS_FALLBACK,1656777600000,8
BTCUSDT,1656806400015,0.0000357,19232.435501,MARK_PRICE_PREVIOUS_FALLBACK,1656806400000,15
BTCUSDT,1656835200004,0.00004779,19133.7265034,MARK_PRICE_PREVIOUS_FALLBACK,1656835200000,4
BTCUSDT,1656864000005,0.00007251,19037.9,MARK_PRICE_PREVIOUS_FALLBACK,1656864000000,5
BTCUSDT,1656892800021,0.00007792,19293.91038752,MARK_PRICE_PREVIOUS_FALLBACK,1656892800000,21
BTCUSDT,1656921600001,0.0000463,19113.8,MARK_PRICE_PREVIOUS_FALLBACK,1656921600000,1
BTCUSDT,1656950400000,0.00002248,19793.02593292,MARK_PRICE_EXACT_OPEN,1656950400000,0
BTCUSDT,1656979200000,0.00005291,20226.6,MARK_PRICE_EXACT_OPEN,1656979200000,0
BTCUSDT,1657008000000,0.0001,20208.22649662,MARK_PRICE_EXACT_OPEN,1657008000000,0
BTCUSDT,1657036800015,0.0000012,19517.52525939,MARK_PRICE_PREVIOUS_FALLBACK,1657036800000,15
BTCUSDT,1657065600006,0.0001,20184.3840525,MARK_PRICE_PREVIOUS_FALLBACK,1657065600000,6
BTCUSDT,1657094400000,0.0001,20153.8892913,MARK_PRICE_EXACT_OPEN,1657094400000,0
BTCUSDT,1657123200000,0.00008373,20141.23538373,MARK_PRICE_EXACT_OPEN,1657123200000,0
BTCUSDT,1657152000010,0.00005274,20564.79967173,MARK_PRICE_PREVIOUS_FALLBACK,1657152000000,10
BTCUSDT,1657180800010,0.0001,20439.9,MARK_PRICE_PREVIOUS_FALLBACK,1657180800000,10
BTCUSDT,1657209600011,0.0001,20896.5,MARK_PRICE_PREVIOUS_FALLBACK,1657209600000,11
BTCUSDT,1657238400008,0.00000212,21651.76259441,MARK_PRICE_PREVIOUS_FALLBACK,1657238400000,8
BTCUSDT,1657267200009,0.0001,21773,MARK_PRICE_PREVIOUS_FALLBACK,1657267200000,9
BTCUSDT,1657296000000,0.0001,21951.01585702,MARK_PRICE_EXACT_OPEN,1657296000000,0
BTCUSDT,1657324800000,0.0001,21595.22662851,MARK_PRICE_EXACT_OPEN,1657324800000,0
BTCUSDT,1657353600000,0.0001,21644.7,MARK_PRICE_EXACT_OPEN,1657353600000,0
BTCUSDT,1657382400009,0.00006143,21558.7448871,MARK_PRICE_PREVIOUS_FALLBACK,1657382400000,9
BTCUSDT,1657411200001,0.00009962,21571.9,MARK_PRICE_PREVIOUS_FALLBACK,1657411200000,1
BTCUSDT,1657440000002,0.0001,21330.7,MARK_PRICE_PREVIOUS_FALLBACK,1657440000000,2
BTCUSDT,1657468800001,0.0001,20899.9,MARK_PRICE_PREVIOUS_FALLBACK,1657468800000,1
BTCUSDT,1657497600000,0.00004543,20854.5,MARK_PRICE_EXACT_OPEN,1657497600000,0
BTCUSDT,1657526400003,0.00007236,20434,MARK_PRICE_PREVIOUS_FALLBACK,1657526400000,3
BTCUSDT,1657555200001,0.000085,20423.75780043,MARK_PRICE_PREVIOUS_FALLBACK,1657555200000,1
BTCUSDT,1657584000000,0.00008003,19955.8,MARK_PRICE_EXACT_OPEN,1657584000000,0
BTCUSDT,1657612800021,0.00006433,19720.7,MARK_PRICE_PREVIOUS_FALLBACK,1657612800000,21
BTCUSDT,1657641600000,0.00002667,19876.9,MARK_PRICE_EXACT_OPEN,1657641600000,0
BTCUSDT,1657670400012,-0.00001204,19322.98163998,MARK_PRICE_PREVIOUS_FALLBACK,1657670400000,12
BTCUSDT,1657699200022,0.00000617,19715.1,MARK_PRICE_PREVIOUS_FALLBACK,1657699200000,22
BTCUSDT,1657728000005,-0.00001218,19457.67344966,MARK_PRICE_PREVIOUS_FALLBACK,1657728000000,5
BTCUSDT,1657756800017,5.7e-7,20207.83475046,MARK_PRICE_PREVIOUS_FALLBACK,1657756800000,17
BTCUSDT,1657785600001,0.0001,20000.3,MARK_PRICE_PREVIOUS_FALLBACK,1657785600000,1
BTCUSDT,1657814400000,0.00003451,20379.4,MARK_PRICE_EXACT_OPEN,1657814400000,0
BTCUSDT,1657843200004,0.00009257,20583.7,MARK_PRICE_PREVIOUS_FALLBACK,1657843200000,4
BTCUSDT,1657872000019,0.00001401,20806.16389355,MARK_PRICE_PREVIOUS_FALLBACK,1657872000000,19
BTCUSDT,1657900800017,0.00001601,20766.49598502,MARK_PRICE_PREVIOUS_FALLBACK,1657900800000,17
BTCUSDT,1657929600021,0.00006055,20836.41278265,MARK_PRICE_PREVIOUS_FALLBACK,1657929600000,21
BTCUSDT,1657958400014,0.00007996,20539.19430428,MARK_PRICE_PREVIOUS_FALLBACK,1657958400000,14
BTCUSDT,1657987200005,0.000008,20944.2,MARK_PRICE_PREVIOUS_FALLBACK,1657987200000,5
BTCUSDT,1658016000000,0.00008038,21187.66399352,MARK_PRICE_EXACT_OPEN,1658016000000,0
BTCUSDT,1658044800003,0.0001,21484.69142765,MARK_PRICE_PREVIOUS_FALLBACK,1658044800000,3
BTCUSDT,1658073600007,0.00008709,21152.87791036,MARK_PRICE_PREVIOUS_FALLBACK,1658073600000,7
BTCUSDT,1658102400001,0.0001,20768.3427806,MARK_PRICE_PREVIOUS_FALLBACK,1658102400000,1
BTCUSDT,1658131200004,0.0001,22243.7,MARK_PRICE_PREVIOUS_FALLBACK,1658131200000,4
BTCUSDT,1658160000019,0.0001,22631.2,MARK_PRICE_PREVIOUS_FALLBACK,1658160000000,19
BTCUSDT,1658188800000,0.0001,22438.87980416,MARK_PRICE_EXACT_OPEN,1658188800000,0
BTCUSDT,1658217600000,0.0001,21762.4,MARK_PRICE_EXACT_OPEN,1658217600000,0
BTCUSDT,1658246400001,0.0001,23092.42629377,MARK_PRICE_PREVIOUS_FALLBACK,1658246400000,1
BTCUSDT,1658275200004,0.0001,23416.62723756,MARK_PRICE_PREVIOUS_FALLBACK,1658275200000,4
BTCUSDT,1658304000000,0.0001,23378.74129098,MARK_PRICE_EXACT_OPEN,1658304000000,0
BTCUSDT,1658332800003,0.00008118,24172.5,MARK_PRICE_PREVIOUS_FALLBACK,1658332800000,3
BTCUSDT,1658361600000,0.0001,23219.24463633,MARK_PRICE_EXACT_OPEN,1658361600000,0
BTCUSDT,1658390400018,0.0001,22894.4,MARK_PRICE_PREVIOUS_FALLBACK,1658390400000,18
BTCUSDT,1658419200011,0.0001,22654.1,MARK_PRICE_PREVIOUS_FALLBACK,1658419200000,11
BTCUSDT,1658448000014,0.0001,23138.8738665,MARK_PRICE_PREVIOUS_FALLBACK,1658448000000,14
BTCUSDT,1658476800000,0.0001,23109.52033201,MARK_PRICE_EXACT_OPEN,1658476800000,0
BTCUSDT,1658505600000,0.00005172,23286.6,MARK_PRICE_EXACT_OPEN,1658505600000,0
BTCUSDT,1658534400004,0.00009043,22692.07987063,MARK_PRICE_PREVIOUS_FALLBACK,1658534400000,4
BTCUSDT,1658563200002,0.00001021,22774.6,MARK_PRICE_PREVIOUS_FALLBACK,1658563200000,2
BTCUSDT,1658592000001,0.0001,22202.04933536,MARK_PRICE_PREVIOUS_FALLBACK,1658592000000,1
BTCUSDT,1658620800000,0.0000377,22440.53183708,MARK_PRICE_EXACT_OPEN,1658620800000,0
BTCUSDT,1658649600011,0.0001,22729.2498533,MARK_PRICE_PREVIOUS_FALLBACK,1658649600000,11
BTCUSDT,1658678400000,0.00008293,22837.15445805,MARK_PRICE_EXACT_OPEN,1658678400000,0
BTCUSDT,1658707200000,0.0001,22571.24844016,MARK_PRICE_EXACT_OPEN,1658707200000,0
BTCUSDT,1658736000014,0.00001238,21955,MARK_PRICE_PREVIOUS_FALLBACK,1658736000000,14
BTCUSDT,1658764800006,0.00002319,21884.8,MARK_PRICE_PREVIOUS_FALLBACK,1658764800000,6
BTCUSDT,1658793600010,0.0001,21237.9,MARK_PRICE_PREVIOUS_FALLBACK,1658793600000,10
BTCUSDT,1658822400000,0.00003654,21056.24928721,MARK_PRICE_EXACT_OPEN,1658822400000,0
BTCUSDT,1658851200000,0.00008659,20737.70330618,MARK_PRICE_EXACT_OPEN,1658851200000,0
BTCUSDT,1658880000008,0.00004591,21261.78346832,MARK_PRICE_PREVIOUS_FALLBACK,1658880000000,8
BTCUSDT,1658908800000,0.00005085,21335.98950956,MARK_PRICE_EXACT_OPEN,1658908800000,0
BTCUSDT,1658937600003,0.00002951,21514.83667098,MARK_PRICE_PREVIOUS_FALLBACK,1658937600000,3
BTCUSDT,1658966400009,0.00009229,22976.35822508,MARK_PRICE_PREVIOUS_FALLBACK,1658966400000,9
BTCUSDT,1658995200008,0.0001,22926.4,MARK_PRICE_PREVIOUS_FALLBACK,1658995200000,8
BTCUSDT,1659024000013,0.0001,23712.9,MARK_PRICE_PREVIOUS_FALLBACK,1659024000000,13
BTCUSDT,1659052800000,0.0001,23843.5127915,MARK_PRICE_EXACT_OPEN,1659052800000,0
BTCUSDT,1659081600000,0.0001,23939.49753116,MARK_PRICE_EXACT_OPEN,1659081600000,0
BTCUSDT,1659110400000,0.0001,24002.5,MARK_PRICE_EXACT_OPEN,1659110400000,0
BTCUSDT,1659139200005,0.0001,23791.9,MARK_PRICE_PREVIOUS_FALLBACK,1659139200000,5
BTCUSDT,1659168000009,0.0001,23873.3,MARK_PRICE_PREVIOUS_FALLBACK,1659168000000,9
BTCUSDT,1659196800000,0.0001,24522.3,MARK_PRICE_EXACT_OPEN,1659196800000,0
BTCUSDT,1659225600022,0.0001,23629.56602736,MARK_PRICE_PREVIOUS_FALLBACK,1659225540000,60022
BTCUSDT,1659254400011,0.0001,,MARK_PRICE_TOO_STALE,1659225540000,28860011
BTCUSDT,1659283200019,0.00006281,,MARK_PRICE_TOO_STALE,1659225540000,57660019
BTCUSDT,1659312000010,0.0001,23275.7,MARK_PRICE_PREVIOUS_FALLBACK,1659312000000,10
BTCUSDT,1659340800019,0.0001,23328.8,MARK_PRICE_PREVIOUS_FALLBACK,1659340800000,19
BTCUSDT,1659369600017,0.00006449,23327.7,MARK_PRICE_PREVIOUS_FALLBACK,1659369600000,17
BTCUSDT,1659398400000,0.0001,23258.65662061,MARK_PRICE_EXACT_OPEN,1659398400000,0
BTCUSDT,1659427200007,0.00009733,22890.2,MARK_PRICE_PREVIOUS_FALLBACK,1659427200000,7
BTCUSDT,1659456000014,0.00005885,22954.47030199,MARK_PRICE_PREVIOUS_FALLBACK,1659456000000,14
BTCUSDT,1659484800001,0.00000328,22989.5,MARK_PRICE_PREVIOUS_FALLBACK,1659484800000,1
BTCUSDT,1659513600020,-0.0000396,22987.81562046,MARK_PRICE_PREVIOUS_FALLBACK,1659513600000,20
BTCUSDT,1659542400008,0.00004382,23325.3,MARK_PRICE_PREVIOUS_FALLBACK,1659542400000,8
BTCUSDT,1659571200001,-0.00000191,22793.3,MARK_PRICE_PREVIOUS_FALLBACK,1659571200000,1
BTCUSDT,1659600000009,0.00001778,22915.10228154,MARK_PRICE_PREVIOUS_FALLBACK,1659600000000,9
BTCUSDT,1659628800015,0.00001436,22948.03314996,MARK_PRICE_PREVIOUS_FALLBACK,1659628800000,15
BTCUSDT,1659657600005,0.00001692,22593.41732825,MARK_PRICE_PREVIOUS_FALLBACK,1659657600000,5
BTCUSDT,1659686400000,0.00006774,23176.9,MARK_PRICE_EXACT_OPEN,1659686400000,0
BTCUSDT,1659715200000,0.00002115,22983.73340789,MARK_PRICE_EXACT_OPEN,1659715200000,0
BTCUSDT,1659744000021,0.00006888,23277.13895704,MARK_PRICE_PREVIOUS_FALLBACK,1659744000000,21
BTCUSDT,1659772800000,0.00008589,23196.5,MARK_PRICE_EXACT_OPEN,1659772800000,0
BTCUSDT,1659801600015,0.0001,23185.2,MARK_PRICE_PREVIOUS_FALLBACK,1659801600000,15
BTCUSDT,1659830400013,0.0001,22945.4,MARK_PRICE_PREVIOUS_FALLBACK,1659830400000,13
BTCUSDT,1659859200000,-0.00000737,23000,MARK_PRICE_EXACT_OPEN,1659859200000,0
BTCUSDT,1659888000014,0.00002401,23024.13307693,MARK_PRICE_PREVIOUS_FALLBACK,1659888000000,14
BTCUSDT,1659916800009,0.0001,23176.3,MARK_PRICE_PREVIOUS_FALLBACK,1659916800000,9
BTCUSDT,1659945600006,0.0000279,23804.31836679,MARK_PRICE_PREVIOUS_FALLBACK,1659945600000,6
BTCUSDT,1659974400000,0.0001,23989.27725022,MARK_PRICE_EXACT_OPEN,1659974400000,0
BTCUSDT,1660003200020,0.0001,23814.9,MARK_PRICE_PREVIOUS_FALLBACK,1660003200000,20
BTCUSDT,1660032000000,0.0000792,23866.1,MARK_PRICE_EXACT_OPEN,1660032000000,0
BTCUSDT,1660060800000,0.0001,23064.99561041,MARK_PRICE_EXACT_OPEN,1660060800000,0
BTCUSDT,1660089600000,-0.00001314,23140.2,MARK_PRICE_EXACT_OPEN,1660089600000,0
BTCUSDT,1660118400016,0.00000581,22964.3,MARK_PRICE_PREVIOUS_FALLBACK,1660118400000,16
BTCUSDT,1660147200018,0.0000944,23990.8022832,MARK_PRICE_PREVIOUS_FALLBACK,1660147200000,18
BTCUSDT,1660176000012,0.00007206,23957.4,MARK_PRICE_PREVIOUS_FALLBACK,1660176000000,12
BTCUSDT,1660204800000,0.0001,24426.66490285,MARK_PRICE_EXACT_OPEN,1660204800000,0
BTCUSDT,1660233600000,0.00004911,24339.10305716,MARK_PRICE_EXACT_OPEN,1660233600000,0
BTCUSDT,1660262400006,0.00009024,23929.4,MARK_PRICE_PREVIOUS_FALLBACK,1660262400000,6
BTCUSDT,1660291200000,0.00001412,23948.63460539,MARK_PRICE_EXACT_OPEN,1660291200000,0
BTCUSDT,1660320000005,-0.00003384,23995.2,MARK_PRICE_PREVIOUS_FALLBACK,1660320000000,5
BTCUSDT,1660348800012,-0.00003559,24366.45955779,MARK_PRICE_PREVIOUS_FALLBACK,1660348800000,12
BTCUSDT,1660377600006,0.00008455,24573.1,MARK_PRICE_PREVIOUS_FALLBACK,1660377600000,6
BTCUSDT,1660406400018,0.00002154,24518.1,MARK_PRICE_PREVIOUS_FALLBACK,1660406400000,18
BTCUSDT,1660435200000,0.00002396,24429,MARK_PRICE_EXACT_OPEN,1660435200000,0
BTCUSDT,1660464000000,-0.00000333,24867.1,MARK_PRICE_EXACT_OPEN,1660464000000,0
BTCUSDT,1660492800000,0.00001239,24512.1,MARK_PRICE_EXACT_OPEN,1660492800000,0
BTCUSDT,1660521600010,-0.00003766,24284.46913971,MARK_PRICE_PREVIOUS_FALLBACK,1660521600000,10
BTCUSDT,1660550400002,0.00001077,24020.97137062,MARK_PRICE_PREVIOUS_FALLBACK,1660550400000,2
BTCUSDT,1660579200010,-0.00001339,24228.80573581,MARK_PRICE_PREVIOUS_FALLBACK,1660579200000,10
BTCUSDT,1660608000010,0.00003243,24084.91519872,MARK_PRICE_PREVIOUS_FALLBACK,1660608000000,10
BTCUSDT,1660636800002,0.00000156,24058.41486706,MARK_PRICE_PREVIOUS_FALLBACK,1660636800000,2
BTCUSDT,1660665600000,0.0000287,23890.40059926,MARK_PRICE_EXACT_OPEN,1660665600000,0
BTCUSDT,1660694400020,0.00000466,23851.39351313,MARK_PRICE_PREVIOUS_FALLBACK,1660694400000,20
BTCUSDT,1660723200016,0.00000262,23773.00876388,MARK_PRICE_PREVIOUS_FALLBACK,1660723200000,16
BTCUSDT,1660752000001,0.00009364,23368.20436966,MARK_PRICE_PREVIOUS_FALLBACK,1660752000000,1
BTCUSDT,1660780800005,0.00008391,23345.2,MARK_PRICE_PREVIOUS_FALLBACK,1660780800000,5
BTCUSDT,1660809600012,0.0001,23406.86268238,MARK_PRICE_PREVIOUS_FALLBACK,1660809600000,12
BTCUSDT,1660838400013,0.00007171,23441.63622486,MARK_PRICE_PREVIOUS_FALLBACK,1660838400000,13
BTCUSDT,1660867200000,0.0001,23189.50338478,MARK_PRICE_EXACT_OPEN,1660867200000,0
BTCUSDT,1660896000000,0.00002108,21888.94626861,MARK_PRICE_EXACT_OPEN,1660896000000,0
BTCUSDT,1660924800009,-0.00006746,21455,MARK_PRICE_PREVIOUS_FALLBACK,1660924800000,9
BTCUSDT,1660953600000,0.0000107,20824.9,MARK_PRICE_EXACT_OPEN,1660953600000,0
BTCUSDT,1660982400005,-0.00006722,21273.92899933,MARK_PRICE_PREVIOUS_FALLBACK,1660982400000,5
BTCUSDT,1661011200000,-0.00004567,21294.55016935,MARK_PRICE_EXACT_OPEN,1661011200000,0
BTCUSDT,1661040000010,-0.00001957,21140.48474699,MARK_PRICE_PREVIOUS_FALLBACK,1661040000000,10
BTCUSDT,1661068800013,-0.00003589,21241.21152435,MARK_PRICE_PREVIOUS_FALLBACK,1661068800000,13
BTCUSDT,1661097600000,-0.00003234,21408.83281813,MARK_PRICE_EXACT_OPEN,1661097600000,0
BTCUSDT,1661126400011,-0.00008092,21505.6,MARK_PRICE_PREVIOUS_FALLBACK,1661126400000,11
BTCUSDT,1661155200005,-0.00003215,21081.58072115,MARK_PRICE_PREVIOUS_FALLBACK,1661155200000,5
BTCUSDT,1661184000005,0.00004021,21423.9,MARK_PRICE_PREVIOUS_FALLBACK,1661184000000,5
BTCUSDT,1661212800000,-0.00003345,21389.85600828,MARK_PRICE_EXACT_OPEN,1661212800000,0
BTCUSDT,1661241600021,-0.00004031,21308.5035531,MARK_PRICE_PREVIOUS_FALLBACK,1661241600000,21
BTCUSDT,1661270400005,0.00000846,21456.76164822,MARK_PRICE_PREVIOUS_FALLBACK,1661270400000,5
BTCUSDT,1661299200017,0.00002509,21520.0393877,MARK_PRICE_PREVIOUS_FALLBACK,1661299200000,17
BTCUSDT,1661328000021,-0.00004353,21300.2,MARK_PRICE_PREVIOUS_FALLBACK,1661328000000,21
BTCUSDT,1661356800000,-0.00003538,21600,MARK_PRICE_EXACT_OPEN,1661356800000,0
BTCUSDT,1661385600003,0.00000128,21351.7,MARK_PRICE_PREVIOUS_FALLBACK,1661385600000,3
BTCUSDT,1661414400000,0.00001547,21732.80058016,MARK_PRICE_EXACT_OPEN,1661414400000,0
BTCUSDT,1661443200004,0.00004481,21555.1088465,MARK_PRICE_PREVIOUS_FALLBACK,1661443200000,4
BTCUSDT,1661472000001,-0.00001707,21510.21445831,MARK_PRICE_PREVIOUS_FALLBACK,1661472000000,1
BTCUSDT,1661500800004,0.00003207,21439.6,MARK_PRICE_PREVIOUS_FALLBACK,1661500800000,4
BTCUSDT,1661529600000,0.00002599,20770.3,MARK_PRICE_EXACT_OPEN,1661529600000,0
BTCUSDT,1661558400010,-0.00002808,20216.6,MARK_PRICE_PREVIOUS_FALLBACK,1661558400000,10
BTCUSDT,1661587200007,-0.0000629,20257.48147792,MARK_PRICE_PREVIOUS_FALLBACK,1661587200000,7
BTCUSDT,1661616000008,-0.00004396,19993.37550897,MARK_PRICE_PREVIOUS_FALLBACK,1661616000000,8
BTCUSDT,1661644800019,-0.00001396,20009.18114576,MARK_PRICE_PREVIOUS_FALLBACK,1661644800000,19
BTCUSDT,1661673600000,-0.00008758,20045,MARK_PRICE_EXACT_OPEN,1661673600000,0
BTCUSDT,1661702400000,-0.00002443,20007.8673848,MARK_PRICE_EXACT_OPEN,1661702400000,0
BTCUSDT,1661731200000,-0.00013623,19548.2,MARK_PRICE_EXACT_OPEN,1661731200000,0
BTCUSDT,1661760000000,-0.00010056,19885.3,MARK_PRICE_EXACT_OPEN,1661760000000,0
BTCUSDT,1661788800001,-0.00006193,20254.4,MARK_PRICE_PREVIOUS_FALLBACK,1661788800000,1
BTCUSDT,1661817600001,0.00001123,20277.1,MARK_PRICE_PREVIOUS_FALLBACK,1661817600000,1
BTCUSDT,1661846400005,-0.00003356,20427.4,MARK_PRICE_PREVIOUS_FALLBACK,1661846400000,5
BTCUSDT,1661875200010,-0.00005903,19767.1,MARK_PRICE_PREVIOUS_FALLBACK,1661875200000,10
BTCUSDT,1661904000000,-0.00002089,19801.7,MARK_PRICE_EXACT_OPEN,1661904000000,0
BTCUSDT,1661932800005,0.00005779,20256.9,MARK_PRICE_PREVIOUS_FALLBACK,1661932800000,5
BTCUSDT,1661961600013,0.0000495,20154,MARK_PRICE_PREVIOUS_FALLBACK,1661961600000,13
BTCUSDT,1661990400012,0.0000939,20021.54527972,MARK_PRICE_PREVIOUS_FALLBACK,1661990400000,12
BTCUSDT,1662019200000,0.00002266,19885.7,MARK_PRICE_EXACT_OPEN,1662019200000,0
BTCUSDT,1662048000013,0.0000363,19783.4,MARK_PRICE_PREVIOUS_FALLBACK,1662048000000,13
BTCUSDT,1662076800002,0.00002498,20108.10847092,MARK_PRICE_PREVIOUS_FALLBACK,1662076800000,2
BTCUSDT,1662105600013,0.00004905,20098.5,MARK_PRICE_PREVIOUS_FALLBACK,1662105600000,13
BTCUSDT,1662134400000,0.00004443,20345.55507549,MARK_PRICE_EXACT_OPEN,1662134400000,0
BTCUSDT,1662163200000,-0.00000199,19943.83313933,MARK_PRICE_EXACT_OPEN,1662163200000,0
BTCUSDT,1662192000002,0.00009442,19811.22097846,MARK_PRICE_PREVIOUS_FALLBACK,1662192000000,2
BTCUSDT,1662220800007,0.00001115,19776.2,MARK_PRICE_PREVIOUS_FALLBACK,1662220800000,7
BTCUSDT,1662249600008,0.00000588,19826.2,MARK_PRICE_PREVIOUS_FALLBACK,1662249600000,8
BTCUSDT,1662278400009,0.00005463,19611.01529044,MARK_PRICE_PREVIOUS_FALLBACK,1662278400000,9
BTCUSDT,1662307200000,0.00002119,19781.6,MARK_PRICE_EXACT_OPEN,1662307200000,0
BTCUSDT,1662336000015,0.00008292,19996.7,MARK_PRICE_PREVIOUS_FALLBACK,1662336000000,15
BTCUSDT,1662364800013,-0.00000737,19738.71354941,MARK_PRICE_PREVIOUS_FALLBACK,1662364800000,13
BTCUSDT,1662393600007,0.00004712,19854.1,MARK_PRICE_PREVIOUS_FALLBACK,1662393600000,7
BTCUSDT,1662422400018,-0.00000245,19790.6,MARK_PRICE_PREVIOUS_FALLBACK,1662422400000,18
BTCUSDT,1662451200020,0.00000343,19906.9,MARK_PRICE_PREVIOUS_FALLBACK,1662451200000,20
BTCUSDT,1662480000028,0.00003473,19809.09249073,MARK_PRICE_PREVIOUS_FALLBACK,1662480000000,28
BTCUSDT,1662508800013,-0.00008601,18766.53408519,MARK_PRICE_PREVIOUS_FALLBACK,1662508800000,13
BTCUSDT,1662537600022,0.00002729,18788.5,MARK_PRICE_PREVIOUS_FALLBACK,1662537600000,22
BTCUSDT,1662566400021,-0.0000348,18878.8,MARK_PRICE_PREVIOUS_FALLBACK,1662566400000,21
BTCUSDT,1662595200010,0.0000062,19281.52835136,MARK_PRICE_PREVIOUS_FALLBACK,1662595200000,10
BTCUSDT,1662624000000,0.00003327,19165,MARK_PRICE_EXACT_OPEN,1662624000000,0
BTCUSDT,1662652800003,0.00005667,19228,MARK_PRICE_PREVIOUS_FALLBACK,1662652800000,3
BTCUSDT,1662681600011,0.00001312,19307.9,MARK_PRICE_PREVIOUS_FALLBACK,1662681600000,11
BTCUSDT,1662710400000,0.0001,20623.85636326,MARK_PRICE_EXACT_OPEN,1662710400000,0
BTCUSDT,1662739200000,0.0001,21257.3,MARK_PRICE_EXACT_OPEN,1662739200000,0
BTCUSDT,1662768000003,0.0001,21336.9,MARK_PRICE_PREVIOUS_FALLBACK,1662768000000,3
BTCUSDT,1662796800000,0.00009764,21273,MARK_PRICE_EXACT_OPEN,1662796800000,0
BTCUSDT,1662825600012,0.0001,21234.2,MARK_PRICE_PREVIOUS_FALLBACK,1662825600000,12
BTCUSDT,1662854400009,0.00007115,21644.6,MARK_PRICE_PREVIOUS_FALLBACK,1662854400000,9
BTCUSDT,1662883200012,0.0001,21592.50532723,MARK_PRICE_PREVIOUS_FALLBACK,1662883200000,12
BTCUSDT,1662912000005,0.00006712,21621.30291305,MARK_PRICE_PREVIOUS_FALLBACK,1662912000000,5
BTCUSDT,1662940800007,0.0001,21810.99833331,MARK_PRICE_PREVIOUS_FALLBACK,1662940800000,7
BTCUSDT,1662969600013,0.00008246,22194.7,MARK_PRICE_PREVIOUS_FALLBACK,1662969600000,13
BTCUSDT,1662998400000,0.0001,22110.37526564,MARK_PRICE_EXACT_OPEN,1662998400000,0
BTCUSDT,1663027200004,0.00009965,22398,MARK_PRICE_PREVIOUS_FALLBACK,1663027200000,4
BTCUSDT,1663056000000,0.0001,22267.8,MARK_PRICE_EXACT_OPEN,1663056000000,0
BTCUSDT,1663084800000,0.0001,20823.3,MARK_PRICE_EXACT_OPEN,1663084800000,0
BTCUSDT,1663113600000,-0.00003953,20163.8116869,MARK_PRICE_EXACT_OPEN,1663113600000,0
BTCUSDT,1663142400000,0.00000727,20240.7,MARK_PRICE_EXACT_OPEN,1663142400000,0
BTCUSDT,1663171200000,0.00001004,20166.79043043,MARK_PRICE_EXACT_OPEN,1663171200000,0
BTCUSDT,1663200000019,0.00000324,20211.16532193,MARK_PRICE_PREVIOUS_FALLBACK,1663200000000,19
BTCUSDT,1663228800012,0.0001,20181,MARK_PRICE_PREVIOUS_FALLBACK,1663228800000,12
BTCUSDT,1663257600007,0.00000813,19716.1,MARK_PRICE_PREVIOUS_FALLBACK,1663257600000,7
BTCUSDT,1663286400000,0.00008055,19691.68436306,MARK_PRICE_EXACT_OPEN,1663286400000,0
BTCUSDT,1663315200000,0.00004349,19730.59639724,MARK_PRICE_EXACT_OPEN,1663315200000,0
BTCUSDT,1663344000000,0.00002919,19653.3,MARK_PRICE_EXACT_OPEN,1663344000000,0
BTCUSDT,1663372800000,0.00003024,19794.12877482,MARK_PRICE_EXACT_OPEN,1663372800000,0
BTCUSDT,1663401600012,0.00004336,19855,MARK_PRICE_PREVIOUS_FALLBACK,1663401600000,12
BTCUSDT,1663430400017,0.00001467,19933.20923162,MARK_PRICE_PREVIOUS_FALLBACK,1663430400000,17
BTCUSDT,1663459200000,0.00006428,20104.5475842,MARK_PRICE_EXACT_OPEN,1663459200000,0
BTCUSDT,1663488000004,0.0000782,20050.4,MARK_PRICE_PREVIOUS_FALLBACK,1663488000000,4
BTCUSDT,1663516800000,0.00003564,19804.4,MARK_PRICE_EXACT_OPEN,1663516800000,0
BTCUSDT,1663545600018,0.00003581,19414.76097931,MARK_PRICE_PREVIOUS_FALLBACK,1663545600000,18
BTCUSDT,1663574400006,-0.00009289,18450.55127542,MARK_PRICE_PREVIOUS_FALLBACK,1663574400000,6
BTCUSDT,1663603200010,0.000006,19105.1,MARK_PRICE_PREVIOUS_FALLBACK,1663603200000,10
BTCUSDT,1663632000007,0.00007813,19543,MARK_PRICE_PREVIOUS_FALLBACK,1663632000000,7
BTCUSDT,1663660800001,0.00005855,19348.1,MARK_PRICE_PREVIOUS_FALLBACK,1663660800000,1
BTCUSDT,1663689600000,0.00001721,19228.92770808,MARK_PRICE_EXACT_OPEN,1663689600000,0
BTCUSDT,1663718400001,0.00005185,18861.9,MARK_PRICE_PREVIOUS_FALLBACK,1663718400000,1
BTCUSDT,1663747200005,0.00001478,18918.8704533,MARK_PRICE_PREVIOUS_FALLBACK,1663747200000,5
BTCUSDT,1663776000000,0.00002732,19182.5,MARK_PRICE_EXACT_OPEN,1663776000000,0
BTCUSDT,1663804800000,-0.00011779,18454.34014361,MARK_PRICE_EXACT_OPEN,1663804800000,0
BTCUSDT,1663833600000,-0.00006911,18923.8,MARK_PRICE_EXACT_OPEN,1663833600000,0
BTCUSDT,1663862400011,0.00007743,18987,MARK_PRICE_PREVIOUS_FALLBACK,1663862400000,11
BTCUSDT,1663891200023,0.00007261,19395,MARK_PRICE_PREVIOUS_FALLBACK,1663891200000,23
BTCUSDT,1663920000004,0.00002959,19229.1,MARK_PRICE_PREVIOUS_FALLBACK,1663920000000,4
BTCUSDT,1663948800005,-0.00005008,18718.2,MARK_PRICE_PREVIOUS_FALLBACK,1663948800000,5
BTCUSDT,1663977600000,0.00002947,19283.91647206,MARK_PRICE_EXACT_OPEN,1663977600000,0
BTCUSDT,1664006400005,0.00001676,18991.5,MARK_PRICE_PREVIOUS_FALLBACK,1664006400000,5
BTCUSDT,1664035200000,0.00005345,19115.1,MARK_PRICE_EXACT_OPEN,1664035200000,0
BTCUSDT,1664064000010,0.00000999,18927.7,MARK_PRICE_PREVIOUS_FALLBACK,1664064000000,10
BTCUSDT,1664092800000,0.00003653,19090.74199886,MARK_PRICE_EXACT_OPEN,1664092800000,0
BTCUSDT,1664121600003,0.00002593,18987.7,MARK_PRICE_PREVIOUS_FALLBACK,1664121600000,3
BTCUSDT,1664150400001,-0.0000066,18784.27677917,MARK_PRICE_PREVIOUS_FALLBACK,1664150400000,1
BTCUSDT,1664179200006,0.00003696,18921,MARK_PRICE_PREVIOUS_FALLBACK,1664179200000,6
BTCUSDT,1664208000000,0.00004497,19106.61818265,MARK_PRICE_EXACT_OPEN,1664208000000,0
BTCUSDT,1664236800026,0.00002244,19217.73491197,MARK_PRICE_PREVIOUS_FALLBACK,1664236800000,26
BTCUSDT,1664265600004,0.0001,20205,MARK_PRICE_PREVIOUS_FALLBACK,1664265600000,4
BTCUSDT,1664294400006,0.00008538,19925.4287912,MARK_PRICE_PREVIOUS_FALLBACK,1664294400000,6
BTCUSDT,1664323200011,0.00001141,19065.26097991,MARK_PRICE_PREVIOUS_FALLBACK,1664323200000,11
BTCUSDT,1664352000000,-0.00001071,18774.25752971,MARK_PRICE_EXACT_OPEN,1664352000000,0
BTCUSDT,1664380800000,0.00005332,19483.08471955,MARK_PRICE_EXACT_OPEN,1664380800000,0
BTCUSDT,1664409600010,0.00005681,19401.2,MARK_PRICE_PREVIOUS_FALLBACK,1664409600000,10
BTCUSDT,1664438400000,0.00007641,19354.01716122,MARK_PRICE_EXACT_OPEN,1664438400000,0
BTCUSDT,1664467200000,0.00006685,19282.43846653,MARK_PRICE_EXACT_OPEN,1664467200000,0
BTCUSDT,1664496000006,0.0001,19598.52665332,MARK_PRICE_PREVIOUS_FALLBACK,1664496000000,6
BTCUSDT,1664524800002,0.0001,19579.8,MARK_PRICE_PREVIOUS_FALLBACK,1664524800000,2
BTCUSDT,1664553600007,0.0001,19688.00833726,MARK_PRICE_PREVIOUS_FALLBACK,1664553600000,7
BTCUSDT,1664582400008,0.00003198,19402.90412295,MARK_PRICE_PREVIOUS_FALLBACK,1664582400000,8
BTCUSDT,1664611200011,0.0001,19301.82062344,MARK_PRICE_PREVIOUS_FALLBACK,1664611200000,11
BTCUSDT,1664640000000,0.00007005,19323.03131471,MARK_PRICE_EXACT_OPEN,1664640000000,0
BTCUSDT,1664668800000,0.00004262,19304.0654311,MARK_PRICE_PREVIOUS_FALLBACK,1664668740000,60000
BTCUSDT,1664697600000,0.00005816,,MARK_PRICE_TOO_STALE,1664668740000,28860000
BTCUSDT,1664726400006,0.00005384,,MARK_PRICE_TOO_STALE,1664668740000,57660006
BTCUSDT,1664755200000,0.00003996,19049.4,MARK_PRICE_EXACT_OPEN,1664755200000,0
BTCUSDT,1664784000014,0.00008316,19188.3,MARK_PRICE_PREVIOUS_FALLBACK,1664784000000,14
BTCUSDT,1664812800010,0.0001,19340.9,MARK_PRICE_PREVIOUS_FALLBACK,1664812800000,10
BTCUSDT,1664841600006,0.0001,19627.56134198,MARK_PRICE_PREVIOUS_FALLBACK,1664841600000,6
BTCUSDT,1664870400004,0.0001,19965.28420685,MARK_PRICE_PREVIOUS_FALLBACK,1664870400000,4
BTCUSDT,1664899200013,0.0001,20101.8,MARK_PRICE_PREVIOUS_FALLBACK,1664899200000,13
BTCUSDT,1664928000000,0.0001,20333,MARK_PRICE_EXACT_OPEN,1664928000000,0
BTCUSDT,1664956800000,0.0001,20218.9,MARK_PRICE_EXACT_OPEN,1664956800000,0
BTCUSDT,1664985600012,0.0001,19987,MARK_PRICE_PREVIOUS_FALLBACK,1664985600000,12
BTCUSDT,1665014400008,0.0001,20142.29839724,MARK_PRICE_PREVIOUS_FALLBACK,1665014400000,8
BTCUSDT,1665043200002,0.0001,20209.1,MARK_PRICE_PREVIOUS_FALLBACK,1665043200000,2
BTCUSDT,1665072000006,0.0001,19992.3,MARK_PRICE_PREVIOUS_FALLBACK,1665072000000,6
BTCUSDT,1665100800000,0.0001,19954,MARK_PRICE_EXACT_OPEN,1665100800000,0
BTCUSDT,1665129600000,0.0001,19918.0988991,MARK_PRICE_EXACT_OPEN,1665129600000,0
BTCUSDT,1665158400007,0.00007513,19557.4,MARK_PRICE_PREVIOUS_FALLBACK,1665158400000,7
BTCUSDT,1665187200010,0.0000385,19515.07594626,MARK_PRICE_PREVIOUS_FALLBACK,1665187200000,10
BTCUSDT,1665216000004,0.00007345,19500.1,MARK_PRICE_PREVIOUS_FALLBACK,1665216000000,4
BTCUSDT,1665244800018,0.00004149,19471.58414694,MARK_PRICE_PREVIOUS_FALLBACK,1665244800000,18
BTCUSDT,1665273600000,0.00003246,19406.3,MARK_PRICE_EXACT_OPEN,1665273600000,0
BTCUSDT,1665302400007,0.00001776,19409.1,MARK_PRICE_PREVIOUS_FALLBACK,1665302400000,7
BTCUSDT,1665331200011,0.00001951,19523.15239464,MARK_PRICE_PREVIOUS_FALLBACK,1665331200000,11
BTCUSDT,1665360000018,0.00006241,19427.90390074,MARK_PRICE_PREVIOUS_FALLBACK,1665360000000,18
BTCUSDT,1665388800000,0.00006069,19401.3,MARK_PRICE_EXACT_OPEN,1665388800000,0
BTCUSDT,1665417600026,0.0001,19271.9,MARK_PRICE_PREVIOUS_FALLBACK,1665417600000,26
BTCUSDT,1665446400020,0.0001,19096.9,MARK_PRICE_PREVIOUS_FALLBACK,1665446400000,20
BTCUSDT,1665475200027,0.0001,19078.42944915,MARK_PRICE_PREVIOUS_FALLBACK,1665475200000,27
BTCUSDT,1665504000000,0.0001,19137.96890228,MARK_PRICE_EXACT_OPEN,1665504000000,0
BTCUSDT,1665532800014,0.0001,19064.4,MARK_PRICE_PREVIOUS_FALLBACK,1665532800000,14
BTCUSDT,1665561600000,0.0001,19104.72235135,MARK_PRICE_EXACT_OPEN,1665561600000,0
BTCUSDT,1665590400000,0.0001,19131.0503226,MARK_PRICE_EXACT_OPEN,1665590400000,0
BTCUSDT,1665619200013,0.00007466,19149,MARK_PRICE_PREVIOUS_FALLBACK,1665619200000,13
BTCUSDT,1665648000016,0.0001,19000,MARK_PRICE_PREVIOUS_FALLBACK,1665648000000,16
BTCUSDT,1665676800009,0.00003936,18969.3,MARK_PRICE_PREVIOUS_FALLBACK,1665676800000,9
BTCUSDT,1665705600020,0.00003235,19372.73854914,MARK_PRICE_PREVIOUS_FALLBACK,1665705600000,20
BTCUSDT,1665734400000,0.0001,19633.2149451,MARK_PRICE_EXACT_OPEN,1665734400000,0
BTCUSDT,1665763200009,0.00008395,19350,MARK_PRICE_PREVIOUS_FALLBACK,1665763200000,9
BTCUSDT,1665792000001,0.00004317,19174,MARK_PRICE_PREVIOUS_FALLBACK,1665792000000,1
BTCUSDT,1665820800005,0.00003772,19161.2,MARK_PRICE_PREVIOUS_FALLBACK,1665820800000,5
BTCUSDT,1665849600004,0.00004563,19115.48366996,MARK_PRICE_PREVIOUS_FALLBACK,1665849600000,4
BTCUSDT,1665878400012,0.00002735,19064.9,MARK_PRICE_PREVIOUS_FALLBACK,1665878400000,12
BTCUSDT,1665907200000,0.00000461,19124.2,MARK_PRICE_EXACT_OPEN,1665907200000,0
BTCUSDT,1665936000010,0.00003394,19151.63630326,MARK_PRICE_PREVIOUS_FALLBACK,1665936000000,10
BTCUSDT,1665964800012,0.00000331,19259,MARK_PRICE_PREVIOUS_FALLBACK,1665964800000,12
BTCUSDT,1665993600010,0.0000484,19286.11337158,MARK_PRICE_PREVIOUS_FALLBACK,1665993600000,10
BTCUSDT,1666022400017,0.00006458,19544.4,MARK_PRICE_PREVIOUS_FALLBACK,1666022400000,17
BTCUSDT,1666051200010,0.0001,19561.6,MARK_PRICE_PREVIOUS_FALLBACK,1666051200000,10
BTCUSDT,1666080000008,0.0001,19655.08102025,MARK_PRICE_PREVIOUS_FALLBACK,1666080000000,8
BTCUSDT,1666108800000,0.0001,19364.62949203,MARK_PRICE_EXACT_OPEN,1666108800000,0
BTCUSDT,1666137600007,0.00007598,19327,MARK_PRICE_PREVIOUS_FALLBACK,1666137600000,7
BTCUSDT,1666166400022,0.0001,19205.48842798,MARK_PRICE_PREVIOUS_FALLBACK,1666166400000,22
BTCUSDT,1666195200016,0.0001,19250.86729442,MARK_PRICE_PREVIOUS_FALLBACK,1666195200000,16
BTCUSDT,1666224000000,0.0001,19118.48660024,MARK_PRICE_EXACT_OPEN,1666224000000,0
BTCUSDT,1666252800013,0.00006021,19141.26028766,MARK_PRICE_PREVIOUS_FALLBACK,1666252800000,13
BTCUSDT,1666281600000,0.00002095,19244.3,MARK_PRICE_EXACT_OPEN,1666281600000,0
BTCUSDT,1666310400005,0.00004708,19037.1,MARK_PRICE_PREVIOUS_FALLBACK,1666310400000,5
BTCUSDT,1666339200018,0.00004483,19016.6,MARK_PRICE_PREVIOUS_FALLBACK,1666339200000,18
BTCUSDT,1666368000000,-0.0000089,19158.7,MARK_PRICE_EXACT_OPEN,1666368000000,0
BTCUSDT,1666396800000,0.00003721,19152.12453658,MARK_PRICE_EXACT_OPEN,1666396800000,0
BTCUSDT,1666425600015,0.0000836,19163.62995727,MARK_PRICE_PREVIOUS_FALLBACK,1666425600000,15
BTCUSDT,1666454400000,-0.00000319,19224.96700481,MARK_PRICE_EXACT_OPEN,1666454400000,0
BTCUSDT,1666483200025,0.00004152,19198.1,MARK_PRICE_PREVIOUS_FALLBACK,1666483200000,25
BTCUSDT,1666512000000,0.00001171,19151.5,MARK_PRICE_EXACT_OPEN,1666512000000,0
BTCUSDT,1666540800004,0.00005174,19183.25771966,MARK_PRICE_PREVIOUS_FALLBACK,1666540800000,4
BTCUSDT,1666569600009,0.0001,19557.3003132,MARK_PRICE_PREVIOUS_FALLBACK,1666569600000,9
BTCUSDT,1666598400012,0.0001,19315.6,MARK_PRICE_PREVIOUS_FALLBACK,1666598400000,12
BTCUSDT,1666627200002,0.00002328,19304.2,MARK_PRICE_PREVIOUS_FALLBACK,1666627200000,2
BTCUSDT,1666656000013,0.00004327,19319.78749984,MARK_PRICE_PREVIOUS_FALLBACK,1666656000000,13
BTCUSDT,1666684800013,0.00009019,19295.66537196,MARK_PRICE_PREVIOUS_FALLBACK,1666684800000,13
BTCUSDT,1666713600000,-0.00000166,19740.3,MARK_PRICE_EXACT_OPEN,1666713600000,0
BTCUSDT,1666742400006,0.00002243,20100.5,MARK_PRICE_PREVIOUS_FALLBACK,1666742400000,6
BTCUSDT,1666771200013,0.00005665,20335.94360409,MARK_PRICE_PREVIOUS_FALLBACK,1666771200000,13
BTCUSDT,1666800000000,0.00006122,20835.7,MARK_PRICE_EXACT_OPEN,1666800000000,0
BTCUSDT,1666828800009,1.3e-7,20741.22382223,MARK_PRICE_PREVIOUS_FALLBACK,1666828800000,9
BTCUSDT,1666857600006,-0.00002276,20697.2,MARK_PRICE_PREVIOUS_FALLBACK,1666857600000,6
BTCUSDT,1666886400009,0.00001376,20565.9,MARK_PRICE_PREVIOUS_FALLBACK,1666886400000,9
BTCUSDT,1666915200000,-0.00001228,20285.6,MARK_PRICE_EXACT_OPEN,1666915200000,0
BTCUSDT,1666944000000,0.00003541,20069.8,MARK_PRICE_EXACT_OPEN,1666944000000,0
BTCUSDT,1666972800007,-0.00002629,20474.10524332,MARK_PRICE_PREVIOUS_FALLBACK,1666972800000,7
BTCUSDT,1667001600000,0.00002484,20584.00258243,MARK_PRICE_EXACT_OPEN,1667001600000,0
BTCUSDT,1667030400003,0.00004755,20752.5074203,MARK_PRICE_PREVIOUS_FALLBACK,1667030400000,3
BTCUSDT,1667059200010,0.00004205,20910.99679755,MARK_PRICE_PREVIOUS_FALLBACK,1667059200000,10
BTCUSDT,1667088000000,-0.00002515,20797.6524454,MARK_PRICE_EXACT_OPEN,1667088000000,0
BTCUSDT,1667116800013,0.00003212,20844.8,MARK_PRICE_PREVIOUS_FALLBACK,1667116800000,13
BTCUSDT,1667145600009,0.00005135,20659.30635376,MARK_PRICE_PREVIOUS_FALLBACK,1667145600000,9
BTCUSDT,1667174400012,0.00001504,20621.1,MARK_PRICE_PREVIOUS_FALLBACK,1667174400000,12
BTCUSDT,1667203200000,0.00003842,20537.62681464,MARK_PRICE_EXACT_OPEN,1667203200000,0
BTCUSDT,1667232000010,-0.00000434,20370.8,MARK_PRICE_PREVIOUS_FALLBACK,1667232000000,10
BTCUSDT,1667260800000,0.00000722,20482.57146585,MARK_PRICE_EXACT_OPEN,1667260800000,0
BTCUSDT,1667289600000,-0.00001088,20590.2,MARK_PRICE_EXACT_OPEN,1667289600000,0
BTCUSDT,1667318400000,0.00001302,20436.56204584,MARK_PRICE_EXACT_OPEN,1667318400000,0
BTCUSDT,1667347200000,0.00004787,20472.31091378,MARK_PRICE_EXACT_OPEN,1667347200000,0
BTCUSDT,1667376000000,0.00001203,20415.25562866,MARK_PRICE_EXACT_OPEN,1667376000000,0
BTCUSDT,1667404800019,0.00006046,20393.6,MARK_PRICE_PREVIOUS_FALLBACK,1667404800000,19
BTCUSDT,1667433600011,0.0000268,20138.4939644,MARK_PRICE_PREVIOUS_FALLBACK,1667433600000,11
BTCUSDT,1667462400016,0.0000044,20298.1,MARK_PRICE_PREVIOUS_FALLBACK,1667462400000,16
BTCUSDT,1667491200005,0.0000694,20239.3,MARK_PRICE_PREVIOUS_FALLBACK,1667491200000,5
BTCUSDT,1667520000000,0.00004429,20199.74646138,MARK_PRICE_EXACT_OPEN,1667520000000,0
BTCUSDT,1667548800004,0.00001148,20612.4,MARK_PRICE_PREVIOUS_FALLBACK,1667548800000,4
BTCUSDT,1667577600020,0.00006899,20862.1,MARK_PRICE_PREVIOUS_FALLBACK,1667577600000,20
BTCUSDT,1667606400009,0.00004409,21144.8,MARK_PRICE_PREVIOUS_FALLBACK,1667606400000,9
BTCUSDT,1667635200007,0.00004541,21372.70747661,MARK_PRICE_PREVIOUS_FALLBACK,1667635200000,7
BTCUSDT,1667664000018,0.0001,21303.8,MARK_PRICE_PREVIOUS_FALLBACK,1667664000000,18
BTCUSDT,1667692800009,0.00006491,21295.4,MARK_PRICE_PREVIOUS_FALLBACK,1667692800000,9
BTCUSDT,1667721600000,0.00009732,21185.3,MARK_PRICE_EXACT_OPEN,1667721600000,0
BTCUSDT,1667750400010,0.00006866,21226.6,MARK_PRICE_PREVIOUS_FALLBACK,1667750400000,10
BTCUSDT,1667779200012,0.00007813,20902.93033367,MARK_PRICE_PREVIOUS_FALLBACK,1667779200000,12
BTCUSDT,1667808000014,0.0001,20612.8,MARK_PRICE_PREVIOUS_FALLBACK,1667808000000,14
BTCUSDT,1667836800006,0.0001,20749.09308947,MARK_PRICE_PREVIOUS_FALLBACK,1667836800000,6
BTCUSDT,1667865600000,0.00006515,20578.37119327,MARK_PRICE_EXACT_OPEN,1667865600000,0
BTCUSDT,1667894400001,-0.00000788,19778.2,MARK_PRICE_PREVIOUS_FALLBACK,1667894400000,1
BTCUSDT,1667923200005,0.00009446,19539.16838114,MARK_PRICE_PREVIOUS_FALLBACK,1667923200000,5
BTCUSDT,1667952000000,-0.00013884,18534,MARK_PRICE_EXACT_OPEN,1667952000000,0
BTCUSDT,1667980800013,0.00007305,18245.2,MARK_PRICE_PREVIOUS_FALLBACK,1667980800000,13
BTCUSDT,1668009600004,-0.00032976,17069.3,MARK_PRICE_PREVIOUS_FALLBACK,1668009600000,4
BTCUSDT,1668038400006,-0.00119172,15863.67062025,MARK_PRICE_PREVIOUS_FALLBACK,1668038400000,6
BTCUSDT,1668067200000,-0.00111953,16739.2,MARK_PRICE_EXACT_OPEN,1668067200000,0
BTCUSDT,1668096000015,-0.00023833,17525.77973619,MARK_PRICE_PREVIOUS_FALLBACK,1668096000000,15
BTCUSDT,1668124800000,-0.00019452,17590.47267822,MARK_PRICE_EXACT_OPEN,1668124800000,0
BTCUSDT,1668153600015,-0.00007277,17379.07414499,MARK_PRICE_PREVIOUS_FALLBACK,1668153600000,15
BTCUSDT,1668182400027,-0.00005802,16896.1,MARK_PRICE_PREVIOUS_FALLBACK,1668182400000,27
BTCUSDT,1668211200007,0.000053,17042.52596366,MARK_PRICE_PREVIOUS_FALLBACK,1668211200000,7
BTCUSDT,1668240000016,-0.00002406,16812.5,MARK_PRICE_PREVIOUS_FALLBACK,1668240000000,16
BTCUSDT,1668268800000,0.00006521,16925.4,MARK_PRICE_EXACT_OPEN,1668268800000,0
BTCUSDT,1668297600004,0.00000333,16801.34508361,MARK_PRICE_PREVIOUS_FALLBACK,1668297600000,4
BTCUSDT,1668326400000,-0.00007357,16765.4,MARK_PRICE_EXACT_OPEN,1668326400000,0
BTCUSDT,1668355200017,0.00002816,16561.11694246,MARK_PRICE_PREVIOUS_FALLBACK,1668355200000,17
BTCUSDT,1668384000000,-0.00003809,16321.89874513,MARK_PRICE_EXACT_OPEN,1668384000000,0
BTCUSDT,1668412800000,-0.00007645,16818.69605658,MARK_PRICE_EXACT_OPEN,1668412800000,0
BTCUSDT,1668441600000,-0.00001132,16582.7,MARK_PRICE_EXACT_OPEN,1668441600000,0
BTCUSDT,1668470400014,-0.00010925,16588.85429906,MARK_PRICE_PREVIOUS_FALLBACK,1668470400000,14
BTCUSDT,1668499200009,-0.00017664,16826.37542635,MARK_PRICE_PREVIOUS_FALLBACK,1668499200000,9
BTCUSDT,1668528000010,0.00002275,16998.4,MARK_PRICE_PREVIOUS_FALLBACK,1668528000000,10
BTCUSDT,1668556800011,-0.00013216,16877.47161174,MARK_PRICE_PREVIOUS_FALLBACK,1668556800000,11
BTCUSDT,1668585600004,0.00001121,16787.41154289,MARK_PRICE_PREVIOUS_FALLBACK,1668585600000,4
BTCUSDT,1668614400008,-0.00006617,16422.1,MARK_PRICE_PREVIOUS_FALLBACK,1668614400000,8
BTCUSDT,1668643200000,-0.00004542,16651.08354329,MARK_PRICE_EXACT_OPEN,1668643200000,0
BTCUSDT,1668672000000,-0.00005138,16600.75974598,MARK_PRICE_EXACT_OPEN,1668672000000,0
BTCUSDT,1668700800006,-0.00002701,16545.79100229,MARK_PRICE_PREVIOUS_FALLBACK,1668700800000,6
BTCUSDT,1668729600004,-0.00002836,16678.1,MARK_PRICE_PREVIOUS_FALLBACK,1668729600000,4
BTCUSDT,1668758400016,0.00002398,16733.92498764,MARK_PRICE_PREVIOUS_FALLBACK,1668758400000,16
BTCUSDT,1668787200000,0.00000955,16686.7,MARK_PRICE_EXACT_OPEN,1668787200000,0
BTCUSDT,1668816000000,0.00005556,16690.07589543,MARK_PRICE_EXACT_OPEN,1668816000000,0
BTCUSDT,1668844800004,0.00007897,16597,MARK_PRICE_PREVIOUS_FALLBACK,1668844800000,4
BTCUSDT,1668873600024,-0.00001169,16652.8,MARK_PRICE_PREVIOUS_FALLBACK,1668873600000,24
BTCUSDT,1668902400015,-0.00000779,16680.81176783,MARK_PRICE_PREVIOUS_FALLBACK,1668902400000,15
BTCUSDT,1668931200004,0.00003552,16719.92554341,MARK_PRICE_PREVIOUS_FALLBACK,1668931200000,4
BTCUSDT,1668960000000,-0.00000979,16570.4,MARK_PRICE_EXACT_OPEN,1668960000000,0
BTCUSDT,1668988800006,0.00007898,16282.2,MARK_PRICE_PREVIOUS_FALLBACK,1668988800000,6
BTCUSDT,1669017600015,-0.00001218,16031.1,MARK_PRICE_PREVIOUS_FALLBACK,1669017600000,15
BTCUSDT,1669046400000,0.00002302,16121.93708005,MARK_PRICE_EXACT_OPEN,1669046400000,0
BTCUSDT,1669075200000,-0.00007485,15772.15331119,MARK_PRICE_EXACT_OPEN,1669075200000,0
BTCUSDT,1669104000000,0.00002033,15754.9,MARK_PRICE_EXACT_OPEN,1669104000000,0
BTCUSDT,1669132800000,0.00007881,16232.8,MARK_PRICE_EXACT_OPEN,1669132800000,0
BTCUSDT,1669161600000,0.00009406,16218.2,MARK_PRICE_EXACT_OPEN,1669161600000,0
BTCUSDT,1669190400011,0.0001,16611.1,MARK_PRICE_PREVIOUS_FALLBACK,1669190400000,11
BTCUSDT,1669219200014,-0.0000039,16420.8,MARK_PRICE_PREVIOUS_FALLBACK,1669219200000,14
BTCUSDT,1669248000007,0.0000542,16606.7,MARK_PRICE_PREVIOUS_FALLBACK,1669248000000,7
BTCUSDT,1669276800014,0.00002012,16624.3,MARK_PRICE_PREVIOUS_FALLBACK,1669276800000,14
BTCUSDT,1669305600013,0.00006272,16550.3,MARK_PRICE_PREVIOUS_FALLBACK,1669305600000,13
BTCUSDT,1669334400004,0.00002058,16585.74950367,MARK_PRICE_PREVIOUS_FALLBACK,1669334400000,4
BTCUSDT,1669363200015,0.00000461,16454.1,MARK_PRICE_PREVIOUS_FALLBACK,1669363200000,15
BTCUSDT,1669392000000,0.00001329,16505.3,MARK_PRICE_EXACT_OPEN,1669392000000,0
BTCUSDT,1669420800011,0.00003859,16514.32646265,MARK_PRICE_PREVIOUS_FALLBACK,1669420800000,11
BTCUSDT,1669449600000,-0.00002455,16576.9,MARK_PRICE_EXACT_OPEN,1669449600000,0
BTCUSDT,1669478400000,0.00003523,16506.5,MARK_PRICE_EXACT_OPEN,1669478400000,0
BTCUSDT,1669507200012,0.00001063,16451.4,MARK_PRICE_PREVIOUS_FALLBACK,1669507200000,12
BTCUSDT,1669536000000,-0.00003066,16554.33101347,MARK_PRICE_EXACT_OPEN,1669536000000,0
BTCUSDT,1669564800003,0.00003784,16563.20740088,MARK_PRICE_PREVIOUS_FALLBACK,1669564800000,3
BTCUSDT,1669593600015,0.00002303,16429.1,MARK_PRICE_PREVIOUS_FALLBACK,1669593600000,15
BTCUSDT,1669622400004,0.00000536,16220.46957894,MARK_PRICE_PREVIOUS_FALLBACK,1669622400000,4
BTCUSDT,1669651200011,2.1e-7,16133.7,MARK_PRICE_PREVIOUS_FALLBACK,1669651200000,11
BTCUSDT,1669680000000,0.0000476,16205.11943927,MARK_PRICE_EXACT_OPEN,1669680000000,0
BTCUSDT,1669708800015,-0.00000385,16459.1,MARK_PRICE_PREVIOUS_FALLBACK,1669708800000,15
BTCUSDT,1669737600000,0.00004171,16385.20097981,MARK_PRICE_EXACT_OPEN,1669737600000,0
BTCUSDT,1669766400007,0.00003404,16441,MARK_PRICE_PREVIOUS_FALLBACK,1669766400000,7
BTCUSDT,1669795200000,0.00004038,16877.49124405,MARK_PRICE_EXACT_OPEN,1669795200000,0
BTCUSDT,1669824000015,0.00009511,16860.04693809,MARK_PRICE_PREVIOUS_FALLBACK,1669824000000,15
BTCUSDT,1669852800001,0.00001029,17165,MARK_PRICE_PREVIOUS_FALLBACK,1669852800000,1
BTCUSDT,1669881600006,-0.00005001,17073.5,MARK_PRICE_PREVIOUS_FALLBACK,1669881600000,6
BTCUSDT,1669910400000,0.0001,16970.6,MARK_PRICE_EXACT_OPEN,1669910400000,0
BTCUSDT,1669939200001,0.00008203,16967.90521985,MARK_PRICE_PREVIOUS_FALLBACK,1669939200000,1
BTCUSDT,1669968000016,0.00002825,16947.27513274,MARK_PRICE_PREVIOUS_FALLBACK,1669968000000,16
BTCUSDT,1669996800017,-0.00003753,16922.31208773,MARK_PRICE_PREVIOUS_FALLBACK,1669996800000,17
BTCUSDT,1670025600006,0.00003302,17087.9,MARK_PRICE_PREVIOUS_FALLBACK,1670025600000,6
BTCUSDT,1670054400000,0.00005123,16955.42398396,MARK_PRICE_EXACT_OPEN,1670054400000,0
BTCUSDT,1670083200011,0.0001,16950.75455863,MARK_PRICE_PREVIOUS_FALLBACK,1670083200000,11
BTCUSDT,1670112000006,0.00006174,16874.13688269,MARK_PRICE_PREVIOUS_FALLBACK,1670112000000,6
BTCUSDT,1670140800000,0.00006437,16988.93436033,MARK_PRICE_EXACT_OPEN,1670140800000,0
BTCUSDT,1670169600006,0.00004581,17026.8,MARK_PRICE_PREVIOUS_FALLBACK,1670169600000,6
BTCUSDT,1670198400002,5.4e-7,17092.10628428,MARK_PRICE_PREVIOUS_FALLBACK,1670198400000,2
BTCUSDT,1670227200011,-0.00004218,17312,MARK_PRICE_PREVIOUS_FALLBACK,1670227200000,11
BTCUSDT,1670256000008,0.00004603,17063.9,MARK_PRICE_PREVIOUS_FALLBACK,1670256000000,8
BTCUSDT,1670284800014,0.00002206,16962.6,MARK_PRICE_PREVIOUS_FALLBACK,1670284800000,14
BTCUSDT,1670313600027,0.00004118,16990.2850776,MARK_PRICE_PREVIOUS_FALLBACK,1670313600000,27
BTCUSDT,1670342400009,0.00002305,16982.2,MARK_PRICE_PREVIOUS_FALLBACK,1670342400000,9
BTCUSDT,1670371200000,0.00007887,17079.15057597,MARK_PRICE_EXACT_OPEN,1670371200000,0
BTCUSDT,1670400000000,0.00000658,16756.38154149,MARK_PRICE_EXACT_OPEN,1670400000000,0
BTCUSDT,1670428800000,-0.00001492,16829.11982175,MARK_PRICE_EXACT_OPEN,1670428800000,0
BTCUSDT,1670457600006,0.00001183,16831.97919275,MARK_PRICE_PREVIOUS_FALLBACK,1670457600000,6
BTCUSDT,1670486400000,0.00002152,16817.43632323,MARK_PRICE_EXACT_OPEN,1670486400000,0
BTCUSDT,1670515200014,0.00000167,16914,MARK_PRICE_PREVIOUS_FALLBACK,1670515200000,14
BTCUSDT,1670544000017,0.00001178,17216.29202506,MARK_PRICE_PREVIOUS_FALLBACK,1670544000000,17
BTCUSDT,1670572800005,0.00004007,17201.5714141,MARK_PRICE_PREVIOUS_FALLBACK,1670572800000,5
BTCUSDT,1670601600000,0.00003198,17170.4,MARK_PRICE_EXACT_OPEN,1670601600000,0
BTCUSDT,1670630400009,-0.00001669,17118.7128599,MARK_PRICE_PREVIOUS_FALLBACK,1670630400000,9
BTCUSDT,1670659200010,-0.00000687,17144.96049968,MARK_PRICE_PREVIOUS_FALLBACK,1670659200000,10
BTCUSDT,1670688000001,0.00001711,17198.9,MARK_PRICE_PREVIOUS_FALLBACK,1670688000000,1
BTCUSDT,1670716800011,0.00000929,17121.52218866,MARK_PRICE_PREVIOUS_FALLBACK,1670716800000,11
BTCUSDT,1670745600007,0.00000873,17174.04364318,MARK_PRICE_PREVIOUS_FALLBACK,1670745600000,7
BTCUSDT,1670774400011,0.00000692,17148.47335061,MARK_PRICE_PREVIOUS_FALLBACK,1670774400000,11
BTCUSDT,1670803200000,0.00002406,17081.61279821,MARK_PRICE_EXACT_OPEN,1670803200000,0
BTCUSDT,1670832000004,0.00002638,16918.5,MARK_PRICE_PREVIOUS_FALLBACK,1670832000000,4
BTCUSDT,1670860800000,-0.0000167,16999.98023796,MARK_PRICE_EXACT_OPEN,1670860800000,0
BTCUSDT,1670889600000,0.00003003,17199.9,MARK_PRICE_EXACT_OPEN,1670889600000,0
BTCUSDT,1670918400018,0.00001971,17157.59423809,MARK_PRICE_PREVIOUS_FALLBACK,1670918400000,18
BTCUSDT,1670947200011,0.0001,17764.5,MARK_PRICE_PREVIOUS_FALLBACK,1670947200000,11
BTCUSDT,1670976000010,0.0001,17766.76783414,MARK_PRICE_PREVIOUS_FALLBACK,1670976000000,10
BTCUSDT,1671004800015,0.0001,17804.55577749,MARK_PRICE_PREVIOUS_FALLBACK,1671004800000,15
BTCUSDT,1671033600004,0.0001,18090.9,MARK_PRICE_PREVIOUS_FALLBACK,1671033600000,4
BTCUSDT,1671062400000,0.0001,17803.73150971,MARK_PRICE_EXACT_OPEN,1671062400000,0
BTCUSDT,1671091200023,0.0001,17692.9,MARK_PRICE_PREVIOUS_FALLBACK,1671091200000,23
BTCUSDT,1671120000010,0.0000518,17418.4,MARK_PRICE_PREVIOUS_FALLBACK,1671120000000,10
BTCUSDT,1671148800016,0.00004842,17350.83944836,MARK_PRICE_PREVIOUS_FALLBACK,1671148800000,16
BTCUSDT,1671177600011,0.00005706,17502.7,MARK_PRICE_PREVIOUS_FALLBACK,1671177600000,11
BTCUSDT,1671206400001,-0.00001987,16967.86266617,MARK_PRICE_PREVIOUS_FALLBACK,1671206400000,1
BTCUSDT,1671235200001,0.00002013,16619.6697989,MARK_PRICE_PREVIOUS_FALLBACK,1671235200000,1
BTCUSDT,1671264000011,0.0000781,16731.51105217,MARK_PRICE_PREVIOUS_FALLBACK,1671264000000,11
BTCUSDT,1671292800011,0.00009707,16687.82861531,MARK_PRICE_PREVIOUS_FALLBACK,1671292800000,11
BTCUSDT,1671321600008,0.00006274,16771.1,MARK_PRICE_PREVIOUS_FALLBACK,1671321600000,8
BTCUSDT,1671350400001,0.00006828,16743.28973226,MARK_PRICE_PREVIOUS_FALLBACK,1671350400000,1
BTCUSDT,1671379200012,-0.00000647,16678.53258841,MARK_PRICE_PREVIOUS_FALLBACK,1671379200000,12
BTCUSDT,1671408000000,0.00006468,16730.3,MARK_PRICE_EXACT_OPEN,1671408000000,0
BTCUSDT,1671436800000,0.00003493,16714.4,MARK_PRICE_EXACT_OPEN,1671436800000,0
BTCUSDT,1671465600000,0.00004496,16661.92267917,MARK_PRICE_EXACT_OPEN,1671465600000,0
BTCUSDT,1671494400005,0.00005611,16444.9,MARK_PRICE_PREVIOUS_FALLBACK,1671494400000,5
BTCUSDT,1671523200016,-1.2e-7,16786.54372259,MARK_PRICE_PREVIOUS_FALLBACK,1671523200000,16
BTCUSDT,1671552000000,0.00003401,16911.5,MARK_PRICE_EXACT_OPEN,1671552000000,0
BTCUSDT,1671580800007,0.00003778,16886.23944748,MARK_PRICE_PREVIOUS_FALLBACK,1671580800000,7
BTCUSDT,1671609600012,0.00007742,16804.04462955,MARK_PRICE_PREVIOUS_FALLBACK,1671609600000,12
BTCUSDT,1671638400017,0.00007582,16857.7,MARK_PRICE_PREVIOUS_FALLBACK,1671638400000,17
BTCUSDT,1671667200004,0.00002918,16812.71067715,MARK_PRICE_PREVIOUS_FALLBACK,1671667200000,4
BTCUSDT,1671696000000,0.00008167,16820.40091942,MARK_PRICE_EXACT_OPEN,1671696000000,0
BTCUSDT,1671724800001,0.00007198,16630.1,MARK_PRICE_PREVIOUS_FALLBACK,1671724800000,1
BTCUSDT,1671753600018,0.0001,16821.2,MARK_PRICE_PREVIOUS_FALLBACK,1671753600000,18
BTCUSDT,1671782400000,0.0001,16842.1,MARK_PRICE_EXACT_OPEN,1671782400000,0
BTCUSDT,1671811200000,0.00008903,16826,MARK_PRICE_EXACT_OPEN,1671811200000,0
BTCUSDT,1671840000001,0.0001,16775.1995886,MARK_PRICE_PREVIOUS_FALLBACK,1671840000000,1
BTCUSDT,1671868800007,0.00004748,16840.3934724,MARK_PRICE_PREVIOUS_FALLBACK,1671868800000,7
BTCUSDT,1671897600008,0.00006222,16831.54339293,MARK_PRICE_PREVIOUS_FALLBACK,1671897600000,8
BTCUSDT,1671926400000,0.00000521,16828.9,MARK_PRICE_EXACT_OPEN,1671926400000,0
BTCUSDT,1671955200013,0.00001855,16816.89271646,MARK_PRICE_PREVIOUS_FALLBACK,1671955200000,13
BTCUSDT,1671984000000,0.0000306,16785.80017035,MARK_PRICE_EXACT_OPEN,1671984000000,0
BTCUSDT,1672012800001,0.00003319,16827.2,MARK_PRICE_PREVIOUS_FALLBACK,1672012800000,1
BTCUSDT,1672041600000,-0.00005064,16836.6,MARK_PRICE_EXACT_OPEN,1672041600000,0
BTCUSDT,1672070400005,0.00002871,16796.84140578,MARK_PRICE_PREVIOUS_FALLBACK,1672070400000,5
BTCUSDT,1672099200005,0.00008655,16942.90042711,MARK_PRICE_PREVIOUS_FALLBACK,1672099200000,5
BTCUSDT,1672128000010,0.00001102,16860.76391143,MARK_PRICE_PREVIOUS_FALLBACK,1672128000000,10
BTCUSDT,1672156800006,0.00001951,16784.10077707,MARK_PRICE_PREVIOUS_FALLBACK,1672156800000,6
BTCUSDT,1672185600010,0.00004252,16695.05973556,MARK_PRICE_PREVIOUS_FALLBACK,1672185600000,10
BTCUSDT,1672214400010,0.00009764,16639,MARK_PRICE_PREVIOUS_FALLBACK,1672214400000,10
BTCUSDT,1672243200010,0.00002111,16566.01824107,MARK_PRICE_PREVIOUS_FALLBACK,1672243200000,10
BTCUSDT,1672272000011,0.00009985,16541.5,MARK_PRICE_PREVIOUS_FALLBACK,1672272000000,11
BTCUSDT,1672300800000,0.00008532,16553,MARK_PRICE_EXACT_OPEN,1672300800000,0
BTCUSDT,1672329600008,0.0001,16614.32994997,MARK_PRICE_PREVIOUS_FALLBACK,1672329600000,8
BTCUSDT,1672358400000,0.0001,16630.3,MARK_PRICE_EXACT_OPEN,1672358400000,0
BTCUSDT,1672387200000,0.00007132,16468.31825412,MARK_PRICE_EXACT_OPEN,1672387200000,0
BTCUSDT,1672416000000,0.0001,16547.7,MARK_PRICE_EXACT_OPEN,1672416000000,0
BTCUSDT,1672444800014,0.0001,16607.6,MARK_PRICE_PREVIOUS_FALLBACK,1672444800000,14
BTCUSDT,1672473600000,0.0001,16564.4,MARK_PRICE_EXACT_OPEN,1672473600000,0
BTCUSDT,1672502400000,0.0001,16587.20039972,MARK_PRICE_EXACT_OPEN,1672502400000,0
BTCUSDT,1672531200000,0.0001,16537.6,MARK_PRICE_EXACT_OPEN,1672531200000,0
BTCUSDT,1672560000008,0.0001,16519.8114651,MARK_PRICE_PREVIOUS_FALLBACK,1672560000000,8
BTCUSDT,1672588800000,0.00000691,16553.1,MARK_PRICE_EXACT_OPEN,1672588800000,0
BTCUSDT,1672617600000,-0.00001488,16610.4,MARK_PRICE_EXACT_OPEN,1672617600000,0
BTCUSDT,1672646400008,-0.00004356,16713.24211841,MARK_PRICE_PREVIOUS_FALLBACK,1672646400000,8
BTCUSDT,1672675200015,0.0000267,16731.2,MARK_PRICE_PREVIOUS_FALLBACK,1672675200000,15
BTCUSDT,1672704000003,0.0001,16659.42482039,MARK_PRICE_PREVIOUS_FALLBACK,1672704000000,3
BTCUSDT,1672732800018,0.00008977,16728.33965411,MARK_PRICE_PREVIOUS_FALLBACK,1672732800000,18
BTCUSDT,1672761600000,0.00003322,16670.8,MARK_PRICE_EXACT_OPEN,1672761600000,0
BTCUSDT,1672790400000,0.00006489,16667.3,MARK_PRICE_EXACT_OPEN,1672790400000,0
BTCUSDT,1672819200016,0.00003388,16863.4,MARK_PRICE_PREVIOUS_FALLBACK,1672819200000,16
BTCUSDT,1672848000011,0.00004931,16841.43891165,MARK_PRICE_PREVIOUS_FALLBACK,1672848000000,11
BTCUSDT,1672876800009,0.00005417,16848.4,MARK_PRICE_PREVIOUS_FALLBACK,1672876800000,9
BTCUSDT,1672905600011,0.00004436,16819,MARK_PRICE_PREVIOUS_FALLBACK,1672905600000,11
BTCUSDT,1672934400000,0.00007264,16836.6,MARK_PRICE_EXACT_OPEN,1672934400000,0
BTCUSDT,1672963200005,0.00005587,16824.58953744,MARK_PRICE_PREVIOUS_FALLBACK,1672963200000,5
BTCUSDT,1672992000001,0.00006591,16786.4,MARK_PRICE_PREVIOUS_FALLBACK,1672992000000,1
BTCUSDT,1673020800000,0.00008658,16834.1,MARK_PRICE_EXACT_OPEN,1673020800000,0
BTCUSDT,1673049600006,0.00002508,16945.61263593,MARK_PRICE_PREVIOUS_FALLBACK,1673049600000,6
BTCUSDT,1673078400017,0.00000671,16939.8,MARK_PRICE_PREVIOUS_FALLBACK,1673078400000,17
BTCUSDT,1673107200000,0.0001,16934.5,MARK_PRICE_EXACT_OPEN,1673107200000,0
BTCUSDT,1673136000015,0.00005657,16942.2,MARK_PRICE_PREVIOUS_FALLBACK,1673136000000,15
BTCUSDT,1673164800000,0.0001,16945.5,MARK_PRICE_EXACT_OPEN,1673164800000,0
BTCUSDT,1673193600010,0.00007452,16998.88220872,MARK_PRICE_PREVIOUS_FALLBACK,1673193600000,10
BTCUSDT,1673222400003,0.00005796,17132.1419951,MARK_PRICE_PREVIOUS_FALLBACK,1673222400000,3
BTCUSDT,1673251200000,-0.00000666,17189.7,MARK_PRICE_EXACT_OPEN,1673251200000,0
BTCUSDT,1673280000006,0.00000905,17265.49885856,MARK_PRICE_PREVIOUS_FALLBACK,1673280000000,6
BTCUSDT,1673308800003,0.00002417,17173.3,MARK_PRICE_PREVIOUS_FALLBACK,1673308800000,3
BTCUSDT,1673337600021,0.00009685,17194.1,MARK_PRICE_PREVIOUS_FALLBACK,1673337600000,21
BTCUSDT,1673366400000,0.00003129,17317.73586078,MARK_PRICE_EXACT_OPEN,1673366400000,0
BTCUSDT,1673395200011,0.00002761,17431.5,MARK_PRICE_PREVIOUS_FALLBACK,1673395200000,11
BTCUSDT,1673424000006,0.00002477,17439.3,MARK_PRICE_PREVIOUS_FALLBACK,1673424000000,6
BTCUSDT,1673452800004,-0.00000211,17323.74610177,MARK_PRICE_PREVIOUS_FALLBACK,1673452800000,4
BTCUSDT,1673481600000,0.00007549,17937.16376269,MARK_PRICE_EXACT_OPEN,1673481600000,0
BTCUSDT,1673510400000,0.0001,18131.9904794,MARK_PRICE_EXACT_OPEN,1673510400000,0
BTCUSDT,1673539200000,0.0001,18082.07360224,MARK_PRICE_EXACT_OPEN,1673539200000,0
BTCUSDT,1673568000004,0.0001,18853.1,MARK_PRICE_PREVIOUS_FALLBACK,1673568000000,4
BTCUSDT,1673596800000,0.0001,18817.7,MARK_PRICE_EXACT_OPEN,1673596800000,0
BTCUSDT,1673625600018,0.0000716,19236.49600136,MARK_PRICE_PREVIOUS_FALLBACK,1673625600000,18
BTCUSDT,1673654400000,0.00008746,19924.2,MARK_PRICE_EXACT_OPEN,1673654400000,0
BTCUSDT,1673683200001,0.00045847,20904.77178987,MARK_PRICE_PREVIOUS_FALLBACK,1673683200000,1
BTCUSDT,1673712000000,0.0001,20796.9,MARK_PRICE_EXACT_OPEN,1673712000000,0
BTCUSDT,1673740800010,0.00013712,20967.56861916,MARK_PRICE_PREVIOUS_FALLBACK,1673740800000,10
BTCUSDT,1673769600002,0.00012434,20744.4,MARK_PRICE_PREVIOUS_FALLBACK,1673769600000,2
BTCUSDT,1673798400000,0.00019892,20927.9,MARK_PRICE_EXACT_OPEN,1673798400000,0
BTCUSDT,1673827200010,0.0001,20874.9,MARK_PRICE_PREVIOUS_FALLBACK,1673827200000,10
BTCUSDT,1673856000007,0.0001,21114.2,MARK_PRICE_PREVIOUS_FALLBACK,1673856000000,7
BTCUSDT,1673884800000,0.0001,21000.6,MARK_PRICE_EXACT_OPEN,1673884800000,0
BTCUSDT,1673913600004,0.0001,21181.86723759,MARK_PRICE_PREVIOUS_FALLBACK,1673913600000,4
BTCUSDT,1673942400005,0.0001,21135.82923461,MARK_PRICE_PREVIOUS_FALLBACK,1673942400000,5
BTCUSDT,1673971200001,0.0001,21157.84305014,MARK_PRICE_PREVIOUS_FALLBACK,1673971200000,1
BTCUSDT,1674000000008,0.0001,21146.5,MARK_PRICE_PREVIOUS_FALLBACK,1674000000000,8
BTCUSDT,1674028800009,0.0001,21313.9,MARK_PRICE_PREVIOUS_FALLBACK,1674028800000,9
BTCUSDT,1674057600017,0.0001,20945.5,MARK_PRICE_PREVIOUS_FALLBACK,1674057600000,17
BTCUSDT,1674086400000,0.0001,20680,MARK_PRICE_EXACT_OPEN,1674086400000,0
BTCUSDT,1674115200015,0.0001,20834.7,MARK_PRICE_PREVIOUS_FALLBACK,1674115200000,15
BTCUSDT,1674144000012,0.0001,20873.8,MARK_PRICE_PREVIOUS_FALLBACK,1674144000000,12
BTCUSDT,1674172800000,0.0001,21068.99768895,MARK_PRICE_EXACT_OPEN,1674172800000,0
BTCUSDT,1674201600000,0.0001,20955.81696168,MARK_PRICE_EXACT_OPEN,1674201600000,0
BTCUSDT,1674230400000,0.0001,21141.03761845,MARK_PRICE_EXACT_OPEN,1674230400000,0
BTCUSDT,1674259200013,0.0001,22680.56760436,MARK_PRICE_PREVIOUS_FALLBACK,1674259200000,13
BTCUSDT,1674288000001,0.0001,22635.14408711,MARK_PRICE_PREVIOUS_FALLBACK,1674288000000,1
BTCUSDT,1674316800016,0.0001,23027.20913205,MARK_PRICE_PREVIOUS_FALLBACK,1674316800000,16
BTCUSDT,1674345600000,0.0001,22779.15773006,MARK_PRICE_EXACT_OPEN,1674345600000,0
BTCUSDT,1674374400000,0.0001,22895.39138893,MARK_PRICE_EXACT_OPEN,1674374400000,0
BTCUSDT,1674403200023,0.0001,22807.29024798,MARK_PRICE_PREVIOUS_FALLBACK,1674403200000,23
BTCUSDT,1674432000014,0.0001,22699.2,MARK_PRICE_PREVIOUS_FALLBACK,1674432000000,14
BTCUSDT,1674460800014,0.0001,22684.26899001,MARK_PRICE_PREVIOUS_FALLBACK,1674460800000,14
BTCUSDT,1674489600016,0.0001,22879.2,MARK_PRICE_PREVIOUS_FALLBACK,1674489600000,16
BTCUSDT,1674518400008,0.0001,22907.29612152,MARK_PRICE_PREVIOUS_FALLBACK,1674518400000,8
BTCUSDT,1674547200008,0.0001,23058.05818564,MARK_PRICE_PREVIOUS_FALLBACK,1674547200000,8
BTCUSDT,1674576000000,0.0001,22924.37403977,MARK_PRICE_EXACT_OPEN,1674576000000,0
BTCUSDT,1674604800012,0.0001,22602.34587813,MARK_PRICE_PREVIOUS_FALLBACK,1674604800000,12
BTCUSDT,1674633600000,0.0001,22705.98165887,MARK_PRICE_EXACT_OPEN,1674633600000,0
BTCUSDT,1674662400010,0.0001,22570.814489,MARK_PRICE_PREVIOUS_FALLBACK,1674662400000,10
BTCUSDT,1674691200010,0.0001,23081.01771414,MARK_PRICE_PREVIOUS_FALLBACK,1674691200000,10
BTCUSDT,1674720000003,0.0001,22979.1,MARK_PRICE_PREVIOUS_FALLBACK,1674720000000,3
BTCUSDT,1674748800020,0.0001,22967.8229782,MARK_PRICE_PREVIOUS_FALLBACK,1674748800000,20
BTCUSDT,1674777600008,0.0001,23017.9,MARK_PRICE_PREVIOUS_FALLBACK,1674777600000,8
BTCUSDT,1674806400000,0.00009541,23068.2,MARK_PRICE_EXACT_OPEN,1674806400000,0
BTCUSDT,1674835200000,0.0001,22955.81991576,MARK_PRICE_EXACT_OPEN,1674835200000,0
BTCUSDT,1674864000009,0.0001,23056.65069677,MARK_PRICE_PREVIOUS_FALLBACK,1674864000000,9
BTCUSDT,1674892800018,0.0001,22982.50855546,MARK_PRICE_PREVIOUS_FALLBACK,1674892800000,18
BTCUSDT,1674921600005,0.0001,23012.3,MARK_PRICE_PREVIOUS_FALLBACK,1674921600000,5
BTCUSDT,1674950400011,0.0001,23022.36238073,MARK_PRICE_PREVIOUS_FALLBACK,1674950400000,11
BTCUSDT,1674979200000,0.0001,23200.4,MARK_PRICE_EXACT_OPEN,1674979200000,0
BTCUSDT,1675008000008,0.0001,23531.2,MARK_PRICE_PREVIOUS_FALLBACK,1675008000000,8
BTCUSDT,1675036800001,0.0001,23736,MARK_PRICE_PREVIOUS_FALLBACK,1675036800000,1
BTCUSDT,1675065600000,0.0001,23648,MARK_PRICE_EXACT_OPEN,1675065600000,0
BTCUSDT,1675094400000,0.0001,23176.67492435,MARK_PRICE_EXACT_OPEN,1675094400000,0
BTCUSDT,1675123200005,0.0001,22822.7,MARK_PRICE_PREVIOUS_FALLBACK,1675123200000,5
BTCUSDT,1675152000000,0.0001,22968.68507985,MARK_PRICE_EXACT_OPEN,1675152000000,0
BTCUSDT,1675180800007,0.0001,23124.6,MARK_PRICE_PREVIOUS_FALLBACK,1675180800000,7
BTCUSDT,1675209600013,0.0001,23134.2,MARK_PRICE_PREVIOUS_FALLBACK,1675209600000,13
BTCUSDT,1675238400000,0.0001,23071.99809898,MARK_PRICE_EXACT_OPEN,1675238400000,0
BTCUSDT,1675267200012,0.0001,22968.7,MARK_PRICE_PREVIOUS_FALLBACK,1675267200000,12
BTCUSDT,1675296000004,0.0001,23737.93381863,MARK_PRICE_PREVIOUS_FALLBACK,1675296000000,4
BTCUSDT,1675324800023,0.0001,23786.64452793,MARK_PRICE_PREVIOUS_FALLBACK,1675324800000,23
BTCUSDT,1675353600003,0.0001,23826.7381626,MARK_PRICE_PREVIOUS_FALLBACK,1675353600000,3
BTCUSDT,1675382400010,0.0001,23544.92184192,MARK_PRICE_PREVIOUS_FALLBACK,1675382400000,10
BTCUSDT,1675411200000,0.0001,23456.64401782,MARK_PRICE_EXACT_OPEN,1675411200000,0
BTCUSDT,1675440000000,0.0001,23601.2,MARK_PRICE_EXACT_OPEN,1675440000000,0
BTCUSDT,1675468800010,0.0001,23418.4,MARK_PRICE_PREVIOUS_FALLBACK,1675468800000,10
BTCUSDT,1675497600000,0.0001,23324.28370732,MARK_PRICE_EXACT_OPEN,1675497600000,0
BTCUSDT,1675526400000,0.0001,23420,MARK_PRICE_EXACT_OPEN,1675526400000,0
BTCUSDT,1675555200016,0.0001,23312.73181064,MARK_PRICE_PREVIOUS_FALLBACK,1675555200000,16
BTCUSDT,1675584000009,0.0001,23377.31132079,MARK_PRICE_PREVIOUS_FALLBACK,1675584000000,9
BTCUSDT,1675612800018,0.0001,23080.89027783,MARK_PRICE_PREVIOUS_FALLBACK,1675612800000,18
BTCUSDT,1675641600001,0.0001,22928.90424956,MARK_PRICE_PREVIOUS_FALLBACK,1675641600000,1
BTCUSDT,1675670400000,0.0001,22874.06944956,MARK_PRICE_EXACT_OPEN,1675670400000,0
BTCUSDT,1675699200012,0.0001,23020.38662595,MARK_PRICE_PREVIOUS_FALLBACK,1675699200000,12
BTCUSDT,1675728000004,0.0001,22744.33362567,MARK_PRICE_PREVIOUS_FALLBACK,1675728000000,4
BTCUSDT,1675756800011,0.0001,22905.8,MARK_PRICE_PREVIOUS_FALLBACK,1675756800000,11
BTCUSDT,1675785600018,0.0001,22906.7,MARK_PRICE_PREVIOUS_FALLBACK,1675785600000,18
BTCUSDT,1675814400009,0.0001,23250.1,MARK_PRICE_PREVIOUS_FALLBACK,1675814400000,9
BTCUSDT,1675843200010,0.0001,23231.5,MARK_PRICE_PREVIOUS_FALLBACK,1675843200000,10
BTCUSDT,1675872000000,0.0001,22863.17299814,MARK_PRICE_EXACT_OPEN,1675872000000,0
BTCUSDT,1675900800014,0.0001,22967,MARK_PRICE_PREVIOUS_FALLBACK,1675900800000,14
BTCUSDT,1675929600006,0.0001,22685.6,MARK_PRICE_PREVIOUS_FALLBACK,1675929600000,6
BTCUSDT,1675958400001,0.0001,22598.27633293,MARK_PRICE_PREVIOUS_FALLBACK,1675958400000,1
BTCUSDT,1675987200012,0.0001,21801.7,MARK_PRICE_PREVIOUS_FALLBACK,1675987200000,12
BTCUSDT,1676016000005,0.0001,21906.9,MARK_PRICE_PREVIOUS_FALLBACK,1676016000000,5
BTCUSDT,1676044800020,0.0001,21645.02120348,MARK_PRICE_PREVIOUS_FALLBACK,1676044800000,20
BTCUSDT,1676073600007,0.00007684,21616.3,MARK_PRICE_PREVIOUS_FALLBACK,1676073600000,7
BTCUSDT,1676102400002,0.00005572,21681.7,MARK_PRICE_PREVIOUS_FALLBACK,1676102400000,2
BTCUSDT,1676131200021,0.00005241,21724.1,MARK_PRICE_PREVIOUS_FALLBACK,1676131200000,21
BTCUSDT,1676160000004,0.00005343,21846,MARK_PRICE_PREVIOUS_FALLBACK,1676160000000,4
BTCUSDT,1676188800000,0.0001,21790.63406784,MARK_PRICE_EXACT_OPEN,1676188800000,0
BTCUSDT,1676217600002,0.0000227,21940.79540836,MARK_PRICE_PREVIOUS_FALLBACK,1676217600000,2
BTCUSDT,1676246400006,0.00002074,21769.16983825,MARK_PRICE_PREVIOUS_FALLBACK,1676246400000,6
BTCUSDT,1676275200008,0.00006323,21860.29829507,MARK_PRICE_PREVIOUS_FALLBACK,1676275200000,8
BTCUSDT,1676304000002,0.0001,21557.6,MARK_PRICE_PREVIOUS_FALLBACK,1676304000000,2
BTCUSDT,1676332800013,0.0001,21761.89852679,MARK_PRICE_PREVIOUS_FALLBACK,1676332800000,13
BTCUSDT,1676361600014,0.0001,21754.3,MARK_PRICE_PREVIOUS_FALLBACK,1676361600000,14
BTCUSDT,1676390400016,0.00008887,22064.66081768,MARK_PRICE_PREVIOUS_FALLBACK,1676390400000,16
BTCUSDT,1676419200011,0.00002377,22176.76586724,MARK_PRICE_PREVIOUS_FALLBACK,1676419200000,11
BTCUSDT,1676448000000,0.0000263,22097.5,MARK_PRICE_EXACT_OPEN,1676448000000,0
BTCUSDT,1676476800005,0.00009071,22811.58859916,MARK_PRICE_PREVIOUS_FALLBACK,1676476800000,5
BTCUSDT,1676505600019,0.0001,24346.1,MARK_PRICE_PREVIOUS_FALLBACK,1676505600000,19
BTCUSDT,1676534400000,0.0001,24625.59232537,MARK_PRICE_EXACT_OPEN,1676534400000,0
BTCUSDT,1676563200001,0.00023171,25076.63953319,MARK_PRICE_PREVIOUS_FALLBACK,1676563200000,1
BTCUSDT,1676592000003,0.0001,23480.71821508,MARK_PRICE_PREVIOUS_FALLBACK,1676592000000,3
BTCUSDT,1676620800016,0.0001,23646.48578624,MARK_PRICE_PREVIOUS_FALLBACK,1676620800000,16
BTCUSDT,1676649600000,0.0001,24133.3,MARK_PRICE_EXACT_OPEN,1676649600000,0
BTCUSDT,1676678400011,0.0001,24563.3,MARK_PRICE_PREVIOUS_FALLBACK,1676678400000,11
BTCUSDT,1676707200000,0.0001,24522.8,MARK_PRICE_EXACT_OPEN,1676707200000,0
BTCUSDT,1676736000007,0.0001,24672.03186082,MARK_PRICE_PREVIOUS_FALLBACK,1676736000000,7
BTCUSDT,1676764800019,0.0001,24626.71972272,MARK_PRICE_PREVIOUS_FALLBACK,1676764800000,19
BTCUSDT,1676793600005,0.0001,24571.27511588,MARK_PRICE_PREVIOUS_FALLBACK,1676793600000,5
BTCUSDT,1676822400003,0.0001,24964.50538302,MARK_PRICE_PREVIOUS_FALLBACK,1676822400000,3
BTCUSDT,1676851200006,0.0001,24309,MARK_PRICE_PREVIOUS_FALLBACK,1676851200000,6
BTCUSDT,1676880000008,0.0001,24498.9,MARK_PRICE_PREVIOUS_FALLBACK,1676880000000,8
BTCUSDT,1676908800006,0.0001,24950.4802775,MARK_PRICE_PREVIOUS_FALLBACK,1676908800000,6
BTCUSDT,1676937600001,0.0001,24839.8,MARK_PRICE_PREVIOUS_FALLBACK,1676937600000,1
BTCUSDT,1676966400004,0.0001,24993.4,MARK_PRICE_PREVIOUS_FALLBACK,1676966400000,4
BTCUSDT,1676995200011,0.0001,24557,MARK_PRICE_PREVIOUS_FALLBACK,1676995200000,11
BTCUSDT,1677024000009,0.0001,24433.32511406,MARK_PRICE_PREVIOUS_FALLBACK,1677024000000,9
BTCUSDT,1677052800010,0.0001,24059.14664052,MARK_PRICE_PREVIOUS_FALLBACK,1677052800000,10
BTCUSDT,1677081600000,0.0001,23707.8,MARK_PRICE_EXACT_OPEN,1677081600000,0
BTCUSDT,1677110400006,0.0001,24177.13615575,MARK_PRICE_PREVIOUS_FALLBACK,1677110400000,6
BTCUSDT,1677139200005,0.00003506,24367.49874961,MARK_PRICE_PREVIOUS_FALLBACK,1677139200000,5
BTCUSDT,1677168000002,0.00003631,23960.7,MARK_PRICE_PREVIOUS_FALLBACK,1677168000000,2
BTCUSDT,1677196800015,0.00004978,23928.8,MARK_PRICE_PREVIOUS_FALLBACK,1677196740000,60015
BTCUSDT,1677225600011,0.00004949,,MARK_PRICE_TOO_STALE,1677196740000,28860011
BTCUSDT,1677254400014,0.0000544,,MARK_PRICE_TOO_STALE,1677196740000,57660014
BTCUSDT,1677283200015,0.00001183,23170.34437393,MARK_PRICE_PREVIOUS_FALLBACK,1677283200000,15
BTCUSDT,1677312000015,0.0000061,23107.51205266,MARK_PRICE_PREVIOUS_FALLBACK,1677312000000,15
BTCUSDT,1677340800015,-4.8e-7,23002.31398005,MARK_PRICE_PREVIOUS_FALLBACK,1677340800000,15
BTCUSDT,1677369600007,0.00007372,23143.3821547,MARK_PRICE_PREVIOUS_FALLBACK,1677369600000,7
BTCUSDT,1677398400012,0.0000276,23142.4,MARK_PRICE_PREVIOUS_FALLBACK,1677398400000,12
BTCUSDT,1677427200000,0.00006581,23239.8,MARK_PRICE_EXACT_OPEN,1677427200000,0
BTCUSDT,1677456000011,0.00008144,23552.09279109,MARK_PRICE_PREVIOUS_FALLBACK,1677456000000,11
BTCUSDT,1677484800003,0.00001196,23416.3,MARK_PRICE_PREVIOUS_FALLBACK,1677484800000,3
BTCUSDT,1677513600000,0.00006826,23546.5,MARK_PRICE_EXACT_OPEN,1677513600000,0
BTCUSDT,1677542400011,0.00003414,23464.82817192,MARK_PRICE_PREVIOUS_FALLBACK,1677542400000,11
BTCUSDT,1677571200018,0.00001985,23207.40388959,MARK_PRICE_PREVIOUS_FALLBACK,1677571200000,18
BTCUSDT,1677600000005,0.0000595,23526.7,MARK_PRICE_PREVIOUS_FALLBACK,1677600000000,5
BTCUSDT,1677628800016,0.00000185,23132.6,MARK_PRICE_PREVIOUS_FALLBACK,1677628800000,16
BTCUSDT,1677657600000,0.0001,23709.6,MARK_PRICE_EXACT_OPEN,1677657600000,0
BTCUSDT,1677686400008,0.0001,23694.2,MARK_PRICE_PREVIOUS_FALLBACK,1677686400000,8
BTCUSDT,1677715200009,0.00008612,23628.2,MARK_PRICE_PREVIOUS_FALLBACK,1677715200000,9
BTCUSDT,1677744000013,0.00008703,23378.3,MARK_PRICE_PREVIOUS_FALLBACK,1677744000000,13
BTCUSDT,1677772800000,0.00008395,23354.4565427,MARK_PRICE_EXACT_OPEN,1677772800000,0
BTCUSDT,1677801600000,0.0001,23457.1,MARK_PRICE_EXACT_OPEN,1677801600000,0
BTCUSDT,1677830400013,-0.00004203,22346.32924887,MARK_PRICE_PREVIOUS_FALLBACK,1677830400000,13
BTCUSDT,1677859200000,-0.00000226,22324.45607438,MARK_PRICE_EXACT_OPEN,1677859200000,0
BTCUSDT,1677888000001,0.0000053,22328.91974697,MARK_PRICE_PREVIOUS_FALLBACK,1677888000000,1
BTCUSDT,1677916800008,0.00003812,22347.18547077,MARK_PRICE_PREVIOUS_FALLBACK,1677916800000,8
BTCUSDT,1677945600012,0.00002104,22308.02546274,MARK_PRICE_PREVIOUS_FALLBACK,1677945600000,12
BTCUSDT,1677974400000,0.00001874,22335.73863392,MARK_PRICE_EXACT_OPEN,1677974400000,0
BTCUSDT,1678003200000,0.00000544,22366.12041779,MARK_PRICE_EXACT_OPEN,1678003200000,0
BTCUSDT,1678032000015,0.00003706,22426.86462025,MARK_PRICE_PREVIOUS_FALLBACK,1678032000000,15
BTCUSDT,1678060800007,0.00004054,22417.90524439,MARK_PRICE_PREVIOUS_FALLBACK,1678060800000,7
BTCUSDT,1678089600017,0.0000546,22384.9,MARK_PRICE_PREVIOUS_FALLBACK,1678089600000,17
BTCUSDT,1678118400000,0.00005414,22543.67617305,MARK_PRICE_EXACT_OPEN,1678118400000,0
BTCUSDT,1678147200009,0.00001173,22407.2,MARK_PRICE_PREVIOUS_FALLBACK,1678147200000,9
BTCUSDT,1678176000016,0.00004375,22406.2,MARK_PRICE_PREVIOUS_FALLBACK,1678176000000,16
BTCUSDT,1678204800017,0.00002631,22307.62487028,MARK_PRICE_PREVIOUS_FALLBACK,1678204800000,17
BTCUSDT,1678233600000,0.00002917,22187.22204807,MARK_PRICE_EXACT_OPEN,1678233600000,0
BTCUSDT,1678262400014,0.00003816,21964.2,MARK_PRICE_PREVIOUS_FALLBACK,1678262400000,14
BTCUSDT,1678291200021,0.0001,22138.9,MARK_PRICE_PREVIOUS_FALLBACK,1678291200000,21
BTCUSDT,1678320000010,0.0001,21705.2,MARK_PRICE_PREVIOUS_FALLBACK,1678320000000,10
BTCUSDT,1678348800013,0.0001,21686.07541681,MARK_PRICE_PREVIOUS_FALLBACK,1678348800000,13
BTCUSDT,1678377600002,0.0001,21641.08492279,MARK_PRICE_PREVIOUS_FALLBACK,1678377600000,2
BTCUSDT,1678406400000,-0.00008895,20349.96103741,MARK_PRICE_EXACT_OPEN,1678406400000,0
BTCUSDT,1678435200000,0.00000526,19943.10950374,MARK_PRICE_EXACT_OPEN,1678435200000,0
BTCUSDT,1678464000005,-0.00001647,19979.6,MARK_PRICE_PREVIOUS_FALLBACK,1678464000000,5
BTCUSDT,1678492800011,0.00002364,20140.0687959,MARK_PRICE_PREVIOUS_FALLBACK,1678492800000,11
BTCUSDT,1678521600003,-0.00002296,19869.56926871,MARK_PRICE_PREVIOUS_FALLBACK,1678521600000,3
BTCUSDT,1678550400011,-0.00002341,20055.23022888,MARK_PRICE_PREVIOUS_FALLBACK,1678550400000,11
BTCUSDT,1678579200001,0.00000376,20438.04458081,MARK_PRICE_PREVIOUS_FALLBACK,1678579200000,1
BTCUSDT,1678608000000,0.00009088,20337.9881019,MARK_PRICE_EXACT_OPEN,1678608000000,0
BTCUSDT,1678636800005,-0.00004068,20344.11392374,MARK_PRICE_PREVIOUS_FALLBACK,1678636800000,5
BTCUSDT,1678665600010,0.0001,22060.1,MARK_PRICE_PREVIOUS_FALLBACK,1678665600000,10
BTCUSDT,1678694400018,0.00006011,22464.9,MARK_PRICE_PREVIOUS_FALLBACK,1678694400000,18
BTCUSDT,1678723200003,0.0001,24061.72737743,MARK_PRICE_PREVIOUS_FALLBACK,1678723200000,3
BTCUSDT,1678752000010,0.00015042,24147.6,MARK_PRICE_PREVIOUS_FALLBACK,1678752000000,10
BTCUSDT,1678780800009,0.0001,24266.72620108,MARK_PRICE_PREVIOUS_FALLBACK,1678780800000,9
BTCUSDT,1678809600010,0.00029811,25896,MARK_PRICE_PREVIOUS_FALLBACK,1678809600000,10
BTCUSDT,1678838400011,0.0001,24703.92450741,MARK_PRICE_PREVIOUS_FALLBACK,1678838400000,11
BTCUSDT,1678867200000,0.00024127,24892.4,MARK_PRICE_EXACT_OPEN,1678867200000,0
BTCUSDT,1678896000012,0.00022126,24470.5975037,MARK_PRICE_PREVIOUS_FALLBACK,1678896000000,12
BTCUSDT,1678924800004,0.0001,24260.8,MARK_PRICE_PREVIOUS_FALLBACK,1678924800000,4
BTCUSDT,1678953600018,0.0001,24632.8,MARK_PRICE_PREVIOUS_FALLBACK,1678953600000,18
BTCUSDT,1678982400005,0.0001,24882.3,MARK_PRICE_PREVIOUS_FALLBACK,1678982400000,5
BTCUSDT,1679011200017,0.00003311,24980.17530701,MARK_PRICE_PREVIOUS_FALLBACK,1679011200000,17
BTCUSDT,1679040000010,0.0001,26060.6,MARK_PRICE_PREVIOUS_FALLBACK,1679040000000,10
BTCUSDT,1679068800003,0.0001,26405.12293983,MARK_PRICE_PREVIOUS_FALLBACK,1679068800000,3
BTCUSDT,1679097600012,0.0001,27375.81494271,MARK_PRICE_PREVIOUS_FALLBACK,1679097600000,12
BTCUSDT,1679126400000,0.0001,27353.80998683,MARK_PRICE_EXACT_OPEN,1679126400000,0
BTCUSDT,1679155200016,0.0001,27201.42861377,MARK_PRICE_PREVIOUS_FALLBACK,1679155200000,16
BTCUSDT,1679184000013,0.0001,26917.51490379,MARK_PRICE_PREVIOUS_FALLBACK,1679184000000,13
BTCUSDT,1679212800024,0.0001,26958.38480734,MARK_PRICE_PREVIOUS_FALLBACK,1679212800000,24
BTCUSDT,1679241600000,0.0001,27548.46435194,MARK_PRICE_EXACT_OPEN,1679241600000,0
BTCUSDT,1679270400005,0.0001,27963.44773932,MARK_PRICE_PREVIOUS_FALLBACK,1679270400000,5
BTCUSDT,1679299200012,0.00009081,28232.7,MARK_PRICE_PREVIOUS_FALLBACK,1679299200000,12
BTCUSDT,1679328000015,0.0001,27695.8,MARK_PRICE_PREVIOUS_FALLBACK,1679328000000,15
BTCUSDT,1679356800006,0.00008118,27711.90128483,MARK_PRICE_PREVIOUS_FALLBACK,1679356800000,6
BTCUSDT,1679385600004,0.00001254,27478.0953738,MARK_PRICE_PREVIOUS_FALLBACK,1679385600000,4
BTCUSDT,1679414400003,0.00000292,28024.2,MARK_PRICE_PREVIOUS_FALLBACK,1679414400000,3
BTCUSDT,1679443200000,0.00000268,28095.04720238,MARK_PRICE_EXACT_OPEN,1679443200000,0
BTCUSDT,1679472000003,6e-8,28075.37367063,MARK_PRICE_PREVIOUS_FALLBACK,1679472000000,3
BTCUSDT,1679500800000,0.00005334,28586.1,MARK_PRICE_EXACT_OPEN,1679500800000,0
BTCUSDT,1679529600016,0.00000248,27236.46670299,MARK_PRICE_PREVIOUS_FALLBACK,1679529600000,16
BTCUSDT,1679558400001,-0.0000109,27620.31376917,MARK_PRICE_PREVIOUS_FALLBACK,1679558400000,1
BTCUSDT,1679587200013,0.0001,28629.37464447,MARK_PRICE_PREVIOUS_FALLBACK,1679587200000,13
BTCUSDT,1679616000013,0.0001,28294.1,MARK_PRICE_PREVIOUS_FALLBACK,1679616000000,13
BTCUSDT,1679644800012,0.0001,28277.7,MARK_PRICE_PREVIOUS_FALLBACK,1679644800000,12
BTCUSDT,1679673600027,0.0001,28012,MARK_PRICE_PREVIOUS_FALLBACK,1679673600000,27
BTCUSDT,1679702400015,-0.0000031,27441.97379487,MARK_PRICE_PREVIOUS_FALLBACK,1679702400000,15
BTCUSDT,1679731200011,0.00000425,27476,MARK_PRICE_PREVIOUS_FALLBACK,1679731200000,11
BTCUSDT,1679760000011,0.00000292,27648.1,MARK_PRICE_PREVIOUS_FALLBACK,1679760000000,11
BTCUSDT,1679788800000,6.1e-7,27447.37409829,MARK_PRICE_EXACT_OPEN,1679788800000,0
BTCUSDT,1679817600015,-0.00003326,27494.9,MARK_PRICE_PREVIOUS_FALLBACK,1679817600000,15
BTCUSDT,1679846400000,0.00003634,27796.94059259,MARK_PRICE_EXACT_OPEN,1679846400000,0
BTCUSDT,1679875200019,0.00002905,27947.6,MARK_PRICE_PREVIOUS_FALLBACK,1679875200000,19
BTCUSDT,1679904000009,0.00002409,27793.51390873,MARK_PRICE_PREVIOUS_FALLBACK,1679904000000,9
BTCUSDT,1679932800000,-0.00000396,26887.3,MARK_PRICE_EXACT_OPEN,1679932800000,0
BTCUSDT,1679961600007,-0.00001428,27109,MARK_PRICE_PREVIOUS_FALLBACK,1679961600000,7
BTCUSDT,1679990400000,0.00001123,26948.04394444,MARK_PRICE_EXACT_OPEN,1679990400000,0
BTCUSDT,1680019200013,0.00007531,26977.08081624,MARK_PRICE_PREVIOUS_FALLBACK,1680019200000,13
BTCUSDT,1680048000010,0.00006075,27253.5107963,MARK_PRICE_PREVIOUS_FALLBACK,1680048000000,10
BTCUSDT,1680076800006,0.00007098,28082.1,MARK_PRICE_PREVIOUS_FALLBACK,1680076800000,6
BTCUSDT,1680105600014,0.0001,28428.92281746,MARK_PRICE_PREVIOUS_FALLBACK,1680105600000,14
BTCUSDT,1680134400000,0.00006987,28338.5,MARK_PRICE_EXACT_OPEN,1680134400000,0
BTCUSDT,1680163200000,0.00005638,28708.34927381,MARK_PRICE_EXACT_OPEN,1680163200000,0
BTCUSDT,1680192000006,0.00001123,28267.11521388,MARK_PRICE_PREVIOUS_FALLBACK,1680192000000,6
BTCUSDT,1680220800003,-0.00002712,28021.5,MARK_PRICE_PREVIOUS_FALLBACK,1680220800000,3
BTCUSDT,1680249600006,0.00006358,27708.1148547,MARK_PRICE_PREVIOUS_FALLBACK,1680249600000,6
BTCUSDT,1680278400011,0.0001,28479.56035897,MARK_PRICE_PREVIOUS_FALLBACK,1680278400000,11
BTCUSDT,1680307200000,0.0001,28458.4820119,MARK_PRICE_EXACT_OPEN,1680307200000,0
BTCUSDT,1680336000000,0.0001,28416.1,MARK_PRICE_EXACT_OPEN,1680336000000,0
BTCUSDT,1680364800018,0.0000884,28385.50010492,MARK_PRICE_PREVIOUS_FALLBACK,1680364800000,18
BTCUSDT,1680393600013,0.00004527,28445.9,MARK_PRICE_PREVIOUS_FALLBACK,1680393600000,13
BTCUSDT,1680422400014,0.00006893,28399.33619841,MARK_PRICE_PREVIOUS_FALLBACK,1680422400000,14
BTCUSDT,1680451200001,0.00004514,28110,MARK_PRICE_PREVIOUS_FALLBACK,1680451200000,1
BTCUSDT,1680480000000,0.00001759,28161.2,MARK_PRICE_EXACT_OPEN,1680480000000,0
BTCUSDT,1680508800013,-0.0000124,27977.6,MARK_PRICE_PREVIOUS_FALLBACK,1680508800000,13
BTCUSDT,1680537600011,0.00005688,28027.69781349,MARK_PRICE_PREVIOUS_FALLBACK,1680537600000,11
BTCUSDT,1680566400002,-0.00006009,27786.67472619,MARK_PRICE_PREVIOUS_FALLBACK,1680566400000,2
BTCUSDT,1680595200017,-0.00001357,28014,MARK_PRICE_PREVIOUS_FALLBACK,1680595200000,17
BTCUSDT,1680624000008,-0.00001276,28000.91282143,MARK_PRICE_PREVIOUS_FALLBACK,1680624000000,8
BTCUSDT,1680652800000,0.0000276,28155.1,MARK_PRICE_EXACT_OPEN,1680652800000,0
BTCUSDT,1680681600016,0.00008517,28515.76677381,MARK_PRICE_PREVIOUS_FALLBACK,1680681600000,16
BTCUSDT,1680710400004,0.00005265,27983.32806349,MARK_PRICE_PREVIOUS_FALLBACK,1680710400000,4
BTCUSDT,1680739200000,0.00001442,28157.21749603,MARK_PRICE_EXACT_OPEN,1680739200000,0
BTCUSDT,1680768000011,0.00003598,27858.9,MARK_PRICE_PREVIOUS_FALLBACK,1680768000000,11
BTCUSDT,1680796800000,-0.00002975,28079.3,MARK_PRICE_EXACT_OPEN,1680796800000,0
BTCUSDT,1680825600006,0.00001004,28021.51888462,MARK_PRICE_PREVIOUS_FALLBACK,1680825600000,6
BTCUSDT,1680854400005,-0.00001473,27808.3357735,MARK_PRICE_PREVIOUS_FALLBACK,1680854400000,5
BTCUSDT,1680883200000,0.00001055,27932.89582051,MARK_PRICE_EXACT_OPEN,1680883200000,0
BTCUSDT,1680912000000,0.00000268,27890.7,MARK_PRICE_EXACT_OPEN,1680912000000,0
BTCUSDT,1680940800014,0.00000466,28069.31508974,MARK_PRICE_PREVIOUS_FALLBACK,1680940800000,14
BTCUSDT,1680969600018,0.00003192,28004.1905641,MARK_PRICE_PREVIOUS_FALLBACK,1680969600000,18
BTCUSDT,1680998400013,0.0000095,27924.93156838,MARK_PRICE_PREVIOUS_FALLBACK,1680998400000,13
BTCUSDT,1681027200024,-0.00000904,27890,MARK_PRICE_PREVIOUS_FALLBACK,1681027200000,24
BTCUSDT,1681056000010,-0.00000853,27878.23052564,MARK_PRICE_PREVIOUS_FALLBACK,1681056000000,10
BTCUSDT,1681084800000,0.0001,28309.4,MARK_PRICE_EXACT_OPEN,1681084800000,0
BTCUSDT,1681113600010,0.0001,28285.7,MARK_PRICE_PREVIOUS_FALLBACK,1681113600000,10
BTCUSDT,1681142400006,0.00006167,28431.2,MARK_PRICE_PREVIOUS_FALLBACK,1681142400000,6
BTCUSDT,1681171200008,0.0001,29648,MARK_PRICE_PREVIOUS_FALLBACK,1681171200000,8
BTCUSDT,1681200000007,0.0001,30105.4,MARK_PRICE_PREVIOUS_FALLBACK,1681200000000,7
BTCUSDT,1681228800016,0.0001,30179.1,MARK_PRICE_PREVIOUS_FALLBACK,1681228800000,16
BTCUSDT,1681257600006,0.00009582,30202.4,MARK_PRICE_PREVIOUS_FALLBACK,1681257600000,6
BTCUSDT,1681286400008,0.00008195,29982.3,MARK_PRICE_PREVIOUS_FALLBACK,1681286400000,8
BTCUSDT,1681315200014,0.00001747,29959.9,MARK_PRICE_PREVIOUS_FALLBACK,1681315200000,14
BTCUSDT,1681344000027,0.00006665,29877.16889352,MARK_PRICE_PREVIOUS_FALLBACK,1681344000000,27
BTCUSDT,1681372800010,0.00004427,30065,MARK_PRICE_PREVIOUS_FALLBACK,1681372800000,10
BTCUSDT,1681401600000,0.0001,30428.34378632,MARK_PRICE_EXACT_OPEN,1681401600000,0
BTCUSDT,1681430400001,-0.00000113,30365.17720513,MARK_PRICE_PREVIOUS_FALLBACK,1681430400000,1
BTCUSDT,1681459200008,0.0001,30754.64727778,MARK_PRICE_PREVIOUS_FALLBACK,1681459200000,8
BTCUSDT,1681488000007,0.0000342,30208.849205,MARK_PRICE_PREVIOUS_FALLBACK,1681488000000,7
BTCUSDT,1681516800007,-0.00004975,30455.46414851,MARK_PRICE_PREVIOUS_FALLBACK,1681516800000,7
BTCUSDT,1681545600007,0.00008455,30429.3,MARK_PRICE_PREVIOUS_FALLBACK,1681545600000,7
BTCUSDT,1681574400011,0.0001,30314.7824127,MARK_PRICE_PREVIOUS_FALLBACK,1681574400000,11
BTCUSDT,1681603200014,0.00007144,30278.1,MARK_PRICE_PREVIOUS_FALLBACK,1681603200000,14
BTCUSDT,1681632000007,0.0001,30325.3,MARK_PRICE_PREVIOUS_FALLBACK,1681632000000,7
BTCUSDT,1681660800002,0.0001,30326.4,MARK_PRICE_PREVIOUS_FALLBACK,1681660800000,2
BTCUSDT,1681689600017,0.0001,30290.42521512,MARK_PRICE_PREVIOUS_FALLBACK,1681689600000,17
BTCUSDT,1681718400006,0.00007376,29830.86213248,MARK_PRICE_PREVIOUS_FALLBACK,1681718400000,6
BTCUSDT,1681747200000,0.0001,29350.14161538,MARK_PRICE_EXACT_OPEN,1681747200000,0
BTCUSDT,1681776000013,0.00004683,29417.8882094,MARK_PRICE_PREVIOUS_FALLBACK,1681776000000,13
BTCUSDT,1681804800017,-0.0000051,29762.7,MARK_PRICE_PREVIOUS_FALLBACK,1681804800000,17
BTCUSDT,1681833600000,0.00006772,30172.48963675,MARK_PRICE_EXACT_OPEN,1681833600000,0
BTCUSDT,1681862400022,0.0001,30357.56402991,MARK_PRICE_PREVIOUS_FALLBACK,1681862400000,22
BTCUSDT,1681891200014,0.00006231,30059.3544359,MARK_PRICE_PREVIOUS_FALLBACK,1681891200000,14
BTCUSDT,1681920000000,-8.1e-7,29246.0342381,MARK_PRICE_EXACT_OPEN,1681920000000,0
BTCUSDT,1681948800010,0.00008579,28795.38000794,MARK_PRICE_PREVIOUS_FALLBACK,1681948800000,10
BTCUSDT,1681977600012,0.00003668,28863.8,MARK_PRICE_PREVIOUS_FALLBACK,1681977600000,12
BTCUSDT,1682006400012,0.00005898,28468.53413889,MARK_PRICE_PREVIOUS_FALLBACK,1682006400000,12
BTCUSDT,1682035200009,0.00006297,28220.12588781,MARK_PRICE_PREVIOUS_FALLBACK,1682035200000,9
BTCUSDT,1682064000009,0.0001,28147.09175,MARK_PRICE_PREVIOUS_FALLBACK,1682064000000,9
BTCUSDT,1682092800003,0.0001,28035.8,MARK_PRICE_PREVIOUS_FALLBACK,1682092800000,3
BTCUSDT,1682121600000,0.0001,27252.86702778,MARK_PRICE_EXACT_OPEN,1682121600000,0
BTCUSDT,1682150400000,0.00006858,27268.4,MARK_PRICE_EXACT_OPEN,1682150400000,0
BTCUSDT,1682179200016,0.0000209,27482.5,MARK_PRICE_PREVIOUS_FALLBACK,1682179200000,16
BTCUSDT,1682208000009,0.00003768,27803.82794996,MARK_PRICE_PREVIOUS_FALLBACK,1682208000000,9
BTCUSDT,1682236800020,0.00001376,27701.7,MARK_PRICE_PREVIOUS_FALLBACK,1682236800000,20
BTCUSDT,1682265600007,0.00002369,27458.1,MARK_PRICE_PREVIOUS_FALLBACK,1682265600000,7
BTCUSDT,1682294400000,0.00004679,27576.68956746,MARK_PRICE_EXACT_OPEN,1682294400000,0
BTCUSDT,1682323200008,0.00003694,27433.8,MARK_PRICE_PREVIOUS_FALLBACK,1682323200000,8
BTCUSDT,1682352000006,0.0000263,27260.4,MARK_PRICE_PREVIOUS_FALLBACK,1682352000000,6
BTCUSDT,1682380800014,0.00005066,27504.9,MARK_PRICE_PREVIOUS_FALLBACK,1682380800000,14
BTCUSDT,1682409600009,0.00006606,27251.9,MARK_PRICE_PREVIOUS_FALLBACK,1682409600000,9
BTCUSDT,1682438400015,0.00008541,27328.78455952,MARK_PRICE_PREVIOUS_FALLBACK,1682438400000,15
BTCUSDT,1682467200015,0.00004346,28305.6,MARK_PRICE_PREVIOUS_FALLBACK,1682467200000,15
BTCUSDT,1682496000013,0.00001686,28372.5139127,MARK_PRICE_PREVIOUS_FALLBACK,1682496000000,13
BTCUSDT,1682524800001,0.0001,29812.6,MARK_PRICE_PREVIOUS_FALLBACK,1682524800000,1
BTCUSDT,1682553600014,0.00002518,28377.63269444,MARK_PRICE_PREVIOUS_FALLBACK,1682553600000,14
BTCUSDT,1682582400008,0.00005769,28880.63923016,MARK_PRICE_PREVIOUS_FALLBACK,1682582400000,8
BTCUSDT,1682611200005,0.00003265,29147.55829365,MARK_PRICE_PREVIOUS_FALLBACK,1682611200000,5
BTCUSDT,1682640000011,0.0001,29478.8,MARK_PRICE_PREVIOUS_FALLBACK,1682640000000,11
BTCUSDT,1682668800007,0.0001,29472.6,MARK_PRICE_PREVIOUS_FALLBACK,1682668800000,7
BTCUSDT,1682697600006,0.00004476,29137.3,MARK_PRICE_PREVIOUS_FALLBACK,1682697600000,6
BTCUSDT,1682726400004,3.7e-7,29302,MARK_PRICE_PREVIOUS_FALLBACK,1682726400000,4
BTCUSDT,1682755200016,0.00006751,29340.5,MARK_PRICE_PREVIOUS_FALLBACK,1682755200000,16
BTCUSDT,1682784000001,0.00007826,29265.3,MARK_PRICE_PREVIOUS_FALLBACK,1682784000000,1
BTCUSDT,1682812800008,0.00003132,29215.9,MARK_PRICE_PREVIOUS_FALLBACK,1682812800000,8
BTCUSDT,1682841600000,0.00003501,29252,MARK_PRICE_EXACT_OPEN,1682841600000,0
BTCUSDT,1682870400010,0.00006078,29704.4,MARK_PRICE_PREVIOUS_FALLBACK,1682870400000,10
BTCUSDT,1682899200004,0.00002435,29240.6,MARK_PRICE_PREVIOUS_FALLBACK,1682899200000,4
BTCUSDT,1682928000008,-0.0000637,28603.91792857,MARK_PRICE_PREVIOUS_FALLBACK,1682928000000,8
BTCUSDT,1682956800014,0.00000566,28161.8,MARK_PRICE_PREVIOUS_FALLBACK,1682956800000,14
BTCUSDT,1682985600015,0.00000968,28034.50607937,MARK_PRICE_PREVIOUS_FALLBACK,1682985600000,15
BTCUSDT,1683014400018,0.00006135,28046.73868254,MARK_PRICE_PREVIOUS_FALLBACK,1683014400000,18
BTCUSDT,1683043200000,0.00001204,28525.1232381,MARK_PRICE_EXACT_OPEN,1683043200000,0
BTCUSDT,1683072000009,0.00008568,28657.1,MARK_PRICE_PREVIOUS_FALLBACK,1683072000000,9
BTCUSDT,1683100800003,0.00005435,28637.5,MARK_PRICE_PREVIOUS_FALLBACK,1683100800000,3
BTCUSDT,1683129600011,0.00005701,28291.9,MARK_PRICE_PREVIOUS_FALLBACK,1683129600000,11
BTCUSDT,1683158400000,0.0001,29017.6,MARK_PRICE_EXACT_OPEN,1683158400000,0
BTCUSDT,1683187200000,0.00009992,29049.25367063,MARK_PRICE_EXACT_OPEN,1683187200000,0
BTCUSDT,1683216000011,0.00004314,28838.0339127,MARK_PRICE_PREVIOUS_FALLBACK,1683216000000,11
BTCUSDT,1683244800002,0.00003731,28831.5,MARK_PRICE_PREVIOUS_FALLBACK,1683244800000,2
BTCUSDT,1683273600000,0.00009909,29058.9,MARK_PRICE_EXACT_OPEN,1683273600000,0
BTCUSDT,1683302400000,0.00008548,29347.4,MARK_PRICE_EXACT_OPEN,1683302400000,0
BTCUSDT,1683331200009,0.0001,29471.4,MARK_PRICE_PREVIOUS_FALLBACK,1683331200000,9
BTCUSDT,1683360000000,0.0001,29350.41971875,MARK_PRICE_EXACT_OPEN,1683360000000,0
BTCUSDT,1683388800000,0.0001,28560.9416746,MARK_PRICE_EXACT_OPEN,1683388800000,0
BTCUSDT,1683417600000,0.00004321,28837.9,MARK_PRICE_EXACT_OPEN,1683417600000,0
BTCUSDT,1683446400000,0.00004047,28895.27636804,MARK_PRICE_EXACT_OPEN,1683446400000,0
BTCUSDT,1683475200006,0.00006046,28940.8,MARK_PRICE_PREVIOUS_FALLBACK,1683475200000,6
BTCUSDT,1683504000000,0.0000072,28417.1,MARK_PRICE_EXACT_OPEN,1683504000000,0
BTCUSDT,1683532800007,0.00000407,27949.1,MARK_PRICE_PREVIOUS_FALLBACK,1683532800000,7
BTCUSDT,1683561600015,0.00003902,27881,MARK_PRICE_PREVIOUS_FALLBACK,1683561600000,15
BTCUSDT,1683590400015,0.0000511,27648.2,MARK_PRICE_PREVIOUS_FALLBACK,1683590400000,15
BTCUSDT,1683619200000,0.00006841,27655.6294311,MARK_PRICE_EXACT_OPEN,1683619200000,0
BTCUSDT,1683648000000,0.00000378,27386.47102381,MARK_PRICE_EXACT_OPEN,1683648000000,0
BTCUSDT,1683676800007,0.00003752,27610.6,MARK_PRICE_PREVIOUS_FALLBACK,1683676800000,7
BTCUSDT,1683705600003,0.00004785,27542.9,MARK_PRICE_PREVIOUS_FALLBACK,1683705600000,3
BTCUSDT,1683734400000,0.00003792,28141.1,MARK_PRICE_EXACT_OPEN,1683734400000,0
BTCUSDT,1683763200011,0.00001596,27581.86745604,MARK_PRICE_PREVIOUS_FALLBACK,1683763200000,11
BTCUSDT,1683792000000,0.00006926,27438.55824542,MARK_PRICE_EXACT_OPEN,1683792000000,0
BTCUSDT,1683820800005,0.00005207,27155.54976374,MARK_PRICE_PREVIOUS_FALLBACK,1683820800000,5
BTCUSDT,1683849600020,0.00003633,26981.5,MARK_PRICE_PREVIOUS_FALLBACK,1683849600000,20
BTCUSDT,1683878400001,0.00003964,26301.5,MARK_PRICE_PREVIOUS_FALLBACK,1683878400000,1
BTCUSDT,1683907200010,0.00002762,26306.6,MARK_PRICE_PREVIOUS_FALLBACK,1683907200000,10
BTCUSDT,1683936000000,-1e-7,26785.1,MARK_PRICE_EXACT_OPEN,1683936000000,0
BTCUSDT,1683964800000,0.00005385,26759.3,MARK_PRICE_EXACT_OPEN,1683964800000,0
BTCUSDT,1683993600026,0.00004494,26791.56893956,MARK_PRICE_PREVIOUS_FALLBACK,1683993600000,26
BTCUSDT,1684022400029,0.00001715,26763.6,MARK_PRICE_PREVIOUS_FALLBACK,1684022400000,29
BTCUSDT,1684051200010,0.00003039,26841.67587363,MARK_PRICE_PREVIOUS_FALLBACK,1684051200000,10
BTCUSDT,1684080000008,0.00003537,27073.64332784,MARK_PRICE_PREVIOUS_FALLBACK,1684080000000,8
BTCUSDT,1684108800006,0.00004407,26906,MARK_PRICE_PREVIOUS_FALLBACK,1684108800000,6
BTCUSDT,1684137600005,-0.00001576,27418.13088645,MARK_PRICE_PREVIOUS_FALLBACK,1684137600000,5
BTCUSDT,1684166400008,-0.0000019,27385.83392674,MARK_PRICE_PREVIOUS_FALLBACK,1684166400000,8
BTCUSDT,1684195200021,0.0000866,27164.4,MARK_PRICE_PREVIOUS_FALLBACK,1684195200000,21
BTCUSDT,1684224000000,0.00003165,27240.5,MARK_PRICE_EXACT_OPEN,1684224000000,0
BTCUSDT,1684252800000,0.000058,27027.8,MARK_PRICE_EXACT_OPEN,1684252800000,0
BTCUSDT,1684281600010,0.00008392,27026.44311466,MARK_PRICE_PREVIOUS_FALLBACK,1684281600000,10
BTCUSDT,1684310400000,0.00007029,26834.95374051,MARK_PRICE_EXACT_OPEN,1684310400000,0
BTCUSDT,1684339200001,0.00004461,26794.64099267,MARK_PRICE_PREVIOUS_FALLBACK,1684339200000,1
BTCUSDT,1684368000000,0.0001,27395.7,MARK_PRICE_EXACT_OPEN,1684368000000,0
BTCUSDT,1684396800026,0.0001,27415.2,MARK_PRICE_PREVIOUS_FALLBACK,1684396800000,26
BTCUSDT,1684425600019,0.00008342,27076.9,MARK_PRICE_PREVIOUS_FALLBACK,1684425600000,19
BTCUSDT,1684454400000,0.00002716,26810.38775092,MARK_PRICE_EXACT_OPEN,1684454400000,0
BTCUSDT,1684483200002,0.00004474,26840.00027106,MARK_PRICE_PREVIOUS_FALLBACK,1684483200000,2
BTCUSDT,1684512000000,0.00003815,26872.71800794,MARK_PRICE_EXACT_OPEN,1684512000000,0
BTCUSDT,1684540800005,0.00005313,26861.7,MARK_PRICE_PREVIOUS_FALLBACK,1684540800000,5
BTCUSDT,1684569600014,0.00002455,26846.8,MARK_PRICE_PREVIOUS_FALLBACK,1684569600000,14
BTCUSDT,1684598400020,-0.00000849,26929.66168651,MARK_PRICE_PREVIOUS_FALLBACK,1684598400000,20
BTCUSDT,1684627200014,0.00004776,27093.96903571,MARK_PRICE_PREVIOUS_FALLBACK,1684627200000,14
BTCUSDT,1684656000001,0.00007262,27040.81787302,MARK_PRICE_PREVIOUS_FALLBACK,1684656000000,1
BTCUSDT,1684684800015,0.00005071,26887.87997619,MARK_PRICE_PREVIOUS_FALLBACK,1684684800000,15
BTCUSDT,1684713600028,0.00003019,26730.51421032,MARK_PRICE_PREVIOUS_FALLBACK,1684713600000,28
BTCUSDT,1684742400000,0.0000021,26830.7,MARK_PRICE_EXACT_OPEN,1684742400000,0
BTCUSDT,1684771200012,0.0000477,26868.4,MARK_PRICE_PREVIOUS_FALLBACK,1684771200000,12
BTCUSDT,1684800000006,0.0001,26840.4,MARK_PRICE_PREVIOUS_FALLBACK,1684800000000,6
BTCUSDT,1684828800014,0.0001,27296.04805556,MARK_PRICE_PREVIOUS_FALLBACK,1684828800000,14
BTCUSDT,1684857600008,0.0001,27317.45005246,MARK_PRICE_PREVIOUS_FALLBACK,1684857600000,8
BTCUSDT,1684886400000,0.0001,27209.9,MARK_PRICE_EXACT_OPEN,1684886400000,0
BTCUSDT,1684915200025,0.00002067,26664.8,MARK_PRICE_PREVIOUS_FALLBACK,1684915200000,25
BTCUSDT,1684944000008,0.00004362,26301.7,MARK_PRICE_PREVIOUS_FALLBACK,1684944000000,8
BTCUSDT,1684972800000,0.0000582,26316.48296098,MARK_PRICE_EXACT_OPEN,1684972800000,0
BTCUSDT,1685001600025,0.0001,26140.1,MARK_PRICE_PREVIOUS_FALLBACK,1685001600000,25
BTCUSDT,1685030400016,0.0001,26200.74637407,MARK_PRICE_PREVIOUS_FALLBACK,1685030400000,16
BTCUSDT,1685059200000,0.0001,26463.36075556,MARK_PRICE_EXACT_OPEN,1685059200000,0
BTCUSDT,1685088000024,0.00009583,26497.8,MARK_PRICE_PREVIOUS_FALLBACK,1685088000000,24
BTCUSDT,1685116800012,0.00004953,26739.9,MARK_PRICE_PREVIOUS_FALLBACK,1685116800000,12
BTCUSDT,1685145600012,0.00007146,26704.9,MARK_PRICE_PREVIOUS_FALLBACK,1685145600000,12
BTCUSDT,1685174400018,0.00008564,26715.2,MARK_PRICE_PREVIOUS_FALLBACK,1685174400000,18
BTCUSDT,1685203200008,0.00007362,26680.26311508,MARK_PRICE_PREVIOUS_FALLBACK,1685203200000,8
BTCUSDT,1685232000017,0.0000988,26854.8,MARK_PRICE_PREVIOUS_FALLBACK,1685232000000,17
BTCUSDT,1685260800015,0.0001,27214.19181746,MARK_PRICE_PREVIOUS_FALLBACK,1685260800000,15
BTCUSDT,1685289600000,0.0001,27264.1,MARK_PRICE_EXACT_OPEN,1685289600000,0
BTCUSDT,1685318400000,0.0001,28055.7,MARK_PRICE_EXACT_OPEN,1685318400000,0
BTCUSDT,1685347200020,0.0001,27902.9,MARK_PRICE_PREVIOUS_FALLBACK,1685347200000,20
BTCUSDT,1685376000011,0.0001,27606,MARK_PRICE_PREVIOUS_FALLBACK,1685376000000,11
BTCUSDT,1685404800003,0.00006187,27728.1,MARK_PRICE_PREVIOUS_FALLBACK,1685404800000,3
BTCUSDT,1685433600000,0.00009036,27724.8539963,MARK_PRICE_EXACT_OPEN,1685433600000,0
BTCUSDT,1685462400003,0.00003861,27655.75061481,MARK_PRICE_PREVIOUS_FALLBACK,1685462400000,3
BTCUSDT,1685491200013,0.00002344,27675.62814444,MARK_PRICE_PREVIOUS_FALLBACK,1685491200000,13
BTCUSDT,1685520000000,0.00002864,27152.84455185,MARK_PRICE_EXACT_OPEN,1685520000000,0
BTCUSDT,1685548800000,0.00009865,26900.69378531,MARK_PRICE_EXACT_OPEN,1685548800000,0
BTCUSDT,1685577600008,0.00002096,27202.8,MARK_PRICE_PREVIOUS_FALLBACK,1685577600000,8
BTCUSDT,1685606400012,0.00009641,26793.95452778,MARK_PRICE_PREVIOUS_FALLBACK,1685606400000,12
BTCUSDT,1685635200000,0.0001,26884.2,MARK_PRICE_EXACT_OPEN,1685635200000,0
BTCUSDT,1685664000000,0.0000477,26805.2,MARK_PRICE_EXACT_OPEN,1685664000000,0
BTCUSDT,1685692800006,0.00009266,27050.6,MARK_PRICE_PREVIOUS_FALLBACK,1685692800000,6
BTCUSDT,1685721600012,0.00009946,27089.76645926,MARK_PRICE_PREVIOUS_FALLBACK,1685721600000,12
BTCUSDT,1685750400000,0.0000742,27232.44177037,MARK_PRICE_EXACT_OPEN,1685750400000,0
BTCUSDT,1685779200011,0.0001,27161.47048889,MARK_PRICE_PREVIOUS_FALLBACK,1685779200000,11
BTCUSDT,1685808000003,0.00005566,27299.3,MARK_PRICE_PREVIOUS_FALLBACK,1685808000000,3
BTCUSDT,1685836800000,0.0000485,27056.69430741,MARK_PRICE_EXACT_OPEN,1685836800000,0
BTCUSDT,1685865600000,0.0001,27142.16426296,MARK_PRICE_EXACT_OPEN,1685865600000,0
BTCUSDT,1685894400000,0.0001,27171.1176963,MARK_PRICE_EXACT_OPEN,1685894400000,0
BTCUSDT,1685923200005,0.0001,27093,MARK_PRICE_PREVIOUS_FALLBACK,1685923200000,5
BTCUSDT,1685952000000,0.00009538,26819.2,MARK_PRICE_EXACT_OPEN,1685952000000,0
BTCUSDT,1685980800000,0.00007856,26031.8,MARK_PRICE_EXACT_OPEN,1685980800000,0
BTCUSDT,1686009600000,-0.00007157,25717.20222222,MARK_PRICE_EXACT_OPEN,1686009600000,0
BTCUSDT,1686038400009,-0.00003047,25715.1,MARK_PRICE_PREVIOUS_FALLBACK,1686038400000,9
BTCUSDT,1686067200013,0.00004288,26071.1,MARK_PRICE_PREVIOUS_FALLBACK,1686067200000,13
BTCUSDT,1686096000000,0.0001,27220,MARK_PRICE_EXACT_OPEN,1686096000000,0
BTCUSDT,1686124800016,0.0001,26788.9,MARK_PRICE_PREVIOUS_FALLBACK,1686124800000,16
BTCUSDT,1686153600000,0.00004005,26333.9,MARK_PRICE_EXACT_OPEN,1686153600000,0
BTCUSDT,1686182400006,0.00005504,26327.7,MARK_PRICE_PREVIOUS_FALLBACK,1686182400000,6
BTCUSDT,1686211200000,0.0000309,26432.29439171,MARK_PRICE_EXACT_OPEN,1686211200000,0
BTCUSDT,1686240000000,0.00004011,26707.69583333,MARK_PRICE_EXACT_OPEN,1686240000000,0
BTCUSDT,1686268800000,0.00006588,26487.27519231,MARK_PRICE_EXACT_OPEN,1686268800000,0
BTCUSDT,1686297600000,0.00007916,26482.6,MARK_PRICE_EXACT_OPEN,1686297600000,0
BTCUSDT,1686326400000,0.00004404,26466.50910073,MARK_PRICE_EXACT_OPEN,1686326400000,0
BTCUSDT,1686355200000,0.00008702,26468.1,MARK_PRICE_EXACT_OPEN,1686355200000,0
BTCUSDT,1686384000000,0.00002417,25638.91482157,MARK_PRICE_EXACT_OPEN,1686384000000,0
BTCUSDT,1686412800000,0.00003854,25620,MARK_PRICE_EXACT_OPEN,1686412800000,0
BTCUSDT,1686441600001,0.0000445,25806.58480392,MARK_PRICE_PREVIOUS_FALLBACK,1686441600000,1
BTCUSDT,1686470400000,0.00003197,25729.16368235,MARK_PRICE_EXACT_OPEN,1686470400000,0
BTCUSDT,1686499200000,0.00005925,25741.1,MARK_PRICE_EXACT_OPEN,1686499200000,0
BTCUSDT,1686528000000,0.0000866,25911.94827255,MARK_PRICE_EXACT_OPEN,1686528000000,0
BTCUSDT,1686556800000,0.00003065,25793.3,MARK_PRICE_EXACT_OPEN,1686556800000,0
BTCUSDT,1686585600001,0.00003624,25818,MARK_PRICE_PREVIOUS_FALLBACK,1686585600000,1
BTCUSDT,1686614400000,0.0001,25896.54304579,MARK_PRICE_EXACT_OPEN,1686614400000,0
BTCUSDT,1686643200000,0.0000618,26062.88104259,MARK_PRICE_EXACT_OPEN,1686643200000,0
BTCUSDT,1686672000000,0.00006503,25751,MARK_PRICE_EXACT_OPEN,1686672000000,0
BTCUSDT,1686700800000,0.00002438,25920.22234432,MARK_PRICE_EXACT_OPEN,1686700800000,0
BTCUSDT,1686729600000,0.00002716,25886.21012454,MARK_PRICE_EXACT_OPEN,1686729600000,0
BTCUSDT,1686758400000,0.00003661,25976.47768498,MARK_PRICE_EXACT_OPEN,1686758400000,0
BTCUSDT,1686787200000,-0.00003265,25117.05196703,MARK_PRICE_EXACT_OPEN,1686787200000,0
BTCUSDT,1686816000000,0.00006193,24974.6,MARK_PRICE_EXACT_OPEN,1686816000000,0
BTCUSDT,1686844800000,0.00006687,24948.4,MARK_PRICE_EXACT_OPEN,1686844800000,0
BTCUSDT,1686873600000,0.00003971,25588.4875348,MARK_PRICE_EXACT_OPEN,1686873600000,0
BTCUSDT,1686902400000,0.00000781,25526,MARK_PRICE_EXACT_OPEN,1686902400000,0
BTCUSDT,1686931200000,0.00000236,25832.5,MARK_PRICE_EXACT_OPEN,1686931200000,0
BTCUSDT,1686960000000,0.00009868,26336,MARK_PRICE_EXACT_OPEN,1686960000000,0
BTCUSDT,1686988800000,0.0001,26587.7,MARK_PRICE_EXACT_OPEN,1686988800000,0
BTCUSDT,1687017600000,0.00007543,26399.9,MARK_PRICE_EXACT_OPEN,1687017600000,0
BTCUSDT,1687046400000,0.00003706,26508.8,MARK_PRICE_EXACT_OPEN,1687046400000,0
BTCUSDT,1687075200000,0.00008233,26572.34247436,MARK_PRICE_EXACT_OPEN,1687075200000,0
BTCUSDT,1687104000000,0.00006705,26548.81767766,MARK_PRICE_EXACT_OPEN,1687104000000,0
BTCUSDT,1687132800000,0.0000704,26329.87789346,MARK_PRICE_EXACT_OPEN,1687132800000,0
BTCUSDT,1687161600000,0.00006397,26415.2,MARK_PRICE_EXACT_OPEN,1687161600000,0
BTCUSDT,1687190400000,0.0000369,26431.2,MARK_PRICE_EXACT_OPEN,1687190400000,0
BTCUSDT,1687219200001,0.0000435,26818.01518315,MARK_PRICE_PREVIOUS_FALLBACK,1687219200000,1
BTCUSDT,1687248000000,-0.00000448,26820.4,MARK_PRICE_EXACT_OPEN,1687248000000,0
BTCUSDT,1687276800000,-0.00002597,27057.23991575,MARK_PRICE_EXACT_OPEN,1687276800000,0
BTCUSDT,1687305600000,0.00006295,28290.6,MARK_PRICE_EXACT_OPEN,1687305600000,0
BTCUSDT,1687334400000,0.0001,28860.3580406,MARK_PRICE_EXACT_OPEN,1687334400000,0
BTCUSDT,1687363200000,0.00002551,29839.97633883,MARK_PRICE_EXACT_OPEN,1687363200000,0
BTCUSDT,1687392000000,0.0001,29988.4,MARK_PRICE_EXACT_OPEN,1687392000000,0
BTCUSDT,1687420800001,0.0001,30099.4,MARK_PRICE_PREVIOUS_FALLBACK,1687420800000,1
BTCUSDT,1687449600000,0.00009236,29837.3,MARK_PRICE_EXACT_OPEN,1687449600000,0
BTCUSDT,1687478400000,0.0001,29881.61953663,MARK_PRICE_EXACT_OPEN,1687478400000,0
BTCUSDT,1687507200000,0.0001,29927,MARK_PRICE_EXACT_OPEN,1687507200000,0
BTCUSDT,1687536000000,0.0001,31240.80145055,MARK_PRICE_EXACT_OPEN,1687536000000,0
BTCUSDT,1687564800000,0.0001,30680.8,MARK_PRICE_EXACT_OPEN,1687564800000,0
BTCUSDT,1687593600000,0.0001,30563.3,MARK_PRICE_EXACT_OPEN,1687593600000,0
BTCUSDT,1687622400000,0.0001,30394.48137729,MARK_PRICE_EXACT_OPEN,1687622400000,0
BTCUSDT,1687651200000,0.0001,30524.12833333,MARK_PRICE_EXACT_OPEN,1687651200000,0
BTCUSDT,1687680000000,0.0001,30714,MARK_PRICE_EXACT_OPEN,1687680000000,0
BTCUSDT,1687708800000,0.0001,30575.89769231,MARK_PRICE_EXACT_OPEN,1687708800000,0
BTCUSDT,1687737600000,0.0001,30458,MARK_PRICE_EXACT_OPEN,1687737600000,0
BTCUSDT,1687766400000,0.0001,30395.6,MARK_PRICE_EXACT_OPEN,1687766400000,0
BTCUSDT,1687795200000,0.0001,30408.74403663,MARK_PRICE_EXACT_OPEN,1687795200000,0
BTCUSDT,1687824000000,0.0001,30260.2,MARK_PRICE_EXACT_OPEN,1687824000000,0
BTCUSDT,1687852800000,0.0001,30404.5,MARK_PRICE_EXACT_OPEN,1687852800000,0
BTCUSDT,1687881600000,0.0001,30487.4,MARK_PRICE_EXACT_OPEN,1687881600000,0
BTCUSDT,1687910400000,0.0001,30683.2,MARK_PRICE_EXACT_OPEN,1687910400000,0
BTCUSDT,1687939200000,0.00009302,30176,MARK_PRICE_EXACT_OPEN,1687939200000,0
BTCUSDT,1687968000000,0.00004598,30399.8,MARK_PRICE_EXACT_OPEN,1687968000000,0
BTCUSDT,1687996800000,0.00006574,30066.4,MARK_PRICE_EXACT_OPEN,1687996800000,0
BTCUSDT,1688025600000,0.000093,30334,MARK_PRICE_EXACT_OPEN,1688025600000,0
BTCUSDT,1688054400000,0.0001,30468,MARK_PRICE_EXACT_OPEN,1688054400000,0
BTCUSDT,1688083200000,0.0001,30439.9,MARK_PRICE_EXACT_OPEN,1688083200000,0
BTCUSDT,1688112000000,0.0001,30759.81035897,MARK_PRICE_EXACT_OPEN,1688112000000,0
BTCUSDT,1688140800001,0.0001,30015.48822745,MARK_PRICE_PREVIOUS_FALLBACK,1688140800000,1
BTCUSDT,1688169600000,0.0001,30461.93874706,MARK_PRICE_EXACT_OPEN,1688169600000,0
BTCUSDT,1688198400000,0.0001,30450.4,MARK_PRICE_EXACT_OPEN,1688198400000,0
BTCUSDT,1688227200000,0.0001,30566.31893725,MARK_PRICE_EXACT_OPEN,1688227200000,0
BTCUSDT,1688256000000,0.0001,30574.73363771,MARK_PRICE_EXACT_OPEN,1688256000000,0
BTCUSDT,1688284800000,0.0001,30504.7,MARK_PRICE_EXACT_OPEN,1688284800000,0
BTCUSDT,1688313600001,0.0001,30492.1,MARK_PRICE_PREVIOUS_FALLBACK,1688313600000,1
BTCUSDT,1688342400000,0.0001,30612.7,MARK_PRICE_EXACT_OPEN,1688342400000,0
BTCUSDT,1688371200000,0.0001,30662.9,MARK_PRICE_EXACT_OPEN,1688371200000,0
BTCUSDT,1688400000000,0.0001,31059.51435294,MARK_PRICE_EXACT_OPEN,1688400000000,0
BTCUSDT,1688428800001,0.0001,31148.48994937,MARK_PRICE_PREVIOUS_FALLBACK,1688428800000,1
BTCUSDT,1688457600000,0.0001,30904.45656078,MARK_PRICE_EXACT_OPEN,1688457600000,0
BTCUSDT,1688486400000,0.0001,30959.4,MARK_PRICE_EXACT_OPEN,1688486400000,0
BTCUSDT,1688515200000,0.0001,30756.3505,MARK_PRICE_EXACT_OPEN,1688515200000,0
BTCUSDT,1688544000000,0.0001,30765.9,MARK_PRICE_EXACT_OPEN,1688544000000,0
BTCUSDT,1688572800000,0.0001,30345,MARK_PRICE_EXACT_OPEN,1688572800000,0
BTCUSDT,1688601600000,0.0001,30492.32194689,MARK_PRICE_EXACT_OPEN,1688601600000,0
BTCUSDT,1688630400000,0.0000772,30794.50837179,MARK_PRICE_EXACT_OPEN,1688630400000,0
BTCUSDT,1688659200000,0.00001492,30391.5495348,MARK_PRICE_EXACT_OPEN,1688659200000,0
BTCUSDT,1688688000000,0.00000698,29876.64603114,MARK_PRICE_EXACT_OPEN,1688688000000,0
BTCUSDT,1688716800000,0.00004221,29995.06967451,MARK_PRICE_EXACT_OPEN,1688716800000,0
BTCUSDT,1688745600000,-0.00000658,30376.29668864,MARK_PRICE_EXACT_OPEN,1688745600000,0
BTCUSDT,1688774400000,0.00003757,30330.92258608,MARK_PRICE_EXACT_OPEN,1688774400000,0
BTCUSDT,1688803200000,0.00002631,30177.22046703,MARK_PRICE_EXACT_OPEN,1688803200000,0
BTCUSDT,1688832000000,0.00001686,30196.7,MARK_PRICE_EXACT_OPEN,1688832000000,0
BTCUSDT,1688860800000,0.00005707,30271.46816484,MARK_PRICE_EXACT_OPEN,1688860800000,0
BTCUSDT,1688889600000,0.00006821,30251.09062487,MARK_PRICE_EXACT_OPEN,1688889600000,0
BTCUSDT,1688918400000,0.00006153,30336.8,MARK_PRICE_EXACT_OPEN,1688918400000,0
BTCUSDT,1688947200000,-0.00002182,30147.8,MARK_PRICE_EXACT_OPEN,1688947200000,0
BTCUSDT,1688976000000,0.0000485,30100,MARK_PRICE_EXACT_OPEN,1688976000000,0
BTCUSDT,1689004800000,0.00002995,30302.59372894,MARK_PRICE_EXACT_OPEN,1689004800000,0
BTCUSDT,1689033600000,0.0000801,30396.9,MARK_PRICE_EXACT_OPEN,1689033600000,0
BTCUSDT,1689062400000,0.00008265,30528.5,MARK_PRICE_EXACT_OPEN,1689062400000,0
BTCUSDT,1689091200000,0.00003954,30585.5,MARK_PRICE_EXACT_OPEN,1689091200000,0
BTCUSDT,1689120000000,0.00007041,30608.4,MARK_PRICE_EXACT_OPEN,1689120000000,0
BTCUSDT,1689148800000,0.00006479,30730,MARK_PRICE_EXACT_OPEN,1689148800000,0
BTCUSDT,1689177600000,0.0000465,30513.39325882,MARK_PRICE_EXACT_OPEN,1689177600000,0
BTCUSDT,1689206400000,-0.00001135,30368.9,MARK_PRICE_EXACT_OPEN,1689206400000,0
BTCUSDT,1689235200000,0.0000612,30355.1,MARK_PRICE_EXACT_OPEN,1689235200000,0
BTCUSDT,1689264000000,0.00000529,30910.27364706,MARK_PRICE_EXACT_OPEN,1689264000000,0
BTCUSDT,1689292800000,0.0001,31441.6,MARK_PRICE_EXACT_OPEN,1689292800000,0
BTCUSDT,1689321600000,0.0001,31096.41349786,MARK_PRICE_EXACT_OPEN,1689321600000,0
BTCUSDT,1689350400000,0.0001,31236.5,MARK_PRICE_EXACT_OPEN,1689350400000,0
BTCUSDT,1689379200000,-0.00007313,30294.38959158,MARK_PRICE_EXACT_OPEN,1689379200000,0
BTCUSDT,1689408000000,0.00003007,30319.07603663,MARK_PRICE_EXACT_OPEN,1689408000000,0
BTCUSDT,1689436800000,0.00002984,30290.5,MARK_PRICE_EXACT_OPEN,1689436800000,0
BTCUSDT,1689465600001,0.00001993,30275.7394878,MARK_PRICE_PREVIOUS_FALLBACK,1689465600000,1
BTCUSDT,1689494400000,0.00007772,30252.9,MARK_PRICE_EXACT_OPEN,1689494400000,0
BTCUSDT,1689523200000,0.00004583,30367.35185714,MARK_PRICE_EXACT_OPEN,1689523200000,0
BTCUSDT,1689552000000,0.00002785,30216.9,MARK_PRICE_EXACT_OPEN,1689552000000,0
BTCUSDT,1689580800000,0.00006278,30265.2,MARK_PRICE_EXACT_OPEN,1689580800000,0
BTCUSDT,1689609600000,0.00006261,30163.4,MARK_PRICE_EXACT_OPEN,1689609600000,0
BTCUSDT,1689638400000,0.00003983,30126.1,MARK_PRICE_EXACT_OPEN,1689638400000,0
BTCUSDT,1689667200000,0.00006798,29952.61718498,MARK_PRICE_EXACT_OPEN,1689667200000,0
BTCUSDT,1689696000000,0.00007477,29901.23603846,MARK_PRICE_EXACT_OPEN,1689696000000,0
BTCUSDT,1689724800000,0.0001,29848.6702033,MARK_PRICE_EXACT_OPEN,1689724800000,0
BTCUSDT,1689753600000,0.00005224,29988.98772161,MARK_PRICE_EXACT_OPEN,1689753600000,0
BTCUSDT,1689782400001,0.0000769,29948.4,MARK_PRICE_PREVIOUS_FALLBACK,1689782400000,1
BTCUSDT,1689811200000,0.00002652,29895.5,MARK_PRICE_EXACT_OPEN,1689811200000,0
BTCUSDT,1689840000000,0.00009641,30195.6,MARK_PRICE_EXACT_OPEN,1689840000000,0
BTCUSDT,1689868800000,0.00005563,29794.44192491,MARK_PRICE_EXACT_OPEN,1689868800000,0
BTCUSDT,1689897600001,0.00002877,29790.4,MARK_PRICE_PREVIOUS_FALLBACK,1689897600000,1
BTCUSDT,1689926400000,0.00000777,29757.8,MARK_PRICE_EXACT_OPEN,1689926400000,0
BTCUSDT,1689955200000,0.00003717,29852.49687912,MARK_PRICE_EXACT_OPEN,1689955200000,0
BTCUSDT,1689984000000,0.00002195,29891.5,MARK_PRICE_EXACT_OPEN,1689984000000,0
BTCUSDT,1690012800000,0.00000944,29934.82910623,MARK_PRICE_EXACT_OPEN,1690012800000,0
BTCUSDT,1690041600000,0.00000177,29884.10033516,MARK_PRICE_EXACT_OPEN,1690041600000,0
BTCUSDT,1690070400000,0.00002908,29785.6,MARK_PRICE_EXACT_OPEN,1690070400000,0
BTCUSDT,1690099200000,0.0001,29902.78705495,MARK_PRICE_EXACT_OPEN,1690099200000,0
BTCUSDT,1690128000000,0.00009372,29886,MARK_PRICE_EXACT_OPEN,1690128000000,0
BTCUSDT,1690156800000,0.0001,30072.77710256,MARK_PRICE_EXACT_OPEN,1690156800000,0
BTCUSDT,1690185600000,0.00004338,29816.3,MARK_PRICE_EXACT_OPEN,1690185600000,0
BTCUSDT,1690214400000,0.0001,29085.72214286,MARK_PRICE_EXACT_OPEN,1690214400000,0
BTCUSDT,1690243200000,0.00007702,29163.8,MARK_PRICE_EXACT_OPEN,1690243200000,0
BTCUSDT,1690272000000,0.00006913,29132.2,MARK_PRICE_EXACT_OPEN,1690272000000,0
BTCUSDT,1690300800000,0.00009465,29167.1,MARK_PRICE_EXACT_OPEN,1690300800000,0
BTCUSDT,1690329600000,0.00009451,29216.2,MARK_PRICE_EXACT_OPEN,1690329600000,0
BTCUSDT,1690358400001,0.0001,29209.89855311,MARK_PRICE_PREVIOUS_FALLBACK,1690358400000,1
BTCUSDT,1690387200000,0.00005768,29308.64173077,MARK_PRICE_EXACT_OPEN,1690387200000,0
BTCUSDT,1690416000000,0.00003136,29336.81704212,MARK_PRICE_EXACT_OPEN,1690416000000,0
BTCUSDT,1690444800000,0.0000383,29397.39967059,MARK_PRICE_EXACT_OPEN,1690444800000,0
BTCUSDT,1690473600001,0.00002876,29287.8,MARK_PRICE_PREVIOUS_FALLBACK,1690473600000,1
BTCUSDT,1690502400000,0.00004373,29212.11250916,MARK_PRICE_EXACT_OPEN,1690502400000,0
BTCUSDT,1690531200000,0.00006675,29130.27908039,MARK_PRICE_EXACT_OPEN,1690531200000,0
BTCUSDT,1690560000000,0.0001,29379,MARK_PRICE_EXACT_OPEN,1690560000000,0
BTCUSDT,1690588800000,0.0001,29300,MARK_PRICE_EXACT_OPEN,1690588800000,0
BTCUSDT,1690617600000,0.00004567,29283,MARK_PRICE_EXACT_OPEN,1690617600000,0
BTCUSDT,1690646400001,0.0000753,29284.80572471,MARK_PRICE_PREVIOUS_FALLBACK,1690646400000,1
BTCUSDT,1690675200000,0.00008151,29340.39098901,MARK_PRICE_EXACT_OPEN,1690675200000,0
BTCUSDT,1690704000000,0.0000556,29283.0227674,MARK_PRICE_EXACT_OPEN,1690704000000,0
BTCUSDT,1690732800000,0.00004357,29337.71094872,MARK_PRICE_EXACT_OPEN,1690732800000,0
BTCUSDT,1690761600000,0.00002369,29271.2,MARK_PRICE_EXACT_OPEN,1690761600000,0
BTCUSDT,1690790400000,0.00007362,29363.8,MARK_PRICE_EXACT_OPEN,1690790400000,0
BTCUSDT,1690819200001,0.00008239,29228.04398535,MARK_PRICE_PREVIOUS_FALLBACK,1690819200000,1
BTCUSDT,1690848000000,0.000063,29220.8,MARK_PRICE_EXACT_OPEN,1690848000000,0
BTCUSDT,1690876800000,0.00006768,28924.01868877,MARK_PRICE_EXACT_OPEN,1690876800000,0
BTCUSDT,1690905600000,0.0001,28943.4,MARK_PRICE_EXACT_OPEN,1690905600000,0
BTCUSDT,1690934400000,0.0001,29703.02089011,MARK_PRICE_EXACT_OPEN,1690934400000,0
BTCUSDT,1690963200000,0.0001,29570.1,MARK_PRICE_EXACT_OPEN,1690963200000,0
BTCUSDT,1690992000000,0.0001,29312.6,MARK_PRICE_EXACT_OPEN,1690992000000,0
BTCUSDT,1691020800000,0.0001,29173.64597802,MARK_PRICE_EXACT_OPEN,1691020800000,0
BTCUSDT,1691049600000,0.0001,29035.71583883,MARK_PRICE_EXACT_OPEN,1691049600000,0
BTCUSDT,1691078400001,0.0001,29240.2,MARK_PRICE_PREVIOUS_FALLBACK,1691078400000,1
BTCUSDT,1691107200000,0.00008116,29180.1,MARK_PRICE_EXACT_OPEN,1691107200000,0
BTCUSDT,1691136000000,0.0001,29203.56127957,MARK_PRICE_EXACT_OPEN,1691136000000,0
BTCUSDT,1691164800000,0.0001,29258.8,MARK_PRICE_EXACT_OPEN,1691164800000,0
BTCUSDT,1691193600000,0.00004181,29101.50232573,MARK_PRICE_EXACT_OPEN,1691193600000,0
BTCUSDT,1691222400000,0.0001,29040.32831129,MARK_PRICE_EXACT_OPEN,1691222400000,0
BTCUSDT,1691251200001,0.0001,29032.4,MARK_PRICE_PREVIOUS_FALLBACK,1691251200000,1
BTCUSDT,1691280000000,0.0001,29059.07982647,MARK_PRICE_EXACT_OPEN,1691280000000,0
BTCUSDT,1691308800001,0.0001,29086.46125908,MARK_PRICE_PREVIOUS_FALLBACK,1691308800000,1
BTCUSDT,1691337600005,0.0001,29003.9,MARK_PRICE_PREVIOUS_FALLBACK,1691337600000,5
BTCUSDT,1691366400000,0.0001,29077.20389486,MARK_PRICE_EXACT_OPEN,1691366400000,0
BTCUSDT,1691395200000,0.00007669,29084.71007692,MARK_PRICE_EXACT_OPEN,1691395200000,0
BTCUSDT,1691424000000,0.0001,28853.9,MARK_PRICE_EXACT_OPEN,1691424000000,0
BTCUSDT,1691452800000,0.0001,29203.33348718,MARK_PRICE_EXACT_OPEN,1691452800000,0
BTCUSDT,1691481600000,0.00009136,29177.2379304,MARK_PRICE_EXACT_OPEN,1691481600000,0
BTCUSDT,1691510400000,0.00005944,29520.137663,MARK_PRICE_EXACT_OPEN,1691510400000,0
BTCUSDT,1691539200000,0.0000811,29760.75252015,MARK_PRICE_EXACT_OPEN,1691539200000,0
BTCUSDT,1691568000000,0.00009527,29808,MARK_PRICE_EXACT_OPEN,1691568000000,0
BTCUSDT,1691596800000,0.00008877,29749.93107875,MARK_PRICE_EXACT_OPEN,1691596800000,0
BTCUSDT,1691625600001,0.0001,29572.5994133,MARK_PRICE_PREVIOUS_FALLBACK,1691625600000,1
BTCUSDT,1691654400000,0.0001,29504,MARK_PRICE_EXACT_OPEN,1691654400000,0
BTCUSDT,1691683200000,0.00008277,29452.8,MARK_PRICE_EXACT_OPEN,1691683200000,0
BTCUSDT,1691712000000,0.0001,29443.7,MARK_PRICE_EXACT_OPEN,1691712000000,0
BTCUSDT,1691740800000,0.0001,29407.12406777,MARK_PRICE_EXACT_OPEN,1691740800000,0
BTCUSDT,1691769600000,0.00007123,29385.86290842,MARK_PRICE_EXACT_OPEN,1691769600000,0
BTCUSDT,1691798400000,0.0001,29415.68952954,MARK_PRICE_EXACT_OPEN,1691798400000,0
BTCUSDT,1691827200000,0.0001,29410.2,MARK_PRICE_EXACT_OPEN,1691827200000,0
BTCUSDT,1691856000000,0.00009305,29426.08241717,MARK_PRICE_EXACT_OPEN,1691856000000,0
BTCUSDT,1691884800000,0.0001,29420.8,MARK_PRICE_EXACT_OPEN,1691884800000,0
BTCUSDT,1691913600000,0.00004637,29385.5,MARK_PRICE_EXACT_OPEN,1691913600000,0
BTCUSDT,1691942400000,0.0001,29363.60228767,MARK_PRICE_EXACT_OPEN,1691942400000,0
BTCUSDT,1691971200001,0.0001,29287.47613806,MARK_PRICE_PREVIOUS_FALLBACK,1691971200000,1
BTCUSDT,1692000000000,0.0001,29410.5,MARK_PRICE_EXACT_OPEN,1692000000000,0
BTCUSDT,1692028800000,0.0001,29592.9,MARK_PRICE_EXACT_OPEN,1692028800000,0
BTCUSDT,1692057600001,0.0001,29412.90312623,MARK_PRICE_PREVIOUS_FALLBACK,1692057600000,1
BTCUSDT,1692086400000,0.0001,29396.8,MARK_PRICE_EXACT_OPEN,1692086400000,0
BTCUSDT,1692115200000,0.0001,29316.00693956,MARK_PRICE_EXACT_OPEN,1692115200000,0
BTCUSDT,1692144000000,0.0001,29188.8,MARK_PRICE_EXACT_OPEN,1692144000000,0
BTCUSDT,1692172800001,0.0001,29189.6,MARK_PRICE_PREVIOUS_FALLBACK,1692172800000,1
BTCUSDT,1692201600000,0.0001,29098.85854396,MARK_PRICE_EXACT_OPEN,1692201600000,0
BTCUSDT,1692230400000,0.0001,28716.37077839,MARK_PRICE_EXACT_OPEN,1692230400000,0
BTCUSDT,1692259200000,0.0001,28614.52511355,MARK_PRICE_EXACT_OPEN,1692259200000,0
BTCUSDT,1692288000000,0.0001,27920.8,MARK_PRICE_EXACT_OPEN,1692288000000,0
BTCUSDT,1692316800000,0.0001,26610.08380037,MARK_PRICE_EXACT_OPEN,1692316800000,0
BTCUSDT,1692345600000,-4.6e-7,26414.91099634,MARK_PRICE_EXACT_OPEN,1692345600000,0
BTCUSDT,1692374400000,0.00005166,25993.1,MARK_PRICE_EXACT_OPEN,1692374400000,0
BTCUSDT,1692403200000,-0.00000274,26042,MARK_PRICE_EXACT_OPEN,1692403200000,0
BTCUSDT,1692432000000,-0.00000322,25906.8,MARK_PRICE_EXACT_OPEN,1692432000000,0
BTCUSDT,1692460800000,-0.00005286,26201.35374359,MARK_PRICE_EXACT_OPEN,1692460800000,0
BTCUSDT,1692489600000,-0.00003069,26088.4,MARK_PRICE_EXACT_OPEN,1692489600000,0
BTCUSDT,1692518400000,-0.00004364,26074.1904652,MARK_PRICE_EXACT_OPEN,1692518400000,0
BTCUSDT,1692547200000,-0.00000193,26095,MARK_PRICE_EXACT_OPEN,1692547200000,0
BTCUSDT,1692576000000,-0.00002797,26177.8102381,MARK_PRICE_EXACT_OPEN,1692576000000,0
BTCUSDT,1692604800000,0.00000816,26012,MARK_PRICE_EXACT_OPEN,1692604800000,0
BTCUSDT,1692633600000,-0.00001619,25926.31254396,MARK_PRICE_EXACT_OPEN,1692633600000,0
BTCUSDT,1692662400000,-0.00000308,26115.4,MARK_PRICE_EXACT_OPEN,1692662400000,0
BTCUSDT,1692691200000,-0.00001928,26094.02626629,MARK_PRICE_EXACT_OPEN,1692691200000,0
BTCUSDT,1692720000000,0.00003048,25928.94016484,MARK_PRICE_EXACT_OPEN,1692720000000,0
BTCUSDT,1692748800000,0.00000739,26044.5,MARK_PRICE_EXACT_OPEN,1692748800000,0
BTCUSDT,1692777600000,-0.0000102,26045.3,MARK_PRICE_EXACT_OPEN,1692777600000,0
BTCUSDT,1692806400000,0.00003247,26134.3,MARK_PRICE_EXACT_OPEN,1692806400000,0
BTCUSDT,1692835200000,-0.00002822,26422.2424549,MARK_PRICE_EXACT_OPEN,1692835200000,0
BTCUSDT,1692864000000,0.00002506,26464.59056723,MARK_PRICE_EXACT_OPEN,1692864000000,0
BTCUSDT,1692892800000,0.000049,25986,MARK_PRICE_EXACT_OPEN,1692892800000,0
BTCUSDT,1692921600000,-0.00000659,26164.90932784,MARK_PRICE_EXACT_OPEN,1692921600000,0
BTCUSDT,1692950400000,0.00002802,25969.4,MARK_PRICE_EXACT_OPEN,1692950400000,0
BTCUSDT,1692979200000,0.00005218,25919.73688645,MARK_PRICE_EXACT_OPEN,1692979200000,0
BTCUSDT,1693008000000,0.0000382,26051.8,MARK_PRICE_EXACT_OPEN,1693008000000,0
BTCUSDT,1693036800000,0.00005334,26039.7,MARK_PRICE_EXACT_OPEN,1693036800000,0
BTCUSDT,1693065600000,0.00002096,26040.2,MARK_PRICE_EXACT_OPEN,1693065600000,0
BTCUSDT,1693094400000,9.9e-7,26004.3,MARK_PRICE_EXACT_OPEN,1693094400000,0
BTCUSDT,1693123200000,0.00003976,26028.60305782,MARK_PRICE_EXACT_OPEN,1693123200000,0
BTCUSDT,1693152000000,0.00001232,26110.8,MARK_PRICE_EXACT_OPEN,1693152000000,0
BTCUSDT,1693180800000,-0.00000395,26087.7,MARK_PRICE_EXACT_OPEN,1693180800000,0
BTCUSDT,1693209600001,0.00004424,25921.84230586,MARK_PRICE_PREVIOUS_FALLBACK,1693209600000,1
BTCUSDT,1693238400001,0.00004524,26087.8,MARK_PRICE_PREVIOUS_FALLBACK,1693238400000,1
BTCUSDT,1693267200000,0.00000824,26109.5626212,MARK_PRICE_EXACT_OPEN,1693267200000,0
BTCUSDT,1693296000000,0.00003769,25992.94626374,MARK_PRICE_EXACT_OPEN,1693296000000,0
BTCUSDT,1693324800000,-0.00010934,27414.06266667,MARK_PRICE_EXACT_OPEN,1693324800000,0
BTCUSDT,1693353600000,0.00004868,27701.79442353,MARK_PRICE_EXACT_OPEN,1693353600000,0
BTCUSDT,1693382400000,0.00005731,27427.1,MARK_PRICE_EXACT_OPEN,1693382400000,0
BTCUSDT,1693411200000,0.00003944,27192,MARK_PRICE_EXACT_OPEN,1693411200000,0
BTCUSDT,1693440000000,0.00002909,27290.5,MARK_PRICE_EXACT_OPEN,1693440000000,0
BTCUSDT,1693468800000,0.00006859,27249.70684982,MARK_PRICE_EXACT_OPEN,1693468800000,0
BTCUSDT,1693497600000,0.00008105,26912.6,MARK_PRICE_EXACT_OPEN,1693497600000,0
BTCUSDT,1693526400000,0.00002583,25928.1,MARK_PRICE_EXACT_OPEN,1693526400000,0
BTCUSDT,1693555200000,0.00005968,25975.68258627,MARK_PRICE_EXACT_OPEN,1693555200000,0
BTCUSDT,1693584000001,0.00006254,25806.5,MARK_PRICE_PREVIOUS_FALLBACK,1693584000000,1
BTCUSDT,1693612800000,0.00004998,25795.6,MARK_PRICE_EXACT_OPEN,1693612800000,0
BTCUSDT,1693641600000,0.00001937,25783.9,MARK_PRICE_EXACT_OPEN,1693641600000,0
BTCUSDT,1693670400000,-0.00002018,25883.41475882,MARK_PRICE_EXACT_OPEN,1693670400000,0
BTCUSDT,1693699200000,0.00004839,25858.1647451,MARK_PRICE_EXACT_OPEN,1693699200000,0
BTCUSDT,1693728000000,0.00000235,25941.4,MARK_PRICE_EXACT_OPEN,1693728000000,0
BTCUSDT,1693756800000,0.0000289,25859.78109671,MARK_PRICE_EXACT_OPEN,1693756800000,0
BTCUSDT,1693785600000,0.0000269,25962.1,MARK_PRICE_EXACT_OPEN,1693785600000,0
BTCUSDT,1693814400000,0.00001469,25953.8,MARK_PRICE_EXACT_OPEN,1693814400000,0
BTCUSDT,1693843200000,-0.00001059,25803.9,MARK_PRICE_EXACT_OPEN,1693843200000,0
BTCUSDT,1693872000000,5.3e-7,25814.1,MARK_PRICE_EXACT_OPEN,1693872000000,0
BTCUSDT,1693900800000,0.00001975,25724.74581373,MARK_PRICE_EXACT_OPEN,1693900800000,0
BTCUSDT,1693929600000,0.00003366,25747.8,MARK_PRICE_EXACT_OPEN,1693929600000,0
BTCUSDT,1693958400000,0.00001737,25779.7,MARK_PRICE_EXACT_OPEN,1693958400000,0
BTCUSDT,1693987200000,-0.00002763,25715,MARK_PRICE_EXACT_OPEN,1693987200000,0
BTCUSDT,1694016000001,0.00002135,25565.74654835,MARK_PRICE_PREVIOUS_FALLBACK,1694016000000,1
BTCUSDT,1694044800000,0.0000383,25746.40366344,MARK_PRICE_EXACT_OPEN,1694044800000,0
BTCUSDT,1694073600000,0.00003883,25752.14359707,MARK_PRICE_EXACT_OPEN,1694073600000,0
BTCUSDT,1694102400000,0.00006924,25767.94131502,MARK_PRICE_EXACT_OPEN,1694102400000,0
BTCUSDT,1694131200000,-0.00001525,26240.18847985,MARK_PRICE_EXACT_OPEN,1694131200000,0
BTCUSDT,1694160000000,0.00000512,26246.39955495,MARK_PRICE_EXACT_OPEN,1694160000000,0
BTCUSDT,1694188800000,-0.00001691,25830.78610989,MARK_PRICE_EXACT_OPEN,1694188800000,0
BTCUSDT,1694217600000,-0.00005057,25899.96359705,MARK_PRICE_EXACT_OPEN,1694217600000,0
BTCUSDT,1694246400000,-0.00000377,25873.97313553,MARK_PRICE_EXACT_OPEN,1694246400000,0
BTCUSDT,1694275200000,0.00001423,25882.04935714,MARK_PRICE_EXACT_OPEN,1694275200000,0
BTCUSDT,1694304000000,-7.3e-7,25892.6,MARK_PRICE_EXACT_OPEN,1694304000000,0
BTCUSDT,1694332800000,0.00003294,25843,MARK_PRICE_EXACT_OPEN,1694332800000,0
BTCUSDT,1694361600000,0.00002609,25764.1,MARK_PRICE_EXACT_OPEN,1694361600000,0
BTCUSDT,1694390400000,-0.000003,25829.01832418,MARK_PRICE_EXACT_OPEN,1694390400000,0
BTCUSDT,1694419200000,0.00001823,25801.99914695,MARK_PRICE_EXACT_OPEN,1694419200000,0
BTCUSDT,1694448000001,0.00001838,25106.6,MARK_PRICE_PREVIOUS_FALLBACK,1694448000000,1
BTCUSDT,1694476800000,0.0000273,25153.11763919,MARK_PRICE_EXACT_OPEN,1694476800000,0
BTCUSDT,1694505600000,0.00005425,25811.43293956,MARK_PRICE_EXACT_OPEN,1694505600000,0
BTCUSDT,1694534400000,-0.00003502,26192.4,MARK_PRICE_EXACT_OPEN,1694534400000,0
BTCUSDT,1694563200000,0.00002342,25827.41124542,MARK_PRICE_EXACT_OPEN,1694563200000,0
BTCUSDT,1694592000000,0.0000126,25865.8,MARK_PRICE_EXACT_OPEN,1694592000000,0
BTCUSDT,1694620800000,0.00003099,26229.51078938,MARK_PRICE_EXACT_OPEN,1694620800000,0
BTCUSDT,1694649600000,0.00000461,26210.13048078,MARK_PRICE_EXACT_OPEN,1694649600000,0
BTCUSDT,1694678400001,0.00003428,26320.4,MARK_PRICE_PREVIOUS_FALLBACK,1694678400000,1
BTCUSDT,1694707200000,-0.00004748,26680,MARK_PRICE_EXACT_OPEN,1694707200000,0
BTCUSDT,1694736000000,-0.00002641,26510.3,MARK_PRICE_EXACT_OPEN,1694736000000,0
BTCUSDT,1694764800000,-0.00000761,26554.4,MARK_PRICE_EXACT_OPEN,1694764800000,0
BTCUSDT,1694793600000,0.00007561,26311,MARK_PRICE_EXACT_OPEN,1694793600000,0
BTCUSDT,1694822400000,-0.00001381,26591.71941575,MARK_PRICE_EXACT_OPEN,1694822400000,0
BTCUSDT,1694851200000,-0.0000432,26486,MARK_PRICE_EXACT_OPEN,1694851200000,0
BTCUSDT,1694880000000,-0.00003161,26493.7,MARK_PRICE_EXACT_OPEN,1694880000000,0
BTCUSDT,1694908800000,0.00000897,26546.9,MARK_PRICE_EXACT_OPEN,1694908800000,0
BTCUSDT,1694937600000,0.00001142,26483.3525293,MARK_PRICE_EXACT_OPEN,1694937600000,0
BTCUSDT,1694966400000,0.00000649,26537,MARK_PRICE_EXACT_OPEN,1694966400000,0
BTCUSDT,1694995200000,-0.00000508,26515.17594872,MARK_PRICE_EXACT_OPEN,1694995200000,0
BTCUSDT,1695024000000,0.00000579,26701.7,MARK_PRICE_EXACT_OPEN,1695024000000,0
BTCUSDT,1695052800000,-0.00006774,27258.7,MARK_PRICE_EXACT_OPEN,1695052800000,0
BTCUSDT,1695081600000,0.00002468,26752.1577098,MARK_PRICE_EXACT_OPEN,1695081600000,0
BTCUSDT,1695110400001,-0.00001972,26846.6,MARK_PRICE_PREVIOUS_FALLBACK,1695110400000,1
BTCUSDT,1695139200000,-0.00001756,27413.4,MARK_PRICE_EXACT_OPEN,1695139200000,0
BTCUSDT,1695168000000,-0.00002614,27196,MARK_PRICE_EXACT_OPEN,1695168000000,0
BTCUSDT,1695196800000,-0.00003777,27089.4,MARK_PRICE_EXACT_OPEN,1695196800000,0
BTCUSDT,1695225600000,-0.00000991,27168.7,MARK_PRICE_EXACT_OPEN,1695225600000,0
BTCUSDT,1695254400001,-2.9e-7,27103.5,MARK_PRICE_PREVIOUS_FALLBACK,1695254400000,1
BTCUSDT,1695283200000,0.00004303,26978.74320147,MARK_PRICE_EXACT_OPEN,1695283200000,0
BTCUSDT,1695312000000,0.00007429,26568.6973663,MARK_PRICE_EXACT_OPEN,1695312000000,0
BTCUSDT,1695340800000,-6.2e-7,26555.16476007,MARK_PRICE_EXACT_OPEN,1695340800000,0
BTCUSDT,1695369600000,0.00001034,26660.8,MARK_PRICE_EXACT_OPEN,1695369600000,0
BTCUSDT,1695398400000,0.00002136,26620,MARK_PRICE_EXACT_OPEN,1695398400000,0
BTCUSDT,1695427200000,0.00006676,26567.91292609,MARK_PRICE_EXACT_OPEN,1695427200000,0
BTCUSDT,1695456000000,0.00001556,26572.12209158,MARK_PRICE_EXACT_OPEN,1695456000000,0
BTCUSDT,1695484800000,0.00000209,26568.24006044,MARK_PRICE_EXACT_OPEN,1695484800000,0
BTCUSDT,1695513600000,-0.00001392,26563.48468674,MARK_PRICE_EXACT_OPEN,1695513600000,0
BTCUSDT,1695542400000,0.00004721,26552.76378256,MARK_PRICE_EXACT_OPEN,1695542400000,0
BTCUSDT,1695571200000,0.00002887,26566,MARK_PRICE_EXACT_OPEN,1695571200000,0
BTCUSDT,1695600000000,-0.0000126,26235.95855128,MARK_PRICE_EXACT_OPEN,1695600000000,0
BTCUSDT,1695628800000,0.00008565,26176.8,MARK_PRICE_EXACT_OPEN,1695628800000,0
BTCUSDT,1695657600000,0.00004792,26229.9,MARK_PRICE_EXACT_OPEN,1695657600000,0
BTCUSDT,1695686400000,-0.0000391,26290.5,MARK_PRICE_EXACT_OPEN,1695686400000,0
BTCUSDT,1695715200000,-0.00001215,26258.02346154,MARK_PRICE_EXACT_OPEN,1695715200000,0
BTCUSDT,1695744000000,0.00005626,26116.47429304,MARK_PRICE_EXACT_OPEN,1695744000000,0
BTCUSDT,1695772800000,0.00009944,26210.29943223,MARK_PRICE_EXACT_OPEN,1695772800000,0
BTCUSDT,1695801600001,0.00003378,26233.89367381,MARK_PRICE_PREVIOUS_FALLBACK,1695801600000,1
BTCUSDT,1695830400000,0.00002074,26293.56958059,MARK_PRICE_EXACT_OPEN,1695830400000,0
BTCUSDT,1695859200000,0.00000674,26359.7,MARK_PRICE_EXACT_OPEN,1695859200000,0
BTCUSDT,1695888000000,-0.00001581,26445.6,MARK_PRICE_EXACT_OPEN,1695888000000,0
BTCUSDT,1695916800000,-0.00004732,27007.2,MARK_PRICE_EXACT_OPEN,1695916800000,0
BTCUSDT,1695945600000,-0.00003894,27011.7,MARK_PRICE_EXACT_OPEN,1695945600000,0
BTCUSDT,1695974400000,-0.00002567,27168,MARK_PRICE_EXACT_OPEN,1695974400000,0
BTCUSDT,1696003200000,0.00000476,26876.10932601,MARK_PRICE_EXACT_OPEN,1696003200000,0
BTCUSDT,1696032000000,0.00000643,26893.28041026,MARK_PRICE_EXACT_OPEN,1696032000000,0
BTCUSDT,1696060800000,0.00001864,26917.25087641,MARK_PRICE_EXACT_OPEN,1696060800000,0
BTCUSDT,1696089600000,0.00001525,26986.2,MARK_PRICE_EXACT_OPEN,1696089600000,0
BTCUSDT,1696118400000,0.00000295,26950.9,MARK_PRICE_EXACT_OPEN,1696118400000,0
BTCUSDT,1696147200000,-0.00000619,27094.70774176,MARK_PRICE_EXACT_OPEN,1696147200000,0
BTCUSDT,1696176000000,-0.00002263,27137.81504762,MARK_PRICE_EXACT_OPEN,1696176000000,0
BTCUSDT,1696204800000,0.00005831,27981.4,MARK_PRICE_EXACT_OPEN,1696204800000,0
BTCUSDT,1696233600000,0.00000728,28299,MARK_PRICE_EXACT_OPEN,1696233600000,0
BTCUSDT,1696262400000,-0.00001477,28027.05361569,MARK_PRICE_EXACT_OPEN,1696262400000,0
BTCUSDT,1696291200000,0.00004172,27478.28842745,MARK_PRICE_EXACT_OPEN,1696291200000,0
BTCUSDT,1696320000000,0.00001667,27528,MARK_PRICE_EXACT_OPEN,1696320000000,0
BTCUSDT,1696348800000,0.000025,27334.74590842,MARK_PRICE_EXACT_OPEN,1696348800000,0
BTCUSDT,1696377600000,0.00006031,27414.5329707,MARK_PRICE_EXACT_OPEN,1696377600000,0
BTCUSDT,1696406400000,0.000062,27441.9,MARK_PRICE_EXACT_OPEN,1696406400000,0
BTCUSDT,1696435200000,-0.00002857,27390.15863004,MARK_PRICE_EXACT_OPEN,1696435200000,0
BTCUSDT,1696464000000,-0.00003807,27764.37527255,MARK_PRICE_EXACT_OPEN,1696464000000,0
BTCUSDT,1696492800000,-0.00004268,27595.4,MARK_PRICE_EXACT_OPEN,1696492800000,0
BTCUSDT,1696521600001,-0.00002302,27561.2,MARK_PRICE_PREVIOUS_FALLBACK,1696521600000,1
BTCUSDT,1696550400000,-0.00001106,27398.3,MARK_PRICE_EXACT_OPEN,1696550400000,0
BTCUSDT,1696579200000,0.00001436,27626.82137179,MARK_PRICE_EXACT_OPEN,1696579200000,0
BTCUSDT,1696608000000,-0.00003149,27926.88251099,MARK_PRICE_EXACT_OPEN,1696608000000,0
BTCUSDT,1696636800000,0.00002124,27917.12965385,MARK_PRICE_EXACT_OPEN,1696636800000,0
BTCUSDT,1696665600000,0.00002849,27879.6,MARK_PRICE_EXACT_OPEN,1696665600000,0
BTCUSDT,1696694400000,0.00002083,27926.79759524,MARK_PRICE_EXACT_OPEN,1696694400000,0
BTCUSDT,1696723200000,0.00000314,27943,MARK_PRICE_EXACT_OPEN,1696723200000,0
BTCUSDT,1696752000001,0.00000974,27890.6,MARK_PRICE_PREVIOUS_FALLBACK,1696752000000,1
BTCUSDT,1696780800000,0.00005163,27883.6,MARK_PRICE_EXACT_OPEN,1696780800000,0
BTCUSDT,1696809600000,0.00003992,27904.73729804,MARK_PRICE_EXACT_OPEN,1696809600000,0
BTCUSDT,1696838400000,0.00003515,27804.6,MARK_PRICE_EXACT_OPEN,1696838400000,0
BTCUSDT,1696867200000,0.00007838,27433.1,MARK_PRICE_EXACT_OPEN,1696867200000,0
BTCUSDT,1696896000000,0.00006349,27578.3,MARK_PRICE_EXACT_OPEN,1696896000000,0
BTCUSDT,1696924800000,0.00001894,27637.17494505,MARK_PRICE_EXACT_OPEN,1696924800000,0
BTCUSDT,1696953600000,0.00004548,27395.6,MARK_PRICE_EXACT_OPEN,1696953600000,0
BTCUSDT,1696982400000,0.00005918,27381.3,MARK_PRICE_EXACT_OPEN,1696982400000,0
BTCUSDT,1697011200000,0.0000833,27012.8,MARK_PRICE_EXACT_OPEN,1697011200000,0
BTCUSDT,1697040000000,0.00006319,26769.76855495,MARK_PRICE_EXACT_OPEN,1697040000000,0
BTCUSDT,1697068800000,0.0001,26870.70684902,MARK_PRICE_EXACT_OPEN,1697068800000,0
BTCUSDT,1697097600000,0.00002661,26799.3,MARK_PRICE_EXACT_OPEN,1697097600000,0
BTCUSDT,1697126400000,0.00007304,26665.3,MARK_PRICE_EXACT_OPEN,1697126400000,0
BTCUSDT,1697155200000,0.00002294,26748.7075696,MARK_PRICE_EXACT_OPEN,1697155200000,0
BTCUSDT,1697184000000,0.00002039,26860.63060806,MARK_PRICE_EXACT_OPEN,1697184000000,0
BTCUSDT,1697212800000,0.00002326,26698.27319597,MARK_PRICE_EXACT_OPEN,1697212800000,0
BTCUSDT,1697241600000,0.00000105,26849.7,MARK_PRICE_EXACT_OPEN,1697241600000,0
BTCUSDT,1697270400000,0.00002211,26860.5,MARK_PRICE_EXACT_OPEN,1697270400000,0
BTCUSDT,1697299200000,0.00002456,26928.5911902,MARK_PRICE_EXACT_OPEN,1697299200000,0
BTCUSDT,1697328000000,-0.00001509,26838.83772157,MARK_PRICE_EXACT_OPEN,1697328000000,0
BTCUSDT,1697356800000,0.00004292,26872.7,MARK_PRICE_EXACT_OPEN,1697356800000,0
BTCUSDT,1697385600000,0.00002224,26885.69215018,MARK_PRICE_EXACT_OPEN,1697385600000,0
BTCUSDT,1697414400000,0.00000511,27140.0059024,MARK_PRICE_EXACT_OPEN,1697414400000,0
BTCUSDT,1697443200000,2.8e-7,27837.2,MARK_PRICE_EXACT_OPEN,1697443200000,0
BTCUSDT,1697472000000,0.00009644,28054,MARK_PRICE_EXACT_OPEN,1697472000000,0
BTCUSDT,1697500800000,0.00000204,28486.4,MARK_PRICE_EXACT_OPEN,1697500800000,0
BTCUSDT,1697529600000,0.00001493,28408.2,MARK_PRICE_EXACT_OPEN,1697529600000,0
BTCUSDT,1697558400000,-0.00002311,28449.22363004,MARK_PRICE_EXACT_OPEN,1697558400000,0
BTCUSDT,1697587200000,-0.00003343,28382.58328205,MARK_PRICE_EXACT_OPEN,1697587200000,0
BTCUSDT,1697616000000,-0.00001216,28485.1,MARK_PRICE_EXACT_OPEN,1697616000000,0
BTCUSDT,1697644800000,0.00001644,28235.4,MARK_PRICE_EXACT_OPEN,1697644800000,0
BTCUSDT,1697673600000,-0.00001028,28307.2,MARK_PRICE_EXACT_OPEN,1697673600000,0
BTCUSDT,1697702400001,-0.00000624,28311.4,MARK_PRICE_PREVIOUS_FALLBACK,1697702400000,1
BTCUSDT,1697731200000,-0.00011006,28661.39001961,MARK_PRICE_EXACT_OPEN,1697731200000,0
BTCUSDT,1697760000000,-0.00009272,28697.55523137,MARK_PRICE_EXACT_OPEN,1697760000000,0
BTCUSDT,1697788800005,0.00001938,29233.8,MARK_PRICE_PREVIOUS_FALLBACK,1697788800000,5
BTCUSDT,1697817600000,0.00002687,29538.7,MARK_PRICE_EXACT_OPEN,1697817600000,0
BTCUSDT,1697846400000,-0.00001585,29656.9747674,MARK_PRICE_EXACT_OPEN,1697846400000,0
BTCUSDT,1697875200000,0.00004374,29681.8891337,MARK_PRICE_EXACT_OPEN,1697875200000,0
BTCUSDT,1697904000000,0.00005827,29923.54818132,MARK_PRICE_EXACT_OPEN,1697904000000,0
BTCUSDT,1697932800000,0.00002567,29896.26248718,MARK_PRICE_EXACT_OPEN,1697932800000,0
BTCUSDT,1697961600000,0.00002579,29801.02567216,MARK_PRICE_EXACT_OPEN,1697961600000,0
BTCUSDT,1697990400000,0.00003115,29815.3,MARK_PRICE_EXACT_OPEN,1697990400000,0
BTCUSDT,1698019200000,0.0000825,29981.4,MARK_PRICE_EXACT_OPEN,1698019200000,0
BTCUSDT,1698048000001,0.0000959,30536.5,MARK_PRICE_PREVIOUS_FALLBACK,1698048000000,1
BTCUSDT,1698076800001,0.00000648,30867.82633516,MARK_PRICE_PREVIOUS_FALLBACK,1698076800000,1
BTCUSDT,1698105600000,0.0001,33074.56494505,MARK_PRICE_EXACT_OPEN,1698105600000,0
BTCUSDT,1698134400000,0.0001,34024.31124902,MARK_PRICE_EXACT_OPEN,1698134400000,0
BTCUSDT,1698163200000,0.0001,33664.6106337,MARK_PRICE_EXACT_OPEN,1698163200000,0
BTCUSDT,1698192000000,0.0001,33921.2,MARK_PRICE_EXACT_OPEN,1698192000000,0
BTCUSDT,1698220800000,0.0001,33856.30075641,MARK_PRICE_EXACT_OPEN,1698220800000,0
BTCUSDT,1698249600001,0.0001,34804.5,MARK_PRICE_PREVIOUS_FALLBACK,1698249600000,1
BTCUSDT,1698278400001,0.0001,34471.7385677,MARK_PRICE_PREVIOUS_FALLBACK,1698278400000,1
BTCUSDT,1698307200000,0.0001,34649.01208791,MARK_PRICE_EXACT_OPEN,1698307200000,0
BTCUSDT,1698336000000,0.0001,34048.7505641,MARK_PRICE_EXACT_OPEN,1698336000000,0
BTCUSDT,1698364800000,0.0001,34154,MARK_PRICE_EXACT_OPEN,1698364800000,0
BTCUSDT,1698393600000,0.0001,33951.52807875,MARK_PRICE_EXACT_OPEN,1698393600000,0
BTCUSDT,1698422400000,0.0001,34007.22749634,MARK_PRICE_EXACT_OPEN,1698422400000,0
BTCUSDT,1698451200000,0.0001,33893.1,MARK_PRICE_EXACT_OPEN,1698451200000,0
BTCUSDT,1698480000001,0.0001,34063.46151052,MARK_PRICE_PREVIOUS_FALLBACK,1698480000000,1
BTCUSDT,1698508800000,0.0001,34199.30489194,MARK_PRICE_EXACT_OPEN,1698508800000,0
BTCUSDT,1698537600000,0.0001,34086.3234978,MARK_PRICE_EXACT_OPEN,1698537600000,0
BTCUSDT,1698566400000,0.0001,34084.78114919,MARK_PRICE_EXACT_OPEN,1698566400000,0
BTCUSDT,1698595200000,0.0001,34460.1,MARK_PRICE_EXACT_OPEN,1698595200000,0
BTCUSDT,1698624000000,0.0001,34528.5,MARK_PRICE_EXACT_OPEN,1698624000000,0
BTCUSDT,1698652800000,0.0001,34193.25417582,MARK_PRICE_EXACT_OPEN,1698652800000,0
BTCUSDT,1698681600000,0.0001,34664.5,MARK_PRICE_EXACT_OPEN,1698681600000,0
BTCUSDT,1698710400001,0.0001,34475.70563187,MARK_PRICE_PREVIOUS_FALLBACK,1698710400000,1
BTCUSDT,1698739200000,0.0001,34149.46365245,MARK_PRICE_EXACT_OPEN,1698739200000,0
BTCUSDT,1698768000000,0.0001,34287.54619963,MARK_PRICE_EXACT_OPEN,1698768000000,0
BTCUSDT,1698796800000,0.0001,34651.4,MARK_PRICE_EXACT_OPEN,1698796800000,0
BTCUSDT,1698825600000,0.0001,34462.7,MARK_PRICE_EXACT_OPEN,1698825600000,0
BTCUSDT,1698854400000,0.0001,34297,MARK_PRICE_EXACT_OPEN,1698854400000,0
BTCUSDT,1698883200001,0.0001,35464.2152326,MARK_PRICE_PREVIOUS_FALLBACK,1698883200000,1
BTCUSDT,1698912000000,0.0001,35280.7,MARK_PRICE_EXACT_OPEN,1698912000000,0
BTCUSDT,1698940800000,0.0001,34642.29050183,MARK_PRICE_EXACT_OPEN,1698940800000,0
BTCUSDT,1698969600000,0.0001,34938.71032967,MARK_PRICE_EXACT_OPEN,1698969600000,0
BTCUSDT,1698998400000,0.0001,34469.04963736,MARK_PRICE_EXACT_OPEN,1698998400000,0
BTCUSDT,1699027200000,0.0001,34760.894,MARK_PRICE_EXACT_OPEN,1699027200000,0
BTCUSDT,1699056000000,0.0001,34702.10187285,MARK_PRICE_EXACT_OPEN,1699056000000,0
BTCUSDT,1699084800000,0.0001,34759.1,MARK_PRICE_EXACT_OPEN,1699084800000,0
BTCUSDT,1699113600000,0.0001,34709.62453608,MARK_PRICE_EXACT_OPEN,1699113600000,0
BTCUSDT,1699142400000,0.0001,35070.25307143,MARK_PRICE_EXACT_OPEN,1699142400000,0
BTCUSDT,1699171200000,0.0001,35175.4,MARK_PRICE_EXACT_OPEN,1699171200000,0
BTCUSDT,1699200000000,0.0001,34893.9,MARK_PRICE_EXACT_OPEN,1699200000000,0
BTCUSDT,1699228800000,0.0001,35025.5,MARK_PRICE_EXACT_OPEN,1699228800000,0
BTCUSDT,1699257600001,0.0001,34912.1,MARK_PRICE_PREVIOUS_FALLBACK,1699257600000,1
BTCUSDT,1699286400000,0.0001,35085.27989377,MARK_PRICE_EXACT_OPEN,1699286400000,0
BTCUSDT,1699315200001,0.0001,35065.85934703,MARK_PRICE_PREVIOUS_FALLBACK,1699315200000,1
BTCUSDT,1699344000000,0.0001,34947.3,MARK_PRICE_EXACT_OPEN,1699344000000,0
BTCUSDT,1699372800000,0.0001,34726.94457255,MARK_PRICE_EXACT_OPEN,1699372800000,0
BTCUSDT,1699401600000,0.0001,35407.4,MARK_PRICE_EXACT_OPEN,1699401600000,0
BTCUSDT,1699430400000,0.0001,35239.5,MARK_PRICE_EXACT_OPEN,1699430400000,0
BTCUSDT,1699459200000,0.0001,35231.3,MARK_PRICE_EXACT_OPEN,1699459200000,0
BTCUSDT,1699488000000,0.0001,35630.54451373,MARK_PRICE_EXACT_OPEN,1699488000000,0
BTCUSDT,1699516800000,0.0001,36550.6,MARK_PRICE_EXACT_OPEN,1699516800000,0
BTCUSDT,1699545600000,0.00020027,37132.32566863,MARK_PRICE_EXACT_OPEN,1699545600000,0
BTCUSDT,1699574400000,0.0001,36716.02090392,MARK_PRICE_EXACT_OPEN,1699574400000,0
BTCUSDT,1699603200000,0.00011682,36477.27099789,MARK_PRICE_EXACT_OPEN,1699603200000,0
BTCUSDT,1699632000000,0.0001,37092.5,MARK_PRICE_EXACT_OPEN,1699632000000,0
BTCUSDT,1699660800000,0.0001,37326.219,MARK_PRICE_EXACT_OPEN,1699660800000,0
BTCUSDT,1699689600000,0.00016607,37030.4,MARK_PRICE_EXACT_OPEN,1699689600000,0
BTCUSDT,1699718400000,0.00014648,37070.4,MARK_PRICE_EXACT_OPEN,1699718400000,0
BTCUSDT,1699747200000,0.0001543,37162,MARK_PRICE_EXACT_OPEN,1699747200000,0
BTCUSDT,1699776000000,0.00023487,37154.1,MARK_PRICE_EXACT_OPEN,1699776000000,0
BTCUSDT,1699804800001,0.00027221,37189.20370392,MARK_PRICE_PREVIOUS_FALLBACK,1699804800000,1
BTCUSDT,1699833600000,0.00032467,37086.1136451,MARK_PRICE_EXACT_OPEN,1699833600000,0
BTCUSDT,1699862400000,0.00010893,36982.5,MARK_PRICE_EXACT_OPEN,1699862400000,0
BTCUSDT,1699891200000,0.00020492,36869.38523137,MARK_PRICE_EXACT_OPEN,1699891200000,0
BTCUSDT,1699920000000,0.00017382,36484.2307384,MARK_PRICE_EXACT_OPEN,1699920000000,0
BTCUSDT,1699948800000,0.00016369,36705.5,MARK_PRICE_EXACT_OPEN,1699948800000,0
BTCUSDT,1699977600001,0.00014477,36146.81655882,MARK_PRICE_PREVIOUS_FALLBACK,1699977600000,1
BTCUSDT,1700006400000,0.0001,35560.6,MARK_PRICE_EXACT_OPEN,1700006400000,0
BTCUSDT,1700035200000,0.0001,35596.7,MARK_PRICE_EXACT_OPEN,1700035200000,0
BTCUSDT,1700064000000,0.0001,36415.39262887,MARK_PRICE_EXACT_OPEN,1700064000000,0
BTCUSDT,1700092800000,0.0001,37885.71527663,MARK_PRICE_EXACT_OPEN,1700092800000,0
BTCUSDT,1700121600000,0.00015199,37460.6,MARK_PRICE_EXACT_OPEN,1700121600000,0
BTCUSDT,1700150400001,0.00012014,36434,MARK_PRICE_PREVIOUS_FALLBACK,1700150400000,1
BTCUSDT,1700179200000,0.0001,36172.50061684,MARK_PRICE_EXACT_OPEN,1700179200000,0
BTCUSDT,1700208000001,0.0001,36256.67653853,MARK_PRICE_PREVIOUS_FALLBACK,1700208000000,1
BTCUSDT,1700236800001,0.0001,36091.70306357,MARK_PRICE_PREVIOUS_FALLBACK,1700236800000,1
BTCUSDT,1700265600000,0.0001,36622,MARK_PRICE_EXACT_OPEN,1700265600000,0
BTCUSDT,1700294400000,0.0001,36424.88688316,MARK_PRICE_EXACT_OPEN,1700294400000,0
BTCUSDT,1700323200000,0.0001,36671.96767869,MARK_PRICE_EXACT_OPEN,1700323200000,0
BTCUSDT,1700352000000,0.0001,36575.50541573,MARK_PRICE_EXACT_OPEN,1700352000000,0
BTCUSDT,1700380800000,0.0001,36618.92686254,MARK_PRICE_EXACT_OPEN,1700380800000,0
BTCUSDT,1700409600000,0.0001,36575.1,MARK_PRICE_EXACT_OPEN,1700409600000,0
BTCUSDT,1700438400000,0.0001,37375.8,MARK_PRICE_EXACT_OPEN,1700438400000,0
BTCUSDT,1700467200000,0.0001,37259.9,MARK_PRICE_EXACT_OPEN,1700467200000,0
BTCUSDT,1700496000000,0.0001,37476.6,MARK_PRICE_EXACT_OPEN,1700496000000,0
BTCUSDT,1700524800000,0.0001,37465.47965292,MARK_PRICE_EXACT_OPEN,1700524800000,0
BTCUSDT,1700553600000,0.0001,37290.96343471,MARK_PRICE_EXACT_OPEN,1700553600000,0
BTCUSDT,1700582400000,0.0001,36978.4557732,MARK_PRICE_EXACT_OPEN,1700582400000,0
BTCUSDT,1700611200000,0.0001,35745.39198625,MARK_PRICE_EXACT_OPEN,1700611200000,0
BTCUSDT,1700640000000,0.0001,36435.97590206,MARK_PRICE_EXACT_OPEN,1700640000000,0
BTCUSDT,1700668800000,0.0001,36480.73824742,MARK_PRICE_EXACT_OPEN,1700668800000,0
BTCUSDT,1700697600000,0.0001,37412.2,MARK_PRICE_EXACT_OPEN,1700697600000,0
BTCUSDT,1700726400000,0.0001,37378.5,MARK_PRICE_EXACT_OPEN,1700726400000,0
BTCUSDT,1700755200001,0.0001,36942.5,MARK_PRICE_PREVIOUS_FALLBACK,1700755200000,1
BTCUSDT,1700784000000,0.0001,37294.4,MARK_PRICE_EXACT_OPEN,1700784000000,0
BTCUSDT,1700812800000,0.0001,37530,MARK_PRICE_EXACT_OPEN,1700812800000,0
BTCUSDT,1700841600000,0.0001,38221.9,MARK_PRICE_EXACT_OPEN,1700841600000,0
BTCUSDT,1700870400000,0.0001,37706.33040034,MARK_PRICE_EXACT_OPEN,1700870400000,0
BTCUSDT,1700899200000,0.0001,37795.14484536,MARK_PRICE_EXACT_OPEN,1700899200000,0
BTCUSDT,1700928000000,0.0001,37696.48055326,MARK_PRICE_EXACT_OPEN,1700928000000,0
BTCUSDT,1700956800000,0.0001,37766.63934748,MARK_PRICE_EXACT_OPEN,1700956800000,0
BTCUSDT,1700985600000,0.0001,37774.46133566,MARK_PRICE_EXACT_OPEN,1700985600000,0
BTCUSDT,1701014400000,0.0001,37422.79351203,MARK_PRICE_EXACT_OPEN,1701014400000,0
BTCUSDT,1701043200000,0.0001,37438,MARK_PRICE_EXACT_OPEN,1701043200000,0
BTCUSDT,1701072000001,0.0001,37280.2763677,MARK_PRICE_PREVIOUS_FALLBACK,1701072000000,1
BTCUSDT,1701100800000,0.0001,36744.68396735,MARK_PRICE_EXACT_OPEN,1701100800000,0
BTCUSDT,1701129600000,0.0001,37234.3,MARK_PRICE_EXACT_OPEN,1701129600000,0
BTCUSDT,1701158400000,0.0001,37088.6,MARK_PRICE_EXACT_OPEN,1701158400000,0
BTCUSDT,1701187200000,0.0001,37502.2,MARK_PRICE_EXACT_OPEN,1701187200000,0
BTCUSDT,1701216000001,0.0001,37815.08881181,MARK_PRICE_PREVIOUS_FALLBACK,1701216000000,1
BTCUSDT,1701244800000,0.0001,38095.42608247,MARK_PRICE_EXACT_OPEN,1701244800000,0
BTCUSDT,1701273600000,0.0001,37817.5,MARK_PRICE_EXACT_OPEN,1701273600000,0
BTCUSDT,1701302400000,0.0001,37841.92721631,MARK_PRICE_EXACT_OPEN,1701302400000,0
BTCUSDT,1701331200000,0.0001,37782.30000355,MARK_PRICE_EXACT_OPEN,1701331200000,0
BTCUSDT,1701360000000,0.0001,37609.2,MARK_PRICE_EXACT_OPEN,1701360000000,0
BTCUSDT,1701388800000,0.0001,37716.8,MARK_PRICE_EXACT_OPEN,1701388800000,0
BTCUSDT,1701417600000,0.0001,38241.69935461,MARK_PRICE_EXACT_OPEN,1701417600000,0
BTCUSDT,1701446400000,0.0001,38401.4,MARK_PRICE_EXACT_OPEN,1701446400000,0
BTCUSDT,1701475200000,0.0000995,38661.09287589,MARK_PRICE_EXACT_OPEN,1701475200000,0
BTCUSDT,1701504000000,0.00006973,38684,MARK_PRICE_EXACT_OPEN,1701504000000,0
BTCUSDT,1701532800000,0.00008541,38794.48514894,MARK_PRICE_EXACT_OPEN,1701532800000,0
BTCUSDT,1701561600000,0.0001,39438.73455824,MARK_PRICE_EXACT_OPEN,1701561600000,0
BTCUSDT,1701590400000,0.0001,39474,MARK_PRICE_EXACT_OPEN,1701590400000,0
BTCUSDT,1701619200000,0.0001,39758.35522727,MARK_PRICE_EXACT_OPEN,1701619200000,0
BTCUSDT,1701648000000,0.0001,39978.96550379,MARK_PRICE_EXACT_OPEN,1701648000000,0
BTCUSDT,1701676800000,0.0001,41466.20294697,MARK_PRICE_EXACT_OPEN,1701676800000,0
BTCUSDT,1701705600000,0.0001,41275.5,MARK_PRICE_EXACT_OPEN,1701705600000,0
BTCUSDT,1701734400000,0.0001,41993,MARK_PRICE_EXACT_OPEN,1701734400000,0
BTCUSDT,1701763200000,0.0001,41531.28271631,MARK_PRICE_EXACT_OPEN,1701763200000,0
BTCUSDT,1701792000000,0.0001,42265.96340426,MARK_PRICE_EXACT_OPEN,1701792000000,0
BTCUSDT,1701820800000,0.0001,44078.62530142,MARK_PRICE_EXACT_OPEN,1701820800000,0
BTCUSDT,1701849600000,0.0001,43697,MARK_PRICE_EXACT_OPEN,1701849600000,0
BTCUSDT,1701878400000,0.0001,43795.3,MARK_PRICE_EXACT_OPEN,1701878400000,0
BTCUSDT,1701907200000,0.0001,43772.2,MARK_PRICE_EXACT_OPEN,1701907200000,0
BTCUSDT,1701936000000,0.0001,43896.71856988,MARK_PRICE_EXACT_OPEN,1701936000000,0
BTCUSDT,1701964800000,0.0001,43673.33865248,MARK_PRICE_EXACT_OPEN,1701964800000,0
BTCUSDT,1701993600000,0.0001,43296,MARK_PRICE_EXACT_OPEN,1701993600000,0
BTCUSDT,1702022400000,0.00023288,43184.9,MARK_PRICE_EXACT_OPEN,1702022400000,0
BTCUSDT,1702051200000,0.00020242,43778.5,MARK_PRICE_EXACT_OPEN,1702051200000,0
BTCUSDT,1702080000000,0.00011504,44209.6,MARK_PRICE_EXACT_OPEN,1702080000000,0
BTCUSDT,1702108800000,0.00030159,44220.6,MARK_PRICE_EXACT_OPEN,1702108800000,0
BTCUSDT,1702137600000,0.00017192,44085.16812838,MARK_PRICE_EXACT_OPEN,1702137600000,0
BTCUSDT,1702166400000,0.00020724,43734.3,MARK_PRICE_EXACT_OPEN,1702166400000,0
BTCUSDT,1702195200000,0.00020383,43995.9,MARK_PRICE_EXACT_OPEN,1702195200000,0
BTCUSDT,1702224000000,0.00023923,43940.82247727,MARK_PRICE_EXACT_OPEN,1702224000000,0
BTCUSDT,1702252800000,0.0001473,43810,MARK_PRICE_EXACT_OPEN,1702252800000,0
BTCUSDT,1702281600000,0.0001,42134.14321631,MARK_PRICE_EXACT_OPEN,1702281600000,0
BTCUSDT,1702310400000,0.0001,41824.6,MARK_PRICE_EXACT_OPEN,1702310400000,0
BTCUSDT,1702339200000,0.0001,41271,MARK_PRICE_EXACT_OPEN,1702339200000,0
BTCUSDT,1702368000000,0.0001,41930,MARK_PRICE_EXACT_OPEN,1702368000000,0
BTCUSDT,1702396800000,0.0001,41374.00626894,MARK_PRICE_EXACT_OPEN,1702396800000,0
BTCUSDT,1702425600000,0.00011909,41505.95139716,MARK_PRICE_EXACT_OPEN,1702425600000,0
BTCUSDT,1702454400000,0.00010162,41141.22272695,MARK_PRICE_EXACT_OPEN,1702454400000,0
BTCUSDT,1702483200001,0.00012601,41996.5,MARK_PRICE_PREVIOUS_FALLBACK,1702483200000,1
BTCUSDT,1702512000000,0.0001,42874.9,MARK_PRICE_EXACT_OPEN,1702512000000,0
BTCUSDT,1702540800000,0.0001,42909.64841135,MARK_PRICE_EXACT_OPEN,1702540800000,0
BTCUSDT,1702569600000,0.0001,42458.23380496,MARK_PRICE_EXACT_OPEN,1702569600000,0
BTCUSDT,1702598400000,0.0001,43030.02054255,MARK_PRICE_EXACT_OPEN,1702598400000,0
BTCUSDT,1702627200000,0.0001,42721.73764894,MARK_PRICE_EXACT_OPEN,1702627200000,0
BTCUSDT,1702656000000,0.0001,41930.4,MARK_PRICE_EXACT_OPEN,1702656000000,0
BTCUSDT,1702684800000,0.0001,41963.01760993,MARK_PRICE_EXACT_OPEN,1702684800000,0
BTCUSDT,1702713600000,0.0001,42242.61728092,MARK_PRICE_EXACT_OPEN,1702713600000,0
BTCUSDT,1702742400001,0.0001,42639.2761844,MARK_PRICE_PREVIOUS_FALLBACK,1702742400000,1
BTCUSDT,1702771200000,0.0001,42287.4,MARK_PRICE_EXACT_OPEN,1702771200000,0
BTCUSDT,1702800000000,0.0001,41894.5,MARK_PRICE_EXACT_OPEN,1702800000000,0
BTCUSDT,1702828800000,0.0001,41828.4,MARK_PRICE_EXACT_OPEN,1702828800000,0
BTCUSDT,1702857600000,0.00013355,41390.59169858,MARK_PRICE_EXACT_OPEN,1702857600000,0
BTCUSDT,1702886400001,0.0001,41163.78820213,MARK_PRICE_PREVIOUS_FALLBACK,1702886400000,1
BTCUSDT,1702915200000,0.00015611,41284.67062411,MARK_PRICE_EXACT_OPEN,1702915200000,0
BTCUSDT,1702944000000,0.0001,42672.42150355,MARK_PRICE_EXACT_OPEN,1702944000000,0
BTCUSDT,1702972800000,0.0001,43060.97652128,MARK_PRICE_EXACT_OPEN,1702972800000,0
BTCUSDT,1703001600000,0.0001,42512.9,MARK_PRICE_EXACT_OPEN,1703001600000,0
BTCUSDT,1703030400000,0.00010506,42296.25497656,MARK_PRICE_EXACT_OPEN,1703030400000,0
BTCUSDT,1703059200000,0.0001,42950,MARK_PRICE_EXACT_OPEN,1703059200000,0
BTCUSDT,1703088000000,0.00023637,44072.24884043,MARK_PRICE_EXACT_OPEN,1703088000000,0
BTCUSDT,1703116800000,0.00027143,43698.37531584,MARK_PRICE_EXACT_OPEN,1703116800000,0
BTCUSDT,1703145600000,0.00029216,43794.8,MARK_PRICE_EXACT_OPEN,1703145600000,0
BTCUSDT,1703174400000,0.00028948,43850.89671986,MARK_PRICE_EXACT_OPEN,1703174400000,0
BTCUSDT,1703203200000,0.00030806,43896.3,MARK_PRICE_EXACT_OPEN,1703203200000,0
BTCUSDT,1703232000000,0.0002961,43614.1,MARK_PRICE_EXACT_OPEN,1703232000000,0
BTCUSDT,1703260800000,0.00018011,43697.08803191,MARK_PRICE_EXACT_OPEN,1703260800000,0
BTCUSDT,1703289600000,0.00016285,43998.57487234,MARK_PRICE_EXACT_OPEN,1703289600000,0
BTCUSDT,1703318400001,0.0001,43579.94174113,MARK_PRICE_PREVIOUS_FALLBACK,1703318400000,1
BTCUSDT,1703347200000,0.00015066,43779.60871631,MARK_PRICE_EXACT_OPEN,1703347200000,0
BTCUSDT,1703376000000,0.0001,43725.2,MARK_PRICE_EXACT_OPEN,1703376000000,0
BTCUSDT,1703404800000,0.0002079,43678.0138899,MARK_PRICE_EXACT_OPEN,1703404800000,0
BTCUSDT,1703433600000,0.00019729,43707,MARK_PRICE_EXACT_OPEN,1703433600000,0
BTCUSDT,1703462400000,0.0001,43008.3,MARK_PRICE_EXACT_OPEN,1703462400000,0
BTCUSDT,1703491200000,0.0001,43232.18695035,MARK_PRICE_EXACT_OPEN,1703491200000,0
BTCUSDT,1703520000000,0.00037908,43658.66589362,MARK_PRICE_EXACT_OPEN,1703520000000,0
BTCUSDT,1703548800000,0.00043391,43607.90541195,MARK_PRICE_EXACT_OPEN,1703548800000,0
BTCUSDT,1703577600000,0.00023757,42798.6347803,MARK_PRICE_EXACT_OPEN,1703577600000,0
BTCUSDT,1703606400000,0.00029559,42420.52598582,MARK_PRICE_EXACT_OPEN,1703606400000,0
BTCUSDT,1703635200000,0.00027621,42538.5,MARK_PRICE_EXACT_OPEN,1703635200000,0
BTCUSDT,1703664000000,0.00037942,42495.9,MARK_PRICE_EXACT_OPEN,1703664000000,0
BTCUSDT,1703692800000,0.00032304,43007.9,MARK_PRICE_EXACT_OPEN,1703692800000,0
BTCUSDT,1703721600000,0.00013021,43453.337,MARK_PRICE_EXACT_OPEN,1703721600000,0
BTCUSDT,1703750400000,0.00037879,43085.57530142,MARK_PRICE_EXACT_OPEN,1703750400000,0
BTCUSDT,1703779200000,0.00050152,42485.19706383,MARK_PRICE_EXACT_OPEN,1703779200000,0
BTCUSDT,1703808000001,0.0005517,42628.69755674,MARK_PRICE_PREVIOUS_FALLBACK,1703808000000,1
BTCUSDT,1703836800000,0.00049912,42309.51908156,MARK_PRICE_EXACT_OPEN,1703836800000,0
BTCUSDT,1703865600000,0.00047082,42300.15579787,MARK_PRICE_EXACT_OPEN,1703865600000,0
BTCUSDT,1703894400001,0.00033033,42087.28343972,MARK_PRICE_PREVIOUS_FALLBACK,1703894400000,1
BTCUSDT,1703923200000,0.0004358,41979.90052482,MARK_PRICE_EXACT_OPEN,1703923200000,0
BTCUSDT,1703952000000,0.00037842,42410.4,MARK_PRICE_EXACT_OPEN,1703952000000,0
BTCUSDT,1703980800000,0.00027855,42173.50049291,MARK_PRICE_EXACT_OPEN,1703980800000,0
BTCUSDT,1704009600001,0.00034573,42585.9,MARK_PRICE_PREVIOUS_FALLBACK,1704009600000,1
BTCUSDT,1704038400000,0.00033597,42489.7,MARK_PRICE_EXACT_OPEN,1704038400000,0
BTCUSDT,1704067200000,0.00037409,42313.9,MARK_PRICE_EXACT_OPEN,1704067200000,0
BTCUSDT,1704096000000,0.00027213,42525.11019858,MARK_PRICE_EXACT_OPEN,1704096000000,0
BTCUSDT,1704124800000,0.00033601,42811.29637234,MARK_PRICE_EXACT_OPEN,1704124800000,0
BTCUSDT,1704153600000,0.00065846,44230.2,MARK_PRICE_EXACT_OPEN,1704153600000,0
BTCUSDT,1704182400000,0.00035179,45494.64708156,MARK_PRICE_EXACT_OPEN,1704182400000,0
BTCUSDT,1704211200000,0.0005373,45212.27632624,MARK_PRICE_EXACT_OPEN,1704211200000,0
BTCUSDT,1704240000000,0.00021159,44975.18398936,MARK_PRICE_EXACT_OPEN,1704240000000,0
BTCUSDT,1704268800000,0.00017123,45030.4,MARK_PRICE_EXACT_OPEN,1704268800000,0
BTCUSDT,1704297600000,0.0001,42995.8,MARK_PRICE_EXACT_OPEN,1704297600000,0
BTCUSDT,1704326400000,0.0001,42849.5,MARK_PRICE_EXACT_OPEN,1704326400000,0
BTCUSDT,1704355200000,0.0001,42772.61299645,MARK_PRICE_EXACT_OPEN,1704355200000,0
BTCUSDT,1704384000000,0.0001,44048.47574468,MARK_PRICE_EXACT_OPEN,1704384000000,0
BTCUSDT,1704412800001,0.0001,44171.5,MARK_PRICE_PREVIOUS_FALLBACK,1704412800000,1
BTCUSDT,1704441600000,0.0001,43772.86349645,MARK_PRICE_EXACT_OPEN,1704441600000,0
BTCUSDT,1704470400000,0.0001,43495.1,MARK_PRICE_EXACT_OPEN,1704470400000,0
BTCUSDT,1704499200000,0.0001,44143.29,MARK_PRICE_EXACT_OPEN,1704499200000,0
BTCUSDT,1704528000000,0.0001,43651.6537695,MARK_PRICE_EXACT_OPEN,1704528000000,0
BTCUSDT,1704556800000,0.0001,43863.6,MARK_PRICE_EXACT_OPEN,1704556800000,0
BTCUSDT,1704585600000,0.0001,43960.4300922,MARK_PRICE_EXACT_OPEN,1704585600000,0
BTCUSDT,1704614400001,0.0001,44075.2,MARK_PRICE_PREVIOUS_FALLBACK,1704614400000,1
BTCUSDT,1704643200001,0.0001,44074.6,MARK_PRICE_PREVIOUS_FALLBACK,1704643200000,1
BTCUSDT,1704672000000,0.0001,43916.9,MARK_PRICE_EXACT_OPEN,1704672000000,0
BTCUSDT,1704700800000,0.0001,43970,MARK_PRICE_EXACT_OPEN,1704700800000,0
BTCUSDT,1704729600000,0.0001,44964.26529433,MARK_PRICE_EXACT_OPEN,1704729600000,0
BTCUSDT,1704758400001,0.0001,46977.1,MARK_PRICE_PREVIOUS_FALLBACK,1704758400000,1
BTCUSDT,1704787200000,0.0001,46838.74650709,MARK_PRICE_EXACT_OPEN,1704787200000,0
BTCUSDT,1704816000000,0.0001,46872.4,MARK_PRICE_EXACT_OPEN,1704816000000,0
BTCUSDT,1704844800000,0.0001,46114,MARK_PRICE_EXACT_OPEN,1704844800000,0
BTCUSDT,1704873600000,0.0001,45766.4,MARK_PRICE_EXACT_OPEN,1704873600000,0
BTCUSDT,1704902400000,0.0001,45570.70327083,MARK_PRICE_EXACT_OPEN,1704902400000,0
BTCUSDT,1704931200000,0.0001,46657.58933688,MARK_PRICE_EXACT_OPEN,1704931200000,0
BTCUSDT,1704960000000,0.0001,46096.00527305,MARK_PRICE_EXACT_OPEN,1704960000000,0
BTCUSDT,1704988800000,0.0001,46789.70540426,MARK_PRICE_EXACT_OPEN,1704988800000,0
BTCUSDT,1705017600001,0.0001,46321.23813057,MARK_PRICE_PREVIOUS_FALLBACK,1705017600000,1
BTCUSDT,1705046400000,0.0001,46008.31871986,MARK_PRICE_EXACT_OPEN,1705046400000,0
BTCUSDT,1705075200000,0.0001,44492.64061702,MARK_PRICE_EXACT_OPEN,1705075200000,0
BTCUSDT,1705104000000,0.0001,42789,MARK_PRICE_EXACT_OPEN,1705104000000,0
BTCUSDT,1705132800000,0.0001,43102.1,MARK_PRICE_EXACT_OPEN,1705132800000,0
BTCUSDT,1705161600001,0.0001,43174.7967766,MARK_PRICE_PREVIOUS_FALLBACK,1705161600000,1
BTCUSDT,1705190400000,0.0001,42847.30638298,MARK_PRICE_EXACT_OPEN,1705190400000,0
BTCUSDT,1705219200000,0.0001,43011.45861702,MARK_PRICE_EXACT_OPEN,1705219200000,0
BTCUSDT,1705248000001,0.0001,42931.84994326,MARK_PRICE_PREVIOUS_FALLBACK,1705248000000,1
BTCUSDT,1705276800000,0.0001,41739.6,MARK_PRICE_EXACT_OPEN,1705276800000,0
BTCUSDT,1705305600000,0.0001,42716.86510638,MARK_PRICE_EXACT_OPEN,1705305600000,0
BTCUSDT,1705334400000,0.0001,42278.82404255,MARK_PRICE_EXACT_OPEN,1705334400000,0
BTCUSDT,1705363200000,0.0001,42513.87702482,MARK_PRICE_EXACT_OPEN,1705363200000,0
BTCUSDT,1705392000000,0.0001,42785.27425532,MARK_PRICE_EXACT_OPEN,1705392000000,0
BTCUSDT,1705420800001,0.0001,43280.19276441,MARK_PRICE_PREVIOUS_FALLBACK,1705420800000,1
BTCUSDT,1705449600000,0.0001,43140.2157695,MARK_PRICE_EXACT_OPEN,1705449600000,0
BTCUSDT,1705478400000,0.0001,42656.31850355,MARK_PRICE_EXACT_OPEN,1705478400000,0
BTCUSDT,1705507200000,0.0001,42480.1466859,MARK_PRICE_EXACT_OPEN,1705507200000,0
BTCUSDT,1705536000001,0.0001,42781.3561794,MARK_PRICE_PREVIOUS_FALLBACK,1705536000000,1
BTCUSDT,1705564800000,0.0001,42915.94085106,MARK_PRICE_EXACT_OPEN,1705564800000,0
BTCUSDT,1705593600000,0.0001,42618.3,MARK_PRICE_EXACT_OPEN,1705593600000,0
BTCUSDT,1705622400000,0.0001,41319.17595745,MARK_PRICE_EXACT_OPEN,1705622400000,0
BTCUSDT,1705651200000,0.0001,41282,MARK_PRICE_EXACT_OPEN,1705651200000,0
BTCUSDT,1705680000002,0.0001,40911.61045755,MARK_PRICE_PREVIOUS_FALLBACK,1705680000000,2
BTCUSDT,1705708800000,0.0001,41662.1,MARK_PRICE_EXACT_OPEN,1705708800000,0
BTCUSDT,1705737600003,0.0001,41649.80983436,MARK_PRICE_PREVIOUS_FALLBACK,1705737600000,3
BTCUSDT,1705766400000,0.0001,41568.26617021,MARK_PRICE_EXACT_OPEN,1705766400000,0
BTCUSDT,1705795200000,0.0001,41693.91453546,MARK_PRICE_EXACT_OPEN,1705795200000,0
BTCUSDT,1705824000000,0.0001,41648.18463415,MARK_PRICE_EXACT_OPEN,1705824000000,0
BTCUSDT,1705852800000,0.0001,41652.7,MARK_PRICE_EXACT_OPEN,1705852800000,0
BTCUSDT,1705881600000,0.0001,41578.57680851,MARK_PRICE_EXACT_OPEN,1705881600000,0
BTCUSDT,1705910400000,0.0001,41041.20808511,MARK_PRICE_EXACT_OPEN,1705910400000,0
BTCUSDT,1705939200000,0.0001,40767.10361702,MARK_PRICE_EXACT_OPEN,1705939200000,0
BTCUSDT,1705968000000,0.0001,39566.15381552,MARK_PRICE_EXACT_OPEN,1705968000000,0
BTCUSDT,1705996800000,0.0001,39776.93668085,MARK_PRICE_EXACT_OPEN,1705996800000,0
BTCUSDT,1706025600000,0.0001,39204.77723404,MARK_PRICE_EXACT_OPEN,1706025600000,0
BTCUSDT,1706054400000,0.0001,39891.9286553,MARK_PRICE_EXACT_OPEN,1706054400000,0
BTCUSDT,1706083200000,0.0001,39974.2,MARK_PRICE_EXACT_OPEN,1706083200000,0
BTCUSDT,1706112000000,0.0001,40048.43942661,MARK_PRICE_EXACT_OPEN,1706112000000,0
BTCUSDT,1706140800000,0.0001,40078.8,MARK_PRICE_EXACT_OPEN,1706140800000,0
BTCUSDT,1706169600001,0.0001,40127.23398485,MARK_PRICE_PREVIOUS_FALLBACK,1706169600000,1
BTCUSDT,1706198400000,0.0001,39799.29385816,MARK_PRICE_EXACT_OPEN,1706198400000,0
BTCUSDT,1706227200001,0.0001,39953.2,MARK_PRICE_PREVIOUS_FALLBACK,1706227200000,1
BTCUSDT,1706256000000,0.0001,39958.29798106,MARK_PRICE_EXACT_OPEN,1706256000000,0
BTCUSDT,1706284800000,0.0001,41408.20364394,MARK_PRICE_EXACT_OPEN,1706284800000,0
BTCUSDT,1706313600000,0.00008966,41806.4,MARK_PRICE_EXACT_OPEN,1706313600000,0
BTCUSDT,1706342400000,0.0001,41699,MARK_PRICE_EXACT_OPEN,1706342400000,0
BTCUSDT,1706371200000,0.000083,41797.4,MARK_PRICE_EXACT_OPEN,1706371200000,0
BTCUSDT,1706400000000,0.0001,42102.2,MARK_PRICE_EXACT_OPEN,1706400000000,0
BTCUSDT,1706428800000,0.00004725,42370,MARK_PRICE_EXACT_OPEN,1706428800000,0
BTCUSDT,1706457600000,0.0001,42244.5,MARK_PRICE_EXACT_OPEN,1706457600000,0
BTCUSDT,1706486400000,0.0001,42021.3,MARK_PRICE_EXACT_OPEN,1706486400000,0
BTCUSDT,1706515200001,0.00009142,42053.1,MARK_PRICE_PREVIOUS_FALLBACK,1706515200000,1
BTCUSDT,1706544000000,0.0001,42626.51582979,MARK_PRICE_EXACT_OPEN,1706544000000,0
BTCUSDT,1706572800000,0.0001,43287.7,MARK_PRICE_EXACT_OPEN,1706572800000,0
BTCUSDT,1706601600000,0.00009492,43346.6,MARK_PRICE_EXACT_OPEN,1706601600000,0
BTCUSDT,1706630400001,0.00005149,43372.35537589,MARK_PRICE_PREVIOUS_FALLBACK,1706630400000,1
BTCUSDT,1706659200000,0.00002154,42925.49865957,MARK_PRICE_EXACT_OPEN,1706659200000,0
BTCUSDT,1706688000000,0.0001,43040.12039716,MARK_PRICE_EXACT_OPEN,1706688000000,0
BTCUSDT,1706716800000,0.0001,43348.2,MARK_PRICE_EXACT_OPEN,1706716800000,0
BTCUSDT,1706745600000,0.0001,42563.08635461,MARK_PRICE_EXACT_OPEN,1706745600000,0
BTCUSDT,1706774400000,0.0001,42182.2,MARK_PRICE_EXACT_OPEN,1706774400000,0
BTCUSDT,1706803200002,0.0001,42543.7,MARK_PRICE_PREVIOUS_FALLBACK,1706803200000,2
BTCUSDT,1706832000000,0.0001,43072.6,MARK_PRICE_EXACT_OPEN,1706832000000,0
BTCUSDT,1706860800000,0.0001,43085.75394326,MARK_PRICE_EXACT_OPEN,1706860800000,0
BTCUSDT,1706889600000,0.0001,43224.06110638,MARK_PRICE_EXACT_OPEN,1706889600000,0
BTCUSDT,1706918400000,0.00007627,43182,MARK_PRICE_EXACT_OPEN,1706918400000,0
BTCUSDT,1706947200000,0.00009042,43037,MARK_PRICE_EXACT_OPEN,1706947200000,0
BTCUSDT,1706976000001,0.00008028,43117.9,MARK_PRICE_PREVIOUS_FALLBACK,1706976000000,1
BTCUSDT,1707004800000,0.00008307,42993.33852128,MARK_PRICE_EXACT_OPEN,1707004800000,0
BTCUSDT,1707033600004,0.00008846,42815.1,MARK_PRICE_PREVIOUS_FALLBACK,1707033600000,4
BTCUSDT,1707062400000,0.0001,42926.7,MARK_PRICE_EXACT_OPEN,1707062400000,0
BTCUSDT,1707091200000,0.0001,42570.4,MARK_PRICE_EXACT_OPEN,1707091200000,0
BTCUSDT,1707120000000,0.0001,43059,MARK_PRICE_EXACT_OPEN,1707120000000,0
BTCUSDT,1707148800000,0.0001,42629.6,MARK_PRICE_EXACT_OPEN,1707148800000,0
BTCUSDT,1707177600000,0.0001,42693.5927695,MARK_PRICE_EXACT_OPEN,1707177600000,0
BTCUSDT,1707206400001,0.00006723,42912.7,MARK_PRICE_PREVIOUS_FALLBACK,1707206400000,1
BTCUSDT,1707235200000,0.0001,43232.25541135,MARK_PRICE_EXACT_OPEN,1707235200000,0
BTCUSDT,1707264000000,0.00007527,43079.1,MARK_PRICE_EXACT_OPEN,1707264000000,0
BTCUSDT,1707292800000,0.00005373,42904.8,MARK_PRICE_EXACT_OPEN,1707292800000,0
BTCUSDT,1707321600000,0.00008306,43052.5,MARK_PRICE_EXACT_OPEN,1707321600000,0
BTCUSDT,1707350400000,0.0001,44326.22497872,MARK_PRICE_EXACT_OPEN,1707350400000,0
BTCUSDT,1707379200000,0.00006535,44499.75039716,MARK_PRICE_EXACT_OPEN,1707379200000,0
BTCUSDT,1707408000000,0.0000259,45409.54719858,MARK_PRICE_EXACT_OPEN,1707408000000,0
BTCUSDT,1707436800000,0.0000316,45269.1,MARK_PRICE_EXACT_OPEN,1707436800000,0
BTCUSDT,1707465600000,0.0001,46188.30406028,MARK_PRICE_EXACT_OPEN,1707465600000,0
BTCUSDT,1707494400001,0.00009801,47125.21185985,MARK_PRICE_PREVIOUS_FALLBACK,1707494400000,1
BTCUSDT,1707523200001,0.00008041,47129,MARK_PRICE_PREVIOUS_FALLBACK,1707523200000,1
BTCUSDT,1707552000000,0.0001,47132.3889697,MARK_PRICE_EXACT_OPEN,1707552000000,0
BTCUSDT,1707580800000,0.0001,47334.5777112,MARK_PRICE_EXACT_OPEN,1707580800000,0
BTCUSDT,1707609600000,0.0001,47734.61973485,MARK_PRICE_EXACT_OPEN,1707609600000,0
BTCUSDT,1707638400001,0.0001,48163.56603409,MARK_PRICE_PREVIOUS_FALLBACK,1707638400000,1
BTCUSDT,1707667200000,0.0001,48145.50295833,MARK_PRICE_EXACT_OPEN,1707667200000,0
BTCUSDT,1707696000000,0.0001,48298.57401136,MARK_PRICE_EXACT_OPEN,1707696000000,0
BTCUSDT,1707724800000,0.0001,48206.78867803,MARK_PRICE_EXACT_OPEN,1707724800000,0
BTCUSDT,1707753600000,0.0001,49919.4,MARK_PRICE_EXACT_OPEN,1707753600000,0
BTCUSDT,1707782400000,0.0001,49935.64595076,MARK_PRICE_EXACT_OPEN,1707782400000,0
BTCUSDT,1707811200000,0.0001,50016.04285106,MARK_PRICE_EXACT_OPEN,1707811200000,0
BTCUSDT,1707840000000,0.0001,48753.2,MARK_PRICE_EXACT_OPEN,1707840000000,0
BTCUSDT,1707868800000,0.0001,49697.29248227,MARK_PRICE_EXACT_OPEN,1707868800000,0
BTCUSDT,1707897600000,0.0001,49841.90018794,MARK_PRICE_EXACT_OPEN,1707897600000,0
BTCUSDT,1707926400000,0.00012283,51610.33415603,MARK_PRICE_EXACT_OPEN,1707926400000,0
BTCUSDT,1707955200000,0.0001,51817.98284752,MARK_PRICE_EXACT_OPEN,1707955200000,0
BTCUSDT,1707984000000,0.0001,51802.4,MARK_PRICE_EXACT_OPEN,1707984000000,0
BTCUSDT,1708012800000,0.0001,51961.44202837,MARK_PRICE_EXACT_OPEN,1708012800000,0
BTCUSDT,1708041600000,0.0001,51899.1,MARK_PRICE_EXACT_OPEN,1708041600000,0
BTCUSDT,1708070400000,0.0001,51781.60013475,MARK_PRICE_EXACT_OPEN,1708070400000,0
BTCUSDT,1708099200000,0.0001,51909.3,MARK_PRICE_EXACT_OPEN,1708099200000,0
BTCUSDT,1708128000000,0.0001,52145.88278014,MARK_PRICE_EXACT_OPEN,1708128000000,0
BTCUSDT,1708156800000,0.0001,51934,MARK_PRICE_EXACT_OPEN,1708156800000,0
BTCUSDT,1708185600000,0.00016041,51013.4,MARK_PRICE_EXACT_OPEN,1708185600000,0
BTCUSDT,1708214400000,0.0001724,51675.01974242,MARK_PRICE_EXACT_OPEN,1708214400000,0
BTCUSDT,1708243200000,0.00015305,51697.70652273,MARK_PRICE_EXACT_OPEN,1708243200000,0
BTCUSDT,1708272000000,0.00017095,51809,MARK_PRICE_EXACT_OPEN,1708272000000,0
BTCUSDT,1708300800000,0.00023064,52163.39962677,MARK_PRICE_EXACT_OPEN,1708300800000,0
BTCUSDT,1708329600000,0.00019594,52423.9,MARK_PRICE_EXACT_OPEN,1708329600000,0
BTCUSDT,1708358400000,0.00013327,52158.9,MARK_PRICE_EXACT_OPEN,1708358400000,0
BTCUSDT,1708387200000,0.00010461,51813.08142803,MARK_PRICE_EXACT_OPEN,1708387200000,0
BTCUSDT,1708416000000,0.00010912,51868.89496454,MARK_PRICE_EXACT_OPEN,1708416000000,0
BTCUSDT,1708444800000,0.00020259,51707.50049291,MARK_PRICE_EXACT_OPEN,1708444800000,0
BTCUSDT,1708473600000,0.0001,52297.4,MARK_PRICE_EXACT_OPEN,1708473600000,0
BTCUSDT,1708502400000,0.00011242,51595.13521986,MARK_PRICE_EXACT_OPEN,1708502400000,0
BTCUSDT,1708531200000,0.0001,51183.7,MARK_PRICE_EXACT_OPEN,1708531200000,0
BTCUSDT,1708560000001,0.0001,51862.3,MARK_PRICE_PREVIOUS_FALLBACK,1708560000000,1
BTCUSDT,1708588800001,0.0001348,51842.10772993,MARK_PRICE_PREVIOUS_FALLBACK,1708588800000,1
BTCUSDT,1708617600000,0.00012557,51630,MARK_PRICE_EXACT_OPEN,1708617600000,0
BTCUSDT,1708646400000,0.0001,51315.77902837,MARK_PRICE_EXACT_OPEN,1708646400000,0
BTCUSDT,1708675200000,0.0001,50948.20213487,MARK_PRICE_EXACT_OPEN,1708675200000,0
BTCUSDT,1708704000000,0.00012991,50934.46808833,MARK_PRICE_EXACT_OPEN,1708704000000,0
BTCUSDT,1708732800000,0.0001,50759.00207801,MARK_PRICE_EXACT_OPEN,1708732800000,0
BTCUSDT,1708761600001,0.0001,51107.28121986,MARK_PRICE_PREVIOUS_FALLBACK,1708761600000,1
BTCUSDT,1708790400000,0.0001,51124.6,MARK_PRICE_EXACT_OPEN,1708790400000,0
BTCUSDT,1708819200001,0.00011438,51586.7,MARK_PRICE_PREVIOUS_FALLBACK,1708819200000,1
BTCUSDT,1708848000000,0.00015012,51747.27246212,MARK_PRICE_EXACT_OPEN,1708848000000,0
BTCUSDT,1708876800000,0.00015062,51547.9,MARK_PRICE_EXACT_OPEN,1708876800000,0
BTCUSDT,1708905600000,0.00026761,51758.94718182,MARK_PRICE_EXACT_OPEN,1708905600000,0
BTCUSDT,1708934400000,0.00021567,51326.60957197,MARK_PRICE_EXACT_OPEN,1708934400000,0
BTCUSDT,1708963200000,0.00027227,52868.43844318,MARK_PRICE_EXACT_OPEN,1708963200000,0
BTCUSDT,1708992000000,0.00032262,54511.6,MARK_PRICE_EXACT_OPEN,1708992000000,0
BTCUSDT,1709020800000,0.00073521,56100.1,MARK_PRICE_EXACT_OPEN,1709020800000,0
BTCUSDT,1709049600000,0.00022965,56772.2842234,MARK_PRICE_EXACT_OPEN,1709049600000,0
BTCUSDT,1709078400000,0.00026729,57074.34581915,MARK_PRICE_EXACT_OPEN,1709078400000,0
BTCUSDT,1709107200000,0.00023682,58299.9,MARK_PRICE_EXACT_OPEN,1709107200000,0
BTCUSDT,1709136000000,0.00053538,60999.3082305,MARK_PRICE_EXACT_OPEN,1709136000000,0
BTCUSDT,1709164800000,0.00069091,62477.49954094,MARK_PRICE_EXACT_OPEN,1709164800000,0
BTCUSDT,1709193600000,0.00076337,62758.0596412,MARK_PRICE_EXACT_OPEN,1709193600000,0
BTCUSDT,1709222400000,0.00057031,62809.1,MARK_PRICE_EXACT_OPEN,1709222400000,0
BTCUSDT,1709251200000,0.00053322,61203.4,MARK_PRICE_EXACT_OPEN,1709251200000,0
BTCUSDT,1709280000000,0.00064824,61475.96607447,MARK_PRICE_EXACT_OPEN,1709280000000,0
BTCUSDT,1709308800000,0.0004601,61335.4,MARK_PRICE_EXACT_OPEN,1709308800000,0
BTCUSDT,1709337600000,0.00033426,62426.6637766,MARK_PRICE_EXACT_OPEN,1709337600000,0
BTCUSDT,1709366400001,0.00057174,62071.91221825,MARK_PRICE_PREVIOUS_FALLBACK,1709366400000,1
BTCUSDT,1709395200000,0.00056396,61834.6,MARK_PRICE_EXACT_OPEN,1709395200000,0
BTCUSDT,1709424000000,0.00046267,62039.9,MARK_PRICE_EXACT_OPEN,1709424000000,0
BTCUSDT,1709452800000,0.00042989,61641.1,MARK_PRICE_EXACT_OPEN,1709452800000,0
BTCUSDT,1709481600000,0.00044598,62210.7,MARK_PRICE_EXACT_OPEN,1709481600000,0
BTCUSDT,1709510400000,0.00055071,63178.6,MARK_PRICE_EXACT_OPEN,1709510400000,0
BTCUSDT,1709539200000,0.00046833,64120.5,MARK_PRICE_EXACT_OPEN,1709539200000,0
BTCUSDT,1709568000000,0.0006362,66504.19310494,MARK_PRICE_EXACT_OPEN,1709568000000,0
BTCUSDT,1709596800000,0.0004896,68296.4,MARK_PRICE_EXACT_OPEN,1709596800000,0
BTCUSDT,1709625600000,0.00082969,66223.7,MARK_PRICE_EXACT_OPEN,1709625600000,0
BTCUSDT,1709654400000,0.00088148,66840.7,MARK_PRICE_EXACT_OPEN,1709654400000,0
BTCUSDT,1709683200000,0.0003628,63737.46570213,MARK_PRICE_EXACT_OPEN,1709683200000,0
BTCUSDT,1709712000001,0.00033876,66780,MARK_PRICE_PREVIOUS_FALLBACK,1709712000000,1
BTCUSDT,1709740800000,0.00049354,66534.41841489,MARK_PRICE_EXACT_OPEN,1709740800000,0
BTCUSDT,1709769600000,0.00030311,66118.62122727,MARK_PRICE_EXACT_OPEN,1709769600000,0
BTCUSDT,1709798400000,0.00040984,66447.8,MARK_PRICE_EXACT_OPEN,1709798400000,0
BTCUSDT,1709827200000,0.00054217,67317.1,MARK_PRICE_EXACT_OPEN,1709827200000,0
BTCUSDT,1709856000000,0.00034819,66869.9,MARK_PRICE_EXACT_OPEN,1709856000000,0
BTCUSDT,1709884800000,0.00043497,67302.03980303,MARK_PRICE_EXACT_OPEN,1709884800000,0
BTCUSDT,1709913600000,0.00062913,67699.7,MARK_PRICE_EXACT_OPEN,1709913600000,0
BTCUSDT,1709942400000,0.00019134,68174.9926773,MARK_PRICE_EXACT_OPEN,1709942400000,0
BTCUSDT,1709971200001,0.00031281,68395.9,MARK_PRICE_PREVIOUS_FALLBACK,1709971200000,1
BTCUSDT,1710000000000,0.00026407,68340.10517376,MARK_PRICE_EXACT_OPEN,1710000000000,0
BTCUSDT,1710028800000,0.0003101,68360.1,MARK_PRICE_EXACT_OPEN,1710028800000,0
BTCUSDT,1710057600000,0.00063451,69424.70837234,MARK_PRICE_EXACT_OPEN,1710057600000,0
BTCUSDT,1710086400000,0.00054479,69254.7,MARK_PRICE_EXACT_OPEN,1710086400000,0
BTCUSDT,1710115200000,0.00035489,69000,MARK_PRICE_EXACT_OPEN,1710115200000,0
BTCUSDT,1710144000000,0.00078428,71203.54634442,MARK_PRICE_EXACT_OPEN,1710144000000,0
BTCUSDT,1710172800000,0.00066396,72056.4,MARK_PRICE_EXACT_OPEN,1710172800000,0
BTCUSDT,1710201600000,0.0004447,72153.9,MARK_PRICE_EXACT_OPEN,1710201600000,0
BTCUSDT,1710230400000,0.000453,72175.5,MARK_PRICE_EXACT_OPEN,1710230400000,0
BTCUSDT,1710259200000,0.00047935,71771.34852113,MARK_PRICE_EXACT_OPEN,1710259200000,0
BTCUSDT,1710288000000,0.00033224,71506.8,MARK_PRICE_EXACT_OPEN,1710288000000,0
BTCUSDT,1710316800001,0.0006442,73009.5301636,MARK_PRICE_PREVIOUS_FALLBACK,1710316800000,1
BTCUSDT,1710345600000,0.00045402,72670.2,MARK_PRICE_EXACT_OPEN,1710345600000,0
BTCUSDT,1710374400001,0.00024393,73082.08080142,MARK_PRICE_PREVIOUS_FALLBACK,1710374400000,1
BTCUSDT,1710403200000,0.00038753,73280.7,MARK_PRICE_EXACT_OPEN,1710403200000,0
BTCUSDT,1710432000000,0.00038258,70904.4,MARK_PRICE_EXACT_OPEN,1710432000000,0
BTCUSDT,1710460800000,0.00038515,71453.22446454,MARK_PRICE_EXACT_OPEN,1710460800000,0
BTCUSDT,1710489600000,0.00014328,68487.15745833,MARK_PRICE_EXACT_OPEN,1710489600000,0
BTCUSDT,1710518400000,0.00015306,68191.10550016,MARK_PRICE_EXACT_OPEN,1710518400000,0
BTCUSDT,1710547200000,0.0001,69517.88923404,MARK_PRICE_EXACT_OPEN,1710547200000,0
BTCUSDT,1710576000000,0.00023202,69477.38707245,MARK_PRICE_EXACT_OPEN,1710576000000,0
BTCUSDT,1710604800000,0.00020813,68423.45584929,MARK_PRICE_EXACT_OPEN,1710604800000,0
BTCUSDT,1710633600000,0.00013089,65350.9,MARK_PRICE_EXACT_OPEN,1710633600000,0
BTCUSDT,1710662400000,0.00017773,65688.6,MARK_PRICE_EXACT_OPEN,1710662400000,0
BTCUSDT,1710691200000,0.00024827,68006.97658156,MARK_PRICE_EXACT_OPEN,1710691200000,0
BTCUSDT,1710720000000,0.00020181,68448,MARK_PRICE_EXACT_OPEN,1710720000000,0
BTCUSDT,1710748800000,0.00030597,68259.58774823,MARK_PRICE_EXACT_OPEN,1710748800000,0
BTCUSDT,1710777600001,0.00027195,67492.2,MARK_PRICE_PREVIOUS_FALLBACK,1710777600000,1
BTCUSDT,1710806400000,0.00026923,67648.11833623,MARK_PRICE_EXACT_OPEN,1710806400000,0
BTCUSDT,1710835200000,0.00029065,64738.78331206,MARK_PRICE_EXACT_OPEN,1710835200000,0
BTCUSDT,1710864000001,0.00024018,64088.73931818,MARK_PRICE_PREVIOUS_FALLBACK,1710864000000,1
BTCUSDT,1710892800000,0.00015847,61974,MARK_PRICE_EXACT_OPEN,1710892800000,0
BTCUSDT,1710921600004,0.00018388,62942.80759091,MARK_PRICE_PREVIOUS_FALLBACK,1710921600000,4
BTCUSDT,1710950400000,0.0001,63641.22954562,MARK_PRICE_EXACT_OPEN,1710950400000,0
BTCUSDT,1710979200000,0.00010403,67863.7,MARK_PRICE_EXACT_OPEN,1710979200000,0
BTCUSDT,1711008000000,0.00019304,67030.14523864,MARK_PRICE_EXACT_OPEN,1711008000000,0
BTCUSDT,1711036800000,0.0001951,66594.12715909,MARK_PRICE_EXACT_OPEN,1711036800000,0
BTCUSDT,1711065600000,0.00016271,65538.7,MARK_PRICE_EXACT_OPEN,1711065600000,0
BTCUSDT,1711094400000,0.0001,66217.1362234,MARK_PRICE_EXACT_OPEN,1711094400000,0
BTCUSDT,1711123200000,0.00011993,63904.4291844,MARK_PRICE_EXACT_OPEN,1711123200000,0
BTCUSDT,1711152000000,0.0001,63814.29855319,MARK_PRICE_EXACT_OPEN,1711152000000,0
BTCUSDT,1711180800000,0.0001,64606.5,MARK_PRICE_EXACT_OPEN,1711180800000,0
BTCUSDT,1711209600000,0.00010806,65141.7150922,MARK_PRICE_EXACT_OPEN,1711209600000,0
BTCUSDT,1711238400000,0.00010351,64020.3,MARK_PRICE_EXACT_OPEN,1711238400000,0
BTCUSDT,1711267200000,0.00014616,64621.98069504,MARK_PRICE_EXACT_OPEN,1711267200000,0
BTCUSDT,1711296000000,0.00015884,65710.35364563,MARK_PRICE_EXACT_OPEN,1711296000000,0
BTCUSDT,1711324800000,0.00025549,67258.38762057,MARK_PRICE_EXACT_OPEN,1711324800000,0
BTCUSDT,1711353600001,0.00016324,66896.84790071,MARK_PRICE_PREVIOUS_FALLBACK,1711353600000,1
BTCUSDT,1711382400000,0.00028815,69837.28693262,MARK_PRICE_EXACT_OPEN,1711382400000,0
BTCUSDT,1711411200000,0.00021963,69920.5,MARK_PRICE_EXACT_OPEN,1711411200000,0
BTCUSDT,1711440000000,0.00018348,70516.8,MARK_PRICE_EXACT_OPEN,1711440000000,0
BTCUSDT,1711468800000,0.00026764,70307.1,MARK_PRICE_EXACT_OPEN,1711468800000,0
BTCUSDT,1711497600000,0.00028757,70039.82099291,MARK_PRICE_EXACT_OPEN,1711497600000,0
BTCUSDT,1711526400001,0.00029551,69863.25190071,MARK_PRICE_PREVIOUS_FALLBACK,1711526400000,1
BTCUSDT,1711555200000,0.00043631,68921.6919539,MARK_PRICE_EXACT_OPEN,1711555200000,0
BTCUSDT,1711584000000,0.00024195,69532.6,MARK_PRICE_EXACT_OPEN,1711584000000,0
BTCUSDT,1711612800000,0.00029899,70449.15108511,MARK_PRICE_EXACT_OPEN,1711612800000,0
BTCUSDT,1711641600000,0.0002943,71320.0209078,MARK_PRICE_EXACT_OPEN,1711641600000,0
BTCUSDT,1711670400000,0.0001825,70833.5853617,MARK_PRICE_EXACT_OPEN,1711670400000,0
BTCUSDT,1711699200000,0.00025456,69853.35957447,MARK_PRICE_EXACT_OPEN,1711699200000,0
BTCUSDT,1711728000000,0.0003017,69219.28912057,MARK_PRICE_EXACT_OPEN,1711728000000,0
BTCUSDT,1711756800000,0.00019624,69898.66336879,MARK_PRICE_EXACT_OPEN,1711756800000,0
BTCUSDT,1711785600000,0.00032267,69902,MARK_PRICE_EXACT_OPEN,1711785600000,0
BTCUSDT,1711814400000,0.0003436,70057.7249405,MARK_PRICE_EXACT_OPEN,1711814400000,0
BTCUSDT,1711843200000,0.00032351,69636.36575177,MARK_PRICE_EXACT_OPEN,1711843200000,0
BTCUSDT,1711872000000,0.00039889,70353.82911702,MARK_PRICE_EXACT_OPEN,1711872000000,0
BTCUSDT,1711900800001,0.00040301,70449.69655319,MARK_PRICE_PREVIOUS_FALLBACK,1711900800000,1
BTCUSDT,1711929600000,0.00070161,71363,MARK_PRICE_EXACT_OPEN,1711929600000,0
BTCUSDT,1711958400000,0.00033491,69635.75684043,MARK_PRICE_EXACT_OPEN,1711958400000,0
BTCUSDT,1711987200000,0.00027469,68284.83075177,MARK_PRICE_EXACT_OPEN,1711987200000,0
BTCUSDT,1712016000007,0.00010926,69715.48440426,MARK_PRICE_PREVIOUS_FALLBACK,1712016000000,7
BTCUSDT,1712044800015,0.0001,66512.5235922,MARK_PRICE_PREVIOUS_FALLBACK,1712044800000,15
BTCUSDT,1712073600000,0.00016456,64922.16037589,MARK_PRICE_EXACT_OPEN,1712073600000,0
BTCUSDT,1712102400000,0.0001,65488.95697163,MARK_PRICE_EXACT_OPEN,1712102400000,0
BTCUSDT,1712131200000,0.0001,66172.55866471,MARK_PRICE_EXACT_OPEN,1712131200000,0
BTCUSDT,1712160000000,0.0001,65867.4,MARK_PRICE_EXACT_OPEN,1712160000000,0
BTCUSDT,1712188800000,0.0001,65971.50290071,MARK_PRICE_EXACT_OPEN,1712188800000,0
BTCUSDT,1712217600000,0.0001,66097.48730496,MARK_PRICE_EXACT_OPEN,1712217600000,0
BTCUSDT,1712246400000,0.0001,67631.7,MARK_PRICE_EXACT_OPEN,1712246400000,0
BTCUSDT,1712275200000,0.0001,68489.8,MARK_PRICE_EXACT_OPEN,1712275200000,0
BTCUSDT,1712304000000,0.0001,66931.37729274,MARK_PRICE_EXACT_OPEN,1712304000000,0
BTCUSDT,1712332800000,0.0001,68207.38882979,MARK_PRICE_EXACT_OPEN,1712332800000,0
BTCUSDT,1712361600000,0.0001,67822.92808511,MARK_PRICE_EXACT_OPEN,1712361600000,0
BTCUSDT,1712390400000,0.0001,67985.2,MARK_PRICE_EXACT_OPEN,1712390400000,0
BTCUSDT,1712419200000,0.0001,68094,MARK_PRICE_EXACT_OPEN,1712419200000,0
BTCUSDT,1712448000000,0.0001,68897.24894326,MARK_PRICE_EXACT_OPEN,1712448000000,0
BTCUSDT,1712476800000,0.0001,69367.4,MARK_PRICE_EXACT_OPEN,1712476800000,0
BTCUSDT,1712505600000,0.0001,69560.34690071,MARK_PRICE_EXACT_OPEN,1712505600000,0
BTCUSDT,1712534400001,0.0001,69351.42684397,MARK_PRICE_PREVIOUS_FALLBACK,1712534400000,1
BTCUSDT,1712563200000,0.0001,70726.91580142,MARK_PRICE_EXACT_OPEN,1712563200000,0
BTCUSDT,1712592000006,0.00035189,71851.56409391,MARK_PRICE_PREVIOUS_FALLBACK,1712592000000,6
BTCUSDT,1712620800000,0.00020915,71675.62338298,MARK_PRICE_EXACT_OPEN,1712620800000,0
BTCUSDT,1712649600001,0.00020603,70325.02321277,MARK_PRICE_PREVIOUS_FALLBACK,1712649600000,1
BTCUSDT,1712678400001,0.00019061,69341.3,MARK_PRICE_PREVIOUS_FALLBACK,1712678400000,1
BTCUSDT,1712707200000,0.00011929,69189.2,MARK_PRICE_EXACT_OPEN,1712707200000,0
BTCUSDT,1712736000001,0.00012457,69329.2,MARK_PRICE_PREVIOUS_FALLBACK,1712736000000,1
BTCUSDT,1712764800000,0.0001,68687.9,MARK_PRICE_EXACT_OPEN,1712764800000,0
BTCUSDT,1712793600000,0.00013979,70674.32305943,MARK_PRICE_EXACT_OPEN,1712793600000,0
BTCUSDT,1712822400000,0.00020153,70780.71202837,MARK_PRICE_EXACT_OPEN,1712822400000,0
BTCUSDT,1712851200000,0.00019763,70045.9,MARK_PRICE_EXACT_OPEN,1712851200000,0
BTCUSDT,1712880000000,0.00011258,70048.05615603,MARK_PRICE_EXACT_OPEN,1712880000000,0
BTCUSDT,1712908800001,0.0002563,70822.9,MARK_PRICE_PREVIOUS_FALLBACK,1712908800000,1
BTCUSDT,1712937600000,0.00012214,69375.1,MARK_PRICE_EXACT_OPEN,1712937600000,0
BTCUSDT,1712966400000,0.0001,67148.9,MARK_PRICE_EXACT_OPEN,1712966400000,0
BTCUSDT,1712995200000,0.0001,67466.1,MARK_PRICE_EXACT_OPEN,1712995200000,0
BTCUSDT,1713024000001,0.0001,67664.31956028,MARK_PRICE_PREVIOUS_FALLBACK,1713024000000,1
BTCUSDT,1713052800000,0.0001,63925.03126241,MARK_PRICE_EXACT_OPEN,1713052800000,0
BTCUSDT,1713081600000,0.0001,64455.64639007,MARK_PRICE_EXACT_OPEN,1713081600000,0
BTCUSDT,1713110400000,0.0001,64164.20358156,MARK_PRICE_EXACT_OPEN,1713110400000,0
BTCUSDT,1713139200000,0.0001,65624.38156028,MARK_PRICE_EXACT_OPEN,1713139200000,0
BTCUSDT,1713168000001,0.00001759,66270.09996454,MARK_PRICE_PREVIOUS_FALLBACK,1713168000000,1
BTCUSDT,1713196800000,0.0001,64545.8,MARK_PRICE_EXACT_OPEN,1713196800000,0
BTCUSDT,1713225600001,0.00005953,63311.2,MARK_PRICE_PREVIOUS_FALLBACK,1713225600000,1
BTCUSDT,1713254400000,0.00009525,63487.9,MARK_PRICE_EXACT_OPEN,1713254400000,0
BTCUSDT,1713283200000,0.00003513,61753.05706383,MARK_PRICE_EXACT_OPEN,1713283200000,0
BTCUSDT,1713312000000,0.00006375,63775.61112766,MARK_PRICE_EXACT_OPEN,1713312000000,0
BTCUSDT,1713340800000,0.00003574,63257.26621277,MARK_PRICE_EXACT_OPEN,1713340800000,0
BTCUSDT,1713369600000,0.00006534,60288.66684397,MARK_PRICE_EXACT_OPEN,1713369600000,0
BTCUSDT,1713398400000,0.00006937,61254.5,MARK_PRICE_EXACT_OPEN,1713398400000,0
BTCUSDT,1713427200000,0.00005982,61155.24931915,MARK_PRICE_EXACT_OPEN,1713427200000,0
BTCUSDT,1713456000000,-0.00003334,63474,MARK_PRICE_EXACT_OPEN,1713456000000,0
BTCUSDT,1713484800001,-0.0000312,63375.35446809,MARK_PRICE_PREVIOUS_FALLBACK,1713484800000,1
BTCUSDT,1713513600000,0.00006641,64517.9,MARK_PRICE_EXACT_OPEN,1713513600000,0
BTCUSDT,1713542400000,0.0000588,64425.67251773,MARK_PRICE_EXACT_OPEN,1713542400000,0
BTCUSDT,1713571200000,0.0001,63787.4,MARK_PRICE_EXACT_OPEN,1713571200000,0
BTCUSDT,1713600000000,-0.00000766,63937.9,MARK_PRICE_EXACT_OPEN,1713600000000,0
BTCUSDT,1713628800000,0.00004204,64779.48886525,MARK_PRICE_EXACT_OPEN,1713628800000,0
BTCUSDT,1713657600000,0.00003186,64905.14994326,MARK_PRICE_EXACT_OPEN,1713657600000,0
BTCUSDT,1713686400000,-0.00002093,65110.09575935,MARK_PRICE_EXACT_OPEN,1713686400000,0
BTCUSDT,1713715200000,0.00008271,65016.22880142,MARK_PRICE_EXACT_OPEN,1713715200000,0
BTCUSDT,1713744000000,0.00004409,64912.6,MARK_PRICE_EXACT_OPEN,1713744000000,0
BTCUSDT,1713772800000,0.00002497,65943.8,MARK_PRICE_EXACT_OPEN,1713772800000,0
BTCUSDT,1713801600000,0.00000898,65964.3,MARK_PRICE_EXACT_OPEN,1713801600000,0
BTCUSDT,1713830400000,-0.00001236,66788.36807801,MARK_PRICE_EXACT_OPEN,1713830400000,0
BTCUSDT,1713859200000,0.0000524,66080,MARK_PRICE_EXACT_OPEN,1713859200000,0
BTCUSDT,1713888000001,-0.00001083,66440.1,MARK_PRICE_PREVIOUS_FALLBACK,1713888000000,1
BTCUSDT,1713916800000,0.00001413,66386.3,MARK_PRICE_EXACT_OPEN,1713916800000,0
BTCUSDT,1713945600000,0.00005302,66593.05630496,MARK_PRICE_EXACT_OPEN,1713945600000,0
BTCUSDT,1713974400000,0.00007047,64598.8,MARK_PRICE_EXACT_OPEN,1713974400000,0
BTCUSDT,1714003200000,0.0000702,64255.45886525,MARK_PRICE_EXACT_OPEN,1714003200000,0
BTCUSDT,1714032000000,0.00004069,63991.2496383,MARK_PRICE_EXACT_OPEN,1714032000000,0
BTCUSDT,1714060800010,0.0000114,64068.7,MARK_PRICE_PREVIOUS_FALLBACK,1714060800000,10
BTCUSDT,1714089600001,0.00001709,64504.6,MARK_PRICE_PREVIOUS_FALLBACK,1714089600000,1
BTCUSDT,1714118400000,0.00000685,64238.35636879,MARK_PRICE_EXACT_OPEN,1714118400000,0
BTCUSDT,1714147200000,0.00005562,63481.3,MARK_PRICE_EXACT_OPEN,1714147200000,0
BTCUSDT,1714176000000,0.0001,63748.8,MARK_PRICE_EXACT_OPEN,1714176000000,0
BTCUSDT,1714204800001,0.0000747,62984.1,MARK_PRICE_PREVIOUS_FALLBACK,1714204800000,1
BTCUSDT,1714233600000,0.00002834,62930.16156738,MARK_PRICE_EXACT_OPEN,1714233600000,0
BTCUSDT,1714262400000,0.00001006,63426.63009929,MARK_PRICE_EXACT_OPEN,1714262400000,0
BTCUSDT,1714291200000,-0.00002081,63883.1,MARK_PRICE_EXACT_OPEN,1714291200000,0
BTCUSDT,1714320000000,0.00002782,63508.6,MARK_PRICE_EXACT_OPEN,1714320000000,0
BTCUSDT,1714348800000,0.00002472,63088.4,MARK_PRICE_EXACT_OPEN,1714348800000,0
BTCUSDT,1714377600000,0.00005544,62367.36565957,MARK_PRICE_EXACT_OPEN,1714377600000,0
BTCUSDT,1714406400000,0.00006828,63012,MARK_PRICE_EXACT_OPEN,1714406400000,0
BTCUSDT,1714435200000,0.0000974,63832.2,MARK_PRICE_EXACT_OPEN,1714435200000,0
BTCUSDT,1714464000000,0.00009154,63123.7,MARK_PRICE_EXACT_OPEN,1714464000000,0
BTCUSDT,1714492800000,0.0001,60771.32493617,MARK_PRICE_EXACT_OPEN,1714492800000,0
BTCUSDT,1714521600000,0.0001,60651.1,MARK_PRICE_EXACT_OPEN,1714521600000,0
BTCUSDT,1714550400000,0.00008946,57476.7,MARK_PRICE_EXACT_OPEN,1714550400000,0
BTCUSDT,1714579200000,0.00009902,56865.26551064,MARK_PRICE_EXACT_OPEN,1714579200000,0
BTCUSDT,1714608000000,0.00006634,58312.12589362,MARK_PRICE_EXACT_OPEN,1714608000000,0
BTCUSDT,1714636800000,0.00006169,57646.04275887,MARK_PRICE_EXACT_OPEN,1714636800000,0
BTCUSDT,1714665600002,-0.00000123,59186.1,MARK_PRICE_PREVIOUS_FALLBACK,1714665600000,2
BTCUSDT,1714694400000,-0.00001549,59037.02063121,MARK_PRICE_EXACT_OPEN,1714694400000,0
BTCUSDT,1714723200000,-0.00003764,59158.1,MARK_PRICE_EXACT_OPEN,1714723200000,0
BTCUSDT,1714752000000,0.00008091,61662.1,MARK_PRICE_EXACT_OPEN,1714752000000,0
BTCUSDT,1714780800000,0.00002703,62853.7,MARK_PRICE_EXACT_OPEN,1714780800000,0
BTCUSDT,1714809600000,0.00007455,62933.77334752,MARK_PRICE_EXACT_OPEN,1714809600000,0
BTCUSDT,1714838400000,0.00006265,63590,MARK_PRICE_EXACT_OPEN,1714838400000,0
BTCUSDT,1714867200000,0.00006906,63864.2,MARK_PRICE_EXACT_OPEN,1714867200000,0
BTCUSDT,1714896000000,0.00000647,63702.66485816,MARK_PRICE_EXACT_OPEN,1714896000000,0
BTCUSDT,1714924800000,0.00003893,64398.1,MARK_PRICE_EXACT_OPEN,1714924800000,0
BTCUSDT,1714953600000,0.00000602,63988,MARK_PRICE_EXACT_OPEN,1714953600000,0
BTCUSDT,1714982400000,-0.00001031,64510.29360284,MARK_PRICE_EXACT_OPEN,1714982400000,0
BTCUSDT,1715011200000,0.00007746,63607.48150355,MARK_PRICE_EXACT_OPEN,1715011200000,0
BTCUSDT,1715040000000,0.00006064,63142.8,MARK_PRICE_EXACT_OPEN,1715040000000,0
BTCUSDT,1715068800000,0.00001581,63649,MARK_PRICE_EXACT_OPEN,1715068800000,0
BTCUSDT,1715097600000,0.00009028,63715.90033333,MARK_PRICE_EXACT_OPEN,1715097600000,0
BTCUSDT,1715126400000,0.00004891,62295.9,MARK_PRICE_EXACT_OPEN,1715126400000,0
BTCUSDT,1715155200000,0.00005553,62186.7,MARK_PRICE_EXACT_OPEN,1715155200000,0
BTCUSDT,1715184000000,0.00009292,62251.9,MARK_PRICE_EXACT_OPEN,1715184000000,0
BTCUSDT,1715212800000,0.00005648,61159.60613475,MARK_PRICE_EXACT_OPEN,1715212800000,0
BTCUSDT,1715241600000,0.00003315,61227.44769504,MARK_PRICE_EXACT_OPEN,1715241600000,0
BTCUSDT,1715270400000,0.00007253,62124.75106383,MARK_PRICE_EXACT_OPEN,1715270400000,0
BTCUSDT,1715299200000,0.00001026,63050.1,MARK_PRICE_EXACT_OPEN,1715299200000,0
BTCUSDT,1715328000000,0.00005934,63053.8,MARK_PRICE_EXACT_OPEN,1715328000000,0
BTCUSDT,1715356800000,0.00007653,60896.1,MARK_PRICE_EXACT_OPEN,1715356800000,0
BTCUSDT,1715385600000,0.00008881,60778.1,MARK_PRICE_EXACT_OPEN,1715385600000,0
BTCUSDT,1715414400000,0.00003771,60989.66753191,MARK_PRICE_EXACT_OPEN,1715414400000,0
BTCUSDT,1715443200000,0.00005067,61148.13121277,MARK_PRICE_EXACT_OPEN,1715443200000,0
BTCUSDT,1715472000000,0.00002604,60809.2,MARK_PRICE_EXACT_OPEN,1715472000000,0
BTCUSDT,1715500800000,0.0000283,60804.4,MARK_PRICE_EXACT_OPEN,1715500800000,0
BTCUSDT,1715529600000,0.0001,61395.9,MARK_PRICE_EXACT_OPEN,1715529600000,0
BTCUSDT,1715558400001,0.0001,61496.57210638,MARK_PRICE_PREVIOUS_FALLBACK,1715558400000,1
BTCUSDT,1715587200001,0.00008469,62511.83332624,MARK_PRICE_PREVIOUS_FALLBACK,1715587200000,1
BTCUSDT,1715616000000,0.00009151,62977.1,MARK_PRICE_EXACT_OPEN,1715616000000,0
BTCUSDT,1715644800000,0.00009866,62917.6,MARK_PRICE_EXACT_OPEN,1715644800000,0
BTCUSDT,1715673600000,0.0001,62003.15186525,MARK_PRICE_EXACT_OPEN,1715673600000,0
BTCUSDT,1715702400000,0.00004392,61749.9,MARK_PRICE_EXACT_OPEN,1715702400000,0
BTCUSDT,1715731200000,0.0001,61551.95992663,MARK_PRICE_EXACT_OPEN,1715731200000,0
BTCUSDT,1715760000000,-0.00000385,62161.80943262,MARK_PRICE_EXACT_OPEN,1715760000000,0
BTCUSDT,1715788800000,0.00002373,64699.9,MARK_PRICE_EXACT_OPEN,1715788800000,0
BTCUSDT,1715817600004,0.00002103,66226.7,MARK_PRICE_PREVIOUS_FALLBACK,1715817600000,4
BTCUSDT,1715846400000,0.00005148,66106.70102128,MARK_PRICE_EXACT_OPEN,1715846400000,0
BTCUSDT,1715875200000,0.00003543,65800,MARK_PRICE_EXACT_OPEN,1715875200000,0
BTCUSDT,1715904000000,0.00004647,65217.8,MARK_PRICE_EXACT_OPEN,1715904000000,0
BTCUSDT,1715932800000,0.00000815,66352.06608951,MARK_PRICE_EXACT_OPEN,1715932800000,0
BTCUSDT,1715961600000,-0.00000298,67165.6,MARK_PRICE_EXACT_OPEN,1715961600000,0
BTCUSDT,1715990400000,0.00000628,66981.43681585,MARK_PRICE_EXACT_OPEN,1715990400000,0
BTCUSDT,1716019200000,0.00008012,66856.72598582,MARK_PRICE_EXACT_OPEN,1716019200000,0
BTCUSDT,1716048000000,-0.00000792,66782.79441844,MARK_PRICE_EXACT_OPEN,1716048000000,0
BTCUSDT,1716076800000,0.00003339,66889.61222695,MARK_PRICE_EXACT_OPEN,1716076800000,0
BTCUSDT,1716105600000,0.0000521,67299.09055319,MARK_PRICE_EXACT_OPEN,1716105600000,0
BTCUSDT,1716134400000,0.00004779,66863,MARK_PRICE_EXACT_OPEN,1716134400000,0
BTCUSDT,1716163200000,0.00005607,66239.4,MARK_PRICE_EXACT_OPEN,1716163200000,0
BTCUSDT,1716192000000,0.00002479,66792.98546809,MARK_PRICE_EXACT_OPEN,1716192000000,0
BTCUSDT,1716220800003,0.00002552,67450.79947518,MARK_PRICE_PREVIOUS_FALLBACK,1716220800000,3
BTCUSDT,1716249600000,0.0001,71464.47075887,MARK_PRICE_EXACT_OPEN,1716249600000,0
BTCUSDT,1716278400001,0.00010517,70912.59384397,MARK_PRICE_PREVIOUS_FALLBACK,1716278400000,1
BTCUSDT,1716307200000,0.0001,69865.29020567,MARK_PRICE_EXACT_OPEN,1716307200000,0
BTCUSDT,1716336000000,0.0001,70161.66021986,MARK_PRICE_EXACT_OPEN,1716336000000,0
BTCUSDT,1716364800000,0.00015759,69758.26461702,MARK_PRICE_EXACT_OPEN,1716364800000,0
BTCUSDT,1716393600000,0.0001,70485.7,MARK_PRICE_EXACT_OPEN,1716393600000,0
BTCUSDT,1716422400000,0.0001,69216.75041844,MARK_PRICE_EXACT_OPEN,1716422400000,0
BTCUSDT,1716451200000,0.0001,69769.14902128,MARK_PRICE_EXACT_OPEN,1716451200000,0
BTCUSDT,1716480000000,0.0001,68101.47424823,MARK_PRICE_EXACT_OPEN,1716480000000,0
BTCUSDT,1716508800000,0.0001,67999.9,MARK_PRICE_EXACT_OPEN,1716508800000,0
BTCUSDT,1716537600000,0.0001,67186.09227439,MARK_PRICE_EXACT_OPEN,1716537600000,0
BTCUSDT,1716566400000,0.0001,68340.2,MARK_PRICE_EXACT_OPEN,1716566400000,0
BTCUSDT,1716595200000,0.0001,68575.85285816,MARK_PRICE_EXACT_OPEN,1716595200000,0
BTCUSDT,1716624000000,0.0001,68775,MARK_PRICE_EXACT_OPEN,1716624000000,0
BTCUSDT,1716652800000,0.0001,68945.95104965,MARK_PRICE_EXACT_OPEN,1716652800000,0
BTCUSDT,1716681600000,0.0001,69310.33024113,MARK_PRICE_EXACT_OPEN,1716681600000,0
BTCUSDT,1716710400000,0.0001,69359.2,MARK_PRICE_EXACT_OPEN,1716710400000,0
BTCUSDT,1716739200000,0.0001,68863.88640426,MARK_PRICE_EXACT_OPEN,1716739200000,0
BTCUSDT,1716768000000,0.0001,68524.3,MARK_PRICE_EXACT_OPEN,1716768000000,0
BTCUSDT,1716796800000,0.0001,68661.1,MARK_PRICE_EXACT_OPEN,1716796800000,0
BTCUSDT,1716825600000,0.0001,70420.53890071,MARK_PRICE_EXACT_OPEN,1716825600000,0
BTCUSDT,1716854400000,0.0001,69461.6,MARK_PRICE_EXACT_OPEN,1716854400000,0
BTCUSDT,1716883200000,0.0001,67712,MARK_PRICE_EXACT_OPEN,1716883200000,0
BTCUSDT,1716912000000,0.0001,68397,MARK_PRICE_EXACT_OPEN,1716912000000,0
BTCUSDT,1716940800001,0.0001,68464.52404965,MARK_PRICE_PREVIOUS_FALLBACK,1716940800000,1
BTCUSDT,1716969600000,0.0001,67984.3,MARK_PRICE_EXACT_OPEN,1716969600000,0
BTCUSDT,1716998400000,0.00012558,67420.5,MARK_PRICE_EXACT_OPEN,1716998400000,0
BTCUSDT,1717027200000,0.0001,67686.7,MARK_PRICE_EXACT_OPEN,1717027200000,0
BTCUSDT,1717056000000,0.0001,67624.168,MARK_PRICE_EXACT_OPEN,1717056000000,0
BTCUSDT,1717084800000,0.0001,68560.89908511,MARK_PRICE_EXACT_OPEN,1717084800000,0
BTCUSDT,1717113600000,0.00014599,68397.3161844,MARK_PRICE_EXACT_OPEN,1717113600000,0
BTCUSDT,1717142400000,0.00012268,68223.75825532,MARK_PRICE_EXACT_OPEN,1717142400000,0
BTCUSDT,1717171200000,0.0001,67252.7,MARK_PRICE_EXACT_OPEN,1717171200000,0
BTCUSDT,1717200000000,0.0001,67570.9311773,MARK_PRICE_EXACT_OPEN,1717200000000,0
BTCUSDT,1717228800000,0.0001,67672.36980851,MARK_PRICE_EXACT_OPEN,1717228800000,0
BTCUSDT,1717257600001,0.0001025,67748.3616383,MARK_PRICE_PREVIOUS_FALLBACK,1717257600000,1
BTCUSDT,1717286400000,0.0001,67799.2,MARK_PRICE_EXACT_OPEN,1717286400000,0
BTCUSDT,1717315200000,0.0001,67743,MARK_PRICE_EXACT_OPEN,1717315200000,0
BTCUSDT,1717344000000,0.0001,68189.9,MARK_PRICE_EXACT_OPEN,1717344000000,0
BTCUSDT,1717372800000,0.0001,67806,MARK_PRICE_EXACT_OPEN,1717372800000,0
BTCUSDT,1717401600000,0.00014135,68949.97496454,MARK_PRICE_EXACT_OPEN,1717401600000,0
BTCUSDT,1717430400000,0.0001,69637.74636879,MARK_PRICE_EXACT_OPEN,1717430400000,0
BTCUSDT,1717459200000,0.00012008,68851.3,MARK_PRICE_EXACT_OPEN,1717459200000,0
BTCUSDT,1717488000000,0.0001,69048.97910492,MARK_PRICE_EXACT_OPEN,1717488000000,0
BTCUSDT,1717516800000,0.0001,70485.89790071,MARK_PRICE_EXACT_OPEN,1717516800000,0
BTCUSDT,1717545600000,0.0001,70580.1,MARK_PRICE_EXACT_OPEN,1717545600000,0
BTCUSDT,1717574400000,0.00016387,71237.1757305,MARK_PRICE_EXACT_OPEN,1717574400000,0
BTCUSDT,1717603200000,0.00013226,71625.2,MARK_PRICE_EXACT_OPEN,1717603200000,0
BTCUSDT,1717632000000,0.0001,71133.3,MARK_PRICE_EXACT_OPEN,1717632000000,0
BTCUSDT,1717660800008,0.00010438,71068,MARK_PRICE_PREVIOUS_FALLBACK,1717660800000,8
BTCUSDT,1717689600000,0.0001177,71332.40630496,MARK_PRICE_EXACT_OPEN,1717689600000,0
BTCUSDT,1717718400000,0.0001,70830,MARK_PRICE_EXACT_OPEN,1717718400000,0
BTCUSDT,1717747200000,0.0001,71147.9,MARK_PRICE_EXACT_OPEN,1717747200000,0
BTCUSDT,1717776000000,0.00010166,71150,MARK_PRICE_EXACT_OPEN,1717776000000,0
BTCUSDT,1717804800000,0.0001,69377,MARK_PRICE_EXACT_OPEN,1717804800000,0
BTCUSDT,1717833600000,0.0001,69612.10561702,MARK_PRICE_EXACT_OPEN,1717833600000,0
BTCUSDT,1717862400000,0.0001,69462.1,MARK_PRICE_EXACT_OPEN,1717862400000,0
BTCUSDT,1717891200000,0.0001,69346.5,MARK_PRICE_EXACT_OPEN,1717891200000,0
BTCUSDT,1717920000000,0.0001,69331.9,MARK_PRICE_EXACT_OPEN,1717920000000,0
BTCUSDT,1717948800001,0.0001,69536.08853901,MARK_PRICE_PREVIOUS_FALLBACK,1717948800000,1
BTCUSDT,1717977600000,0.0001,69667.1,MARK_PRICE_EXACT_OPEN,1717977600000,0
BTCUSDT,1718006400000,0.0001,69325.2,MARK_PRICE_EXACT_OPEN,1718006400000,0
BTCUSDT,1718035200001,0.0001,70059.2,MARK_PRICE_PREVIOUS_FALLBACK,1718035200000,1
BTCUSDT,1718064000001,0.0001,69554.11414894,MARK_PRICE_PREVIOUS_FALLBACK,1718064000000,1
BTCUSDT,1718092800000,0.0001,67582.1,MARK_PRICE_EXACT_OPEN,1718092800000,0
BTCUSDT,1718121600000,0.0001,66259.90092908,MARK_PRICE_EXACT_OPEN,1718121600000,0
BTCUSDT,1718150400000,0.0001,67316.36897872,MARK_PRICE_EXACT_OPEN,1718150400000,0
BTCUSDT,1718179200000,0.0001,67453.49152482,MARK_PRICE_EXACT_OPEN,1718179200000,0
BTCUSDT,1718208000000,0.0001,69735.43802128,MARK_PRICE_EXACT_OPEN,1718208000000,0
BTCUSDT,1718236800000,0.0001,68269.15138298,MARK_PRICE_EXACT_OPEN,1718236800000,0
BTCUSDT,1718265600001,0.0001,67713.12639716,MARK_PRICE_PREVIOUS_FALLBACK,1718265600000,1
BTCUSDT,1718294400000,0.0001,66469.11765957,MARK_PRICE_EXACT_OPEN,1718294400000,0
BTCUSDT,1718323200000,0.0001,66782.54541135,MARK_PRICE_EXACT_OPEN,1718323200000,0
BTCUSDT,1718352000000,0.0001,66907.91765957,MARK_PRICE_EXACT_OPEN,1718352000000,0
BTCUSDT,1718380800000,0.0001,66387.61166667,MARK_PRICE_EXACT_OPEN,1718380800000,0
BTCUSDT,1718409600000,0.0001,66039.7,MARK_PRICE_EXACT_OPEN,1718409600000,0
BTCUSDT,1718438400000,0.0001,66076.87574468,MARK_PRICE_EXACT_OPEN,1718438400000,0
BTCUSDT,1718467200000,0.0001,66311.9,MARK_PRICE_EXACT_OPEN,1718467200000,0
BTCUSDT,1718496000001,0.0001,66183.77336879,MARK_PRICE_PREVIOUS_FALLBACK,1718496000000,1
BTCUSDT,1718524800000,0.0001,66249.4,MARK_PRICE_EXACT_OPEN,1718524800000,0
BTCUSDT,1718553600000,0.0001,66693.21286525,MARK_PRICE_EXACT_OPEN,1718553600000,0
BTCUSDT,1718582400000,0.0001,66658.01889362,MARK_PRICE_EXACT_OPEN,1718582400000,0
BTCUSDT,1718611200000,0.0001,66147.3,MARK_PRICE_EXACT_OPEN,1718611200000,0
BTCUSDT,1718640000000,0.0001,65341.9,MARK_PRICE_EXACT_OPEN,1718640000000,0
BTCUSDT,1718668800000,0.0001,66472,MARK_PRICE_EXACT_OPEN,1718668800000,0
BTCUSDT,1718697600000,0.00008236,65646.3,MARK_PRICE_EXACT_OPEN,1718697600000,0
BTCUSDT,1718726400000,0.0001,64674.76685106,MARK_PRICE_EXACT_OPEN,1718726400000,0
BTCUSDT,1718755200001,0.0001,65130,MARK_PRICE_PREVIOUS_FALLBACK,1718755200000,1
BTCUSDT,1718784000001,0.00004127,65323,MARK_PRICE_PREVIOUS_FALLBACK,1718784000000,1
BTCUSDT,1718812800000,0.00002967,64895.35796038,MARK_PRICE_EXACT_OPEN,1718812800000,0
BTCUSDT,1718841600000,0.00003934,64946.30757887,MARK_PRICE_EXACT_OPEN,1718841600000,0
BTCUSDT,1718870400000,0.00005953,65831.3,MARK_PRICE_EXACT_OPEN,1718870400000,0
BTCUSDT,1718899200000,0.00006879,64801.04885816,MARK_PRICE_EXACT_OPEN,1718899200000,0
BTCUSDT,1718928000000,0.00003344,64853.9,MARK_PRICE_EXACT_OPEN,1718928000000,0
BTCUSDT,1718956800000,0.00007328,64180.8,MARK_PRICE_EXACT_OPEN,1718956800000,0
BTCUSDT,1718985600000,0.0001,63712,MARK_PRICE_EXACT_OPEN,1718985600000,0
BTCUSDT,1719014400000,0.0001,64124,MARK_PRICE_EXACT_OPEN,1719014400000,0
BTCUSDT,1719043200000,0.00004146,64490.1,MARK_PRICE_EXACT_OPEN,1719043200000,0
BTCUSDT,1719072000000,0.0001,64283.46988652,MARK_PRICE_EXACT_OPEN,1719072000000,0
BTCUSDT,1719100800000,0.0001,64242.52147518,MARK_PRICE_EXACT_OPEN,1719100800000,0
BTCUSDT,1719129600000,0.00002307,64390,MARK_PRICE_EXACT_OPEN,1719129600000,0
BTCUSDT,1719158400000,0.00004676,64071.8,MARK_PRICE_EXACT_OPEN,1719158400000,0
BTCUSDT,1719187200002,0.00009534,63236,MARK_PRICE_PREVIOUS_FALLBACK,1719187200000,2
BTCUSDT,1719216000000,0.0001,62433.7,MARK_PRICE_EXACT_OPEN,1719216000000,0
BTCUSDT,1719244800000,0.00007488,60823.2,MARK_PRICE_EXACT_OPEN,1719244800000,0
BTCUSDT,1719273600000,0.00007447,60273.5,MARK_PRICE_EXACT_OPEN,1719273600000,0
BTCUSDT,1719302400000,0.00005949,60660,MARK_PRICE_EXACT_OPEN,1719302400000,0
BTCUSDT,1719331200000,0.00007752,61776,MARK_PRICE_EXACT_OPEN,1719331200000,0
BTCUSDT,1719360000002,0.0001,61804.3,MARK_PRICE_PREVIOUS_FALLBACK,1719360000000,2
BTCUSDT,1719388800000,0.0001,61705.3,MARK_PRICE_EXACT_OPEN,1719388800000,0
BTCUSDT,1719417600000,0.0001,61444.55675887,MARK_PRICE_EXACT_OPEN,1719417600000,0
BTCUSDT,1719446400000,0.0001,60860.46280851,MARK_PRICE_EXACT_OPEN,1719446400000,0
BTCUSDT,1719475200001,0.0001,60802.8,MARK_PRICE_PREVIOUS_FALLBACK,1719475200000,1
BTCUSDT,1719504000000,0.0001,61570.5,MARK_PRICE_EXACT_OPEN,1719504000000,0
BTCUSDT,1719532800000,0.0001,61682,MARK_PRICE_EXACT_OPEN,1719532800000,0
BTCUSDT,1719561600000,0.0001,61326.93314184,MARK_PRICE_EXACT_OPEN,1719561600000,0
BTCUSDT,1719590400000,0.0001,61048.94459574,MARK_PRICE_EXACT_OPEN,1719590400000,0
BTCUSDT,1719619200001,0.0001,60443.8,MARK_PRICE_PREVIOUS_FALLBACK,1719619200000,1
BTCUSDT,1719648000000,0.0001,61049.8,MARK_PRICE_EXACT_OPEN,1719648000000,0
BTCUSDT,1719676800000,0.0001,61108.14415603,MARK_PRICE_EXACT_OPEN,1719676800000,0
BTCUSDT,1719705600000,0.0001,60982.4,MARK_PRICE_EXACT_OPEN,1719705600000,0
BTCUSDT,1719734400000,0.0001,61529.93914894,MARK_PRICE_EXACT_OPEN,1719734400000,0
BTCUSDT,1719763200000,0.0001,61716.86914894,MARK_PRICE_EXACT_OPEN,1719763200000,0
BTCUSDT,1719792000000,0.0001,62766,MARK_PRICE_EXACT_OPEN,1719792000000,0
BTCUSDT,1719820800000,0.0001,63263.85829787,MARK_PRICE_EXACT_OPEN,1719820800000,0
BTCUSDT,1719849600001,0.0001,63142.4,MARK_PRICE_PREVIOUS_FALLBACK,1719849600000,1
BTCUSDT,1719878400000,0.0001,62892.46180142,MARK_PRICE_EXACT_OPEN,1719878400000,0
BTCUSDT,1719907200000,0.0001,62620.53560528,MARK_PRICE_EXACT_OPEN,1719907200000,0
BTCUSDT,1719936000000,0.0001,61944.44702128,MARK_PRICE_EXACT_OPEN,1719936000000,0
BTCUSDT,1719964800000,0.0001,62123.6,MARK_PRICE_EXACT_OPEN,1719964800000,0
BTCUSDT,1719993600001,0.0001,60839.5,MARK_PRICE_PREVIOUS_FALLBACK,1719993600000,1
BTCUSDT,1720022400000,0.0001,60178.96865957,MARK_PRICE_EXACT_OPEN,1720022400000,0
BTCUSDT,1720051200000,0.0001,60207.9,MARK_PRICE_EXACT_OPEN,1720051200000,0
BTCUSDT,1720080000000,0.0001,58214,MARK_PRICE_EXACT_OPEN,1720080000000,0
BTCUSDT,1720108800000,0.0001,58124.9,MARK_PRICE_EXACT_OPEN,1720108800000,0
BTCUSDT,1720137600000,0.0001,57045.15234043,MARK_PRICE_EXACT_OPEN,1720137600000,0
BTCUSDT,1720166400000,0.0001,54397.5,MARK_PRICE_EXACT_OPEN,1720166400000,0
BTCUSDT,1720195200000,0.00001762,56623.9,MARK_PRICE_EXACT_OPEN,1720195200000,0
BTCUSDT,1720224000000,0.00005729,56609,MARK_PRICE_EXACT_OPEN,1720224000000,0
BTCUSDT,1720252800000,0.00007512,56580.08132624,MARK_PRICE_EXACT_OPEN,1720252800000,0
BTCUSDT,1720281600000,0.0000325,57289.27111519,MARK_PRICE_EXACT_OPEN,1720281600000,0
BTCUSDT,1720310400001,0.00008164,58191.2,MARK_PRICE_PREVIOUS_FALLBACK,1720310400000,1
BTCUSDT,1720339200000,0.0001,57346.25256738,MARK_PRICE_EXACT_OPEN,1720339200000,0
BTCUSDT,1720368000000,0.0001,56806.2,MARK_PRICE_EXACT_OPEN,1720368000000,0
BTCUSDT,1720396800000,0.00007905,55831,MARK_PRICE_EXACT_OPEN,1720396800000,0
BTCUSDT,1720425600000,0.00008222,55825.67702837,MARK_PRICE_EXACT_OPEN,1720425600000,0
BTCUSDT,1720454400000,0.0001,55738.49497163,MARK_PRICE_EXACT_OPEN,1720454400000,0
BTCUSDT,1720483200000,0.0001,56698.83177305,MARK_PRICE_EXACT_OPEN,1720483200000,0
BTCUSDT,1720512000001,0.00000861,57150.6,MARK_PRICE_PREVIOUS_FALLBACK,1720512000000,1
BTCUSDT,1720540800000,0.0001,57453.43046809,MARK_PRICE_EXACT_OPEN,1720540800000,0
BTCUSDT,1720569600000,0.0001,58026.17540426,MARK_PRICE_EXACT_OPEN,1720569600000,0
BTCUSDT,1720598400000,0.00009225,58951.04627293,MARK_PRICE_EXACT_OPEN,1720598400000,0
BTCUSDT,1720627200000,0.00005485,57662.32426241,MARK_PRICE_EXACT_OPEN,1720627200000,0
BTCUSDT,1720656000002,0.0001,57649.2,MARK_PRICE_PREVIOUS_FALLBACK,1720656000000,2
BTCUSDT,1720684800002,0.0001,58210.8,MARK_PRICE_PREVIOUS_FALLBACK,1720684800000,2
BTCUSDT,1720713600004,0.0001,57411.6,MARK_PRICE_PREVIOUS_FALLBACK,1720713600000,4
BTCUSDT,1720742400000,0.00006378,57315.5,MARK_PRICE_EXACT_OPEN,1720742400000,0
BTCUSDT,1720771200000,0.00003026,57077.77289362,MARK_PRICE_EXACT_OPEN,1720771200000,0
BTCUSDT,1720800000000,0.00004037,58188.9,MARK_PRICE_EXACT_OPEN,1720800000000,0
BTCUSDT,1720828800000,0.00008319,57870,MARK_PRICE_EXACT_OPEN,1720828800000,0
BTCUSDT,1720857600000,0.00006865,58141.96114894,MARK_PRICE_EXACT_OPEN,1720857600000,0
BTCUSDT,1720886400000,0.0001,58808.5,MARK_PRICE_EXACT_OPEN,1720886400000,0
BTCUSDT,1720915200000,0.00008737,59174.73812179,MARK_PRICE_EXACT_OPEN,1720915200000,0
BTCUSDT,1720944000000,0.0000371,60031.33100709,MARK_PRICE_EXACT_OPEN,1720944000000,0
BTCUSDT,1720972800000,0.00008342,60057.37801174,MARK_PRICE_EXACT_OPEN,1720972800000,0
BTCUSDT,1721001600000,0.0000459,60766.1,MARK_PRICE_EXACT_OPEN,1721001600000,0
BTCUSDT,1721030400000,0.00003202,62821.11483688,MARK_PRICE_EXACT_OPEN,1721030400000,0
BTCUSDT,1721059200000,-0.00000514,62992.92755319,MARK_PRICE_EXACT_OPEN,1721059200000,0
BTCUSDT,1721088000000,-0.00005062,64694.98063121,MARK_PRICE_EXACT_OPEN,1721088000000,0
BTCUSDT,1721116800000,0.00008814,62881.8,MARK_PRICE_EXACT_OPEN,1721116800000,0
BTCUSDT,1721145600000,0.00002717,64842.43587234,MARK_PRICE_EXACT_OPEN,1721145600000,0
BTCUSDT,1721174400000,-0.00003419,65007.25863121,MARK_PRICE_EXACT_OPEN,1721174400000,0
BTCUSDT,1721203200001,0.00001775,65256.08784397,MARK_PRICE_PREVIOUS_FALLBACK,1721203200000,1
BTCUSDT,1721232000000,0.00002143,64695.8,MARK_PRICE_EXACT_OPEN,1721232000000,0
BTCUSDT,1721260800000,0.00000689,64057.3,MARK_PRICE_EXACT_OPEN,1721260800000,0
BTCUSDT,1721289600000,0.00001546,64643.7,MARK_PRICE_EXACT_OPEN,1721289600000,0
BTCUSDT,1721318400000,0.00003127,63507.16174468,MARK_PRICE_EXACT_OPEN,1721318400000,0
BTCUSDT,1721347200000,0.00004029,63959.9,MARK_PRICE_EXACT_OPEN,1721347200000,0
BTCUSDT,1721376000000,0.00004855,63673.9,MARK_PRICE_EXACT_OPEN,1721376000000,0
BTCUSDT,1721404800000,0.00004606,65799.9,MARK_PRICE_EXACT_OPEN,1721404800000,0
BTCUSDT,1721433600001,-0.00003077,66693.75794326,MARK_PRICE_PREVIOUS_FALLBACK,1721433600000,1
BTCUSDT,1721462400000,0.00001944,66526.3,MARK_PRICE_EXACT_OPEN,1721462400000,0
BTCUSDT,1721491200000,0.00001622,66796.9,MARK_PRICE_EXACT_OPEN,1721491200000,0
BTCUSDT,1721520000000,-0.00005313,67097.32798582,MARK_PRICE_EXACT_OPEN,1721520000000,0
BTCUSDT,1721548800000,0.00002194,66669.9,MARK_PRICE_EXACT_OPEN,1721548800000,0
BTCUSDT,1721577600000,0.00000646,67132.77455319,MARK_PRICE_EXACT_OPEN,1721577600000,0
BTCUSDT,1721606400000,0.00009136,68138,MARK_PRICE_EXACT_OPEN,1721606400000,0
BTCUSDT,1721635200000,0.00005953,67210.4,MARK_PRICE_EXACT_OPEN,1721635200000,0
BTCUSDT,1721664000000,0.00002769,67044.4,MARK_PRICE_EXACT_OPEN,1721664000000,0
BTCUSDT,1721692800000,0.00004709,67506.78867376,MARK_PRICE_EXACT_OPEN,1721692800000,0
BTCUSDT,1721721600000,0.0000431,66548.5,MARK_PRICE_EXACT_OPEN,1721721600000,0
BTCUSDT,1721750400000,0.00004642,66569.9552695,MARK_PRICE_EXACT_OPEN,1721750400000,0
BTCUSDT,1721779200000,0.0001,65916.87183688,MARK_PRICE_EXACT_OPEN,1721779200000,0
BTCUSDT,1721808000000,0.0001,66049.92706383,MARK_PRICE_EXACT_OPEN,1721808000000,0
BTCUSDT,1721836800000,0.0001,66151.32321986,MARK_PRICE_EXACT_OPEN,1721836800000,0
BTCUSDT,1721865600000,0.0001,65361.80198582,MARK_PRICE_EXACT_OPEN,1721865600000,0
BTCUSDT,1721894400000,0.0001,64115.1,MARK_PRICE_EXACT_OPEN,1721894400000,0
BTCUSDT,1721923200000,0.0001,64773.3,MARK_PRICE_EXACT_OPEN,1721923200000,0
BTCUSDT,1721952000000,0.0001,65773.93836879,MARK_PRICE_EXACT_OPEN,1721952000000,0
BTCUSDT,1721980800000,0.0001,66873.7,MARK_PRICE_EXACT_OPEN,1721980800000,0
BTCUSDT,1722009600000,0.0000334,67528,MARK_PRICE_EXACT_OPEN,1722009600000,0
BTCUSDT,1722038400000,0.00006547,67882.6,MARK_PRICE_EXACT_OPEN,1722038400000,0
BTCUSDT,1722067200000,0.00008022,68018.10331915,MARK_PRICE_EXACT_OPEN,1722067200000,0
BTCUSDT,1722096000000,0.00009109,68821.9,MARK_PRICE_EXACT_OPEN,1722096000000,0
BTCUSDT,1722124800000,0.0000818,67873.8,MARK_PRICE_EXACT_OPEN,1722124800000,0
BTCUSDT,1722153600000,0.00009177,67521.26246099,MARK_PRICE_EXACT_OPEN,1722153600000,0
BTCUSDT,1722182400001,0.00002804,67624.17036879,MARK_PRICE_PREVIOUS_FALLBACK,1722182400000,1
BTCUSDT,1722211200001,0.00008361,68240,MARK_PRICE_PREVIOUS_FALLBACK,1722211200000,1
BTCUSDT,1722240000000,0.00005623,69510.6,MARK_PRICE_EXACT_OPEN,1722240000000,0
BTCUSDT,1722268800001,0.0001,68002.86196454,MARK_PRICE_PREVIOUS_FALLBACK,1722268800000,1
BTCUSDT,1722297600000,0.00003396,66757.24846809,MARK_PRICE_EXACT_OPEN,1722297600000,0
BTCUSDT,1722326400001,0.00003562,66888.70610638,MARK_PRICE_PREVIOUS_FALLBACK,1722326400000,1
BTCUSDT,1722355200000,0.00007691,66198,MARK_PRICE_EXACT_OPEN,1722355200000,0
BTCUSDT,1722384000000,0.00003063,66159.4,MARK_PRICE_EXACT_OPEN,1722384000000,0
BTCUSDT,1722412800000,0.00007178,66196.4,MARK_PRICE_EXACT_OPEN,1722412800000,0
BTCUSDT,1722441600000,0.00003826,66354.4,MARK_PRICE_EXACT_OPEN,1722441600000,0
BTCUSDT,1722470400000,0.00008208,64601.8,MARK_PRICE_EXACT_OPEN,1722470400000,0
BTCUSDT,1722499200000,0.0001,64307.13363121,MARK_PRICE_EXACT_OPEN,1722499200000,0
BTCUSDT,1722528000000,0.0001,62888.5,MARK_PRICE_EXACT_OPEN,1722528000000,0
BTCUSDT,1722556800000,0.0001,65328.9,MARK_PRICE_EXACT_OPEN,1722556800000,0
BTCUSDT,1722585600001,0.0001,64173.82339716,MARK_PRICE_PREVIOUS_FALLBACK,1722585600000,1
BTCUSDT,1722614400000,0.0001,63400.10768182,MARK_PRICE_EXACT_OPEN,1722614400000,0
BTCUSDT,1722643200000,0.0001,61483.7,MARK_PRICE_EXACT_OPEN,1722643200000,0
BTCUSDT,1722672000000,0.00009788,61637.35880303,MARK_PRICE_EXACT_OPEN,1722672000000,0
BTCUSDT,1722700800001,0.00004247,60934.99785606,MARK_PRICE_PREVIOUS_FALLBACK,1722700800000,1
BTCUSDT,1722729600000,0.0001,60684.5,MARK_PRICE_EXACT_OPEN,1722729600000,0
BTCUSDT,1722758400000,0.00005343,60349.1,MARK_PRICE_EXACT_OPEN,1722758400000,0
BTCUSDT,1722787200000,0.0001,59062.3,MARK_PRICE_EXACT_OPEN,1722787200000,0
BTCUSDT,1722816000000,0.0001,58139.09001515,MARK_PRICE_EXACT_OPEN,1722816000000,0
BTCUSDT,1722844800000,0.00004429,52660,MARK_PRICE_EXACT_OPEN,1722844800000,0
BTCUSDT,1722873600000,0.00005967,54294.5,MARK_PRICE_EXACT_OPEN,1722873600000,0
BTCUSDT,1722902400000,0.00003566,53982.27399242,MARK_PRICE_EXACT_OPEN,1722902400000,0
BTCUSDT,1722931200000,-0.00002845,55979,MARK_PRICE_EXACT_OPEN,1722931200000,0
BTCUSDT,1722960000000,0.00004485,56380.50887121,MARK_PRICE_EXACT_OPEN,1722960000000,0
BTCUSDT,1722988800000,-0.0000073,56004.64487121,MARK_PRICE_EXACT_OPEN,1722988800000,0
BTCUSDT,1723017600001,-0.00006859,56892.11067424,MARK_PRICE_PREVIOUS_FALLBACK,1723017600000,1
BTCUSDT,1723046400000,0.00003241,56070.67645455,MARK_PRICE_EXACT_OPEN,1723046400000,0
BTCUSDT,1723075200001,0.00002637,55064.7,MARK_PRICE_PREVIOUS_FALLBACK,1723075200000,1
BTCUSDT,1723104000000,0.00003086,57165.6,MARK_PRICE_EXACT_OPEN,1723104000000,0
BTCUSDT,1723132800000,0.00001147,59389,MARK_PRICE_EXACT_OPEN,1723132800000,0
BTCUSDT,1723161600000,0.00004994,61662.03292424,MARK_PRICE_EXACT_OPEN,1723161600000,0
BTCUSDT,1723190400000,0.00002184,60844.1,MARK_PRICE_EXACT_OPEN,1723190400000,0
BTCUSDT,1723219200000,0.00004846,59786.4,MARK_PRICE_EXACT_OPEN,1723219200000,0
BTCUSDT,1723248000000,-0.00003942,60808.7,MARK_PRICE_EXACT_OPEN,1723248000000,0
BTCUSDT,1723276800000,-0.00001379,60811.40441223,MARK_PRICE_EXACT_OPEN,1723276800000,0
BTCUSDT,1723305600000,-0.00001949,60480.6,MARK_PRICE_EXACT_OPEN,1723305600000,0
BTCUSDT,1723334400000,0.00004049,60895.445721,MARK_PRICE_EXACT_OPEN,1723334400000,0
BTCUSDT,1723363200000,-0.00001839,61223.3,MARK_PRICE_EXACT_OPEN,1723363200000,0
BTCUSDT,1723392000001,0.00001185,60076,MARK_PRICE_PREVIOUS_FALLBACK,1723392000000,1
BTCUSDT,1723420800000,0.00001113,58693.2,MARK_PRICE_EXACT_OPEN,1723420800000,0
BTCUSDT,1723449600000,0.00008783,58647.19181061,MARK_PRICE_EXACT_OPEN,1723449600000,0
BTCUSDT,1723478400000,-0.00002238,60168.8,MARK_PRICE_EXACT_OPEN,1723478400000,0
BTCUSDT,1723507200000,0.0000614,59323.6,MARK_PRICE_EXACT_OPEN,1723507200000,0
BTCUSDT,1723536000000,0.00000521,59209.36612879,MARK_PRICE_EXACT_OPEN,1723536000000,0
BTCUSDT,1723564800000,-0.00003902,59442.45730303,MARK_PRICE_EXACT_OPEN,1723564800000,0
BTCUSDT,1723593600000,0.00001152,60555.2355721,MARK_PRICE_EXACT_OPEN,1723593600000,0
BTCUSDT,1723622400000,-0.0000133,60887.3,MARK_PRICE_EXACT_OPEN,1723622400000,0
BTCUSDT,1723651200000,-0.00007811,59394.6,MARK_PRICE_EXACT_OPEN,1723651200000,0
BTCUSDT,1723680000000,-0.00008488,58648.1,MARK_PRICE_EXACT_OPEN,1723680000000,0
BTCUSDT,1723708800000,0.00006339,58031.9,MARK_PRICE_EXACT_OPEN,1723708800000,0
BTCUSDT,1723737600000,-0.00006181,59650.62388636,MARK_PRICE_EXACT_OPEN,1723737600000,0
BTCUSDT,1723766400000,-0.00011235,57515.28405303,MARK_PRICE_EXACT_OPEN,1723766400000,0
BTCUSDT,1723795200000,-0.00007387,58423.3,MARK_PRICE_EXACT_OPEN,1723795200000,0
BTCUSDT,1723824000000,-0.00000557,58045.46367376,MARK_PRICE_EXACT_OPEN,1723824000000,0
BTCUSDT,1723852800000,0.00001912,58854.9,MARK_PRICE_EXACT_OPEN,1723852800000,0
BTCUSDT,1723881600000,0.00004177,59225.59061702,MARK_PRICE_EXACT_OPEN,1723881600000,0
BTCUSDT,1723910400000,-0.00000152,59357.7,MARK_PRICE_EXACT_OPEN,1723910400000,0
BTCUSDT,1723939200000,0.00003966,59468.4,MARK_PRICE_EXACT_OPEN,1723939200000,0
BTCUSDT,1723968000000,-0.00001323,59545.70132624,MARK_PRICE_EXACT_OPEN,1723968000000,0
BTCUSDT,1723996800000,-0.00003149,59828.8,MARK_PRICE_EXACT_OPEN,1723996800000,0
BTCUSDT,1724025600000,-0.00003616,58390.1,MARK_PRICE_EXACT_OPEN,1724025600000,0
BTCUSDT,1724054400000,-0.0000675,58475.4,MARK_PRICE_EXACT_OPEN,1724054400000,0
BTCUSDT,1724083200002,-0.00001957,58471.77837589,MARK_PRICE_PREVIOUS_FALLBACK,1724083200000,2
BTCUSDT,1724112000000,-0.00002656,59400.1,MARK_PRICE_EXACT_OPEN,1724112000000,0
BTCUSDT,1724140800000,0.00001349,60898.32443972,MARK_PRICE_EXACT_OPEN,1724140800000,0
BTCUSDT,1724169600001,0.00001419,58738.2,MARK_PRICE_PREVIOUS_FALLBACK,1724169600000,1
BTCUSDT,1724198400001,-0.00006756,59037.2,MARK_PRICE_PREVIOUS_FALLBACK,1724198400000,1
BTCUSDT,1724227200000,-0.00000591,59691,MARK_PRICE_EXACT_OPEN,1724227200000,0
BTCUSDT,1724256000001,0.00000396,59460.15626241,MARK_PRICE_PREVIOUS_FALLBACK,1724256000000,1
BTCUSDT,1724284800000,-0.00002229,61120,MARK_PRICE_EXACT_OPEN,1724284800000,0
BTCUSDT,1724313600000,0.00001338,60950.0282695,MARK_PRICE_EXACT_OPEN,1724313600000,0
BTCUSDT,1724342400008,-0.00007261,60342.16396454,MARK_PRICE_PREVIOUS_FALLBACK,1724342400000,8
BTCUSDT,1724371200000,-0.00003329,60349.9,MARK_PRICE_EXACT_OPEN,1724371200000,0
BTCUSDT,1724400000000,0.00002391,61045,MARK_PRICE_EXACT_OPEN,1724400000000,0
BTCUSDT,1724428800000,-0.00004317,61506,MARK_PRICE_EXACT_OPEN,1724428800000,0
BTCUSDT,1724457600000,-0.00000772,64019.9,MARK_PRICE_EXACT_OPEN,1724457600000,0
BTCUSDT,1724486400005,-0.00000723,64201.64262411,MARK_PRICE_PREVIOUS_FALLBACK,1724486400000,5
BTCUSDT,1724515200000,0.00006395,63943.4,MARK_PRICE_EXACT_OPEN,1724515200000,0
BTCUSDT,1724544000000,-0.00004806,64121.80289362,MARK_PRICE_EXACT_OPEN,1724544000000,0
BTCUSDT,1724572800000,-0.00001531,63838.2821773,MARK_PRICE_EXACT_OPEN,1724572800000,0
BTCUSDT,1724601600000,0.00003108,64099.9,MARK_PRICE_EXACT_OPEN,1724601600000,0
BTCUSDT,1724630400000,0.00002439,64199.94505674,MARK_PRICE_EXACT_OPEN,1724630400000,0
BTCUSDT,1724659200001,0.00003448,63579.44590071,MARK_PRICE_PREVIOUS_FALLBACK,1724659200000,1
BTCUSDT,1724688000000,0.00003789,63497.77413793,MARK_PRICE_EXACT_OPEN,1724688000000,0
BTCUSDT,1724716800001,0.00002795,62819.3,MARK_PRICE_PREVIOUS_FALLBACK,1724716800000,1
BTCUSDT,1724745600000,0.00001751,62881.1,MARK_PRICE_EXACT_OPEN,1724745600000,0
BTCUSDT,1724774400000,0.00007753,61677.96703546,MARK_PRICE_EXACT_OPEN,1724774400000,0
BTCUSDT,1724803200000,-0.00006803,59384.4,MARK_PRICE_EXACT_OPEN,1724803200000,0
BTCUSDT,1724832000000,0.00002433,58576.9877305,MARK_PRICE_EXACT_OPEN,1724832000000,0
BTCUSDT,1724860800001,0.00001143,58875.17799291,MARK_PRICE_PREVIOUS_FALLBACK,1724860800000,1
BTCUSDT,1724889600000,-0.00000976,59009.8,MARK_PRICE_EXACT_OPEN,1724889600000,0
BTCUSDT,1724918400001,-0.00001644,59541.5,MARK_PRICE_PREVIOUS_FALLBACK,1724918400000,1
BTCUSDT,1724947200000,0.00000559,60751,MARK_PRICE_EXACT_OPEN,1724947200000,0
BTCUSDT,1724976000000,0.00000936,59327.53246099,MARK_PRICE_EXACT_OPEN,1724976000000,0
BTCUSDT,1725004800000,0.00003578,59250.59241135,MARK_PRICE_EXACT_OPEN,1725004800000,0
BTCUSDT,1725033600000,0.00002927,58062.7,MARK_PRICE_EXACT_OPEN,1725033600000,0
BTCUSDT,1725062400000,-0.00001749,59096.3,MARK_PRICE_EXACT_OPEN,1725062400000,0
BTCUSDT,1725091200000,0.00003578,59064.62867843,MARK_PRICE_EXACT_OPEN,1725091200000,0
BTCUSDT,1725120000000,0.000038,58984.55719149,MARK_PRICE_EXACT_OPEN,1725120000000,0
BTCUSDT,1725148800000,0.00004113,58946.2,MARK_PRICE_EXACT_OPEN,1725148800000,0
BTCUSDT,1725177600001,-0.00003432,58468.22944681,MARK_PRICE_PREVIOUS_FALLBACK,1725177600000,1
BTCUSDT,1725206400000,-0.00000382,58184.1,MARK_PRICE_EXACT_OPEN,1725206400000,0
BTCUSDT,1725235200001,-0.00003386,57322.8,MARK_PRICE_PREVIOUS_FALLBACK,1725235200000,1
BTCUSDT,1725264000001,0.00000248,57547.3,MARK_PRICE_PREVIOUS_FALLBACK,1725264000000,1
BTCUSDT,1725292800000,-0.00000363,58508,MARK_PRICE_EXACT_OPEN,1725292800000,0
BTCUSDT,1725321600000,0.00006245,59112.2,MARK_PRICE_EXACT_OPEN,1725321600000,0
BTCUSDT,1725350400001,0.00005123,59064.20828369,MARK_PRICE_PREVIOUS_FALLBACK,1725350400000,1
BTCUSDT,1725379200000,0.00004598,57705.33973759,MARK_PRICE_EXACT_OPEN,1725379200000,0
BTCUSDT,1725408000000,0.00002209,57457.44226241,MARK_PRICE_EXACT_OPEN,1725408000000,0
BTCUSDT,1725436800000,0.0000105,56717.4,MARK_PRICE_EXACT_OPEN,1725436800000,0
BTCUSDT,1725465600000,-0.0000147,58106.1663617,MARK_PRICE_EXACT_OPEN,1725465600000,0
BTCUSDT,1725494400000,0.00009016,57944.7,MARK_PRICE_EXACT_OPEN,1725494400000,0
BTCUSDT,1725523200000,0.00002025,57131.49844681,MARK_PRICE_EXACT_OPEN,1725523200000,0
BTCUSDT,1725552000005,0.0000249,55989,MARK_PRICE_PREVIOUS_FALLBACK,1725552000000,5
BTCUSDT,1725580800000,0.0000228,56152.37044681,MARK_PRICE_EXACT_OPEN,1725580800000,0
BTCUSDT,1725609600001,-1e-8,55789.9,MARK_PRICE_PREVIOUS_FALLBACK,1725609600000,1
BTCUSDT,1725638400000,0.00001428,54022,MARK_PRICE_EXACT_OPEN,1725638400000,0
BTCUSDT,1725667200000,-0.00000557,53930.81750355,MARK_PRICE_EXACT_OPEN,1725667200000,0
BTCUSDT,1725696000000,-0.00007634,54264.40569504,MARK_PRICE_EXACT_OPEN,1725696000000,0
BTCUSDT,1725724800000,-0.00007236,54749.73641844,MARK_PRICE_EXACT_OPEN,1725724800000,0
BTCUSDT,1725753600000,0.00003745,54134.9,MARK_PRICE_EXACT_OPEN,1725753600000,0
BTCUSDT,1725782400000,-0.00005999,54411.5,MARK_PRICE_EXACT_OPEN,1725782400000,0
BTCUSDT,1725811200000,-0.00005245,53664.8,MARK_PRICE_EXACT_OPEN,1725811200000,0
BTCUSDT,1725840000000,-0.00007585,54843.61724113,MARK_PRICE_EXACT_OPEN,1725840000000,0
BTCUSDT,1725868800000,-0.00007108,54943.38097163,MARK_PRICE_EXACT_OPEN,1725868800000,0
BTCUSDT,1725897600001,-0.00003875,55360.4,MARK_PRICE_PREVIOUS_FALLBACK,1725897600000,1
BTCUSDT,1725926400000,-0.00006028,57013.68495745,MARK_PRICE_EXACT_OPEN,1725926400000,0
BTCUSDT,1725955200000,-0.0000293,57184.96580851,MARK_PRICE_EXACT_OPEN,1725955200000,0
BTCUSDT,1725984000000,-0.00001126,56563.08885816,MARK_PRICE_EXACT_OPEN,1725984000000,0
BTCUSDT,1726012800000,-0.00008953,57609.1,MARK_PRICE_EXACT_OPEN,1726012800000,0
BTCUSDT,1726041600000,-0.00002247,56675.1,MARK_PRICE_EXACT_OPEN,1726041600000,0
BTCUSDT,1726070400000,-0.00005212,56680.82497872,MARK_PRICE_EXACT_OPEN,1726070400000,0
BTCUSDT,1726099200000,-0.00001951,57307.1,MARK_PRICE_EXACT_OPEN,1726099200000,0
BTCUSDT,1726128000000,-0.00000546,58106.32515603,MARK_PRICE_EXACT_OPEN,1726128000000,0
BTCUSDT,1726156800000,-0.0000295,57475.10176596,MARK_PRICE_EXACT_OPEN,1726156800000,0
BTCUSDT,1726185600000,-6.9e-7,58097,MARK_PRICE_EXACT_OPEN,1726185600000,0
BTCUSDT,1726214400001,-0.00000869,58096.1,MARK_PRICE_PREVIOUS_FALLBACK,1726214400000,1
BTCUSDT,1726243200001,-0.00002443,59672.2,MARK_PRICE_PREVIOUS_FALLBACK,1726243200000,1
BTCUSDT,1726272000000,-0.00008699,60456.1,MARK_PRICE_EXACT_OPEN,1726272000000,0
BTCUSDT,1726300800000,0.00000859,60110.4,MARK_PRICE_EXACT_OPEN,1726300800000,0
BTCUSDT,1726329600001,0.00002326,59854.9,MARK_PRICE_PREVIOUS_FALLBACK,1726329600000,1
BTCUSDT,1726358400000,-0.00000491,59964,MARK_PRICE_EXACT_OPEN,1726358400000,0
BTCUSDT,1726387200000,1e-8,60167.3181438,MARK_PRICE_EXACT_OPEN,1726387200000,0
BTCUSDT,1726416000000,0.00000402,60304.7,MARK_PRICE_EXACT_OPEN,1726416000000,0
BTCUSDT,1726444800000,0.00002402,59100.61031206,MARK_PRICE_EXACT_OPEN,1726444800000,0
BTCUSDT,1726473600001,0.00003564,58870.31538298,MARK_PRICE_PREVIOUS_FALLBACK,1726473600000,1
BTCUSDT,1726502400000,0.00006762,57860.7,MARK_PRICE_EXACT_OPEN,1726502400000,0
BTCUSDT,1726531200001,0.00008529,58179,MARK_PRICE_PREVIOUS_FALLBACK,1726531200000,1
BTCUSDT,1726560000000,0.00001911,58668.2,MARK_PRICE_EXACT_OPEN,1726560000000,0
BTCUSDT,1726588800000,0.00005327,61111,MARK_PRICE_EXACT_OPEN,1726588800000,0
BTCUSDT,1726617600000,0.00001344,60281,MARK_PRICE_EXACT_OPEN,1726617600000,0
BTCUSDT,1726646400000,0.00001678,60402.69697726,MARK_PRICE_EXACT_OPEN,1726646400000,0
BTCUSDT,1726675200004,0.00004648,59423.4,MARK_PRICE_PREVIOUS_FALLBACK,1726675200000,4
BTCUSDT,1726704000000,0.00003512,61731.12857447,MARK_PRICE_EXACT_OPEN,1726704000000,0
BTCUSDT,1726732800000,0.00002949,62058.67902421,MARK_PRICE_EXACT_OPEN,1726732800000,0
BTCUSDT,1726761600001,0.00004072,63120.0938227,MARK_PRICE_PREVIOUS_FALLBACK,1726761600000,1
BTCUSDT,1726790400000,0.00008065,62929.3,MARK_PRICE_EXACT_OPEN,1726790400000,0
BTCUSDT,1726819200001,-0.00000503,63486.13443262,MARK_PRICE_PREVIOUS_FALLBACK,1726819200000,1
BTCUSDT,1726848000000,0.00005543,63115.6,MARK_PRICE_EXACT_OPEN,1726848000000,0
BTCUSDT,1726876800001,0.00004638,63172.63495035,MARK_PRICE_PREVIOUS_FALLBACK,1726876800000,1
BTCUSDT,1726905600000,0.0001,63062.63439976,MARK_PRICE_EXACT_OPEN,1726905600000,0
BTCUSDT,1726934400000,0.00008234,63146.6,MARK_PRICE_EXACT_OPEN,1726934400000,0
BTCUSDT,1726963200000,0.00006285,63320.7,MARK_PRICE_EXACT_OPEN,1726963200000,0
BTCUSDT,1726992000000,0.00009254,62909.3,MARK_PRICE_EXACT_OPEN,1726992000000,0
BTCUSDT,1727020800000,0.00005537,62627.35402128,MARK_PRICE_EXACT_OPEN,1727020800000,0
BTCUSDT,1727049600000,0.00006546,63558.5,MARK_PRICE_EXACT_OPEN,1727049600000,0
BTCUSDT,1727078400000,0.00001364,63519.9,MARK_PRICE_EXACT_OPEN,1727078400000,0
BTCUSDT,1727107200000,0.00005304,63589.8,MARK_PRICE_EXACT_OPEN,1727107200000,0
BTCUSDT,1727136000000,0.00002324,63303.39994326,MARK_PRICE_EXACT_OPEN,1727136000000,0
BTCUSDT,1727164800000,0.00002895,63532.11997163,MARK_PRICE_EXACT_OPEN,1727164800000,0
BTCUSDT,1727193600001,-0.00000182,63165.1,MARK_PRICE_PREVIOUS_FALLBACK,1727193600000,1
BTCUSDT,1727222400000,0.00001223,64243.2,MARK_PRICE_EXACT_OPEN,1727222400000,0
BTCUSDT,1727251200003,0.00001141,63812.33799291,MARK_PRICE_PREVIOUS_FALLBACK,1727251200000,3
BTCUSDT,1727280000000,0.00001336,63470,MARK_PRICE_EXACT_OPEN,1727280000000,0
BTCUSDT,1727308800005,0.0000165,63094.9,MARK_PRICE_PREVIOUS_FALLBACK,1727308800000,5
BTCUSDT,1727337600000,0.00006246,63823.4,MARK_PRICE_EXACT_OPEN,1727337600000,0
BTCUSDT,1727366400000,0.0001,65196.6611844,MARK_PRICE_EXACT_OPEN,1727366400000,0
BTCUSDT,1727395200000,0.0001,65144.34319149,MARK_PRICE_EXACT_OPEN,1727395200000,0
BTCUSDT,1727424000000,0.00006722,65442.82811348,MARK_PRICE_EXACT_OPEN,1727424000000,0
BTCUSDT,1727452800000,0.00002275,65974.49231206,MARK_PRICE_EXACT_OPEN,1727452800000,0
BTCUSDT,1727481600000,0.00005455,65749.6,MARK_PRICE_EXACT_OPEN,1727481600000,0
BTCUSDT,1727510400001,0.000083,65754.67658865,MARK_PRICE_PREVIOUS_FALLBACK,1727510400000,1
BTCUSDT,1727539200000,0.00001414,65595.27124823,MARK_PRICE_EXACT_OPEN,1727539200000,0
BTCUSDT,1727568000001,0.00000725,65832.9746383,MARK_PRICE_PREVIOUS_FALLBACK,1727568000000,1
BTCUSDT,1727596800000,0.00003128,65444.82440426,MARK_PRICE_EXACT_OPEN,1727596800000,0
BTCUSDT,1727625600000,0.00007253,65720,MARK_PRICE_EXACT_OPEN,1727625600000,0
BTCUSDT,1727654400000,0.00003077,65571.63340426,MARK_PRICE_EXACT_OPEN,1727654400000,0
BTCUSDT,1727683200001,0.00007939,64509.37114184,MARK_PRICE_PREVIOUS_FALLBACK,1727683200000,1
BTCUSDT,1727712000000,0.0001,63535.7,MARK_PRICE_EXACT_OPEN,1727712000000,0
BTCUSDT,1727740800000,0.0001,63313.79948227,MARK_PRICE_EXACT_OPEN,1727740800000,0
BTCUSDT,1727769600000,0.0001,64017,MARK_PRICE_EXACT_OPEN,1727769600000,0
BTCUSDT,1727798400001,0.0001,62548.74751773,MARK_PRICE_PREVIOUS_FALLBACK,1727798400000,1
BTCUSDT,1727827200000,0.00006632,60784,MARK_PRICE_EXACT_OPEN,1727827200000,0
BTCUSDT,1727856000000,0.00008409,61703.76767376,MARK_PRICE_EXACT_OPEN,1727856000000,0
BTCUSDT,1727884800000,0.00008191,61852.50133333,MARK_PRICE_EXACT_OPEN,1727884800000,0
BTCUSDT,1727913600000,0.00004381,60622.6,MARK_PRICE_EXACT_OPEN,1727913600000,0
BTCUSDT,1727942400000,0.00003746,60908.25041844,MARK_PRICE_EXACT_OPEN,1727942400000,0
BTCUSDT,1727971200000,0.0000499,60606.4,MARK_PRICE_EXACT_OPEN,1727971200000,0
BTCUSDT,1728000000000,0.00007097,60727.2,MARK_PRICE_EXACT_OPEN,1728000000000,0
BTCUSDT,1728028800000,0.00002119,61405.54564539,MARK_PRICE_EXACT_OPEN,1728028800000,0
BTCUSDT,1728057600001,0.00000243,61827.85356738,MARK_PRICE_PREVIOUS_FALLBACK,1728057600000,1
BTCUSDT,1728086400000,-0.00001596,62056.3,MARK_PRICE_EXACT_OPEN,1728086400000,0
BTCUSDT,1728115200000,0.00001088,62049.40897872,MARK_PRICE_EXACT_OPEN,1728115200000,0
BTCUSDT,1728144000000,0.00000861,62137.44147431,MARK_PRICE_EXACT_OPEN,1728144000000,0
BTCUSDT,1728172800000,0.00000572,62030.75209831,MARK_PRICE_EXACT_OPEN,1728172800000,0
BTCUSDT,1728201600001,0.00003288,61932.39419495,MARK_PRICE_PREVIOUS_FALLBACK,1728201600000,1
BTCUSDT,1728230400000,0.0000418,62692.35804255,MARK_PRICE_EXACT_OPEN,1728230400000,0
BTCUSDT,1728259200000,0.00004573,62791.83795035,MARK_PRICE_EXACT_OPEN,1728259200000,0
BTCUSDT,1728288000000,-0.00000952,63510,MARK_PRICE_EXACT_OPEN,1728288000000,0
BTCUSDT,1728316800001,0.00002177,63663.02555319,MARK_PRICE_PREVIOUS_FALLBACK,1728316800000,1
BTCUSDT,1728345600000,-0.00001678,62199.75722695,MARK_PRICE_EXACT_OPEN,1728345600000,0
BTCUSDT,1728374400000,0.00007094,62291.4,MARK_PRICE_EXACT_OPEN,1728374400000,0
BTCUSDT,1728403200000,0.000081,62259.9,MARK_PRICE_EXACT_OPEN,1728403200000,0
BTCUSDT,1728432000000,0.0001,62133.03330496,MARK_PRICE_EXACT_OPEN,1728432000000,0
BTCUSDT,1728460800000,0.00005138,62243.96321986,MARK_PRICE_EXACT_OPEN,1728460800000,0
BTCUSDT,1728489600000,0.00007939,62285.3,MARK_PRICE_EXACT_OPEN,1728489600000,0
BTCUSDT,1728518400000,0.0000209,60606.37937638,MARK_PRICE_EXACT_OPEN,1728518400000,0
BTCUSDT,1728547200000,0.00001532,60874.85382979,MARK_PRICE_EXACT_OPEN,1728547200000,0
BTCUSDT,1728576000000,0.0001,60768.62359574,MARK_PRICE_EXACT_OPEN,1728576000000,0
BTCUSDT,1728604800000,0.00002231,60293.8080044,MARK_PRICE_EXACT_OPEN,1728604800000,0
BTCUSDT,1728633600000,-0.00001874,60648.44109929,MARK_PRICE_EXACT_OPEN,1728633600000,0
BTCUSDT,1728662400001,0.0000012,62319.90641135,MARK_PRICE_PREVIOUS_FALLBACK,1728662400000,1
BTCUSDT,1728691200000,0.00004558,62509,MARK_PRICE_EXACT_OPEN,1728691200000,0
BTCUSDT,1728720000001,0.00007664,62729.37940426,MARK_PRICE_PREVIOUS_FALLBACK,1728720000000,1
BTCUSDT,1728748800000,-0.00001489,63124.8,MARK_PRICE_EXACT_OPEN,1728748800000,0
BTCUSDT,1728777600000,0.00000693,63176,MARK_PRICE_EXACT_OPEN,1728777600000,0
BTCUSDT,1728806400000,0.00001638,62818.9,MARK_PRICE_EXACT_OPEN,1728806400000,0
BTCUSDT,1728835200000,0.00003938,62195.2,MARK_PRICE_EXACT_OPEN,1728835200000,0
BTCUSDT,1728864000000,0.00005429,62841.10753191,MARK_PRICE_EXACT_OPEN,1728864000000,0
BTCUSDT,1728892800000,0.0001,64599.6,MARK_PRICE_EXACT_OPEN,1728892800000,0
BTCUSDT,1728921600000,0.0001,65853.81444681,MARK_PRICE_EXACT_OPEN,1728921600000,0
BTCUSDT,1728950400000,0.0001,66064.9,MARK_PRICE_EXACT_OPEN,1728950400000,0
BTCUSDT,1728979200000,0.0001,65638.3,MARK_PRICE_EXACT_OPEN,1728979200000,0
BTCUSDT,1729008000000,0.0001,65994.7,MARK_PRICE_EXACT_OPEN,1729008000000,0
BTCUSDT,1729036800000,0.00008325,67048.6432766,MARK_PRICE_EXACT_OPEN,1729036800000,0
BTCUSDT,1729065600001,0.000085,66954.3,MARK_PRICE_PREVIOUS_FALLBACK,1729065600000,1
BTCUSDT,1729094400000,0.0001,67726,MARK_PRICE_EXACT_OPEN,1729094400000,0
BTCUSDT,1729123200000,0.0001,67594.01401418,MARK_PRICE_EXACT_OPEN,1729123200000,0
BTCUSDT,1729152000000,0.0001,67281.3107305,MARK_PRICE_EXACT_OPEN,1729152000000,0
BTCUSDT,1729180800001,0.0001,67520.6088227,MARK_PRICE_PREVIOUS_FALLBACK,1729180800000,1
BTCUSDT,1729209600010,0.0001,67347.48646099,MARK_PRICE_PREVIOUS_FALLBACK,1729209600000,10
BTCUSDT,1729238400001,0.0001,67926.05841844,MARK_PRICE_PREVIOUS_FALLBACK,1729238400000,1
BTCUSDT,1729267200000,0.0001,68710,MARK_PRICE_EXACT_OPEN,1729267200000,0
BTCUSDT,1729296000000,0.0001,68407.9,MARK_PRICE_EXACT_OPEN,1729296000000,0
BTCUSDT,1729324800000,0.0001,68328.8,MARK_PRICE_EXACT_OPEN,1729324800000,0
BTCUSDT,1729353600000,0.0001,68210.10911959,MARK_PRICE_EXACT_OPEN,1729353600000,0
BTCUSDT,1729382400000,0.0001,68357.1,MARK_PRICE_EXACT_OPEN,1729382400000,0
BTCUSDT,1729411200000,0.0001,68350.37577495,MARK_PRICE_EXACT_OPEN,1729411200000,0
BTCUSDT,1729440000000,0.0001,68605,MARK_PRICE_EXACT_OPEN,1729440000000,0
BTCUSDT,1729468800000,0.0001,69021.89857667,MARK_PRICE_EXACT_OPEN,1729468800000,0
BTCUSDT,1729497600000,0.0001,68513.8873617,MARK_PRICE_EXACT_OPEN,1729497600000,0
BTCUSDT,1729526400000,0.0001,67349.42313475,MARK_PRICE_EXACT_OPEN,1729526400000,0
BTCUSDT,1729555200000,0.0001,67368.7,MARK_PRICE_EXACT_OPEN,1729555200000,0
BTCUSDT,1729584000000,0.0001,67387.3,MARK_PRICE_EXACT_OPEN,1729584000000,0
BTCUSDT,1729612800000,0.0001,67269.46019858,MARK_PRICE_EXACT_OPEN,1729612800000,0
BTCUSDT,1729641600000,0.0001,67409.38339007,MARK_PRICE_EXACT_OPEN,1729641600000,0
BTCUSDT,1729670400000,0.0001,66838,MARK_PRICE_EXACT_OPEN,1729670400000,0
BTCUSDT,1729699200000,0.0001,66207.07390071,MARK_PRICE_EXACT_OPEN,1729699200000,0
BTCUSDT,1729728000000,0.0001,66649.6489078,MARK_PRICE_EXACT_OPEN,1729728000000,0
BTCUSDT,1729756800000,0.0001,67104.5,MARK_PRICE_EXACT_OPEN,1729756800000,0
BTCUSDT,1729785600000,0.0001,67672.97595035,MARK_PRICE_EXACT_OPEN,1729785600000,0
BTCUSDT,1729814400000,0.0001,68175.58295035,MARK_PRICE_EXACT_OPEN,1729814400000,0
BTCUSDT,1729843200000,0.0001,67503.6,MARK_PRICE_EXACT_OPEN,1729843200000,0
BTCUSDT,1729872000000,0.0001,67666.98021277,MARK_PRICE_EXACT_OPEN,1729872000000,0
BTCUSDT,1729900800000,0.00004755,66679.6489215,MARK_PRICE_EXACT_OPEN,1729900800000,0
BTCUSDT,1729929600001,0.00007569,66976.3,MARK_PRICE_PREVIOUS_FALLBACK,1729929600000,1
BTCUSDT,1729958400000,0.0001,66864.2,MARK_PRICE_EXACT_OPEN,1729958400000,0
BTCUSDT,1729987200000,0.0001,67071.9,MARK_PRICE_EXACT_OPEN,1729987200000,0
BTCUSDT,1730016000000,0.00009724,67174.8,MARK_PRICE_EXACT_OPEN,1730016000000,0
BTCUSDT,1730044800000,0.0001,67760.95629735,MARK_PRICE_EXACT_OPEN,1730044800000,0
BTCUSDT,1730073600000,0.00009425,67997.2,MARK_PRICE_EXACT_OPEN,1730073600000,0
BTCUSDT,1730102400001,0.0001,68439.7,MARK_PRICE_PREVIOUS_FALLBACK,1730102400000,1
BTCUSDT,1730131200000,0.00008946,68463.4,MARK_PRICE_EXACT_OPEN,1730131200000,0
BTCUSDT,1730160000000,0.0001,69940,MARK_PRICE_EXACT_OPEN,1730160000000,0
BTCUSDT,1730188800000,0.0001,70992.0787234,MARK_PRICE_EXACT_OPEN,1730188800000,0
BTCUSDT,1730217600004,0.0001,72429.86941844,MARK_PRICE_PREVIOUS_FALLBACK,1730217600000,4
BTCUSDT,1730246400000,0.0001,72738.79255319,MARK_PRICE_EXACT_OPEN,1730246400000,0
BTCUSDT,1730275200000,0.0001,72244.9,MARK_PRICE_EXACT_OPEN,1730275200000,0
BTCUSDT,1730304000013,0.0001,71965.78483492,MARK_PRICE_PREVIOUS_FALLBACK,1730304000000,13
BTCUSDT,1730332800000,0.0001,72350.66765957,MARK_PRICE_EXACT_OPEN,1730332800000,0
BTCUSDT,1730361600000,0.0001,72417.8,MARK_PRICE_EXACT_OPEN,1730361600000,0
BTCUSDT,1730390400000,0.0001,70635.0158474,MARK_PRICE_EXACT_OPEN,1730390400000,0
BTCUSDT,1730419200000,0.0001,70318.15929787,MARK_PRICE_EXACT_OPEN,1730419200000,0
BTCUSDT,1730448000000,0.0001,69300.14068085,MARK_PRICE_EXACT_OPEN,1730448000000,0
BTCUSDT,1730476800000,0.0001,69381,MARK_PRICE_EXACT_OPEN,1730476800000,0
BTCUSDT,1730505600000,0.0001,69496.08103546,MARK_PRICE_EXACT_OPEN,1730505600000,0
BTCUSDT,1730534400000,0.0001,69813.85021277,MARK_PRICE_EXACT_OPEN,1730534400000,0
BTCUSDT,1730563200000,0.0001,69396.79744681,MARK_PRICE_EXACT_OPEN,1730563200000,0
BTCUSDT,1730592000000,0.0001,69366.6,MARK_PRICE_EXACT_OPEN,1730592000000,0
BTCUSDT,1730620800000,0.0001,68395.14255319,MARK_PRICE_EXACT_OPEN,1730620800000,0
BTCUSDT,1730649600000,0.0001,68096.02508511,MARK_PRICE_EXACT_OPEN,1730649600000,0
BTCUSDT,1730678400000,0.0001,68762.5,MARK_PRICE_EXACT_OPEN,1730678400000,0
BTCUSDT,1730707200000,0.0001,68602.86114394,MARK_PRICE_EXACT_OPEN,1730707200000,0
BTCUSDT,1730736000000,0.0001,68623.67407092,MARK_PRICE_EXACT_OPEN,1730736000000,0
BTCUSDT,1730764800000,0.0001,67836.571,MARK_PRICE_EXACT_OPEN,1730764800000,0
BTCUSDT,1730793600003,0.0001,68880.4,MARK_PRICE_PREVIOUS_FALLBACK,1730793600000,3
BTCUSDT,1730822400001,0.0001,69549.10957447,MARK_PRICE_PREVIOUS_FALLBACK,1730822400000,1
BTCUSDT,1730851200000,0.0001,69353.1,MARK_PRICE_EXACT_OPEN,1730851200000,0
BTCUSDT,1730880000000,0.0001,73426.39678014,MARK_PRICE_EXACT_OPEN,1730880000000,0
BTCUSDT,1730908800000,0.0001,74300.08836879,MARK_PRICE_EXACT_OPEN,1730908800000,0
BTCUSDT,1730937600000,0.0001,75575.33189362,MARK_PRICE_EXACT_OPEN,1730937600000,0
BTCUSDT,1730966400000,0.0001,74800,MARK_PRICE_EXACT_OPEN,1730966400000,0
BTCUSDT,1730995200000,0.0001,76075.60378723,MARK_PRICE_EXACT_OPEN,1730995200000,0
BTCUSDT,1731024000000,0.0001,75854.83191489,MARK_PRICE_EXACT_OPEN,1731024000000,0
BTCUSDT,1731052800000,0.0001,76170.9,MARK_PRICE_EXACT_OPEN,1731052800000,0
BTCUSDT,1731081600000,0.0001,76425.10489362,MARK_PRICE_EXACT_OPEN,1731081600000,0
BTCUSDT,1731110400000,0.0001,76485.96961235,MARK_PRICE_EXACT_OPEN,1731110400000,0
BTCUSDT,1731139200000,0.0001,76525.24098582,MARK_PRICE_EXACT_OPEN,1731139200000,0
BTCUSDT,1731168000000,0.0001,76305.6,MARK_PRICE_EXACT_OPEN,1731168000000,0
BTCUSDT,1731196800000,0.0001,76676.09297872,MARK_PRICE_EXACT_OPEN,1731196800000,0
BTCUSDT,1731225600000,0.00025603,78858.2,MARK_PRICE_EXACT_OPEN,1731225600000,0
BTCUSDT,1731254400000,0.00014113,79735.1,MARK_PRICE_EXACT_OPEN,1731254400000,0
BTCUSDT,1731283200001,0.00036878,80376.5113617,MARK_PRICE_PREVIOUS_FALLBACK,1731283200000,1
BTCUSDT,1731312000000,0.0001,81147.42246809,MARK_PRICE_EXACT_OPEN,1731312000000,0
BTCUSDT,1731340800000,0.0001,84107.87437589,MARK_PRICE_EXACT_OPEN,1731340800000,0
BTCUSDT,1731369600002,0.00049133,88873.22726241,MARK_PRICE_PREVIOUS_FALLBACK,1731369600000,2
BTCUSDT,1731398400000,0.00043737,89095.4,MARK_PRICE_EXACT_OPEN,1731398400000,0
BTCUSDT,1731427200000,0.00038754,86639.63258988,MARK_PRICE_EXACT_OPEN,1731427200000,0
BTCUSDT,1731456000000,0.0001,87964.82392908,MARK_PRICE_EXACT_OPEN,1731456000000,0
BTCUSDT,1731484800010,0.00013101,87310,MARK_PRICE_PREVIOUS_FALLBACK,1731484800000,10
BTCUSDT,1731513600000,0.00021856,92602.7,MARK_PRICE_EXACT_OPEN,1731513600000,0
BTCUSDT,1731542400001,0.0001,90457.37131818,MARK_PRICE_PREVIOUS_FALLBACK,1731542400000,1
BTCUSDT,1731571200000,0.0001,90818.9,MARK_PRICE_EXACT_OPEN,1731571200000,0
BTCUSDT,1731600000000,0.0001,87998.09286364,MARK_PRICE_EXACT_OPEN,1731600000000,0
BTCUSDT,1731628800000,0.0001,87376.26048485,MARK_PRICE_EXACT_OPEN,1731628800000,0
BTCUSDT,1731657600000,0.0001,87691.73393182,MARK_PRICE_EXACT_OPEN,1731657600000,0
BTCUSDT,1731686400000,0.00010977,88485.4,MARK_PRICE_EXACT_OPEN,1731686400000,0
BTCUSDT,1731715200001,0.0001,91155.8,MARK_PRICE_PREVIOUS_FALLBACK,1731715200000,1
BTCUSDT,1731744000001,0.0001,91174.43618939,MARK_PRICE_PREVIOUS_FALLBACK,1731744000000,1
BTCUSDT,1731772800000,0.00013231,90578,MARK_PRICE_EXACT_OPEN,1731772800000,0
BTCUSDT,1731801600000,0.00015765,90615.7,MARK_PRICE_EXACT_OPEN,1731801600000,0
BTCUSDT,1731830400000,0.0001,90599.9,MARK_PRICE_EXACT_OPEN,1731830400000,0
BTCUSDT,1731859200001,0.00010577,90372.8,MARK_PRICE_PREVIOUS_FALLBACK,1731859200000,1
BTCUSDT,1731888000000,0.0001,89895.25208333,MARK_PRICE_EXACT_OPEN,1731888000000,0
BTCUSDT,1731916800000,0.0003645,91793.86963166,MARK_PRICE_EXACT_OPEN,1731916800000,0
BTCUSDT,1731945600000,0.00021318,92413.93032576,MARK_PRICE_EXACT_OPEN,1731945600000,0
BTCUSDT,1731974400000,0.00021606,90502.14808333,MARK_PRICE_EXACT_OPEN,1731974400000,0
BTCUSDT,1732003200000,0.00030216,91682.2549697,MARK_PRICE_EXACT_OPEN,1732003200000,0
BTCUSDT,1732032000000,0.00017959,92442.8,MARK_PRICE_EXACT_OPEN,1732032000000,0
BTCUSDT,1732060800003,0.0001,92352.1,MARK_PRICE_PREVIOUS_FALLBACK,1732060800000,3
BTCUSDT,1732089600000,0.0001,92855.88699242,MARK_PRICE_EXACT_OPEN,1732089600000,0
BTCUSDT,1732118400000,0.0001,94737.5,MARK_PRICE_EXACT_OPEN,1732118400000,0
BTCUSDT,1732147200001,0.0001,94281.88116667,MARK_PRICE_PREVIOUS_FALLBACK,1732147200000,1
BTCUSDT,1732176000000,0.0001,96950,MARK_PRICE_EXACT_OPEN,1732176000000,0
BTCUSDT,1732204800001,0.0001,96705.9695,MARK_PRICE_PREVIOUS_FALLBACK,1732204800000,1
BTCUSDT,1732233600000,0.0001,98365.11095455,MARK_PRICE_EXACT_OPEN,1732233600000,0
BTCUSDT,1732262400000,0.0001,99242.76953901,MARK_PRICE_EXACT_OPEN,1732262400000,0
BTCUSDT,1732291200001,0.0001,98482.1,MARK_PRICE_PREVIOUS_FALLBACK,1732291200000,1
BTCUSDT,1732320000000,0.0001,98918.67765957,MARK_PRICE_EXACT_OPEN,1732320000000,0
BTCUSDT,1732348800000,0.0001,98599.68488652,MARK_PRICE_EXACT_OPEN,1732348800000,0
BTCUSDT,1732377600000,0.0001,98426,MARK_PRICE_EXACT_OPEN,1732377600000,0
BTCUSDT,1732406400001,0.0001,97679.71087234,MARK_PRICE_PREVIOUS_FALLBACK,1732406400000,1
BTCUSDT,1732435200000,0.00016148,98484.0991844,MARK_PRICE_EXACT_OPEN,1732435200000,0
BTCUSDT,1732464000000,0.00023228,95996.21422597,MARK_PRICE_EXACT_OPEN,1732464000000,0
BTCUSDT,1732492800000,0.00021035,97960.5,MARK_PRICE_EXACT_OPEN,1732492800000,0
BTCUSDT,1732521600000,0.0001,98106.56588652,MARK_PRICE_EXACT_OPEN,1732521600000,0
BTCUSDT,1732550400000,0.00025233,96030.47297163,MARK_PRICE_EXACT_OPEN,1732550400000,0
BTCUSDT,1732579200000,0.00021902,93064.1,MARK_PRICE_EXACT_OPEN,1732579200000,0
BTCUSDT,1732608000000,0.00017936,93837.3,MARK_PRICE_EXACT_OPEN,1732608000000,0
BTCUSDT,1732636800000,0.00029599,92870.07960284,MARK_PRICE_EXACT_OPEN,1732636800000,0
BTCUSDT,1732665600000,0.00031205,92013.7,MARK_PRICE_EXACT_OPEN,1732665600000,0
BTCUSDT,1732694400000,0.00016795,93652.1,MARK_PRICE_EXACT_OPEN,1732694400000,0
BTCUSDT,1732723200001,0.0001,95620.4,MARK_PRICE_PREVIOUS_FALLBACK,1732723200000,1
BTCUSDT,1732752000000,0.0001,95904.65788652,MARK_PRICE_EXACT_OPEN,1732752000000,0
BTCUSDT,1732780800000,0.00014326,95360.15442553,MARK_PRICE_EXACT_OPEN,1732780800000,0
BTCUSDT,1732809600000,0.00011859,95057.36946809,MARK_PRICE_EXACT_OPEN,1732809600000,0
BTCUSDT,1732838400000,0.00020619,95693.94427733,MARK_PRICE_EXACT_OPEN,1732838400000,0
BTCUSDT,1732867200000,0.00011747,95692.14007801,MARK_PRICE_EXACT_OPEN,1732867200000,0
BTCUSDT,1732896000000,0.00021921,98075.2,MARK_PRICE_EXACT_OPEN,1732896000000,0
BTCUSDT,1732924800000,0.0001,97516.3,MARK_PRICE_EXACT_OPEN,1732924800000,0
BTCUSDT,1732953600000,0.00015909,96843.3,MARK_PRICE_EXACT_OPEN,1732953600000,0
BTCUSDT,1732982400000,0.00012063,96707.4,MARK_PRICE_EXACT_OPEN,1732982400000,0
BTCUSDT,1733011200000,0.00015901,96462.18661702,MARK_PRICE_EXACT_OPEN,1733011200000,0
BTCUSDT,1733040000000,0.00019581,96522.2200922,MARK_PRICE_EXACT_OPEN,1733040000000,0
BTCUSDT,1733068800000,0.0001,97081.5,MARK_PRICE_EXACT_OPEN,1733068800000,0
BTCUSDT,1733097600001,0.00025726,97301.82304965,MARK_PRICE_PREVIOUS_FALLBACK,1733097600000,1
BTCUSDT,1733126400001,0.00024556,95964.5,MARK_PRICE_PREVIOUS_FALLBACK,1733126400000,1
BTCUSDT,1733155200000,0.00013387,97120,MARK_PRICE_EXACT_OPEN,1733155200000,0
BTCUSDT,1733184000000,0.00012779,95889.05078723,MARK_PRICE_EXACT_OPEN,1733184000000,0
BTCUSDT,1733212800000,0.00024926,95616.2,MARK_PRICE_EXACT_OPEN,1733212800000,0
BTCUSDT,1733241600000,0.00011952,95746.09226241,MARK_PRICE_EXACT_OPEN,1733241600000,0
BTCUSDT,1733270400000,0.00026634,95913.4,MARK_PRICE_EXACT_OPEN,1733270400000,0
BTCUSDT,1733299200000,0.00026254,96652.1,MARK_PRICE_EXACT_OPEN,1733299200000,0
BTCUSDT,1733328000000,0.00023234,95803.76948936,MARK_PRICE_EXACT_OPEN,1733328000000,0
BTCUSDT,1733356800001,0.00027625,98700.5906383,MARK_PRICE_PREVIOUS_FALLBACK,1733356800000,1
BTCUSDT,1733385600000,0.00072446,102286.97085816,MARK_PRICE_EXACT_OPEN,1733385600000,0
BTCUSDT,1733414400000,0.00047059,101350.1,MARK_PRICE_EXACT_OPEN,1733414400000,0
BTCUSDT,1733443200000,0.0001,97001.6,MARK_PRICE_EXACT_OPEN,1733443200000,0
BTCUSDT,1733472000000,0.00014634,98207.06939007,MARK_PRICE_EXACT_OPEN,1733472000000,0
BTCUSDT,1733500800000,0.0001,99357.34402837,MARK_PRICE_EXACT_OPEN,1733500800000,0
BTCUSDT,1733529600000,0.00031972,99802.5,MARK_PRICE_EXACT_OPEN,1733529600000,0
BTCUSDT,1733558400000,0.00012374,99442.6,MARK_PRICE_EXACT_OPEN,1733558400000,0
BTCUSDT,1733587200000,0.0001409,99811.5,MARK_PRICE_EXACT_OPEN,1733587200000,0
BTCUSDT,1733616000000,0.00016985,99899.1,MARK_PRICE_EXACT_OPEN,1733616000000,0
BTCUSDT,1733644800000,0.00016572,99741.6,MARK_PRICE_EXACT_OPEN,1733644800000,0
BTCUSDT,1733673600000,0.0001758,99975,MARK_PRICE_EXACT_OPEN,1733673600000,0
BTCUSDT,1733702400000,0.00030413,101193.94399291,MARK_PRICE_EXACT_OPEN,1733702400000,0
BTCUSDT,1733731200000,0.00021032,99633.40225532,MARK_PRICE_EXACT_OPEN,1733731200000,0
BTCUSDT,1733760000001,0.00011115,97889.38276596,MARK_PRICE_PREVIOUS_FALLBACK,1733760000000,1
BTCUSDT,1733788800007,0.0001,97354.92714184,MARK_PRICE_PREVIOUS_FALLBACK,1733788800000,7
BTCUSDT,1733817600000,0.0001,97217.7,MARK_PRICE_EXACT_OPEN,1733817600000,0
BTCUSDT,1733846400000,0.0001,95663.4721844,MARK_PRICE_EXACT_OPEN,1733846400000,0
BTCUSDT,1733875200000,0.0001,96602.3,MARK_PRICE_EXACT_OPEN,1733875200000,0
BTCUSDT,1733904000000,0.0001,97336.1817305,MARK_PRICE_EXACT_OPEN,1733904000000,0
BTCUSDT,1733932800001,0.0001,100455,MARK_PRICE_PREVIOUS_FALLBACK,1733932800000,1
BTCUSDT,1733961600001,0.0001,101157.7,MARK_PRICE_PREVIOUS_FALLBACK,1733961600000,1
BTCUSDT,1733990400000,0.0001,100485.98986525,MARK_PRICE_EXACT_OPEN,1733990400000,0
BTCUSDT,1734019200001,0.0001,101952,MARK_PRICE_PREVIOUS_FALLBACK,1734019200000,1
BTCUSDT,1734048000000,0.0001,99982.3,MARK_PRICE_EXACT_OPEN,1734048000000,0
BTCUSDT,1734076800000,0.0001,100099.9,MARK_PRICE_EXACT_OPEN,1734076800000,0
BTCUSDT,1734105600001,0.0001,100135.23746099,MARK_PRICE_PREVIOUS_FALLBACK,1734105600000,1
BTCUSDT,1734134400000,0.0000675,101371.9,MARK_PRICE_EXACT_OPEN,1734134400000,0
BTCUSDT,1734163200000,0.0001,101787,MARK_PRICE_EXACT_OPEN,1734163200000,0
BTCUSDT,1734192000000,0.0001,101610.82598582,MARK_PRICE_EXACT_OPEN,1734192000000,0
BTCUSDT,1734220800000,0.0001,101391.60376371,MARK_PRICE_EXACT_OPEN,1734220800000,0
BTCUSDT,1734249600000,0.00008194,101673.93346099,MARK_PRICE_EXACT_OPEN,1734249600000,0
BTCUSDT,1734278400000,0.0001,102674.84886525,MARK_PRICE_EXACT_OPEN,1734278400000,0
BTCUSDT,1734307200000,0.0001,104452.52251773,MARK_PRICE_EXACT_OPEN,1734307200000,0
BTCUSDT,1734336000001,0.0001,104959.76369504,MARK_PRICE_PREVIOUS_FALLBACK,1734336000000,1
BTCUSDT,1734364800000,0.00009181,106285.31279433,MARK_PRICE_EXACT_OPEN,1734364800000,0
BTCUSDT,1734393600000,0.00007866,106023.3,MARK_PRICE_EXACT_OPEN,1734393600000,0
BTCUSDT,1734422400000,0.0001,106789.01585106,MARK_PRICE_EXACT_OPEN,1734422400000,0
BTCUSDT,1734451200000,0.0001,106438.49711348,MARK_PRICE_EXACT_OPEN,1734451200000,0
BTCUSDT,1734480000000,0.0001,106084.11888652,MARK_PRICE_EXACT_OPEN,1734480000000,0
BTCUSDT,1734508800000,0.00009159,104203.79516312,MARK_PRICE_EXACT_OPEN,1734508800000,0
BTCUSDT,1734537600000,0.0001,104395.1,MARK_PRICE_EXACT_OPEN,1734537600000,0
BTCUSDT,1734566400000,0.0001,100181.98887943,MARK_PRICE_EXACT_OPEN,1734566400000,0
BTCUSDT,1734595200000,0.0001,101625.15913475,MARK_PRICE_EXACT_OPEN,1734595200000,0
BTCUSDT,1734624000000,0.0001,100657.71907801,MARK_PRICE_EXACT_OPEN,1734624000000,0
BTCUSDT,1734652800000,0.0001,97434.4,MARK_PRICE_EXACT_OPEN,1734652800000,0
BTCUSDT,1734681600001,0.0001,97808.18654439,MARK_PRICE_PREVIOUS_FALLBACK,1734681600000,1
BTCUSDT,1734710400014,0.0001,96890.9,MARK_PRICE_PREVIOUS_FALLBACK,1734710400000,14
BTCUSDT,1734739200000,0.0001,97764.5,MARK_PRICE_EXACT_OPEN,1734739200000,0
BTCUSDT,1734768000000,0.00001206,98984.80428369,MARK_PRICE_EXACT_OPEN,1734768000000,0
BTCUSDT,1734796800001,0.0001,97409.4,MARK_PRICE_PREVIOUS_FALLBACK,1734796800000,1
BTCUSDT,1734825600000,0.0001,97261.8,MARK_PRICE_EXACT_OPEN,1734825600000,0
BTCUSDT,1734854400000,0.0001,96192.1,MARK_PRICE_EXACT_OPEN,1734854400000,0
BTCUSDT,1734883200000,0.00009629,95340.9,MARK_PRICE_EXACT_OPEN,1734883200000,0
BTCUSDT,1734912000000,0.0001,95155.88896454,MARK_PRICE_EXACT_OPEN,1734912000000,0
BTCUSDT,1734940800000,0.0001,95360.4,MARK_PRICE_EXACT_OPEN,1734940800000,0
BTCUSDT,1734969600001,0.00008981,93194.9,MARK_PRICE_PREVIOUS_FALLBACK,1734969600000,1
BTCUSDT,1734998400000,0.0001,94861.1,MARK_PRICE_EXACT_OPEN,1734998400000,0
BTCUSDT,1735027200000,0.0001,94199.9,MARK_PRICE_EXACT_OPEN,1735027200000,0
BTCUSDT,1735056000001,0.0001,98181.20346099,MARK_PRICE_PREVIOUS_FALLBACK,1735056000000,1
BTCUSDT,1735084800001,0.0001,98667.3,MARK_PRICE_PREVIOUS_FALLBACK,1735084800000,1
BTCUSDT,1735113600000,0.0001,98052.3672695,MARK_PRICE_EXACT_OPEN,1735113600000,0
BTCUSDT,1735142400000,0.0001,98485.7,MARK_PRICE_EXACT_OPEN,1735142400000,0
BTCUSDT,1735171200000,0.00009827,99379.6,MARK_PRICE_EXACT_OPEN,1735171200000,0
BTCUSDT,1735200000000,0.00007453,97688.02015603,MARK_PRICE_EXACT_OPEN,1735200000000,0
BTCUSDT,1735228800000,0.00008585,96006,MARK_PRICE_EXACT_OPEN,1735228800000,0
BTCUSDT,1735257600000,0.0001,95754.23556738,MARK_PRICE_EXACT_OPEN,1735257600000,0
BTCUSDT,1735286400000,0.0001,95074.97113475,MARK_PRICE_EXACT_OPEN,1735286400000,0
BTCUSDT,1735315200000,0.0001,94534.65060993,MARK_PRICE_EXACT_OPEN,1735315200000,0
BTCUSDT,1735344000001,0.0001,94280.4,MARK_PRICE_PREVIOUS_FALLBACK,1735344000000,1
BTCUSDT,1735372800000,0.00007639,94339.82516312,MARK_PRICE_EXACT_OPEN,1735372800000,0
BTCUSDT,1735401600000,0.00005173,94407.99961702,MARK_PRICE_EXACT_OPEN,1735401600000,0
BTCUSDT,1735430400000,0.00008013,95262.82075887,MARK_PRICE_EXACT_OPEN,1735430400000,0
BTCUSDT,1735459200000,0.0001,95233.3,MARK_PRICE_EXACT_OPEN,1735459200000,0
BTCUSDT,1735488000000,0.0001,94468.77931206,MARK_PRICE_EXACT_OPEN,1735488000000,0
BTCUSDT,1735516800000,-4.2e-7,93699.9,MARK_PRICE_EXACT_OPEN,1735516800000,0
BTCUSDT,1735545600001,0.00008791,93749.7,MARK_PRICE_PREVIOUS_FALLBACK,1735545600000,1
BTCUSDT,1735574400000,0.0001,92087.33713475,MARK_PRICE_EXACT_OPEN,1735574400000,0
BTCUSDT,1735603200000,0.0001,92760.05741135,MARK_PRICE_EXACT_OPEN,1735603200000,0
BTCUSDT,1735632000000,0.0001,92819.5,MARK_PRICE_EXACT_OPEN,1735632000000,0
BTCUSDT,1735660800000,0.0001,95389.4,MARK_PRICE_EXACT_OPEN,1735660800000,0
BTCUSDT,1735689600015,0.0001,93594.7,MARK_PRICE_PREVIOUS_FALLBACK,1735689600000,15
BTCUSDT,1735718400000,0.0001,93660.97108511,MARK_PRICE_EXACT_OPEN,1735718400000,0
BTCUSDT,1735747200001,0.0001,94411.56451064,MARK_PRICE_PREVIOUS_FALLBACK,1735747200000,1
BTCUSDT,1735776000000,0.0001,94581,MARK_PRICE_EXACT_OPEN,1735776000000,0
BTCUSDT,1735804800006,0.0001,95847,MARK_PRICE_PREVIOUS_FALLBACK,1735804800000,6
BTCUSDT,1735833600000,0.0001,96438.3,MARK_PRICE_EXACT_OPEN,1735833600000,0
BTCUSDT,1735862400000,0.0001,96967.5,MARK_PRICE_EXACT_OPEN,1735862400000,0
BTCUSDT,1735891200000,0.0001,96275,MARK_PRICE_EXACT_OPEN,1735891200000,0
BTCUSDT,1735920000000,0.00005242,97481.09407092,MARK_PRICE_EXACT_OPEN,1735920000000,0
BTCUSDT,1735948800000,0.00007699,98145.8,MARK_PRICE_EXACT_OPEN,1735948800000,0
BTCUSDT,1735977600000,0.0001,98244.2,MARK_PRICE_EXACT_OPEN,1735977600000,0
BTCUSDT,1736006400000,0.00000798,97632.05677305,MARK_PRICE_EXACT_OPEN,1736006400000,0
BTCUSDT,1736035200000,0.0001,98173.2,MARK_PRICE_EXACT_OPEN,1736035200000,0
BTCUSDT,1736064000000,0.0001,98225.72075177,MARK_PRICE_EXACT_OPEN,1736064000000,0
BTCUSDT,1736092800000,0.0000832,97981.8,MARK_PRICE_EXACT_OPEN,1736092800000,0
BTCUSDT,1736121600000,0.0001,98340.1,MARK_PRICE_EXACT_OPEN,1736121600000,0
BTCUSDT,1736150400001,0.0001,99312.66340426,MARK_PRICE_PREVIOUS_FALLBACK,1736150400000,1
BTCUSDT,1736179200000,0.0001,102093.05065957,MARK_PRICE_EXACT_OPEN,1736179200000,0
BTCUSDT,1736208000000,0.0001,102189.23165248,MARK_PRICE_EXACT_OPEN,1736208000000,0
BTCUSDT,1736236800000,0.00008903,101649.3,MARK_PRICE_EXACT_OPEN,1736236800000,0
BTCUSDT,1736265600008,0.00008279,97711.19858156,MARK_PRICE_PREVIOUS_FALLBACK,1736265600000,8
BTCUSDT,1736294400001,0.0001,96849.64006383,MARK_PRICE_PREVIOUS_FALLBACK,1736294400000,1
BTCUSDT,1736323200000,0.0001,95628.4,MARK_PRICE_EXACT_OPEN,1736323200000,0
BTCUSDT,1736352000000,0.0001,95454.56275887,MARK_PRICE_EXACT_OPEN,1736352000000,0
BTCUSDT,1736380800000,0.0001,95036.11944681,MARK_PRICE_EXACT_OPEN,1736380800000,0
BTCUSDT,1736409600000,0.00009834,93180.20612057,MARK_PRICE_EXACT_OPEN,1736409600000,0
BTCUSDT,1736438400000,-0.00000544,94195.1,MARK_PRICE_EXACT_OPEN,1736438400000,0
BTCUSDT,1736467200000,0.00003966,92509.69006383,MARK_PRICE_EXACT_OPEN,1736467200000,0
BTCUSDT,1736496000000,-0.0000106,94460.5,MARK_PRICE_EXACT_OPEN,1736496000000,0
BTCUSDT,1736524800000,0.00008078,93697.9,MARK_PRICE_EXACT_OPEN,1736524800000,0
BTCUSDT,1736553600000,0.0000568,94680.94735461,MARK_PRICE_EXACT_OPEN,1736553600000,0
BTCUSDT,1736582400000,0.00004055,94211.97412183,MARK_PRICE_EXACT_OPEN,1736582400000,0
BTCUSDT,1736611200000,0.00002608,94365.8,MARK_PRICE_EXACT_OPEN,1736611200000,0
BTCUSDT,1736640000000,0.00005009,94565.09497163,MARK_PRICE_EXACT_OPEN,1736640000000,0
BTCUSDT,1736668800000,0.0000321,94291.3,MARK_PRICE_EXACT_OPEN,1736668800000,0
BTCUSDT,1736697600000,0.00006647,95037.06563121,MARK_PRICE_EXACT_OPEN,1736697600000,0
BTCUSDT,1736726400000,0.00005266,94499.9,MARK_PRICE_EXACT_OPEN,1736726400000,0
BTCUSDT,1736755200000,0.00006989,93557.9,MARK_PRICE_EXACT_OPEN,1736755200000,0
BTCUSDT,1736784000000,0.00000881,92108.14175,MARK_PRICE_EXACT_OPEN,1736784000000,0
BTCUSDT,1736812800000,0.0001,94487.60209091,MARK_PRICE_EXACT_OPEN,1736812800000,0
BTCUSDT,1736841600000,0.0001,94824.19737879,MARK_PRICE_EXACT_OPEN,1736841600000,0
BTCUSDT,1736870400000,0.00009496,96420.52184091,MARK_PRICE_EXACT_OPEN,1736870400000,0
BTCUSDT,1736899200000,0.00004989,96515,MARK_PRICE_EXACT_OPEN,1736899200000,0
BTCUSDT,1736928000000,0.00008795,97253.8,MARK_PRICE_EXACT_OPEN,1736928000000,0
BTCUSDT,1736956800000,0.00005844,98943.3,MARK_PRICE_EXACT_OPEN,1736956800000,0
BTCUSDT,1736985600000,0.00000728,100461.91109848,MARK_PRICE_EXACT_OPEN,1736985600000,0
BTCUSDT,1737014400000,0.00007568,99762.5,MARK_PRICE_EXACT_OPEN,1737014400000,0
BTCUSDT,1737043200000,0.00004598,99258.85297727,MARK_PRICE_EXACT_OPEN,1737043200000,0
BTCUSDT,1737072000004,0.00004597,99953.8,MARK_PRICE_PREVIOUS_FALLBACK,1737072000000,4
BTCUSDT,1737100800000,0.00009386,101406.9,MARK_PRICE_EXACT_OPEN,1737100800000,0
BTCUSDT,1737129600008,0.00003432,103867.07100758,MARK_PRICE_PREVIOUS_FALLBACK,1737129600000,8
BTCUSDT,1737158400000,0.00006707,104042.5,MARK_PRICE_EXACT_OPEN,1737158400000,0
BTCUSDT,1737187200007,0.0001,102721.82154389,MARK_PRICE_PREVIOUS_FALLBACK,1737187200000,7
BTCUSDT,1737216000000,0.0001,104537.59208333,MARK_PRICE_EXACT_OPEN,1737216000000,0
BTCUSDT,1737244800000,0.0001,104535.24325758,MARK_PRICE_EXACT_OPEN,1737244800000,0
BTCUSDT,1737273600000,0.0001,105153.39980303,MARK_PRICE_EXACT_OPEN,1737273600000,0
BTCUSDT,1737302400000,0.0001,104957.60477273,MARK_PRICE_EXACT_OPEN,1737302400000,0
BTCUSDT,1737331200000,0.0001,101308.1,MARK_PRICE_EXACT_OPEN,1737331200000,0
BTCUSDT,1737360000009,0.0001,107345.01665152,MARK_PRICE_PREVIOUS_FALLBACK,1737360000000,9
BTCUSDT,1737388800000,0.0001,104989.6,MARK_PRICE_EXACT_OPEN,1737388800000,0
BTCUSDT,1737417600000,0.0001,102253.89548485,MARK_PRICE_EXACT_OPEN,1737417600000,0
BTCUSDT,1737446400000,0.0001,101983.4947197,MARK_PRICE_EXACT_OPEN,1737446400000,0
BTCUSDT,1737475200000,0.0001,103929.1,MARK_PRICE_EXACT_OPEN,1737475200000,0
BTCUSDT,1737504000000,0.0001,106114.4,MARK_PRICE_EXACT_OPEN,1737504000000,0
BTCUSDT,1737532800000,0.0001,105063.8,MARK_PRICE_EXACT_OPEN,1737532800000,0
BTCUSDT,1737561600000,0.0001,104139.07094074,MARK_PRICE_EXACT_OPEN,1737561600000,0
BTCUSDT,1737590400001,0.00008654,103618.3,MARK_PRICE_PREVIOUS_FALLBACK,1737590400000,1
BTCUSDT,1737619200000,0.0001,102668.3,MARK_PRICE_EXACT_OPEN,1737619200000,0
BTCUSDT,1737648000000,0.00008616,105209.9,MARK_PRICE_EXACT_OPEN,1737648000000,0
BTCUSDT,1737676800000,0.00000334,103867.57431111,MARK_PRICE_EXACT_OPEN,1737676800000,0
BTCUSDT,1737705600000,0.00007537,104999.9,MARK_PRICE_EXACT_OPEN,1737705600000,0
BTCUSDT,1737734400000,0.0000954,105821.8,MARK_PRICE_EXACT_OPEN,1737734400000,0
BTCUSDT,1737763200000,0.00005702,104811.48457037,MARK_PRICE_EXACT_OPEN,1737763200000,0
BTCUSDT,1737792000000,0.00008495,104349.4,MARK_PRICE_EXACT_OPEN,1737792000000,0
BTCUSDT,1737820800001,0.00007782,104850.26332567,MARK_PRICE_PREVIOUS_FALLBACK,1737820800000,1
BTCUSDT,1737849600000,0.00008363,104701.9,MARK_PRICE_EXACT_OPEN,1737849600000,0
BTCUSDT,1737878400000,0.0001,104963.8,MARK_PRICE_EXACT_OPEN,1737878400000,0
BTCUSDT,1737907200000,0.00008443,104920,MARK_PRICE_EXACT_OPEN,1737907200000,0
BTCUSDT,1737936000000,0.00009084,102590.39013333,MARK_PRICE_EXACT_OPEN,1737936000000,0
BTCUSDT,1737964800000,0.00003712,98996.4,MARK_PRICE_EXACT_OPEN,1737964800000,0
BTCUSDT,1737993600000,9.8e-7,101075.16971111,MARK_PRICE_EXACT_OPEN,1737993600000,0
BTCUSDT,1738022400000,0.0001,102034.28208148,MARK_PRICE_EXACT_OPEN,1738022400000,0
BTCUSDT,1738051200000,0.00003714,102748.76021481,MARK_PRICE_EXACT_OPEN,1738051200000,0
BTCUSDT,1738080000000,0.00009848,102732.49048889,MARK_PRICE_EXACT_OPEN,1738080000000,0
BTCUSDT,1738108800000,0.0001,101292.5435037,MARK_PRICE_EXACT_OPEN,1738108800000,0
BTCUSDT,1738137600000,0.0001,102723.3,MARK_PRICE_EXACT_OPEN,1738137600000,0
BTCUSDT,1738166400000,0.00009949,101942.29615556,MARK_PRICE_EXACT_OPEN,1738166400000,0
BTCUSDT,1738195200000,0.0000759,103698.2,MARK_PRICE_EXACT_OPEN,1738195200000,0
BTCUSDT,1738224000000,0.0001,105085.2,MARK_PRICE_EXACT_OPEN,1738224000000,0
BTCUSDT,1738252800000,0.00009499,105521.2,MARK_PRICE_EXACT_OPEN,1738252800000,0
BTCUSDT,1738281600000,0.00001225,104677,MARK_PRICE_EXACT_OPEN,1738281600000,0
BTCUSDT,1738310400000,0.0001,104167.68447407,MARK_PRICE_EXACT_OPEN,1738310400000,0
BTCUSDT,1738339200000,0.0001,105417.4,MARK_PRICE_EXACT_OPEN,1738339200000,0
BTCUSDT,1738368000000,0.00008098,102379.7,MARK_PRICE_EXACT_OPEN,1738368000000,0
BTCUSDT,1738396800000,0.00005369,102127,MARK_PRICE_EXACT_OPEN,1738396800000,0
BTCUSDT,1738425600000,0.00005968,102033.74300741,MARK_PRICE_EXACT_OPEN,1738425600000,0
BTCUSDT,1738454400001,0.00005824,100556.82411852,MARK_PRICE_PREVIOUS_FALLBACK,1738454400000,1
BTCUSDT,1738483200000,0.0000338,99595.81932593,MARK_PRICE_EXACT_OPEN,1738483200000,0
BTCUSDT,1738512000000,-0.00000861,99298.6,MARK_PRICE_EXACT_OPEN,1738512000000,0
BTCUSDT,1738540800000,0.0001,97666.2923037,MARK_PRICE_EXACT_OPEN,1738540800000,0
BTCUSDT,1738569600000,0.0001,95278.94922222,MARK_PRICE_EXACT_OPEN,1738569600000,0
BTCUSDT,1738598400000,0.00004845,98802.29277778,MARK_PRICE_EXACT_OPEN,1738598400000,0
BTCUSDT,1738627200000,0.00002612,101293.7,MARK_PRICE_EXACT_OPEN,1738627200000,0
BTCUSDT,1738656000001,0.000068,98322.84454074,MARK_PRICE_PREVIOUS_FALLBACK,1738656000000,1
BTCUSDT,1738684800000,0.00004138,99307.83627586,MARK_PRICE_EXACT_OPEN,1738684800000,0
BTCUSDT,1738713600001,-0.00000461,97817.3,MARK_PRICE_PREVIOUS_FALLBACK,1738713600000,1
BTCUSDT,1738742400001,0.00004774,97781.51451852,MARK_PRICE_PREVIOUS_FALLBACK,1738742400000,1
BTCUSDT,1738771200000,0.0000161,98063.3,MARK_PRICE_EXACT_OPEN,1738771200000,0
BTCUSDT,1738800000001,0.00002186,96620,MARK_PRICE_PREVIOUS_FALLBACK,1738800000000,1
BTCUSDT,1738828800001,-0.00000238,98186.99996296,MARK_PRICE_PREVIOUS_FALLBACK,1738828800000,1
BTCUSDT,1738857600000,0.00005903,97285.6,MARK_PRICE_EXACT_OPEN,1738857600000,0
BTCUSDT,1738886400000,0.00007983,96515,MARK_PRICE_EXACT_OPEN,1738886400000,0
BTCUSDT,1738915200000,0.00006989,96714.18992337,MARK_PRICE_EXACT_OPEN,1738915200000,0
BTCUSDT,1738944000000,0.00005167,98249.7,MARK_PRICE_EXACT_OPEN,1738944000000,0
BTCUSDT,1738972800000,-0.000041,96456.01788889,MARK_PRICE_EXACT_OPEN,1738972800000,0
BTCUSDT,1739001600000,0.00001137,96153.4,MARK_PRICE_EXACT_OPEN,1739001600000,0
BTCUSDT,1739030400000,0.00000324,95798.27433333,MARK_PRICE_EXACT_OPEN,1739030400000,0
BTCUSDT,1739059200000,0.00003873,96411.9,MARK_PRICE_EXACT_OPEN,1739059200000,0
BTCUSDT,1739088000000,0.000096,97019.9,MARK_PRICE_EXACT_OPEN,1739088000000,0
BTCUSDT,1739116800000,0.00002839,96443.79991852,MARK_PRICE_EXACT_OPEN,1739116800000,0
BTCUSDT,1739145600000,0.00001802,96424.98096296,MARK_PRICE_EXACT_OPEN,1739145600000,0
BTCUSDT,1739174400000,0.00009176,97393.1,MARK_PRICE_EXACT_OPEN,1739174400000,0
BTCUSDT,1739203200000,0.00007457,97187.7,MARK_PRICE_EXACT_OPEN,1739203200000,0
BTCUSDT,1739232000000,0.00004218,97384.53994815,MARK_PRICE_EXACT_OPEN,1739232000000,0
BTCUSDT,1739260800000,0.0000709,98231.05771852,MARK_PRICE_EXACT_OPEN,1739260800000,0
BTCUSDT,1739289600000,-0.00002446,96963.3,MARK_PRICE_EXACT_OPEN,1739289600000,0
BTCUSDT,1739318400000,0.00001298,95731.4,MARK_PRICE_EXACT_OPEN,1739318400000,0
BTCUSDT,1739347200000,0.00004899,96032.1,MARK_PRICE_EXACT_OPEN,1739347200000,0
BTCUSDT,1739376000001,0.0000496,95643.06733333,MARK_PRICE_PREVIOUS_FALLBACK,1739376000000,1
BTCUSDT,1739404800001,0.0001,97750.91937931,MARK_PRICE_PREVIOUS_FALLBACK,1739404800000,1
BTCUSDT,1739433600000,0.00004117,96022.13023704,MARK_PRICE_EXACT_OPEN,1739433600000,0
BTCUSDT,1739462400001,0.00000805,95857.73016296,MARK_PRICE_PREVIOUS_FALLBACK,1739462400000,1
BTCUSDT,1739491200000,0.000041,96560.6,MARK_PRICE_EXACT_OPEN,1739491200000,0
BTCUSDT,1739520000001,0.0000551,96934.8,MARK_PRICE_PREVIOUS_FALLBACK,1739520000000,1
BTCUSDT,1739548800000,0.00007093,96886.6,MARK_PRICE_EXACT_OPEN,1739548800000,0
BTCUSDT,1739577600000,5.5e-7,97449.10151111,MARK_PRICE_EXACT_OPEN,1739577600000,0
BTCUSDT,1739606400000,0.00003297,97312.5,MARK_PRICE_EXACT_OPEN,1739606400000,0
BTCUSDT,1739635200000,0.00003735,97594.4,MARK_PRICE_EXACT_OPEN,1739635200000,0
BTCUSDT,1739664000000,0.0000339,97537.9,MARK_PRICE_EXACT_OPEN,1739664000000,0
BTCUSDT,1739692800000,0.00000182,97207.4,MARK_PRICE_EXACT_OPEN,1739692800000,0
BTCUSDT,1739721600000,0.00003799,96859.04714359,MARK_PRICE_EXACT_OPEN,1739721600000,0
BTCUSDT,1739750400000,0.00006239,96073.4270963,MARK_PRICE_EXACT_OPEN,1739750400000,0
BTCUSDT,1739779200000,0.00006397,96031.56637778,MARK_PRICE_EXACT_OPEN,1739779200000,0
BTCUSDT,1739808000000,0.00002009,95610.58525185,MARK_PRICE_EXACT_OPEN,1739808000000,0
BTCUSDT,1739836800000,0.00009488,95743.1,MARK_PRICE_EXACT_OPEN,1739836800000,0
BTCUSDT,1739865600000,0.0001,95416.39865926,MARK_PRICE_EXACT_OPEN,1739865600000,0
BTCUSDT,1739894400000,0.0001,95507.29938519,MARK_PRICE_EXACT_OPEN,1739894400000,0
BTCUSDT,1739923200000,0.00007007,95621.9,MARK_PRICE_EXACT_OPEN,1739923200000,0
BTCUSDT,1739952000000,0.00007779,95640.4,MARK_PRICE_EXACT_OPEN,1739952000000,0
BTCUSDT,1739980800000,0.0000896,95895.5,MARK_PRICE_EXACT_OPEN,1739980800000,0
BTCUSDT,1740009600000,0.0000242,96605.40166667,MARK_PRICE_EXACT_OPEN,1740009600000,0
BTCUSDT,1740038400000,0.00003269,96825.7,MARK_PRICE_EXACT_OPEN,1740038400000,0
BTCUSDT,1740067200000,0.00007346,96860.9,MARK_PRICE_EXACT_OPEN,1740067200000,0
BTCUSDT,1740096000001,0.00000123,98343.30257037,MARK_PRICE_PREVIOUS_FALLBACK,1740096000000,1
BTCUSDT,1740124800000,0.00002286,98128.4,MARK_PRICE_EXACT_OPEN,1740124800000,0
BTCUSDT,1740153600000,-9.7e-7,98057.7,MARK_PRICE_EXACT_OPEN,1740153600000,0
BTCUSDT,1740182400000,0.0001,96131.40247407,MARK_PRICE_EXACT_OPEN,1740182400000,0
BTCUSDT,1740211200000,0.00006466,96241.7,MARK_PRICE_EXACT_OPEN,1740211200000,0
BTCUSDT,1740240000000,0.00002318,96552.61577037,MARK_PRICE_EXACT_OPEN,1740240000000,0
BTCUSDT,1740268800000,0.00004112,96503.38967407,MARK_PRICE_EXACT_OPEN,1740268800000,0
BTCUSDT,1740297600000,0.0000314,96455.96508889,MARK_PRICE_EXACT_OPEN,1740297600000,0
BTCUSDT,1740326400000,0.00001478,95391.4,MARK_PRICE_EXACT_OPEN,1740326400000,0
BTCUSDT,1740355200000,-0.0000297,96218.4,MARK_PRICE_EXACT_OPEN,1740355200000,0
BTCUSDT,1740384000000,0.00006881,95838.01501481,MARK_PRICE_EXACT_OPEN,1740384000000,0
BTCUSDT,1740412800000,0.0000205,94296,MARK_PRICE_EXACT_OPEN,1740412800000,0
BTCUSDT,1740441600000,0.0001,91524.67726667,MARK_PRICE_EXACT_OPEN,1740441600000,0
BTCUSDT,1740470400000,0.00005245,89300,MARK_PRICE_EXACT_OPEN,1740470400000,0
BTCUSDT,1740499200000,0.00001385,87188.93212261,MARK_PRICE_EXACT_OPEN,1740499200000,0
BTCUSDT,1740528000000,0.00003521,88639.1,MARK_PRICE_EXACT_OPEN,1740528000000,0
BTCUSDT,1740556800000,0.00006005,88688.89924444,MARK_PRICE_EXACT_OPEN,1740556800000,0
BTCUSDT,1740585600000,0.0001,87535.64736398,MARK_PRICE_EXACT_OPEN,1740585600000,0
BTCUSDT,1740614400001,0.00009305,84352.86848148,MARK_PRICE_PREVIOUS_FALLBACK,1740614400000,1
BTCUSDT,1740643200000,-0.00000617,86227.86960741,MARK_PRICE_EXACT_OPEN,1740643200000,0
BTCUSDT,1740672000000,0.00009433,85473.85978519,MARK_PRICE_EXACT_OPEN,1740672000000,0
BTCUSDT,1740700800001,0.00009444,84723.1,MARK_PRICE_PREVIOUS_FALLBACK,1740700800000,1
BTCUSDT,1740729600000,0.00009521,79173.04545185,MARK_PRICE_EXACT_OPEN,1740729600000,0
BTCUSDT,1740758400000,-0.00000373,83971.85852874,MARK_PRICE_EXACT_OPEN,1740758400000,0
BTCUSDT,1740787200000,-1.4e-7,84300.62248148,MARK_PRICE_EXACT_OPEN,1740787200000,0
BTCUSDT,1740816000000,-0.00006108,84708.13071852,MARK_PRICE_EXACT_OPEN,1740816000000,0
BTCUSDT,1740844800001,-0.00000858,84761.8,MARK_PRICE_PREVIOUS_FALLBACK,1740844800000,1
BTCUSDT,1740873600000,-0.00001094,86017.81202963,MARK_PRICE_EXACT_OPEN,1740873600000,0
BTCUSDT,1740902400000,-0.00002783,86191.4,MARK_PRICE_EXACT_OPEN,1740902400000,0
BTCUSDT,1740931200000,-0.00002869,87376.32577037,MARK_PRICE_EXACT_OPEN,1740931200000,0
BTCUSDT,1740960000001,-0.00005518,94315.83768889,MARK_PRICE_PREVIOUS_FALLBACK,1740960000000,1
BTCUSDT,1740988800000,0.00000791,92325.2,MARK_PRICE_EXACT_OPEN,1740988800000,0
BTCUSDT,1741017600000,0.00005272,90009.4,MARK_PRICE_EXACT_OPEN,1741017600000,0
BTCUSDT,1741046400001,-0.00001526,86106.1661037,MARK_PRICE_PREVIOUS_FALLBACK,1741046400000,1
BTCUSDT,1741075200005,-0.0000027,83287.5,MARK_PRICE_PREVIOUS_FALLBACK,1741075200000,5
BTCUSDT,1741104000000,0.00001306,82949.14127407,MARK_PRICE_EXACT_OPEN,1741104000000,0
BTCUSDT,1741132800000,0.00004113,87246,MARK_PRICE_EXACT_OPEN,1741132800000,0
BTCUSDT,1741161600000,0.00002722,87579.6,MARK_PRICE_EXACT_OPEN,1741161600000,0
BTCUSDT,1741190400000,0.00005028,88312.6,MARK_PRICE_EXACT_OPEN,1741190400000,0
BTCUSDT,1741219200000,0.00003538,90567.40845926,MARK_PRICE_EXACT_OPEN,1741219200000,0
BTCUSDT,1741248000001,0.00006413,91366.4,MARK_PRICE_PREVIOUS_FALLBACK,1741248000000,1
BTCUSDT,1741276800000,0.00006818,90776.94748889,MARK_PRICE_EXACT_OPEN,1741276800000,0
BTCUSDT,1741305600000,-0.00000612,89887.9,MARK_PRICE_EXACT_OPEN,1741305600000,0
BTCUSDT,1741334400001,-0.00001539,88265.4181037,MARK_PRICE_PREVIOUS_FALLBACK,1741334400000,1
BTCUSDT,1741363200000,0.00002028,88417.95212593,MARK_PRICE_EXACT_OPEN,1741363200000,0
BTCUSDT,1741392000000,0.00005328,86753.8,MARK_PRICE_EXACT_OPEN,1741392000000,0
BTCUSDT,1741420800001,0.00000373,86169,MARK_PRICE_PREVIOUS_FALLBACK,1741420800000,1
BTCUSDT,1741449600001,0.00001208,86337.07868148,MARK_PRICE_PREVIOUS_FALLBACK,1741449600000,1
BTCUSDT,1741478400001,-0.00002779,86162.2,MARK_PRICE_PREVIOUS_FALLBACK,1741478400000,1
BTCUSDT,1741507200000,0.00003218,85976.48557778,MARK_PRICE_EXACT_OPEN,1741507200000,0
BTCUSDT,1741536000000,0.0001,83040.22277037,MARK_PRICE_EXACT_OPEN,1741536000000,0
BTCUSDT,1741564800000,0.00003952,80688.7,MARK_PRICE_EXACT_OPEN,1741564800000,0
BTCUSDT,1741593600000,0.00001344,82281.39874074,MARK_PRICE_EXACT_OPEN,1741593600000,0
BTCUSDT,1741622400000,0.00004037,80001.03606667,MARK_PRICE_EXACT_OPEN,1741622400000,0
BTCUSDT,1741651200000,0.00004705,78567.8,MARK_PRICE_EXACT_OPEN,1741651200000,0
BTCUSDT,1741680000000,0.0000326,80395.91354023,MARK_PRICE_EXACT_OPEN,1741680000000,0
BTCUSDT,1741708800001,0.00008746,81140,MARK_PRICE_PREVIOUS_FALLBACK,1741708800000,1
BTCUSDT,1741737600000,0.00000576,82896,MARK_PRICE_EXACT_OPEN,1741737600000,0
BTCUSDT,1741766400000,0.00005815,82405.1,MARK_PRICE_EXACT_OPEN,1741766400000,0
BTCUSDT,1741795200001,0.00004013,81646.86437037,MARK_PRICE_PREVIOUS_FALLBACK,1741795200000,1
BTCUSDT,1741824000000,0.0000043,83640.6,MARK_PRICE_EXACT_OPEN,1741824000000,0
BTCUSDT,1741852800000,0.00002069,83118.5,MARK_PRICE_EXACT_OPEN,1741852800000,0
BTCUSDT,1741881600000,0.0000319,81016,MARK_PRICE_EXACT_OPEN,1741881600000,0
BTCUSDT,1741910400000,0.00005386,81085.4,MARK_PRICE_EXACT_OPEN,1741910400000,0
BTCUSDT,1741939200000,0.00005331,82130.6268659,MARK_PRICE_EXACT_OPEN,1741939200000,0
BTCUSDT,1741968000000,0.00000357,84687.64374713,MARK_PRICE_EXACT_OPEN,1741968000000,0
BTCUSDT,1741996800000,-0.00006035,83939.8,MARK_PRICE_EXACT_OPEN,1741996800000,0
BTCUSDT,1742025600000,-0.00002389,83799.04133333,MARK_PRICE_EXACT_OPEN,1742025600000,0
BTCUSDT,1742054400000,-0.00000321,84295.7,MARK_PRICE_EXACT_OPEN,1742054400000,0
BTCUSDT,1742083200000,0.00000432,84302.9,MARK_PRICE_EXACT_OPEN,1742083200000,0
BTCUSDT,1742112000000,0.00004236,84242,MARK_PRICE_EXACT_OPEN,1742112000000,0
BTCUSDT,1742140800000,0.00001247,83280,MARK_PRICE_EXACT_OPEN,1742140800000,0
BTCUSDT,1742169600000,0.00001065,82541.6,MARK_PRICE_EXACT_OPEN,1742169600000,0
BTCUSDT,1742198400000,0.00008474,83525.2,MARK_PRICE_EXACT_OPEN,1742198400000,0
BTCUSDT,1742227200000,0.00000859,83499.1,MARK_PRICE_EXACT_OPEN,1742227200000,0
BTCUSDT,1742256000000,0.00000703,83966.73803065,MARK_PRICE_EXACT_OPEN,1742256000000,0
BTCUSDT,1742284800000,0.00002059,83124.7,MARK_PRICE_EXACT_OPEN,1742284800000,0
BTCUSDT,1742313600000,0.00003514,81570.5,MARK_PRICE_EXACT_OPEN,1742313600000,0
BTCUSDT,1742342400000,0.000002,82670.47688148,MARK_PRICE_EXACT_OPEN,1742342400000,0
BTCUSDT,1742371200000,0.00005961,83135.8,MARK_PRICE_EXACT_OPEN,1742371200000,0
BTCUSDT,1742400000000,0.00005024,84693.1,MARK_PRICE_EXACT_OPEN,1742400000000,0
BTCUSDT,1742428800000,0.00001944,86809.8,MARK_PRICE_EXACT_OPEN,1742428800000,0
BTCUSDT,1742457600000,0.0000379,85769.99517778,MARK_PRICE_EXACT_OPEN,1742457600000,0
BTCUSDT,1742486400000,0.00001086,84656.4,MARK_PRICE_EXACT_OPEN,1742486400000,0
BTCUSDT,1742515200000,0.00001615,84183.6,MARK_PRICE_EXACT_OPEN,1742515200000,0
BTCUSDT,1742544000000,0.00005324,83892.55460741,MARK_PRICE_EXACT_OPEN,1742544000000,0
BTCUSDT,1742572800000,0.00002518,83525.9,MARK_PRICE_EXACT_OPEN,1742572800000,0
BTCUSDT,1742601600000,0.00002836,84050.3,MARK_PRICE_EXACT_OPEN,1742601600000,0
BTCUSDT,1742630400004,-0.0000177,84242.02797778,MARK_PRICE_PREVIOUS_FALLBACK,1742630400000,4
BTCUSDT,1742659200000,0.00005092,84073.5,MARK_PRICE_EXACT_OPEN,1742659200000,0
BTCUSDT,1742688000000,0.00002099,83804.9,MARK_PRICE_EXACT_OPEN,1742688000000,0
BTCUSDT,1742716800000,-0.00000184,84232.38148148,MARK_PRICE_EXACT_OPEN,1742716800000,0
BTCUSDT,1742745600000,0.0000402,85153.71642963,MARK_PRICE_EXACT_OPEN,1742745600000,0
BTCUSDT,1742774400000,0.00002039,86052.82711852,MARK_PRICE_EXACT_OPEN,1742774400000,0
BTCUSDT,1742803200000,0.00005512,86830.54946667,MARK_PRICE_EXACT_OPEN,1742803200000,0
BTCUSDT,1742832000000,-0.00003422,88291.96161481,MARK_PRICE_EXACT_OPEN,1742832000000,0
BTCUSDT,1742860800001,-0.00000247,87380.09980741,MARK_PRICE_PREVIOUS_FALLBACK,1742860800000,1
BTCUSDT,1742889600000,0.0000115,86404.4,MARK_PRICE_EXACT_OPEN,1742889600000,0
BTCUSDT,1742918400000,-0.00003776,87727.91471111,MARK_PRICE_EXACT_OPEN,1742918400000,0
BTCUSDT,1742947200000,-0.0000299,87369.9,MARK_PRICE_EXACT_OPEN,1742947200000,0
BTCUSDT,1742976000000,0.00001659,88106.7,MARK_PRICE_EXACT_OPEN,1742976000000,0
BTCUSDT,1743004800001,-0.00003082,86613.2,MARK_PRICE_PREVIOUS_FALLBACK,1743004800000,1
BTCUSDT,1743033600001,0.00003136,86914.65225287,MARK_PRICE_PREVIOUS_FALLBACK,1743033600000,1
BTCUSDT,1743062400001,0.00005512,87399.57457037,MARK_PRICE_PREVIOUS_FALLBACK,1743062400000,1
BTCUSDT,1743091200002,-0.0000376,86942.01272797,MARK_PRICE_PREVIOUS_FALLBACK,1743091200000,2
BTCUSDT,1743120000001,0.00001584,87196.8,MARK_PRICE_PREVIOUS_FALLBACK,1743120000000,1
BTCUSDT,1743148800001,-0.00000457,85215.3,MARK_PRICE_PREVIOUS_FALLBACK,1743148800000,1
BTCUSDT,1743177600000,0.00008118,84011.1,MARK_PRICE_EXACT_OPEN,1743177600000,0
BTCUSDT,1743206400000,0.00005364,84380.7,MARK_PRICE_EXACT_OPEN,1743206400000,0
BTCUSDT,1743235200000,0.00008214,83699.7761641,MARK_PRICE_EXACT_OPEN,1743235200000,0
BTCUSDT,1743264000000,0.0000253,82371.6,MARK_PRICE_EXACT_OPEN,1743264000000,0
BTCUSDT,1743292800000,0.00000341,82608.11504215,MARK_PRICE_EXACT_OPEN,1743292800000,0
BTCUSDT,1743321600000,0.00000427,83037.5,MARK_PRICE_EXACT_OPEN,1743321600000,0
BTCUSDT,1743350400000,0.00004588,82699.9,MARK_PRICE_EXACT_OPEN,1743350400000,0
BTCUSDT,1743379200000,0.00002643,82345.3,MARK_PRICE_EXACT_OPEN,1743379200000,0
BTCUSDT,1743408000000,0.0000602,81895.2,MARK_PRICE_EXACT_OPEN,1743408000000,0
BTCUSDT,1743436800000,0.00001845,83373.4,MARK_PRICE_EXACT_OPEN,1743436800000,0
BTCUSDT,1743465600000,0.00003961,82517.67674815,MARK_PRICE_EXACT_OPEN,1743465600000,0
BTCUSDT,1743494400001,0.00002889,83522.7846,MARK_PRICE_PREVIOUS_FALLBACK,1743494400000,1
BTCUSDT,1743523200000,0.00003573,85245.4,MARK_PRICE_EXACT_OPEN,1743523200000,0
BTCUSDT,1743552000001,-0.00002112,85121.94021481,MARK_PRICE_PREVIOUS_FALLBACK,1743552000000,1
BTCUSDT,1743580800000,0.00003036,84393.10059259,MARK_PRICE_EXACT_OPEN,1743580800000,0
BTCUSDT,1743609600000,0.00000733,86716.9,MARK_PRICE_EXACT_OPEN,1743609600000,0
BTCUSDT,1743638400000,0.00005862,82485,MARK_PRICE_EXACT_OPEN,1743638400000,0
BTCUSDT,1743667200000,0.00005038,83423.97282759,MARK_PRICE_EXACT_OPEN,1743667200000,0
BTCUSDT,1743696000000,0.00006484,82008.89970115,MARK_PRICE_EXACT_OPEN,1743696000000,0
BTCUSDT,1743724800000,0.00004283,83168.7,MARK_PRICE_EXACT_OPEN,1743724800000,0
BTCUSDT,1743753600000,0.00004736,83968.1,MARK_PRICE_EXACT_OPEN,1743753600000,0
BTCUSDT,1743782400000,0.00008038,82822,MARK_PRICE_EXACT_OPEN,1743782400000,0
BTCUSDT,1743811200000,0.00008559,83861.3,MARK_PRICE_EXACT_OPEN,1743811200000,0
BTCUSDT,1743840000000,0.00007437,83490,MARK_PRICE_EXACT_OPEN,1743840000000,0
BTCUSDT,1743868800000,0.00000408,82582.45056296,MARK_PRICE_EXACT_OPEN,1743868800000,0
BTCUSDT,1743897600000,0.00000221,83504.73631852,MARK_PRICE_EXACT_OPEN,1743897600000,0
BTCUSDT,1743926400000,0.00005363,82990.9,MARK_PRICE_EXACT_OPEN,1743926400000,0
BTCUSDT,1743955200002,-0.00000603,82492,MARK_PRICE_PREVIOUS_FALLBACK,1743955200000,2
BTCUSDT,1743984000000,0.00004946,78392.35042912,MARK_PRICE_EXACT_OPEN,1743984000000,0
BTCUSDT,1744012800000,0.00006857,75088.2541037,MARK_PRICE_EXACT_OPEN,1744012800000,0
BTCUSDT,1744041600000,0.00004998,78465.57328148,MARK_PRICE_EXACT_OPEN,1744041600000,0
BTCUSDT,1744070400000,0.00004074,79140.1,MARK_PRICE_EXACT_OPEN,1744070400000,0
BTCUSDT,1744099200000,0.00003575,79453.11999259,MARK_PRICE_EXACT_OPEN,1744099200000,0
BTCUSDT,1744128000000,0.00003134,78463.0352963,MARK_PRICE_EXACT_OPEN,1744128000000,0
BTCUSDT,1744156800000,0.00009568,76297.9,MARK_PRICE_EXACT_OPEN,1744156800000,0
BTCUSDT,1744185600001,-0.00002252,77760.6,MARK_PRICE_PREVIOUS_FALLBACK,1744185600000,1
BTCUSDT,1744214400000,0.00006856,77224.48104444,MARK_PRICE_EXACT_OPEN,1744214400000,0
BTCUSDT,1744243200000,0.00007705,82588,MARK_PRICE_EXACT_OPEN,1744243200000,0
BTCUSDT,1744272000000,0.00000114,81561.5,MARK_PRICE_EXACT_OPEN,1744272000000,0
BTCUSDT,1744300800000,0.00006775,78726.3,MARK_PRICE_EXACT_OPEN,1744300800000,0
BTCUSDT,1744329600001,0.00002065,79569.43500383,MARK_PRICE_PREVIOUS_FALLBACK,1744329600000,1
BTCUSDT,1744358400000,-0.00004294,81213.7,MARK_PRICE_EXACT_OPEN,1744358400000,0
BTCUSDT,1744387200000,0.0000329,82486.7,MARK_PRICE_EXACT_OPEN,1744387200000,0
BTCUSDT,1744416000000,0.00003654,83385.7,MARK_PRICE_EXACT_OPEN,1744416000000,0
BTCUSDT,1744444800001,0.0000564,83661.43025185,MARK_PRICE_PREVIOUS_FALLBACK,1744444800000,1
BTCUSDT,1744473600000,0.00005388,84974.2,MARK_PRICE_EXACT_OPEN,1744473600000,0
BTCUSDT,1744502400000,0.00005057,85240.01548889,MARK_PRICE_EXACT_OPEN,1744502400000,0
BTCUSDT,1744531200000,0.00008429,84383.61757037,MARK_PRICE_EXACT_OPEN,1744531200000,0
BTCUSDT,1744560000000,0.00009642,83820.1,MARK_PRICE_EXACT_OPEN,1744560000000,0
BTCUSDT,1744588800000,0.00008113,83715.61378519,MARK_PRICE_EXACT_OPEN,1744588800000,0
BTCUSDT,1744617600000,0.00007127,84545.16948148,MARK_PRICE_EXACT_OPEN,1744617600000,0
BTCUSDT,1744646400000,0.00002428,84063.1,MARK_PRICE_EXACT_OPEN,1744646400000,0
BTCUSDT,1744675200000,-0.00002073,84553.9,MARK_PRICE_EXACT_OPEN,1744675200000,0
BTCUSDT,1744704000000,0.00006606,85691.3,MARK_PRICE_EXACT_OPEN,1744704000000,0
BTCUSDT,1744732800001,0.00001883,84873.57294074,MARK_PRICE_PREVIOUS_FALLBACK,1744732800000,1
BTCUSDT,1744761600000,0.00002428,83608.7,MARK_PRICE_EXACT_OPEN,1744761600000,0
BTCUSDT,1744790400000,0.00006917,83336.46344828,MARK_PRICE_EXACT_OPEN,1744790400000,0
BTCUSDT,1744819200000,0.00001978,84801.7,MARK_PRICE_EXACT_OPEN,1744819200000,0
BTCUSDT,1744848000001,0.00001404,83948.5,MARK_PRICE_PREVIOUS_FALLBACK,1744848000000,1
BTCUSDT,1744876800000,0.00005679,84632.41988091,MARK_PRICE_EXACT_OPEN,1744876800000,0
BTCUSDT,1744905600001,0.00003425,84535.7263037,MARK_PRICE_PREVIOUS_FALLBACK,1744905600000,1
BTCUSDT,1744934400000,0.00001788,84916.10982222,MARK_PRICE_EXACT_OPEN,1744934400000,0
BTCUSDT,1744963200000,0.00007071,84622.9,MARK_PRICE_EXACT_OPEN,1744963200000,0
BTCUSDT,1744992000000,0.00002995,84337.39696296,MARK_PRICE_EXACT_OPEN,1744992000000,0
BTCUSDT,1745020800000,0.0000293,84429.71837548,MARK_PRICE_EXACT_OPEN,1745020800000,0
BTCUSDT,1745049600000,0.00006024,85174.5,MARK_PRICE_EXACT_OPEN,1745049600000,0
BTCUSDT,1745078400000,-0.00001953,85146.2,MARK_PRICE_EXACT_OPEN,1745078400000,0
BTCUSDT,1745107200000,-0.00000298,85046.9,MARK_PRICE_EXACT_OPEN,1745107200000,0
BTCUSDT,1745136000000,-0.00001078,84739.09365128,MARK_PRICE_EXACT_OPEN,1745136000000,0
BTCUSDT,1745164800000,-0.00002258,84305.11534074,MARK_PRICE_EXACT_OPEN,1745164800000,0
BTCUSDT,1745193600000,0.00005232,85142.30088148,MARK_PRICE_EXACT_OPEN,1745193600000,0
BTCUSDT,1745222400005,0.00005403,87398.8,MARK_PRICE_PREVIOUS_FALLBACK,1745222400000,5
BTCUSDT,1745251200003,0.00001553,88036.1,MARK_PRICE_PREVIOUS_FALLBACK,1745251200000,3
BTCUSDT,1745280000008,0.00007749,87483.3,MARK_PRICE_PREVIOUS_FALLBACK,1745280000000,8
BTCUSDT,1745308800000,-0.00000744,88436.16399259,MARK_PRICE_EXACT_OPEN,1745308800000,0
BTCUSDT,1745337600000,-0.00007045,90881.1,MARK_PRICE_EXACT_OPEN,1745337600000,0
BTCUSDT,1745366400000,-0.00001389,93404.9,MARK_PRICE_EXACT_OPEN,1745366400000,0
BTCUSDT,1745395200002,0.00001374,94089.46232593,MARK_PRICE_PREVIOUS_FALLBACK,1745395200000,2
BTCUSDT,1745424000000,0.00004587,93149.55929437,MARK_PRICE_EXACT_OPEN,1745424000000,0
BTCUSDT,1745452800000,-0.00002671,93641.27053973,MARK_PRICE_EXACT_OPEN,1745452800000,0
BTCUSDT,1745481600001,0.0000521,92244.55351948,MARK_PRICE_PREVIOUS_FALLBACK,1745481600000,1
BTCUSDT,1745510400001,-0.00002165,93192.8,MARK_PRICE_PREVIOUS_FALLBACK,1745510400000,1
BTCUSDT,1745539200007,-0.00001764,93885.3772381,MARK_PRICE_PREVIOUS_FALLBACK,1745539200000,7
BTCUSDT,1745568000002,0.0000017,93821.75378355,MARK_PRICE_PREVIOUS_FALLBACK,1745568000000,2
BTCUSDT,1745596800003,0.0000012,95106,MARK_PRICE_PREVIOUS_FALLBACK,1745596800000,3
BTCUSDT,1745625600002,-0.00010085,94587.24170833,MARK_PRICE_PREVIOUS_FALLBACK,1745625600000,2
BTCUSDT,1745654400000,-0.00002774,94523.02069167,MARK_PRICE_EXACT_OPEN,1745654400000,0
BTCUSDT,1745683200002,0.00002855,94325,MARK_PRICE_PREVIOUS_FALLBACK,1745683200000,2
BTCUSDT,1745712000001,-0.000015,94602.62693966,MARK_PRICE_PREVIOUS_FALLBACK,1745712000000,1
BTCUSDT,1745740800000,-0.0000066,94027.7,MARK_PRICE_EXACT_OPEN,1745740800000,0
BTCUSDT,1745769600000,-0.00000421,93857.8,MARK_PRICE_EXACT_OPEN,1745769600000,0
BTCUSDT,1745798400001,0.00000373,93696.36252941,MARK_PRICE_PREVIOUS_FALLBACK,1745798400000,1
BTCUSDT,1745827200003,0.00000246,94694.38342241,MARK_PRICE_PREVIOUS_FALLBACK,1745827200000,3
BTCUSDT,1745856000005,-0.00005821,93680.11224638,MARK_PRICE_PREVIOUS_FALLBACK,1745856000000,5
BTCUSDT,1745884800000,-0.00000773,94969,MARK_PRICE_EXACT_OPEN,1745884800000,0
BTCUSDT,1745913600000,0.00000413,94877.9,MARK_PRICE_EXACT_OPEN,1745913600000,0
BTCUSDT,1745942400010,0.00001305,94793.34208696,MARK_PRICE_PREVIOUS_FALLBACK,1745942400000,10
BTCUSDT,1745971200001,-0.00005181,94196.91688906,MARK_PRICE_PREVIOUS_FALLBACK,1745971200000,1
BTCUSDT,1746000000000,0.00002939,94577.6,MARK_PRICE_EXACT_OPEN,1746000000000,0
BTCUSDT,1746028800003,-0.00003797,93925.21100725,MARK_PRICE_PREVIOUS_FALLBACK,1746028800000,3
BTCUSDT,1746057600000,0.00003519,94130.75027536,MARK_PRICE_EXACT_OPEN,1746057600000,0
BTCUSDT,1746086400000,0.00005755,94983.01632609,MARK_PRICE_EXACT_OPEN,1746086400000,0
BTCUSDT,1746115200001,-0.00008028,96892.3,MARK_PRICE_PREVIOUS_FALLBACK,1746115200000,1
BTCUSDT,1746144000000,-0.00012232,96433.84531159,MARK_PRICE_EXACT_OPEN,1746144000000,0
BTCUSDT,1746172800000,-0.00009382,96302.1,MARK_PRICE_EXACT_OPEN,1746172800000,0
BTCUSDT,1746201600003,-0.00008689,97388.00692754,MARK_PRICE_PREVIOUS_FALLBACK,1746201600000,3
BTCUSDT,1746230400000,-0.00005953,96831.65852586,MARK_PRICE_EXACT_OPEN,1746230400000,0
BTCUSDT,1746259200000,0.00003198,96290.8,MARK_PRICE_EXACT_OPEN,1746259200000,0
BTCUSDT,1746288000000,-0.00001483,96360.13496232,MARK_PRICE_EXACT_OPEN,1746288000000,0
BTCUSDT,1746316800001,0.0000037,95772.77340978,MARK_PRICE_PREVIOUS_FALLBACK,1746316800000,1
BTCUSDT,1746345600001,0.00003229,95859.22847101,MARK_PRICE_PREVIOUS_FALLBACK,1746345600000,1
BTCUSDT,1746374400002,0.00003745,95416.6,MARK_PRICE_PREVIOUS_FALLBACK,1746374400000,2
BTCUSDT,1746403200000,-0.00002404,94240.51430435,MARK_PRICE_EXACT_OPEN,1746403200000,0
BTCUSDT,1746432000000,0.00003636,94697.80169565,MARK_PRICE_EXACT_OPEN,1746432000000,0
BTCUSDT,1746460800006,-0.00002247,93757.95228261,MARK_PRICE_PREVIOUS_FALLBACK,1746460800000,6
BTCUSDT,1746489600002,0.00001978,94719,MARK_PRICE_PREVIOUS_FALLBACK,1746489600000,2
BTCUSDT,1746518400005,0.0000444,94334.7,MARK_PRICE_PREVIOUS_FALLBACK,1746518400000,5
BTCUSDT,1746547200000,0.00000757,94511.8,MARK_PRICE_EXACT_OPEN,1746547200000,0
BTCUSDT,1746576000002,0.00001218,96859.25479348,MARK_PRICE_PREVIOUS_FALLBACK,1746576000000,2
BTCUSDT,1746604800000,-2.5e-7,96949.17783333,MARK_PRICE_EXACT_OPEN,1746604800000,0
BTCUSDT,1746633600006,0.0000132,96870.46885507,MARK_PRICE_PREVIOUS_FALLBACK,1746633600000,6
BTCUSDT,1746662400000,0.00002318,96990.24909783,MARK_PRICE_EXACT_OPEN,1746662400000,0
BTCUSDT,1746691200001,0.00004608,99182.79082246,MARK_PRICE_PREVIOUS_FALLBACK,1746691200000,1
BTCUSDT,1746720000002,0.00005728,100964.1,MARK_PRICE_PREVIOUS_FALLBACK,1746720000000,2
BTCUSDT,1746748800001,0.0001,103136.82043841,MARK_PRICE_PREVIOUS_FALLBACK,1746748800000,1
BTCUSDT,1746777600006,0.0001,103636.2,MARK_PRICE_PREVIOUS_FALLBACK,1746777600000,6
BTCUSDT,1746806400000,0.00004378,102852.4,MARK_PRICE_EXACT_OPEN,1746806400000,0
BTCUSDT,1746835200001,0.00009657,102959.30324438,MARK_PRICE_PREVIOUS_FALLBACK,1746835200000,1
BTCUSDT,1746864000000,0.0001,103721.7,MARK_PRICE_EXACT_OPEN,1746864000000,0
BTCUSDT,1746892800001,0.00004257,103138.2,MARK_PRICE_PREVIOUS_FALLBACK,1746892800000,1
BTCUSDT,1746921600000,0.0001,104789,MARK_PRICE_EXACT_OPEN,1746921600000,0
BTCUSDT,1746950400001,0.0000415,103454.9175,MARK_PRICE_PREVIOUS_FALLBACK,1746950400000,1
BTCUSDT,1746979200001,0.0001,104120,MARK_PRICE_PREVIOUS_FALLBACK,1746979200000,1
BTCUSDT,1747008000004,0.00004454,104048.01325,MARK_PRICE_PREVIOUS_FALLBACK,1747008000000,4
BTCUSDT,1747036800000,0.0001,104426.2,MARK_PRICE_EXACT_OPEN,1747036800000,0
BTCUSDT,1747065600000,0.00002301,102484.98667754,MARK_PRICE_EXACT_OPEN,1747065600000,0
BTCUSDT,1747094400000,0.00006847,102739.98641667,MARK_PRICE_EXACT_OPEN,1747094400000,0
BTCUSDT,1747123200008,0.0001,102719.65305072,MARK_PRICE_PREVIOUS_FALLBACK,1747123200000,8
BTCUSDT,1747152000001,0.00007256,103571.28617754,MARK_PRICE_PREVIOUS_FALLBACK,1747152000000,1
BTCUSDT,1747180800007,0.00009921,104029.60850405,MARK_PRICE_PREVIOUS_FALLBACK,1747180800000,7
BTCUSDT,1747209600000,0.00007542,103662.2,MARK_PRICE_EXACT_OPEN,1747209600000,0
BTCUSDT,1747238400002,0.00003175,103480.26249638,MARK_PRICE_PREVIOUS_FALLBACK,1747238400000,2
BTCUSDT,1747267200000,0.00002978,103458.2,MARK_PRICE_EXACT_OPEN,1747267200000,0
BTCUSDT,1747296000003,0.00005336,101815,MARK_PRICE_PREVIOUS_FALLBACK,1747296000000,3
BTCUSDT,1747324800000,0.00001439,103212.64269928,MARK_PRICE_EXACT_OPEN,1747324800000,0
BTCUSDT,1747353600001,0.00004504,103680.3624058,MARK_PRICE_PREVIOUS_FALLBACK,1747353600000,1
BTCUSDT,1747382400000,0.00007535,103646.6,MARK_PRICE_EXACT_OPEN,1747382400000,0
BTCUSDT,1747411200000,0.00004768,104152.87767029,MARK_PRICE_EXACT_OPEN,1747411200000,0
BTCUSDT,1747440000000,0.00002821,103420.88946739,MARK_PRICE_EXACT_OPEN,1747440000000,0
BTCUSDT,1747468800001,0.0000334,103393.67175,MARK_PRICE_PREVIOUS_FALLBACK,1747468800000,1
BTCUSDT,1747497600004,0.00000597,102899.9,MARK_PRICE_PREVIOUS_FALLBACK,1747497600000,4
BTCUSDT,1747526400000,0.00006742,103079.5,MARK_PRICE_EXACT_OPEN,1747526400000,0
BTCUSDT,1747555200000,0.00005903,103891.4,MARK_PRICE_EXACT_OPEN,1747555200000,0
BTCUSDT,1747584000000,0.0001,105484.2,MARK_PRICE_EXACT_OPEN,1747584000000,0
BTCUSDT,1747612800000,0.0000599,106415.65899638,MARK_PRICE_EXACT_OPEN,1747612800000,0
BTCUSDT,1747641600006,0.0000604,103195.8,MARK_PRICE_PREVIOUS_FALLBACK,1747641600000,6
BTCUSDT,1747670400010,0.0000211,104799.2,MARK_PRICE_PREVIOUS_FALLBACK,1747670400000,10
BTCUSDT,1747699200000,0.00008378,105539.99272464,MARK_PRICE_EXACT_OPEN,1747699200000,0
BTCUSDT,1747728000002,0.00007107,105012.9,MARK_PRICE_PREVIOUS_FALLBACK,1747728000000,2
BTCUSDT,1747756800000,0.00001266,105294.5,MARK_PRICE_EXACT_OPEN,1747756800000,0
BTCUSDT,1747785600000,0.00008767,106800.4,MARK_PRICE_EXACT_OPEN,1747785600000,0
BTCUSDT,1747814400001,0.00007147,106460.2,MARK_PRICE_PREVIOUS_FALLBACK,1747814400000,1
BTCUSDT,1747843200004,0.00005119,109005.8,MARK_PRICE_PREVIOUS_FALLBACK,1747843200000,4
BTCUSDT,1747872000001,0.0001,109642.1,MARK_PRICE_PREVIOUS_FALLBACK,1747872000000,1
BTCUSDT,1747900800000,0.0001,111005.8,MARK_PRICE_EXACT_OPEN,1747900800000,0
BTCUSDT,1747929600002,0.0001,111237.30747464,MARK_PRICE_PREVIOUS_FALLBACK,1747929600000,2
BTCUSDT,1747958400006,0.00009321,111595,MARK_PRICE_PREVIOUS_FALLBACK,1747958400000,6
BTCUSDT,1747987200000,0.00007261,110685.2,MARK_PRICE_EXACT_OPEN,1747987200000,0
BTCUSDT,1748016000007,0.00008614,108920.2249058,MARK_PRICE_PREVIOUS_FALLBACK,1748016000000,7
BTCUSDT,1748044800010,0.00003524,107194.23094203,MARK_PRICE_PREVIOUS_FALLBACK,1748044800000,10
BTCUSDT,1748073600000,0.0000459,107554.85993116,MARK_PRICE_EXACT_OPEN,1748073600000,0
BTCUSDT,1748102400003,0.00007837,108883.6,MARK_PRICE_PREVIOUS_FALLBACK,1748102400000,3
BTCUSDT,1748131200004,0.00009794,107709.64869197,MARK_PRICE_PREVIOUS_FALLBACK,1748131200000,4
BTCUSDT,1748160000000,0.00005113,107634.7,MARK_PRICE_EXACT_OPEN,1748160000000,0
BTCUSDT,1748188800000,0.00003651,106928,MARK_PRICE_EXACT_OPEN,1748188800000,0
BTCUSDT,1748217600000,0.00007331,108955.9,MARK_PRICE_EXACT_OPEN,1748217600000,0
BTCUSDT,1748246400000,0.0001,110050,MARK_PRICE_EXACT_OPEN,1748246400000,0
BTCUSDT,1748275200002,0.00009782,110056.62564493,MARK_PRICE_PREVIOUS_FALLBACK,1748275200000,2
BTCUSDT,1748304000003,0.0000765,109351.72210507,MARK_PRICE_PREVIOUS_FALLBACK,1748304000000,3
BTCUSDT,1748332800001,0.00007266,109697.9,MARK_PRICE_PREVIOUS_FALLBACK,1748332800000,1
BTCUSDT,1748361600005,0.00002476,110117.78531884,MARK_PRICE_PREVIOUS_FALLBACK,1748361600000,5
BTCUSDT,1748390400002,0.0000326,108868.9528442,MARK_PRICE_PREVIOUS_FALLBACK,1748390400000,2
BTCUSDT,1748419200003,0.00002164,108783.06868841,MARK_PRICE_PREVIOUS_FALLBACK,1748419200000,3
BTCUSDT,1748448000002,0.00005368,107165.6,MARK_PRICE_PREVIOUS_FALLBACK,1748448000000,2
BTCUSDT,1748476800000,0.00003186,107723.1,MARK_PRICE_EXACT_OPEN,1748476800000,0
BTCUSDT,1748505600006,0.00002812,107846.58371377,MARK_PRICE_PREVIOUS_FALLBACK,1748505600000,6
BTCUSDT,1748534400000,0.00008379,106972.6,MARK_PRICE_EXACT_OPEN,1748534400000,0
BTCUSDT,1748563200003,0.00002622,105575.9,MARK_PRICE_PREVIOUS_FALLBACK,1748563200000,3
BTCUSDT,1748592000003,0.00003849,105092.64732609,MARK_PRICE_PREVIOUS_FALLBACK,1748592000000,3
BTCUSDT,1748620800000,0.00007392,105503.9,MARK_PRICE_EXACT_OPEN,1748620800000,0
BTCUSDT,1748649600000,0.00008506,103950,MARK_PRICE_EXACT_OPEN,1748649600000,0
BTCUSDT,1748678400000,0.00007552,103701.25933333,MARK_PRICE_EXACT_OPEN,1748678400000,0
BTCUSDT,1748707200000,0.00004687,104499.67307246,MARK_PRICE_EXACT_OPEN,1748707200000,0
BTCUSDT,1748736000001,-0.00000582,104599.6,MARK_PRICE_PREVIOUS_FALLBACK,1748736000000,1
BTCUSDT,1748764800002,0.00002335,104243.70996377,MARK_PRICE_PREVIOUS_FALLBACK,1748764800000,2
BTCUSDT,1748793600000,0.00004117,104664,MARK_PRICE_EXACT_OPEN,1748793600000,0
BTCUSDT,1748822400001,-0.00000642,105554.9,MARK_PRICE_PREVIOUS_FALLBACK,1748822400000,1
BTCUSDT,1748851200000,0.00005593,105346.4,MARK_PRICE_EXACT_OPEN,1748851200000,0
BTCUSDT,1748880000000,0.00004467,104396.9,MARK_PRICE_EXACT_OPEN,1748880000000,0
BTCUSDT,1748908800000,0.00005005,105814.4,MARK_PRICE_EXACT_OPEN,1748908800000,0
BTCUSDT,1748937600000,0.00006066,105134.3,MARK_PRICE_EXACT_OPEN,1748937600000,0
BTCUSDT,1748966400001,0.00004456,106545.38574638,MARK_PRICE_PREVIOUS_FALLBACK,1748966400000,1
BTCUSDT,1748995200000,-1.1e-7,105330.1,MARK_PRICE_EXACT_OPEN,1748995200000,0
BTCUSDT,1749024000000,0.00002611,105260.4656625,MARK_PRICE_EXACT_OPEN,1749024000000,0
BTCUSDT,1749052800000,0.00000962,105255.92777899,MARK_PRICE_EXACT_OPEN,1749052800000,0
BTCUSDT,1749081600016,7.4e-7,104661.5,MARK_PRICE_PREVIOUS_FALLBACK,1749081600000,16
BTCUSDT,1749110400000,0.00002871,104473,MARK_PRICE_EXACT_OPEN,1749110400000,0
BTCUSDT,1749139200000,0.00005156,104485.4,MARK_PRICE_EXACT_OPEN,1749139200000,0
BTCUSDT,1749168000002,-0.00003491,101439.6,MARK_PRICE_PREVIOUS_FALLBACK,1749168000000,2
BTCUSDT,1749196800000,-0.0000303,103096.8,MARK_PRICE_EXACT_OPEN,1749196800000,0
BTCUSDT,1749225600006,-0.00002995,105022.6454529,MARK_PRICE_PREVIOUS_FALLBACK,1749225600000,6
BTCUSDT,1749254400000,-0.0000289,104240.1,MARK_PRICE_EXACT_OPEN,1749254400000,0
BTCUSDT,1749283200000,-0.00003158,104813.72660507,MARK_PRICE_EXACT_OPEN,1749283200000,0
BTCUSDT,1749312000002,0.00000294,105513.33394565,MARK_PRICE_PREVIOUS_FALLBACK,1749312000000,2
BTCUSDT,1749340800000,0.00004808,105509.63211957,MARK_PRICE_EXACT_OPEN,1749340800000,0
BTCUSDT,1749369600000,0.00005613,105380.4,MARK_PRICE_EXACT_OPEN,1749369600000,0
BTCUSDT,1749398400000,-0.00003602,105923.14248188,MARK_PRICE_EXACT_OPEN,1749398400000,0
BTCUSDT,1749427200000,-0.00002164,105679.25375362,MARK_PRICE_EXACT_OPEN,1749427200000,0
BTCUSDT,1749456000001,0.00004024,105515.29061594,MARK_PRICE_PREVIOUS_FALLBACK,1749456000000,1
BTCUSDT,1749484800001,0.00003057,107637.96296377,MARK_PRICE_PREVIOUS_FALLBACK,1749484800000,1
BTCUSDT,1749513600000,0.00006374,110227.9,MARK_PRICE_EXACT_OPEN,1749513600000,0
BTCUSDT,1749542400001,0.0001,109222.68313768,MARK_PRICE_PREVIOUS_FALLBACK,1749542400000,1
BTCUSDT,1749571200003,0.00008165,108993.6,MARK_PRICE_PREVIOUS_FALLBACK,1749571200000,3
BTCUSDT,1749600000000,0.00008779,110235.3,MARK_PRICE_EXACT_OPEN,1749600000000,0
BTCUSDT,1749628800000,0.0000839,109397,MARK_PRICE_EXACT_OPEN,1749628800000,0
BTCUSDT,1749657600010,0.00005039,109739.5,MARK_PRICE_PREVIOUS_FALLBACK,1749657600000,10
BTCUSDT,1749686400002,0.00001856,108565,MARK_PRICE_PREVIOUS_FALLBACK,1749686400000,2
BTCUSDT,1749715200003,0.00007247,107605.4,MARK_PRICE_PREVIOUS_FALLBACK,1749715200000,3
BTCUSDT,1749744000001,0.00001198,107066.6458587,MARK_PRICE_PREVIOUS_FALLBACK,1749744000000,1
BTCUSDT,1749772800000,-0.00001801,105621.56706522,MARK_PRICE_EXACT_OPEN,1749772800000,0
BTCUSDT,1749801600001,-0.0000027,104853.11719565,MARK_PRICE_PREVIOUS_FALLBACK,1749801600000,1
BTCUSDT,1749830400004,0.00003857,105344.63942152,MARK_PRICE_PREVIOUS_FALLBACK,1749830400000,4
BTCUSDT,1749859200000,0.00001958,106031.86931159,MARK_PRICE_EXACT_OPEN,1749859200000,0
BTCUSDT,1749888000000,0.00003858,105029.92172808,MARK_PRICE_EXACT_OPEN,1749888000000,0
BTCUSDT,1749916800000,0.00001135,104785.31052899,MARK_PRICE_EXACT_OPEN,1749916800000,0
BTCUSDT,1749945600005,-0.00003641,105378.6,MARK_PRICE_PREVIOUS_FALLBACK,1749945600000,5
BTCUSDT,1749974400009,0.00001439,105444.9,MARK_PRICE_PREVIOUS_FALLBACK,1749974400000,9
BTCUSDT,1750003200000,0.00007369,105526,MARK_PRICE_EXACT_OPEN,1750003200000,0
BTCUSDT,1750032000000,0.00000936,105546.26833297,MARK_PRICE_EXACT_OPEN,1750032000000,0
BTCUSDT,1750060800000,0.0000507,107023.8,MARK_PRICE_EXACT_OPEN,1750060800000,0
BTCUSDT,1750089600003,0.00002793,107434.9,MARK_PRICE_PREVIOUS_FALLBACK,1750089600000,3
BTCUSDT,1750118400000,0.00001847,106750.1,MARK_PRICE_EXACT_OPEN,1750118400000,0
BTCUSDT,1750147200006,0.00005776,106677.08056522,MARK_PRICE_PREVIOUS_FALLBACK,1750147200000,6
BTCUSDT,1750176000001,0.00002211,104200.99891304,MARK_PRICE_PREVIOUS_FALLBACK,1750176000000,1
BTCUSDT,1750204800001,-0.00001752,104503.24892391,MARK_PRICE_PREVIOUS_FALLBACK,1750204800000,1
BTCUSDT,1750233600001,0.00003695,104946.9,MARK_PRICE_PREVIOUS_FALLBACK,1750233600000,1
BTCUSDT,1750262400001,0.00006692,104705.3,MARK_PRICE_PREVIOUS_FALLBACK,1750262400000,1
BTCUSDT,1750291200005,0.00000845,104869.6,MARK_PRICE_PREVIOUS_FALLBACK,1750291200000,5
BTCUSDT,1750320000003,0.00000616,104609.8,MARK_PRICE_PREVIOUS_FALLBACK,1750320000000,3
BTCUSDT,1750348800000,0.00002396,104055.2,MARK_PRICE_EXACT_OPEN,1750348800000,0
BTCUSDT,1750377600000,0.00003565,104612.28734221,MARK_PRICE_EXACT_OPEN,1750377600000,0
BTCUSDT,1750406400002,0.00007862,105796.9,MARK_PRICE_PREVIOUS_FALLBACK,1750406400000,2
BTCUSDT,1750435200001,0.000024,104209.8,MARK_PRICE_PREVIOUS_FALLBACK,1750435200000,1
BTCUSDT,1750464000002,0.00003977,103200.1,MARK_PRICE_PREVIOUS_FALLBACK,1750464000000,2
BTCUSDT,1750492800005,0.00001933,103415.1,MARK_PRICE_PREVIOUS_FALLBACK,1750492800000,5
BTCUSDT,1750521600000,0.0000744,103516.7,MARK_PRICE_EXACT_OPEN,1750521600000,0
BTCUSDT,1750550400005,0.00002883,102239.29375,MARK_PRICE_PREVIOUS_FALLBACK,1750550400000,5
BTCUSDT,1750579200000,0.0001,102399,MARK_PRICE_EXACT_OPEN,1750579200000,0
BTCUSDT,1750608000003,0.00004145,99029.9,MARK_PRICE_PREVIOUS_FALLBACK,1750608000000,3
BTCUSDT,1750636800000,-0.00001061,100917.08497464,MARK_PRICE_EXACT_OPEN,1750636800000,0
BTCUSDT,1750665600004,-0.00002809,101869.8,MARK_PRICE_PREVIOUS_FALLBACK,1750665600000,4
BTCUSDT,1750694400013,0.00004889,101398,MARK_PRICE_PREVIOUS_FALLBACK,1750694400000,13
BTCUSDT,1750723200003,0.00001245,105275.79248188,MARK_PRICE_PREVIOUS_FALLBACK,1750723200000,3
BTCUSDT,1750752000000,0.00001218,104906.02601449,MARK_PRICE_EXACT_OPEN,1750752000000,0
BTCUSDT,1750780800000,0.00000447,105182.47422464,MARK_PRICE_EXACT_OPEN,1750780800000,0
BTCUSDT,1750809600005,-0.00003174,106029.86056743,MARK_PRICE_PREVIOUS_FALLBACK,1750809600000,5
BTCUSDT,1750838400000,0.00002747,106556.27685145,MARK_PRICE_EXACT_OPEN,1750838400000,0
BTCUSDT,1750867200005,0.00000962,107048.88034783,MARK_PRICE_PREVIOUS_FALLBACK,1750867200000,5
BTCUSDT,1750896000000,0.00000141,107283.48498551,MARK_PRICE_EXACT_OPEN,1750896000000,0
BTCUSDT,1750924800006,0.00003805,107787.52765942,MARK_PRICE_PREVIOUS_FALLBACK,1750924800000,6
BTCUSDT,1750953600007,0.00000682,107288,MARK_PRICE_PREVIOUS_FALLBACK,1750953600000,7
BTCUSDT,1750982400000,0.00001113,106913.8,MARK_PRICE_EXACT_OPEN,1750982400000,0
BTCUSDT,1751011200000,0.00002663,106822.99177536,MARK_PRICE_EXACT_OPEN,1751011200000,0
BTCUSDT,1751040000009,0.00002557,107269,MARK_PRICE_PREVIOUS_FALLBACK,1751040000000,9
BTCUSDT,1751068800001,-0.00001161,107000.10264855,MARK_PRICE_PREVIOUS_FALLBACK,1751068800000,1
BTCUSDT,1751097600002,0.00006053,107450,MARK_PRICE_PREVIOUS_FALLBACK,1751097600000,2
BTCUSDT,1751126400000,0.00004434,107407.6,MARK_PRICE_EXACT_OPEN,1751126400000,0
BTCUSDT,1751155200004,0.0000125,107245.12073043,MARK_PRICE_PREVIOUS_FALLBACK,1751155200000,4
BTCUSDT,1751184000001,0.0000536,107370.27288623,MARK_PRICE_PREVIOUS_FALLBACK,1751184000000,1
BTCUSDT,1751212800001,0.0001,107733.7,MARK_PRICE_PREVIOUS_FALLBACK,1751212800000,1
BTCUSDT,1751241600000,0.00001084,108310.31981522,MARK_PRICE_EXACT_OPEN,1751241600000,0
BTCUSDT,1751270400005,0.00002959,107560.79064855,MARK_PRICE_PREVIOUS_FALLBACK,1751270400000,5
BTCUSDT,1751299200002,0.00004923,107483.82886594,MARK_PRICE_PREVIOUS_FALLBACK,1751299200000,2
BTCUSDT,1751328000007,0.00001053,107083.4,MARK_PRICE_PREVIOUS_FALLBACK,1751328000000,7
BTCUSDT,1751356800002,0.00004334,107065.76219928,MARK_PRICE_PREVIOUS_FALLBACK,1751356800000,2
BTCUSDT,1751385600000,0.00001109,105905.4,MARK_PRICE_EXACT_OPEN,1751385600000,0
BTCUSDT,1751414400001,0.00001807,105657.6,MARK_PRICE_PREVIOUS_FALLBACK,1751414400000,1
BTCUSDT,1751443200000,0.00003403,107026,MARK_PRICE_EXACT_OPEN,1751443200000,0
BTCUSDT,1751472000003,0.0000413,108700.80687319,MARK_PRICE_PREVIOUS_FALLBACK,1751472000000,3
BTCUSDT,1751500800006,0.00004871,108861.1,MARK_PRICE_PREVIOUS_FALLBACK,1751500800000,6
BTCUSDT,1751529600003,0.00003562,109315,MARK_PRICE_PREVIOUS_FALLBACK,1751529600000,3
BTCUSDT,1751558400003,0.00005028,109160.8,MARK_PRICE_PREVIOUS_FALLBACK,1751558400000,3
BTCUSDT,1751587200005,0.0000523,109545.91516304,MARK_PRICE_PREVIOUS_FALLBACK,1751587200000,5
BTCUSDT,1751616000003,0.00005009,108663.5,MARK_PRICE_PREVIOUS_FALLBACK,1751616000000,3
BTCUSDT,1751644800001,0.00001797,107556.1,MARK_PRICE_PREVIOUS_FALLBACK,1751644800000,1
BTCUSDT,1751673600004,0.00001066,107932.63942152,MARK_PRICE_PREVIOUS_FALLBACK,1751673600000,4
BTCUSDT,1751702400009,0.00003055,107990.6,MARK_PRICE_PREVIOUS_FALLBACK,1751702400000,9
BTCUSDT,1751731200006,0.00004005,108026.4,MARK_PRICE_PREVIOUS_FALLBACK,1751731200000,6
BTCUSDT,1751760000001,0.00001941,108167,MARK_PRICE_PREVIOUS_FALLBACK,1751760000000,1
BTCUSDT,1751788800002,0.00001665,107995.9,MARK_PRICE_PREVIOUS_FALLBACK,1751788800000,2
BTCUSDT,1751817600004,0.00001028,108896.77644928,MARK_PRICE_PREVIOUS_FALLBACK,1751817600000,4
BTCUSDT,1751846400000,0.0000236,109145.8,MARK_PRICE_EXACT_OPEN,1751846400000,0
BTCUSDT,1751875200007,0.00003438,109001.48098188,MARK_PRICE_PREVIOUS_FALLBACK,1751875200000,7
BTCUSDT,1751904000000,0.00004271,108252,MARK_PRICE_EXACT_OPEN,1751904000000,0
BTCUSDT,1751932800010,0.00001073,108195.2,MARK_PRICE_PREVIOUS_FALLBACK,1751932800000,10
BTCUSDT,1751961600003,0.00004563,108418.36911594,MARK_PRICE_PREVIOUS_FALLBACK,1751961600000,3
BTCUSDT,1751990400000,0.00003601,108216.9,MARK_PRICE_EXACT_OPEN,1751990400000,0
BTCUSDT,1752019200002,0.00003093,108896.4,MARK_PRICE_PREVIOUS_FALLBACK,1752019200000,2
BTCUSDT,1752048000006,0.00003396,108684.8,MARK_PRICE_PREVIOUS_FALLBACK,1752048000000,6
BTCUSDT,1752076800001,0.00004253,109050.94665217,MARK_PRICE_PREVIOUS_FALLBACK,1752076800000,1
BTCUSDT,1752105600003,0.0001,111242.43037681,MARK_PRICE_PREVIOUS_FALLBACK,1752105600000,3
BTCUSDT,1752134400000,0.00008523,111186.1,MARK_PRICE_EXACT_OPEN,1752134400000,0
BTCUSDT,1752163200004,0.00001908,111340.68117391,MARK_PRICE_PREVIOUS_FALLBACK,1752163200000,4
BTCUSDT,1752192000004,0.0001,116003.62606522,MARK_PRICE_PREVIOUS_FALLBACK,1752192000000,4
BTCUSDT,1752220800007,0.0001,117632.3,MARK_PRICE_PREVIOUS_FALLBACK,1752220800000,7
BTCUSDT,1752249600001,0.0001,116972.15802174,MARK_PRICE_PREVIOUS_FALLBACK,1752249600000,1
BTCUSDT,1752278400000,0.0001,117501.26688406,MARK_PRICE_EXACT_OPEN,1752278400000,0
BTCUSDT,1752307200001,0.0001,117741.39462917,MARK_PRICE_PREVIOUS_FALLBACK,1752307200000,1
BTCUSDT,1752336000002,0.0001,117073.5853587,MARK_PRICE_PREVIOUS_FALLBACK,1752336000000,2
BTCUSDT,1752364800006,0.0001,117422.8506558,MARK_PRICE_PREVIOUS_FALLBACK,1752364800000,6
BTCUSDT,1752393600001,0.0001,117969.60157246,MARK_PRICE_PREVIOUS_FALLBACK,1752393600000,1
BTCUSDT,1752422400003,0.0001,118641.70584058,MARK_PRICE_PREVIOUS_FALLBACK,1752422400000,3
BTCUSDT,1752451200000,0.00008051,119041.56046377,MARK_PRICE_EXACT_OPEN,1752451200000,0
BTCUSDT,1752480000000,0.0001,122723.1,MARK_PRICE_EXACT_OPEN,1752480000000,0
BTCUSDT,1752508800000,0.0001,119867.24231884,MARK_PRICE_EXACT_OPEN,1752508800000,0
BTCUSDT,1752537600002,0.0001,119747,MARK_PRICE_PREVIOUS_FALLBACK,1752537600000,2
BTCUSDT,1752566400000,0.0001,116780.52426812,MARK_PRICE_EXACT_OPEN,1752566400000,0
BTCUSDT,1752595200000,0.0001,116389.57304348,MARK_PRICE_EXACT_OPEN,1752595200000,0
BTCUSDT,1752624000000,0.0001,117738.5,MARK_PRICE_EXACT_OPEN,1752624000000,0
BTCUSDT,1752652800000,0.0001,118184.09413043,MARK_PRICE_EXACT_OPEN,1752652800000,0
BTCUSDT,1752681600008,0.0001,118961.57641667,MARK_PRICE_PREVIOUS_FALLBACK,1752681600000,8
BTCUSDT,1752710400003,0.0001,118616.6,MARK_PRICE_PREVIOUS_FALLBACK,1752710400000,3
BTCUSDT,1752739200000,0.0001,118289.1,MARK_PRICE_EXACT_OPEN,1752739200000,0
BTCUSDT,1752768000000,0.0001,118874.61847826,MARK_PRICE_EXACT_OPEN,1752768000000,0
BTCUSDT,1752796800004,0.0001,119213.07877536,MARK_PRICE_PREVIOUS_FALLBACK,1752796800000,4
BTCUSDT,1752825600000,0.0001,119356.5,MARK_PRICE_EXACT_OPEN,1752825600000,0
BTCUSDT,1752854400000,0.0001,117851.82027174,MARK_PRICE_EXACT_OPEN,1752854400000,0
BTCUSDT,1752883200009,0.0001,117897.73993478,MARK_PRICE_PREVIOUS_FALLBACK,1752883200000,9
BTCUSDT,1752912000000,0.0001,118135,MARK_PRICE_EXACT_OPEN,1752912000000,0
BTCUSDT,1752940800002,0.0001,118019.1,MARK_PRICE_PREVIOUS_FALLBACK,1752940800000,2
BTCUSDT,1752969600000,0.0001,117814.4,MARK_PRICE_EXACT_OPEN,1752969600000,0
BTCUSDT,1752998400000,0.0001,117993.92586594,MARK_PRICE_EXACT_OPEN,1752998400000,0
BTCUSDT,1753027200000,0.0001,118669.4,MARK_PRICE_EXACT_OPEN,1753027200000,0
BTCUSDT,1753056000001,0.0001,117102.4,MARK_PRICE_PREVIOUS_FALLBACK,1753056000000,1
BTCUSDT,1753084800000,0.0001,119352.1,MARK_PRICE_EXACT_OPEN,1753084800000,0
BTCUSDT,1753113600001,0.0001,118313.9,MARK_PRICE_PREVIOUS_FALLBACK,1753113600000,1
BTCUSDT,1753142400000,0.0001,117331.09485145,MARK_PRICE_EXACT_OPEN,1753142400000,0
BTCUSDT,1753171200010,0.0001,117864.43239493,MARK_PRICE_PREVIOUS_FALLBACK,1753171200000,10
BTCUSDT,1753200000007,0.0001,118844.43797826,MARK_PRICE_PREVIOUS_FALLBACK,1753200000000,7
BTCUSDT,1753228800000,0.0001,119993.7,MARK_PRICE_EXACT_OPEN,1753228800000,0
BTCUSDT,1753257600004,0.0001,118342,MARK_PRICE_PREVIOUS_FALLBACK,1753257600000,4
BTCUSDT,1753286400002,0.0001,118369.86439493,MARK_PRICE_PREVIOUS_FALLBACK,1753286400000,2
BTCUSDT,1753315200000,0.0001,118713.5,MARK_PRICE_EXACT_OPEN,1753315200000,0
BTCUSDT,1753344000001,0.0001,118261.89542391,MARK_PRICE_PREVIOUS_FALLBACK,1753344000000,1
BTCUSDT,1753372800000,0.0001,119074.1,MARK_PRICE_EXACT_OPEN,1753372800000,0
BTCUSDT,1753401600000,0.0001,118283.4,MARK_PRICE_EXACT_OPEN,1753401600000,0
BTCUSDT,1753430400000,0.0001,115312.83280072,MARK_PRICE_EXACT_OPEN,1753430400000,0
BTCUSDT,1753459200000,0.0001,115690.67059058,MARK_PRICE_EXACT_OPEN,1753459200000,0
BTCUSDT,1753488000001,0.0001,117501.3,MARK_PRICE_PREVIOUS_FALLBACK,1753488000000,1
BTCUSDT,1753516800005,0.0001,117316.2,MARK_PRICE_PREVIOUS_FALLBACK,1753516800000,5
BTCUSDT,1753545600001,0.0001,118143,MARK_PRICE_PREVIOUS_FALLBACK,1753545600000,1
BTCUSDT,1753574400001,0.0001,117921.13571014,MARK_PRICE_PREVIOUS_FALLBACK,1753574400000,1
BTCUSDT,1753603200000,0.0001,118087.08156884,MARK_PRICE_EXACT_OPEN,1753603200000,0
BTCUSDT,1753632000008,0.0001,118773.36330072,MARK_PRICE_PREVIOUS_FALLBACK,1753632000000,8
BTCUSDT,1753660800005,0.0001,119374.56387681,MARK_PRICE_PREVIOUS_FALLBACK,1753660800000,5
BTCUSDT,1753689600000,0.0001,118886.24443841,MARK_PRICE_EXACT_OPEN,1753689600000,0
BTCUSDT,1753718400000,0.0001,118158.66325758,MARK_PRICE_EXACT_OPEN,1753718400000,0
BTCUSDT,1753747200001,0.0001,117962.2,MARK_PRICE_PREVIOUS_FALLBACK,1753747200000,1
BTCUSDT,1753776000000,0.0001,118856.3,MARK_PRICE_EXACT_OPEN,1753776000000,0
BTCUSDT,1753804800000,0.0001,117351.43826812,MARK_PRICE_EXACT_OPEN,1753804800000,0
BTCUSDT,1753833600011,0.0001,117893.0312971,MARK_PRICE_PREVIOUS_FALLBACK,1753833600000,11
BTCUSDT,1753862400000,0.0001,118083.2,MARK_PRICE_EXACT_OPEN,1753862400000,0
BTCUSDT,1753891200008,0.0001,117900.13254974,MARK_PRICE_PREVIOUS_FALLBACK,1753891200000,8
BTCUSDT,1753920000000,0.00005694,117772.92036957,MARK_PRICE_EXACT_OPEN,1753920000000,0
BTCUSDT,1753948800009,0.0001,118656.7,MARK_PRICE_PREVIOUS_FALLBACK,1753948800000,9
BTCUSDT,1753977600000,0.0001,118263.70708696,MARK_PRICE_EXACT_OPEN,1753977600000,0
BTCUSDT,1754006400001,-0.00001408,115660.7,MARK_PRICE_PREVIOUS_FALLBACK,1754006400000,1
BTCUSDT,1754035200003,0.00001549,114919.62435151,MARK_PRICE_PREVIOUS_FALLBACK,1754035200000,3
BTCUSDT,1754064000000,0.00005681,115305.3,MARK_PRICE_EXACT_OPEN,1754064000000,0
BTCUSDT,1754092800004,0.0000481,113251.8,MARK_PRICE_PREVIOUS_FALLBACK,1754092800000,4
BTCUSDT,1754121600000,0.00000894,113920.40738768,MARK_PRICE_EXACT_OPEN,1754121600000,0
BTCUSDT,1754150400000,0.00004437,112798.5,MARK_PRICE_EXACT_OPEN,1754150400000,0
BTCUSDT,1754179200000,0.00005633,112509.76593841,MARK_PRICE_EXACT_OPEN,1754179200000,0
BTCUSDT,1754208000000,0.00004533,113647.1,MARK_PRICE_EXACT_OPEN,1754208000000,0
BTCUSDT,1754236800003,0.00007504,113883,MARK_PRICE_PREVIOUS_FALLBACK,1754236800000,3
BTCUSDT,1754265600004,0.00004188,114233.2,MARK_PRICE_PREVIOUS_FALLBACK,1754265600000,4
BTCUSDT,1754294400000,0.00005719,114606.9,MARK_PRICE_EXACT_OPEN,1754294400000,0
BTCUSDT,1754323200002,0.00003912,114822.99161385,MARK_PRICE_PREVIOUS_FALLBACK,1754323200000,2
BTCUSDT,1754352000000,0.00007101,115002.1,MARK_PRICE_EXACT_OPEN,1754352000000,0
BTCUSDT,1754380800000,0.00008589,113924.7,MARK_PRICE_EXACT_OPEN,1754380800000,0
BTCUSDT,1754409600000,0.00004784,112890.03634109,MARK_PRICE_EXACT_OPEN,1754409600000,0
BTCUSDT,1754438400005,0.00005172,114086.6,MARK_PRICE_PREVIOUS_FALLBACK,1754438400000,5
BTCUSDT,1754467200000,0.00009275,114180.5031938,MARK_PRICE_EXACT_OPEN,1754467200000,0
BTCUSDT,1754496000000,0.00008288,115389.8435814,MARK_PRICE_EXACT_OPEN,1754496000000,0
BTCUSDT,1754524800003,0.00004843,114904.66039922,MARK_PRICE_PREVIOUS_FALLBACK,1754524800000,3
BTCUSDT,1754553600002,0.00007574,114753.02078682,MARK_PRICE_PREVIOUS_FALLBACK,1754553600000,2
BTCUSDT,1754582400002,0.00006275,116663.63151087,MARK_PRICE_PREVIOUS_FALLBACK,1754582400000,2
BTCUSDT,1754611200002,0.00002403,117330.20829583,MARK_PRICE_PREVIOUS_FALLBACK,1754611200000,2
BTCUSDT,1754640000004,0.00001729,116733,MARK_PRICE_PREVIOUS_FALLBACK,1754640000000,4
BTCUSDT,1754668800000,0.00007973,116170.72810417,MARK_PRICE_EXACT_OPEN,1754668800000,0
BTCUSDT,1754697600005,0.00008835,116618.37477941,MARK_PRICE_PREVIOUS_FALLBACK,1754697600000,5
BTCUSDT,1754726400000,0.00009087,116703.2,MARK_PRICE_EXACT_OPEN,1754726400000,0
BTCUSDT,1754755200007,0.00005151,116892.3593375,MARK_PRICE_PREVIOUS_FALLBACK,1754755200000,7
BTCUSDT,1754784000003,0.00009849,116431.8,MARK_PRICE_PREVIOUS_FALLBACK,1754784000000,3
BTCUSDT,1754812800005,0.0001,117783.68735833,MARK_PRICE_PREVIOUS_FALLBACK,1754812800000,5
BTCUSDT,1754841600002,0.0001,118824.5,MARK_PRICE_PREVIOUS_FALLBACK,1754841600000,2
BTCUSDT,1754870400000,0.0001,119255.3,MARK_PRICE_EXACT_OPEN,1754870400000,0
BTCUSDT,1754899200000,0.0001,121533.48217391,MARK_PRICE_EXACT_OPEN,1754899200000,0
BTCUSDT,1754928000000,0.0001,120276.94746739,MARK_PRICE_EXACT_OPEN,1754928000000,0
BTCUSDT,1754956800000,0.0001,118642.12869203,MARK_PRICE_EXACT_OPEN,1754956800000,0
BTCUSDT,1754985600001,0.00007988,118959.70111957,MARK_PRICE_PREVIOUS_FALLBACK,1754985600000,1
BTCUSDT,1755014400005,0.00008543,119833.35300362,MARK_PRICE_PREVIOUS_FALLBACK,1755014400000,5
BTCUSDT,1755043200000,0.00007123,120081,MARK_PRICE_EXACT_OPEN,1755043200000,0
BTCUSDT,1755072000002,0.0001,119487.25176492,MARK_PRICE_PREVIOUS_FALLBACK,1755072000000,2
BTCUSDT,1755100800006,0.0001,120994.89977536,MARK_PRICE_PREVIOUS_FALLBACK,1755100800000,6
BTCUSDT,1755129600002,0.0001,123312.78742029,MARK_PRICE_PREVIOUS_FALLBACK,1755129600000,2
BTCUSDT,1755158400003,0.0001,121738.09417948,MARK_PRICE_PREVIOUS_FALLBACK,1755158400000,3
BTCUSDT,1755187200000,0.0001,118206.5,MARK_PRICE_EXACT_OPEN,1755187200000,0
BTCUSDT,1755216000000,0.00001939,118245.12016304,MARK_PRICE_EXACT_OPEN,1755216000000,0
BTCUSDT,1755244800000,0.0000799,118908.4,MARK_PRICE_EXACT_OPEN,1755244800000,0
BTCUSDT,1755273600000,0.00003722,117224.25723551,MARK_PRICE_EXACT_OPEN,1755273600000,0
BTCUSDT,1755302400004,0.0000885,117206.5,MARK_PRICE_PREVIOUS_FALLBACK,1755302400000,4
BTCUSDT,1755331200000,0.00008268,117543.6,MARK_PRICE_EXACT_OPEN,1755331200000,0
BTCUSDT,1755360000002,0.00009023,117626.9220875,MARK_PRICE_PREVIOUS_FALLBACK,1755360000000,2
BTCUSDT,1755388800000,0.00008206,117333.60187083,MARK_PRICE_EXACT_OPEN,1755388800000,0
BTCUSDT,1755417600001,0.0000468,117980.7222402,MARK_PRICE_PREVIOUS_FALLBACK,1755417600000,1
BTCUSDT,1755446400007,0.00001862,118248.51369167,MARK_PRICE_PREVIOUS_FALLBACK,1755446400000,7
BTCUSDT,1755475200000,0.00002846,117358.84539167,MARK_PRICE_EXACT_OPEN,1755475200000,0
BTCUSDT,1755504000001,-0.00000682,115170.3,MARK_PRICE_PREVIOUS_FALLBACK,1755504000000,1
BTCUSDT,1755532800002,0.00005296,116129.7,MARK_PRICE_PREVIOUS_FALLBACK,1755532800000,2
BTCUSDT,1755561600000,0.00007137,116183.6,MARK_PRICE_EXACT_OPEN,1755561600000,0
BTCUSDT,1755590400001,0.00006262,114910.76343116,MARK_PRICE_PREVIOUS_FALLBACK,1755590400000,1
BTCUSDT,1755619200000,0.00003167,113730,MARK_PRICE_EXACT_OPEN,1755619200000,0
BTCUSDT,1755648000000,0.00004543,112829.16656522,MARK_PRICE_EXACT_OPEN,1755648000000,0
BTCUSDT,1755676800000,0.00001364,113436.7,MARK_PRICE_EXACT_OPEN,1755676800000,0
BTCUSDT,1755705600000,0.00004936,113293.1,MARK_PRICE_EXACT_OPEN,1755705600000,0
BTCUSDT,1755734400006,0.00001143,114155.04865512,MARK_PRICE_PREVIOUS_FALLBACK,1755734400000,6
BTCUSDT,1755763200000,0.00007757,113836.8,MARK_PRICE_EXACT_OPEN,1755763200000,0
BTCUSDT,1755792000003,0.00007414,112722.36089536,MARK_PRICE_PREVIOUS_FALLBACK,1755792000000,3
BTCUSDT,1755820800010,0.00007296,112504.6,MARK_PRICE_PREVIOUS_FALLBACK,1755820800000,10
BTCUSDT,1755849600007,0.0001,113030.59657609,MARK_PRICE_PREVIOUS_FALLBACK,1755849600000,7
BTCUSDT,1755878400001,0.00005867,116463.38151087,MARK_PRICE_PREVIOUS_FALLBACK,1755878400000,1
BTCUSDT,1755907200004,0.0001,116893.73837681,MARK_PRICE_PREVIOUS_FALLBACK,1755907200000,4
BTCUSDT,1755936000006,0.0001,115834.08720652,MARK_PRICE_PREVIOUS_FALLBACK,1755936000000,6
BTCUSDT,1755964800000,0.00009711,114778.21648188,MARK_PRICE_EXACT_OPEN,1755964800000,0
BTCUSDT,1755993600001,0.0001,115336.9,MARK_PRICE_PREVIOUS_FALLBACK,1755993600000,1
BTCUSDT,1756022400002,0.0001,114875.5,MARK_PRICE_PREVIOUS_FALLBACK,1756022400000,2
BTCUSDT,1756051200001,0.0001,114368.5,MARK_PRICE_PREVIOUS_FALLBACK,1756051200000,1
BTCUSDT,1756080000000,0.0001,113446.3,MARK_PRICE_EXACT_OPEN,1756080000000,0
BTCUSDT,1756108800002,0.0001,111358.00606522,MARK_PRICE_PREVIOUS_FALLBACK,1756108800000,2
BTCUSDT,1756137600002,0.00008344,112084.3,MARK_PRICE_PREVIOUS_FALLBACK,1756137600000,2
BTCUSDT,1756166400000,0.00004522,110064.58160507,MARK_PRICE_EXACT_OPEN,1756166400000,0
BTCUSDT,1756195200000,0.000039,110246.49650362,MARK_PRICE_EXACT_OPEN,1756195200000,0
BTCUSDT,1756224000000,0.0001,109632.32376812,MARK_PRICE_EXACT_OPEN,1756224000000,0
BTCUSDT,1756252800003,0.00001802,111678.049,MARK_PRICE_PREVIOUS_FALLBACK,1756252800000,3
BTCUSDT,1756281600000,0.00005503,110688,MARK_PRICE_EXACT_OPEN,1756281600000,0
BTCUSDT,1756310400009,0.00003496,111926.81107971,MARK_PRICE_PREVIOUS_FALLBACK,1756310400000,9
BTCUSDT,1756339200000,0.00005297,111207.40040217,MARK_PRICE_EXACT_OPEN,1756339200000,0
BTCUSDT,1756368000005,0.00009693,113107.71864493,MARK_PRICE_PREVIOUS_FALLBACK,1756368000000,5
BTCUSDT,1756396800004,0.00007512,112707.6,MARK_PRICE_PREVIOUS_FALLBACK,1756396800000,4
BTCUSDT,1756425600000,0.00004261,112509.46216304,MARK_PRICE_EXACT_OPEN,1756425600000,0
BTCUSDT,1756454400000,0.00005856,109989.38102899,MARK_PRICE_EXACT_OPEN,1756454400000,0
BTCUSDT,1756483200005,0.00000644,108378.97087693,MARK_PRICE_PREVIOUS_FALLBACK,1756483200000,5
BTCUSDT,1756512000000,0.00007523,108332.4,MARK_PRICE_EXACT_OPEN,1756512000000,0
BTCUSDT,1756540800002,0.00007979,108460.29248188,MARK_PRICE_PREVIOUS_FALLBACK,1756540800000,2
BTCUSDT,1756569600003,0.00008042,108757.4,MARK_PRICE_PREVIOUS_FALLBACK,1756569600000,3
BTCUSDT,1756598400016,-0.00001232,108766.85543442,MARK_PRICE_PREVIOUS_FALLBACK,1756598400000,16
BTCUSDT,1756627200000,0.00004749,108658.2,MARK_PRICE_EXACT_OPEN,1756627200000,0
BTCUSDT,1756656000001,0.0001,108742.66744203,MARK_PRICE_PREVIOUS_FALLBACK,1756656000000,1
BTCUSDT,1756684800000,0.0000466,108208.3,MARK_PRICE_EXACT_OPEN,1756684800000,0
BTCUSDT,1756713600000,0.0001,109367.8,MARK_PRICE_EXACT_OPEN,1756713600000,0
BTCUSDT,1756742400001,0.00004963,108751.58790346,MARK_PRICE_PREVIOUS_FALLBACK,1756742400000,1
BTCUSDT,1756771200000,0.00006946,109193.21343478,MARK_PRICE_EXACT_OPEN,1756771200000,0
BTCUSDT,1756800000005,0.00008805,110219.79580072,MARK_PRICE_PREVIOUS_FALLBACK,1756800000000,5
BTCUSDT,1756828800007,0.00006356,110884.0598442,MARK_PRICE_PREVIOUS_FALLBACK,1756828800000,7
BTCUSDT,1756857600006,0.00000767,111191.27216667,MARK_PRICE_PREVIOUS_FALLBACK,1756857600000,6
BTCUSDT,1756886400002,0.00005127,111056.6,MARK_PRICE_PREVIOUS_FALLBACK,1756886400000,2
BTCUSDT,1756915200002,0.00002344,112277.2,MARK_PRICE_PREVIOUS_FALLBACK,1756915200000,2
BTCUSDT,1756944000002,0.00001808,111681.13929348,MARK_PRICE_PREVIOUS_FALLBACK,1756944000000,2
BTCUSDT,1756972800000,0.00004385,110417.3,MARK_PRICE_EXACT_OPEN,1756972800000,0
BTCUSDT,1757001600000,0.00007941,109464.1,MARK_PRICE_EXACT_OPEN,1757001600000,0
BTCUSDT,1757030400001,0.00007532,110731.1,MARK_PRICE_PREVIOUS_FALLBACK,1757030400000,1
BTCUSDT,1757059200006,0.0001,112924.28925362,MARK_PRICE_PREVIOUS_FALLBACK,1757059200000,6
BTCUSDT,1757088000000,0.00007872,110672.1,MARK_PRICE_EXACT_OPEN,1757088000000,0
BTCUSDT,1757116800000,0.00001297,110614.9,MARK_PRICE_EXACT_OPEN,1757116800000,0
BTCUSDT,1757145600005,0.0000566,110790.6,MARK_PRICE_PREVIOUS_FALLBACK,1757145600000,5
BTCUSDT,1757174400000,0.0000511,110324.2,MARK_PRICE_EXACT_OPEN,1757174400000,0
BTCUSDT,1757203200000,0.0000197,110135.3,MARK_PRICE_EXACT_OPEN,1757203200000,0
BTCUSDT,1757232000000,0.00003611,110710.8,MARK_PRICE_EXACT_OPEN,1757232000000,0
BTCUSDT,1757260800000,0.00006969,111280.66566667,MARK_PRICE_EXACT_OPEN,1757260800000,0
BTCUSDT,1757289600007,0.00009404,111119.89306159,MARK_PRICE_PREVIOUS_FALLBACK,1757289600000,7
BTCUSDT,1757318400000,0.00006682,111236.4,MARK_PRICE_EXACT_OPEN,1757318400000,0
BTCUSDT,1757347200000,0.00007311,112574.15601812,MARK_PRICE_EXACT_OPEN,1757347200000,0
BTCUSDT,1757376000000,0.00003799,112015.08440217,MARK_PRICE_EXACT_OPEN,1757376000000,0
BTCUSDT,1757404800000,0.0001,112952.16761594,MARK_PRICE_EXACT_OPEN,1757404800000,0
BTCUSDT,1757433600000,0.0001,110830.1,MARK_PRICE_EXACT_OPEN,1757433600000,0
BTCUSDT,1757462400000,0.00005805,111500,MARK_PRICE_EXACT_OPEN,1757462400000,0
BTCUSDT,1757491200002,0.00005026,112478.49809783,MARK_PRICE_PREVIOUS_FALLBACK,1757491200000,2
BTCUSDT,1757520000000,0.0001,113795.6,MARK_PRICE_EXACT_OPEN,1757520000000,0
BTCUSDT,1757548800000,0.00005843,113899.89001087,MARK_PRICE_EXACT_OPEN,1757548800000,0
BTCUSDT,1757577600000,0.00004283,114040,MARK_PRICE_EXACT_OPEN,1757577600000,0
BTCUSDT,1757606400001,0.00003326,114190.35576812,MARK_PRICE_PREVIOUS_FALLBACK,1757606400000,1
BTCUSDT,1757635200002,0.00006137,115552.28835145,MARK_PRICE_PREVIOUS_FALLBACK,1757635200000,2
BTCUSDT,1757664000001,0.00003768,115086.4,MARK_PRICE_PREVIOUS_FALLBACK,1757664000000,1
BTCUSDT,1757692800005,0.00006891,115084.74099638,MARK_PRICE_PREVIOUS_FALLBACK,1757692800000,5
BTCUSDT,1757721600005,-0.00001554,115978.04265217,MARK_PRICE_PREVIOUS_FALLBACK,1757721600000,5
BTCUSDT,1757750400002,0.00002251,115719.61197464,MARK_PRICE_PREVIOUS_FALLBACK,1757750400000,2
BTCUSDT,1757779200000,0.00003137,115721.3,MARK_PRICE_EXACT_OPEN,1757779200000,0
BTCUSDT,1757808000006,0.00008182,115892.2,MARK_PRICE_PREVIOUS_FALLBACK,1757808000000,6
BTCUSDT,1757836800000,0.0000478,115747.96161957,MARK_PRICE_EXACT_OPEN,1757836800000,0
BTCUSDT,1757865600001,0.00003115,115136.68556884,MARK_PRICE_PREVIOUS_FALLBACK,1757865600000,1
BTCUSDT,1757894400006,0.00006207,115187.7,MARK_PRICE_PREVIOUS_FALLBACK,1757894400000,6
BTCUSDT,1757923200002,0.00008259,115752.6,MARK_PRICE_PREVIOUS_FALLBACK,1757923200000,2
BTCUSDT,1757952000001,0.00008189,114790.9,MARK_PRICE_PREVIOUS_FALLBACK,1757952000000,1
BTCUSDT,1757980800001,0.00000997,115286.9993913,MARK_PRICE_PREVIOUS_FALLBACK,1757980800000,1
BTCUSDT,1758009600000,0.00006991,115799.4,MARK_PRICE_EXACT_OPEN,1758009600000,0
BTCUSDT,1758038400000,0.00006472,115878,MARK_PRICE_EXACT_OPEN,1758038400000,0
BTCUSDT,1758067200001,0.00006972,116744.1870942,MARK_PRICE_PREVIOUS_FALLBACK,1758067200000,1
BTCUSDT,1758096000000,0.00008441,117120.5,MARK_PRICE_EXACT_OPEN,1758096000000,0
BTCUSDT,1758124800003,0.00006303,115779.57406159,MARK_PRICE_PREVIOUS_FALLBACK,1758124800000,3
BTCUSDT,1758153600006,0.00004941,116360.61573324,MARK_PRICE_PREVIOUS_FALLBACK,1758153600000,6
BTCUSDT,1758182400002,0.00008928,117018.7,MARK_PRICE_PREVIOUS_FALLBACK,1758182400000,2
BTCUSDT,1758211200000,0.00004208,117530.2,MARK_PRICE_EXACT_OPEN,1758211200000,0
BTCUSDT,1758240000000,-0.00000231,117017.51732609,MARK_PRICE_EXACT_OPEN,1758240000000,0
BTCUSDT,1758268800005,0.00002109,116859.38514493,MARK_PRICE_PREVIOUS_FALLBACK,1758268800000,5
BTCUSDT,1758297600000,0.00005264,115827,MARK_PRICE_EXACT_OPEN,1758297600000,0
BTCUSDT,1758326400000,0.00003757,115569.76332609,MARK_PRICE_EXACT_OPEN,1758326400000,0
BTCUSDT,1758355200000,-2.7e-7,115909.9,MARK_PRICE_EXACT_OPEN,1758355200000,0
BTCUSDT,1758384000002,-0.00001006,115928.61839855,MARK_PRICE_PREVIOUS_FALLBACK,1758384000000,2
BTCUSDT,1758412800000,-0.00005322,115625,MARK_PRICE_EXACT_OPEN,1758412800000,0
BTCUSDT,1758441600000,0.00002563,115773.31957246,MARK_PRICE_EXACT_OPEN,1758441600000,0
BTCUSDT,1758470400000,0.00003742,115473.52326812,MARK_PRICE_EXACT_OPEN,1758470400000,0
BTCUSDT,1758499200005,0.00006665,115153.6,MARK_PRICE_PREVIOUS_FALLBACK,1758499200000,5
BTCUSDT,1758528000003,0.00001743,112506,MARK_PRICE_PREVIOUS_FALLBACK,1758528000000,3
BTCUSDT,1758556800000,0.00004838,112768.7,MARK_PRICE_EXACT_OPEN,1758556800000,0
BTCUSDT,1758585600000,0.00007062,112604.7,MARK_PRICE_EXACT_OPEN,1758585600000,0
BTCUSDT,1758614400001,0.00007083,113021.6,MARK_PRICE_PREVIOUS_FALLBACK,1758614400000,1
BTCUSDT,1758643200000,0.00007478,112829.13869565,MARK_PRICE_EXACT_OPEN,1758643200000,0
BTCUSDT,1758672000003,0.00005794,111900.1,MARK_PRICE_PREVIOUS_FALLBACK,1758672000000,3
BTCUSDT,1758700800001,0.00006267,112513.6,MARK_PRICE_PREVIOUS_FALLBACK,1758700800000,1
BTCUSDT,1758729600002,0.00004886,113242.9,MARK_PRICE_PREVIOUS_FALLBACK,1758729600000,2
BTCUSDT,1758758400000,-0.0000022,113254.73047826,MARK_PRICE_EXACT_OPEN,1758758400000,0
BTCUSDT,1758787200001,0.0000173,111754.9,MARK_PRICE_PREVIOUS_FALLBACK,1758787200000,1
BTCUSDT,1758816000000,0.0000956,111546.0067971,MARK_PRICE_EXACT_OPEN,1758816000000,0
BTCUSDT,1758844800000,0.00003143,108944.73728261,MARK_PRICE_EXACT_OPEN,1758844800000,0
BTCUSDT,1758873600000,0.0000436,109257.3,MARK_PRICE_EXACT_OPEN,1758873600000,0
BTCUSDT,1758902400008,0.00007716,108986.7,MARK_PRICE_PREVIOUS_FALLBACK,1758902400000,8
BTCUSDT,1758931200000,-1e-7,109588.74702899,MARK_PRICE_EXACT_OPEN,1758931200000,0
BTCUSDT,1758960000010,0.00003425,109333.1,MARK_PRICE_PREVIOUS_FALLBACK,1758960000000,10
BTCUSDT,1758988800003,0.00007821,109330.6,MARK_PRICE_PREVIOUS_FALLBACK,1758988800000,3
BTCUSDT,1759017600000,0.00003314,109577.33157971,MARK_PRICE_EXACT_OPEN,1759017600000,0
BTCUSDT,1759046400000,0.00004976,109468.5,MARK_PRICE_EXACT_OPEN,1759046400000,0
BTCUSDT,1759075200000,0.00005261,109989.9,MARK_PRICE_EXACT_OPEN,1759075200000,0
BTCUSDT,1759104000000,0.00002312,112119.6,MARK_PRICE_EXACT_OPEN,1759104000000,0
BTCUSDT,1759132800002,0.00001304,111872,MARK_PRICE_PREVIOUS_FALLBACK,1759132800000,2
BTCUSDT,1759161600001,3.2e-7,113818.9,MARK_PRICE_PREVIOUS_FALLBACK,1759161600000,1
BTCUSDT,1759190400002,0.00002353,114202.44951449,MARK_PRICE_PREVIOUS_FALLBACK,1759190400000,2
BTCUSDT,1759219200005,0.00005893,113695.5,MARK_PRICE_PREVIOUS_FALLBACK,1759219200000,5
BTCUSDT,1759248000000,0.00002584,113055.5,MARK_PRICE_EXACT_OPEN,1759248000000,0
BTCUSDT,1759276800000,0.00003355,113988.7,MARK_PRICE_EXACT_OPEN,1759276800000,0
BTCUSDT,1759305600000,0.00003457,114488.84474513,MARK_PRICE_EXACT_OPEN,1759305600000,0
BTCUSDT,1759334400000,0.0001,117367.03486232,MARK_PRICE_EXACT_OPEN,1759334400000,0
BTCUSDT,1759363200000,0.00007784,118553.6,MARK_PRICE_EXACT_OPEN,1759363200000,0
BTCUSDT,1759392000013,0.0001,118525.74327536,MARK_PRICE_PREVIOUS_FALLBACK,1759392000000,13
BTCUSDT,1759420800000,0.00009543,119876.14928261,MARK_PRICE_EXACT_OPEN,1759420800000,0
BTCUSDT,1759449600006,0.00009926,120377.3,MARK_PRICE_PREVIOUS_FALLBACK,1759449600000,6
BTCUSDT,1759478400006,0.0001,119671.1,MARK_PRICE_PREVIOUS_FALLBACK,1759478400000,6
BTCUSDT,1759507200000,0.0001,122241.29730885,MARK_PRICE_EXACT_OPEN,1759507200000,0
BTCUSDT,1759536000001,0.0001,122180.74415217,MARK_PRICE_PREVIOUS_FALLBACK,1759536000000,1
BTCUSDT,1759564800000,0.0001,122274.3698051,MARK_PRICE_EXACT_OPEN,1759564800000,0
BTCUSDT,1759593600000,0.00008312,121740.07963043,MARK_PRICE_EXACT_OPEN,1759593600000,0
BTCUSDT,1759622400000,0.00008648,122343.2,MARK_PRICE_EXACT_OPEN,1759622400000,0
BTCUSDT,1759651200003,0.0001,124715.62823188,MARK_PRICE_PREVIOUS_FALLBACK,1759651200000,3
BTCUSDT,1759680000009,0.00009566,122777.3,MARK_PRICE_PREVIOUS_FALLBACK,1759680000000,9
BTCUSDT,1759708800004,0.00007672,123415.39597826,MARK_PRICE_PREVIOUS_FALLBACK,1759708800000,4
BTCUSDT,1759737600002,0.00009708,123426,MARK_PRICE_PREVIOUS_FALLBACK,1759737600000,2
BTCUSDT,1759766400004,0.00005831,124941.28602174,MARK_PRICE_PREVIOUS_FALLBACK,1759766400000,4
BTCUSDT,1759795200000,0.0001,124619.90012319,MARK_PRICE_EXACT_OPEN,1759795200000,0
BTCUSDT,1759824000003,0.00008608,123558.69600725,MARK_PRICE_PREVIOUS_FALLBACK,1759824000000,3
BTCUSDT,1759852800000,0.00006194,121822.13839855,MARK_PRICE_EXACT_OPEN,1759852800000,0
BTCUSDT,1759881600000,0.00002542,121286.5,MARK_PRICE_EXACT_OPEN,1759881600000,0
BTCUSDT,1759910400006,0.0001,121645.08873913,MARK_PRICE_PREVIOUS_FALLBACK,1759910400000,6
BTCUSDT,1759939200002,0.00005396,122115.83928986,MARK_PRICE_PREVIOUS_FALLBACK,1759939200000,2
BTCUSDT,1759968000001,0.00001344,123279.5,MARK_PRICE_PREVIOUS_FALLBACK,1759968000000,1
BTCUSDT,1759996800000,0.0000535,121847.8,MARK_PRICE_EXACT_OPEN,1759996800000,0
BTCUSDT,1760025600000,0.00001455,121084.88746377,MARK_PRICE_EXACT_OPEN,1760025600000,0
BTCUSDT,1760054400005,0.00000785,121601.5,MARK_PRICE_PREVIOUS_FALLBACK,1760054400000,5
BTCUSDT,1760083200002,0.00003879,120917.24691304,MARK_PRICE_PREVIOUS_FALLBACK,1760083200000,2
BTCUSDT,1760112000014,0.00001013,118842.3,MARK_PRICE_PREVIOUS_FALLBACK,1760112000000,14
BTCUSDT,1760140800000,0.0001,112716.8,MARK_PRICE_EXACT_OPEN,1760140800000,0
BTCUSDT,1760169600003,0.0001,110339.1347971,MARK_PRICE_PREVIOUS_FALLBACK,1760169600000,3
BTCUSDT,1760198400000,0.00000467,111744.4,MARK_PRICE_EXACT_OPEN,1760198400000,0
BTCUSDT,1760227200004,-0.00003055,110550.30408696,MARK_PRICE_PREVIOUS_FALLBACK,1760227200000,4
BTCUSDT,1760256000002,0.00002865,111494.94147101,MARK_PRICE_PREVIOUS_FALLBACK,1760256000000,2
BTCUSDT,1760284800000,-0.00010915,113123.87871739,MARK_PRICE_EXACT_OPEN,1760284800000,0
BTCUSDT,1760313600003,-0.00003942,114815.14137931,MARK_PRICE_PREVIOUS_FALLBACK,1760313600000,3
BTCUSDT,1760342400002,0.00002519,115324.70651449,MARK_PRICE_PREVIOUS_FALLBACK,1760342400000,2
BTCUSDT,1760371200003,-0.00002305,114210,MARK_PRICE_PREVIOUS_FALLBACK,1760371200000,3
BTCUSDT,1760400000000,-0.00004041,115112,MARK_PRICE_EXACT_OPEN,1760400000000,0
BTCUSDT,1760428800000,0.00000712,111677.04921014,MARK_PRICE_EXACT_OPEN,1760428800000,0
BTCUSDT,1760457600000,-0.00004498,112817.34618841,MARK_PRICE_EXACT_OPEN,1760457600000,0
BTCUSDT,1760486400006,-0.00005425,112975,MARK_PRICE_PREVIOUS_FALLBACK,1760486400000,6
BTCUSDT,1760515200002,0.00003973,112502.93191154,MARK_PRICE_PREVIOUS_FALLBACK,1760515200000,2
BTCUSDT,1760544000000,0.00000225,110757.4,MARK_PRICE_EXACT_OPEN,1760544000000,0
BTCUSDT,1760572800000,-0.00002741,110701.13593478,MARK_PRICE_EXACT_OPEN,1760572800000,0
BTCUSDT,1760601600003,-0.0000223,110443.1,MARK_PRICE_PREVIOUS_FALLBACK,1760601600000,3
BTCUSDT,1760630400002,-0.00003004,108259.05248876,MARK_PRICE_PREVIOUS_FALLBACK,1760630400000,2
BTCUSDT,1760659200001,-0.00000285,108049.1,MARK_PRICE_PREVIOUS_FALLBACK,1760659200000,1
BTCUSDT,1760688000005,-0.00000634,105506.9,MARK_PRICE_PREVIOUS_FALLBACK,1760688000000,5
BTCUSDT,1760716800003,-0.00000291,107074.38094203,MARK_PRICE_PREVIOUS_FALLBACK,1760716800000,3
BTCUSDT,1760745600000,-0.00004819,106378.67421014,MARK_PRICE_EXACT_OPEN,1760745600000,0
BTCUSDT,1760774400002,-0.00006376,106598.2942029,MARK_PRICE_PREVIOUS_FALLBACK,1760774400000,2
BTCUSDT,1760803200001,-0.00003681,106909.5,MARK_PRICE_PREVIOUS_FALLBACK,1760803200000,1
BTCUSDT,1760832000001,-0.00001411,107122.88848551,MARK_PRICE_PREVIOUS_FALLBACK,1760832000000,1
BTCUSDT,1760860800001,0.00001512,106739.4,MARK_PRICE_PREVIOUS_FALLBACK,1760860800000,1
BTCUSDT,1760889600001,0.00002787,108445.09505797,MARK_PRICE_PREVIOUS_FALLBACK,1760889600000,1
BTCUSDT,1760918400004,-0.00002197,108544.2,MARK_PRICE_PREVIOUS_FALLBACK,1760918400000,4
BTCUSDT,1760947200001,-0.00000665,111155.92026087,MARK_PRICE_PREVIOUS_FALLBACK,1760947200000,1
BTCUSDT,1760976000000,-1.8e-7,111079.2,MARK_PRICE_EXACT_OPEN,1760976000000,0
BTCUSDT,1761004800009,-0.00005567,110429.7,MARK_PRICE_PREVIOUS_FALLBACK,1761004800000,9
BTCUSDT,1761033600000,0.00002222,108040.11896377,MARK_PRICE_EXACT_OPEN,1761033600000,0
BTCUSDT,1761062400000,-0.00002506,113355.3,MARK_PRICE_EXACT_OPEN,1761062400000,0
BTCUSDT,1761091200004,-0.00004212,108208,MARK_PRICE_PREVIOUS_FALLBACK,1761091200000,4
BTCUSDT,1761120000000,0.00002445,108286.73970765,MARK_PRICE_EXACT_OPEN,1761120000000,0
BTCUSDT,1761148800000,0.00005702,108375.0050942,MARK_PRICE_EXACT_OPEN,1761148800000,0
BTCUSDT,1761177600000,0.00008911,107532,MARK_PRICE_EXACT_OPEN,1761177600000,0
BTCUSDT,1761206400001,0.00002673,109266.5,MARK_PRICE_PREVIOUS_FALLBACK,1761206400000,1
BTCUSDT,1761235200004,0.00003933,109852.4,MARK_PRICE_PREVIOUS_FALLBACK,1761235200000,4
BTCUSDT,1761264000000,0.00003391,110032.13344928,MARK_PRICE_EXACT_OPEN,1761264000000,0
BTCUSDT,1761292800000,0.00001783,111014.12165942,MARK_PRICE_EXACT_OPEN,1761292800000,0
BTCUSDT,1761321600009,0.00003224,110049.1,MARK_PRICE_PREVIOUS_FALLBACK,1761321600000,9
BTCUSDT,1761350400000,0.0000502,110965.34494203,MARK_PRICE_EXACT_OPEN,1761350400000,0
BTCUSDT,1761379200001,0.00001484,111440.1,MARK_PRICE_PREVIOUS_FALLBACK,1761379200000,1
BTCUSDT,1761408000001,0.0000557,111372.5,MARK_PRICE_PREVIOUS_FALLBACK,1761408000000,1
BTCUSDT,1761436800001,0.00001903,111562.6,MARK_PRICE_PREVIOUS_FALLBACK,1761436800000,1
BTCUSDT,1761465600001,0.00000535,111705.17960145,MARK_PRICE_PREVIOUS_FALLBACK,1761465600000,1
BTCUSDT,1761494400000,0.00006904,113651.90728261,MARK_PRICE_EXACT_OPEN,1761494400000,0
BTCUSDT,1761523200000,0.0001,114504.08989855,MARK_PRICE_EXACT_OPEN,1761523200000,0
BTCUSDT,1761552000005,0.0001,115517.19324588,MARK_PRICE_PREVIOUS_FALLBACK,1761552000000,5
BTCUSDT,1761580800000,0.00007304,114914.5,MARK_PRICE_EXACT_OPEN,1761580800000,0
BTCUSDT,1761609600000,0.00006059,114064.1,MARK_PRICE_EXACT_OPEN,1761609600000,0
BTCUSDT,1761638400000,0.00007806,114132.8762971,MARK_PRICE_EXACT_OPEN,1761638400000,0
BTCUSDT,1761667200004,0.00002992,114498.57213043,MARK_PRICE_PREVIOUS_FALLBACK,1761667200000,4
BTCUSDT,1761696000004,-3.2e-7,112759.06930435,MARK_PRICE_PREVIOUS_FALLBACK,1761696000000,4
BTCUSDT,1761724800005,0.00003588,113500.5381087,MARK_PRICE_PREVIOUS_FALLBACK,1761724800000,5
BTCUSDT,1761753600000,0.00005003,111460.6,MARK_PRICE_EXACT_OPEN,1761753600000,0
BTCUSDT,1761782400004,0.00001097,109982.1,MARK_PRICE_PREVIOUS_FALLBACK,1761782400000,4
BTCUSDT,1761811200008,0.00003449,111283.10342754,MARK_PRICE_PREVIOUS_FALLBACK,1761811200000,8
BTCUSDT,1761840000001,0.00003562,107587.5,MARK_PRICE_PREVIOUS_FALLBACK,1761840000000,1
BTCUSDT,1761868800000,0.00000213,108263.5,MARK_PRICE_EXACT_OPEN,1761868800000,0
BTCUSDT,1761897600008,0.0001,109374.6,MARK_PRICE_PREVIOUS_FALLBACK,1761897600000,8
BTCUSDT,1761926400007,0.0001,110112.6,MARK_PRICE_PREVIOUS_FALLBACK,1761926400000,7
BTCUSDT,1761955200001,0.0001,109577.95104348,MARK_PRICE_PREVIOUS_FALLBACK,1761955200000,1
BTCUSDT,1761984000000,0.0001,110025.3,MARK_PRICE_EXACT_OPEN,1761984000000,0
BTCUSDT,1762012800000,0.00009782,110261.9,MARK_PRICE_EXACT_OPEN,1762012800000,0
BTCUSDT,1762041600007,0.000082,110061.1,MARK_PRICE_PREVIOUS_FALLBACK,1762041600000,7
BTCUSDT,1762070400000,0.0000815,110845.76592029,MARK_PRICE_EXACT_OPEN,1762070400000,0
BTCUSDT,1762099200001,0.00005635,109948.9,MARK_PRICE_PREVIOUS_FALLBACK,1762099200000,1
BTCUSDT,1762128000000,0.00006098,110497.98432609,MARK_PRICE_EXACT_OPEN,1762128000000,0
BTCUSDT,1762156800010,0.00006853,107400,MARK_PRICE_PREVIOUS_FALLBACK,1762156800000,10
BTCUSDT,1762185600000,0.00005329,105718.8,MARK_PRICE_EXACT_OPEN,1762185600000,0
BTCUSDT,1762214400002,0.0001,106437.5,MARK_PRICE_PREVIOUS_FALLBACK,1762214400000,2
BTCUSDT,1762243200004,0.00005808,104475.2,MARK_PRICE_PREVIOUS_FALLBACK,1762243200000,4
BTCUSDT,1762272000000,0.00006339,103157.2,MARK_PRICE_EXACT_OPEN,1762272000000,0
BTCUSDT,1762300800000,0.00007132,101437.3,MARK_PRICE_EXACT_OPEN,1762300800000,0
BTCUSDT,1762329600000,0.00002831,101946.1,MARK_PRICE_EXACT_OPEN,1762329600000,0
BTCUSDT,1762358400004,0.00002816,103647.47671014,MARK_PRICE_PREVIOUS_FALLBACK,1762358400000,4
BTCUSDT,1762387200001,0.00003985,103817.01155797,MARK_PRICE_PREVIOUS_FALLBACK,1762387200000,1
BTCUSDT,1762416000000,0.00007916,103142.7,MARK_PRICE_EXACT_OPEN,1762416000000,0
BTCUSDT,1762444800001,0.00004494,102009.8,MARK_PRICE_PREVIOUS_FALLBACK,1762444800000,1
BTCUSDT,1762473600005,0.00004705,101244.60807346,MARK_PRICE_PREVIOUS_FALLBACK,1762473600000,5
BTCUSDT,1762502400003,0.00004227,101932.62726812,MARK_PRICE_PREVIOUS_FALLBACK,1762502400000,3
BTCUSDT,1762531200005,0.00008631,100765.79035232,MARK_PRICE_PREVIOUS_FALLBACK,1762531200000,5
BTCUSDT,1762560000011,0.00007776,103326.9,MARK_PRICE_PREVIOUS_FALLBACK,1762560000000,11
BTCUSDT,1762588800015,0.00003047,102301.69507246,MARK_PRICE_PREVIOUS_FALLBACK,1762588800000,15
BTCUSDT,1762617600001,0.0000374,101700,MARK_PRICE_PREVIOUS_FALLBACK,1762617600000,1
BTCUSDT,1762646400004,-0.0000164,102248.08286232,MARK_PRICE_PREVIOUS_FALLBACK,1762646400000,4
BTCUSDT,1762675200000,0.00004187,101898.2,MARK_PRICE_EXACT_OPEN,1762675200000,0
BTCUSDT,1762704000005,0.00008948,103770.40850825,MARK_PRICE_PREVIOUS_FALLBACK,1762704000000,5
BTCUSDT,1762732800000,0.0000887,104670.7,MARK_PRICE_EXACT_OPEN,1762732800000,0
BTCUSDT,1762761600000,0.00007355,106421.67538406,MARK_PRICE_EXACT_OPEN,1762761600000,0
BTCUSDT,1762790400003,0.00004979,104936.4,MARK_PRICE_PREVIOUS_FALLBACK,1762790400000,3
BTCUSDT,1762819200007,0.00002818,105979.2,MARK_PRICE_PREVIOUS_FALLBACK,1762819200000,7
BTCUSDT,1762848000000,-0.00002775,104737,MARK_PRICE_EXACT_OPEN,1762848000000,0
BTCUSDT,1762876800009,0.00005823,103474.2,MARK_PRICE_PREVIOUS_FALLBACK,1762876800000,9
BTCUSDT,1762905600000,0.00002462,103007.53711594,MARK_PRICE_EXACT_OPEN,1762905600000,0
BTCUSDT,1762934400002,0.00000687,103101.21794928,MARK_PRICE_PREVIOUS_FALLBACK,1762934400000,2
BTCUSDT,1762963200000,0.00005786,102156.97811594,MARK_PRICE_EXACT_OPEN,1762963200000,0
BTCUSDT,1762992000002,0.00001077,101601.5,MARK_PRICE_PREVIOUS_FALLBACK,1762992000000,2
BTCUSDT,1763020800000,0.00009352,103431,MARK_PRICE_EXACT_OPEN,1763020800000,0
BTCUSDT,1763049600001,0.00007448,101454.4,MARK_PRICE_PREVIOUS_FALLBACK,1763049600000,1
BTCUSDT,1763078400000,0.00008569,99663.82278986,MARK_PRICE_EXACT_OPEN,1763078400000,0
BTCUSDT,1763107200000,0.00009126,97102.43884783,MARK_PRICE_EXACT_OPEN,1763107200000,0
BTCUSDT,1763136000001,0.00009078,96697.83908696,MARK_PRICE_PREVIOUS_FALLBACK,1763136000000,1
BTCUSDT,1763164800005,0.00008507,94768.83422038,MARK_PRICE_PREVIOUS_FALLBACK,1763164800000,5
BTCUSDT,1763193600000,0.0001,96292.37823188,MARK_PRICE_EXACT_OPEN,1763193600000,0
BTCUSDT,1763222400001,0.00005923,96230.50244928,MARK_PRICE_PREVIOUS_FALLBACK,1763222400000,1
BTCUSDT,1763251200001,0.00007745,95571.14719565,MARK_PRICE_PREVIOUS_FALLBACK,1763251200000,1
BTCUSDT,1763280000000,0.0001,96065.30980435,MARK_PRICE_EXACT_OPEN,1763280000000,0
BTCUSDT,1763308800000,0.0000706,94526.6,MARK_PRICE_EXACT_OPEN,1763308800000,0
BTCUSDT,1763337600003,0.0001,94213.90617391,MARK_PRICE_PREVIOUS_FALLBACK,1763337600000,3
BTCUSDT,1763366400003,0.00009568,95599.7,MARK_PRICE_PREVIOUS_FALLBACK,1763366400000,3
BTCUSDT,1763395200000,0.00007208,93917.48474513,MARK_PRICE_EXACT_OPEN,1763395200000,0
BTCUSDT,1763424000002,0.0001,92135.5,MARK_PRICE_PREVIOUS_FALLBACK,1763424000000,2
BTCUSDT,1763452800004,0.0001,90489.3230942,MARK_PRICE_PREVIOUS_FALLBACK,1763452800000,4
BTCUSDT,1763481600000,0.00003725,92856.83807346,MARK_PRICE_EXACT_OPEN,1763481600000,0
BTCUSDT,1763510400000,0.00007496,92916.9,MARK_PRICE_EXACT_OPEN,1763510400000,0
BTCUSDT,1763539200000,0.00005012,91831.78731159,MARK_PRICE_EXACT_OPEN,1763539200000,0
BTCUSDT,1763568000008,0.0000398,90035.8,MARK_PRICE_PREVIOUS_FALLBACK,1763568000000,8
BTCUSDT,1763596800000,0.00004259,91522.33241304,MARK_PRICE_EXACT_OPEN,1763596800000,0
BTCUSDT,1763625600000,0.0001,92268.56732609,MARK_PRICE_EXACT_OPEN,1763625600000,0
BTCUSDT,1763654400000,0.00008999,89845.8,MARK_PRICE_EXACT_OPEN,1763654400000,0
BTCUSDT,1763683200001,0.00004272,86670.00684783,MARK_PRICE_PREVIOUS_FALLBACK,1763683200000,1
BTCUSDT,1763712000000,0.00004524,84022.8696087,MARK_PRICE_EXACT_OPEN,1763712000000,0
BTCUSDT,1763740800001,0.00002642,82913.8,MARK_PRICE_PREVIOUS_FALLBACK,1763740800000,1
BTCUSDT,1763769600004,0.00001373,85115.7,MARK_PRICE_PREVIOUS_FALLBACK,1763769600000,4
BTCUSDT,1763798400000,0.00006735,84537.3,MARK_PRICE_EXACT_OPEN,1763798400000,0
BTCUSDT,1763827200000,0.00005057,84241.49595652,MARK_PRICE_EXACT_OPEN,1763827200000,0
BTCUSDT,1763856000000,0.00003812,84691.12791304,MARK_PRICE_EXACT_OPEN,1763856000000,0
BTCUSDT,1763884800008,0.00000153,85737.7,MARK_PRICE_PREVIOUS_FALLBACK,1763884800000,8
BTCUSDT,1763913600003,-0.00000893,87075.3,MARK_PRICE_PREVIOUS_FALLBACK,1763913600000,3
BTCUSDT,1763942400004,-6e-8,86739.8,MARK_PRICE_PREVIOUS_FALLBACK,1763942400000,4
BTCUSDT,1763971200000,-0.00000134,87004.6,MARK_PRICE_EXACT_OPEN,1763971200000,0
BTCUSDT,1764000000006,0.00005044,86688.9,MARK_PRICE_PREVIOUS_FALLBACK,1764000000000,6
BTCUSDT,1764028800000,-0.0000529,88247.84814093,MARK_PRICE_EXACT_OPEN,1764028800000,0
BTCUSDT,1764057600009,0.00001996,87354.7,MARK_PRICE_PREVIOUS_FALLBACK,1764057600000,9
BTCUSDT,1764086400007,-0.00003019,86966.36734633,MARK_PRICE_PREVIOUS_FALLBACK,1764086400000,7
BTCUSDT,1764115200001,0.00004038,87315.1,MARK_PRICE_PREVIOUS_FALLBACK,1764115200000,1
BTCUSDT,1764144000001,0.00005388,87840.73386957,MARK_PRICE_PREVIOUS_FALLBACK,1764144000000,1
BTCUSDT,1764172800000,-0.00000419,86926.52760145,MARK_PRICE_EXACT_OPEN,1764172800000,0
BTCUSDT,1764201600013,-0.00002599,90446.75164493,MARK_PRICE_PREVIOUS_FALLBACK,1764201600000,13
BTCUSDT,1764230400000,0.00002408,91362.61701449,MARK_PRICE_EXACT_OPEN,1764230400000,0
BTCUSDT,1764259200004,0.00004624,90868.59782609,MARK_PRICE_PREVIOUS_FALLBACK,1764259200000,4
BTCUSDT,1764288000008,0.00001771,91287.88347826,MARK_PRICE_PREVIOUS_FALLBACK,1764288000000,8
BTCUSDT,1764316800000,0.00006007,90877.6,MARK_PRICE_EXACT_OPEN,1764316800000,0
BTCUSDT,1764345600008,-0.00001703,92258.46249275,MARK_PRICE_PREVIOUS_FALLBACK,1764345600000,8
BTCUSDT,1764374400000,-0.00001982,90847.8,MARK_PRICE_EXACT_OPEN,1764374400000,0
BTCUSDT,1764403200005,0.00001778,90485.51101449,MARK_PRICE_PREVIOUS_FALLBACK,1764403200000,5
BTCUSDT,1764432000001,0.00002635,90979.4,MARK_PRICE_PREVIOUS_FALLBACK,1764432000000,1
BTCUSDT,1764460800003,0.00006082,90790.7,MARK_PRICE_PREVIOUS_FALLBACK,1764460800000,3
BTCUSDT,1764489600000,0.00003556,90924.6,MARK_PRICE_EXACT_OPEN,1764489600000,0
BTCUSDT,1764518400004,0.0000388,91393.48302899,MARK_PRICE_PREVIOUS_FALLBACK,1764518400000,4
BTCUSDT,1764547200000,0.00003593,90327.18313043,MARK_PRICE_EXACT_OPEN,1764547200000,0
BTCUSDT,1764576000004,0.00003153,86469.5,MARK_PRICE_PREVIOUS_FALLBACK,1764576000000,4
BTCUSDT,1764604800000,0.00001491,84651.13849275,MARK_PRICE_EXACT_OPEN,1764604800000,0
BTCUSDT,1764633600004,-0.00001009,86280,MARK_PRICE_PREVIOUS_FALLBACK,1764633600000,4
BTCUSDT,1764662400000,0.00002643,86967.63789167,MARK_PRICE_EXACT_OPEN,1764662400000,0
BTCUSDT,1764691200000,0.00003999,90816.8987029,MARK_PRICE_EXACT_OPEN,1764691200000,0
BTCUSDT,1764720000000,-0.00001732,91249.1,MARK_PRICE_EXACT_OPEN,1764720000000,0
BTCUSDT,1764748800000,0.00004206,92970,MARK_PRICE_EXACT_OPEN,1764748800000,0
BTCUSDT,1764777600005,-0.00000885,92345.54018841,MARK_PRICE_PREVIOUS_FALLBACK,1764777600000,5
BTCUSDT,1764806400012,-0.00000395,93336.36994203,MARK_PRICE_PREVIOUS_FALLBACK,1764806400000,12
BTCUSDT,1764835200000,0.00007435,93361.06881884,MARK_PRICE_EXACT_OPEN,1764835200000,0
BTCUSDT,1764864000011,0.00003928,92823.6,MARK_PRICE_PREVIOUS_FALLBACK,1764864000000,11
BTCUSDT,1764892800000,0.00004837,92036.81684783,MARK_PRICE_EXACT_OPEN,1764892800000,0
BTCUSDT,1764921600000,0.00004944,92219.3,MARK_PRICE_EXACT_OPEN,1764921600000,0
BTCUSDT,1764950400010,0.00000391,90355.44495652,MARK_PRICE_PREVIOUS_FALLBACK,1764950400000,10
BTCUSDT,1764979200001,0.00003693,89187,MARK_PRICE_PREVIOUS_FALLBACK,1764979200000,1
BTCUSDT,1765008000001,0.00001919,89557.12331884,MARK_PRICE_PREVIOUS_FALLBACK,1765008000000,1
BTCUSDT,1765036800008,-0.00001822,89711.1,MARK_PRICE_PREVIOUS_FALLBACK,1765036800000,8
BTCUSDT,1765065600000,0.00004192,89190.2,MARK_PRICE_EXACT_OPEN,1765065600000,0
BTCUSDT,1765094400004,0.00001666,89284.11970765,MARK_PRICE_PREVIOUS_FALLBACK,1765094400000,4
BTCUSDT,1765123200000,0.00005212,89509.46367391,MARK_PRICE_EXACT_OPEN,1765123200000,0
BTCUSDT,1765152000000,-0.00000539,90347.07469565,MARK_PRICE_EXACT_OPEN,1765152000000,0
BTCUSDT,1765180800000,0.00006545,91519.8,MARK_PRICE_EXACT_OPEN,1765180800000,0
BTCUSDT,1765209600001,0.00003395,89817.8,MARK_PRICE_PREVIOUS_FALLBACK,1765209600000,1
BTCUSDT,1765238400001,0.00000852,90565.63408696,MARK_PRICE_PREVIOUS_FALLBACK,1765238400000,1
BTCUSDT,1765267200001,0.00006379,90457.8,MARK_PRICE_PREVIOUS_FALLBACK,1765267200000,1
BTCUSDT,1765296000007,0.00005443,92924,MARK_PRICE_PREVIOUS_FALLBACK,1765296000000,7
BTCUSDT,1765324800007,0.00002777,92605.63364493,MARK_PRICE_PREVIOUS_FALLBACK,1765324800000,7
BTCUSDT,1765353600002,0.00001996,92666.9412029,MARK_PRICE_PREVIOUS_FALLBACK,1765353600000,2
BTCUSDT,1765382400012,0.00003205,92023.5,MARK_PRICE_PREVIOUS_FALLBACK,1765382400000,12
BTCUSDT,1765411200001,0.0000259,91937.3,MARK_PRICE_PREVIOUS_FALLBACK,1765411200000,1
BTCUSDT,1765440000000,-0.00001577,90231.4,MARK_PRICE_EXACT_OPEN,1765440000000,0
BTCUSDT,1765468800000,0.000061,89838.70794203,MARK_PRICE_EXACT_OPEN,1765468800000,0
BTCUSDT,1765497600005,0.00006914,92503,MARK_PRICE_PREVIOUS_FALLBACK,1765497600000,5
BTCUSDT,1765526400007,0.00004698,92408.3,MARK_PRICE_PREVIOUS_FALLBACK,1765526400000,7
BTCUSDT,1765555200002,0.00003383,89921.5,MARK_PRICE_PREVIOUS_FALLBACK,1765555200000,2
BTCUSDT,1765584000001,0.00000121,90197.00541304,MARK_PRICE_PREVIOUS_FALLBACK,1765584000000,1
BTCUSDT,1765612800006,0.0000602,90301.94667916,MARK_PRICE_PREVIOUS_FALLBACK,1765612800000,6
BTCUSDT,1765641600000,0.00006041,90055.4,MARK_PRICE_EXACT_OPEN,1765641600000,0
BTCUSDT,1765670400000,0.0001,90194.2077029,MARK_PRICE_EXACT_OPEN,1765670400000,0
BTCUSDT,1765699200003,0.00002898,90208.7,MARK_PRICE_PREVIOUS_FALLBACK,1765699200000,3
BTCUSDT,1765728000005,0.00003773,88928.6,MARK_PRICE_PREVIOUS_FALLBACK,1765728000000,5
BTCUSDT,1765756800000,0.0000019,88108.1,MARK_PRICE_EXACT_OPEN,1765756800000,0
BTCUSDT,1765785600000,-0.00000893,89703,MARK_PRICE_EXACT_OPEN,1765785600000,0
BTCUSDT,1765814400000,0.00003081,86995.88862819,MARK_PRICE_EXACT_OPEN,1765814400000,0
BTCUSDT,1765843200002,0.00007467,86329.63328261,MARK_PRICE_PREVIOUS_FALLBACK,1765843200000,2
BTCUSDT,1765872000000,0.0000135,85964.2,MARK_PRICE_EXACT_OPEN,1765872000000,0
BTCUSDT,1765900800002,0.00004089,87829,MARK_PRICE_PREVIOUS_FALLBACK,1765900800000,2
BTCUSDT,1765929600004,0.00006221,87739.66413768,MARK_PRICE_PREVIOUS_FALLBACK,1765929600000,4
BTCUSDT,1765958400000,0.00008987,87010.4,MARK_PRICE_EXACT_OPEN,1765958400000,0
BTCUSDT,1765987200000,0.00005917,87198.3,MARK_PRICE_EXACT_OPEN,1765987200000,0
BTCUSDT,1766016000005,0.0000623,86227.4,MARK_PRICE_PREVIOUS_FALLBACK,1766016000000,5
BTCUSDT,1766044800007,-0.00000867,86818.3,MARK_PRICE_PREVIOUS_FALLBACK,1766044800000,7
BTCUSDT,1766073600001,0.00008355,88399.4,MARK_PRICE_PREVIOUS_FALLBACK,1766073600000,1
BTCUSDT,1766102400000,0.00005491,85473.71155797,MARK_PRICE_EXACT_OPEN,1766102400000,0
BTCUSDT,1766131200001,0.0001,87909.80795652,MARK_PRICE_PREVIOUS_FALLBACK,1766131200000,1
BTCUSDT,1766160000000,0.0001,87936.1810045,MARK_PRICE_EXACT_OPEN,1766160000000,0
BTCUSDT,1766188800005,0.0001,88097.1,MARK_PRICE_PREVIOUS_FALLBACK,1766188800000,5
BTCUSDT,1766217600000,0.00001234,88239.9,MARK_PRICE_EXACT_OPEN,1766217600000,0
BTCUSDT,1766246400002,0.00007171,88155.22702174,MARK_PRICE_PREVIOUS_FALLBACK,1766246400000,2
BTCUSDT,1766275200000,0.00009682,88320.8,MARK_PRICE_EXACT_OPEN,1766275200000,0
BTCUSDT,1766304000009,0.00008873,88138.75791304,MARK_PRICE_PREVIOUS_FALLBACK,1766304000000,9
BTCUSDT,1766332800000,0.00003977,88024.7,MARK_PRICE_EXACT_OPEN,1766332800000,0
BTCUSDT,1766361600000,0.00004389,88621.3,MARK_PRICE_EXACT_OPEN,1766361600000,0
BTCUSDT,1766390400005,0.00004524,89179.2,MARK_PRICE_PREVIOUS_FALLBACK,1766390400000,5
BTCUSDT,1766419200009,0.00006654,89804.7,MARK_PRICE_PREVIOUS_FALLBACK,1766419200000,9
BTCUSDT,1766448000000,0.00002633,88579.9,MARK_PRICE_EXACT_OPEN,1766448000000,0
BTCUSDT,1766476800000,0.00005231,87531.60234783,MARK_PRICE_EXACT_OPEN,1766476800000,0
BTCUSDT,1766505600001,0.00001795,87327.15528986,MARK_PRICE_PREVIOUS_FALLBACK,1766505600000,1
BTCUSDT,1766534400001,0.0001,87445.9,MARK_PRICE_PREVIOUS_FALLBACK,1766534400000,1
BTCUSDT,1766563200001,0.00008455,86855.01267391,MARK_PRICE_PREVIOUS_FALLBACK,1766563200000,1
BTCUSDT,1766592000000,0.00005927,87017.48463043,MARK_PRICE_EXACT_OPEN,1766592000000,0
BTCUSDT,1766620800000,0.00005953,87627.3,MARK_PRICE_EXACT_OPEN,1766620800000,0
BTCUSDT,1766649600001,0.00007953,87815.2,MARK_PRICE_PREVIOUS_FALLBACK,1766649600000,1
BTCUSDT,1766678400005,0.00008322,88401.64738406,MARK_PRICE_PREVIOUS_FALLBACK,1766678400000,5
BTCUSDT,1766707200004,0.00004378,87206.5,MARK_PRICE_PREVIOUS_FALLBACK,1766707200000,4
BTCUSDT,1766736000001,0.00005427,88580.9,MARK_PRICE_PREVIOUS_FALLBACK,1766736000000,1
BTCUSDT,1766764800007,0.0001,87168.23104198,MARK_PRICE_PREVIOUS_FALLBACK,1766764800000,7
BTCUSDT,1766793600000,0.00001809,87330.0667084,MARK_PRICE_EXACT_OPEN,1766793600000,0
BTCUSDT,1766822400000,0.00002788,87490.9,MARK_PRICE_EXACT_OPEN,1766822400000,0
BTCUSDT,1766851200011,0.0000585,87523.6,MARK_PRICE_PREVIOUS_FALLBACK,1766851200000,11
BTCUSDT,1766880000008,-3.6e-7,87884.1,MARK_PRICE_PREVIOUS_FALLBACK,1766880000000,8
BTCUSDT,1766908800000,0.00007955,87697.84224167,MARK_PRICE_EXACT_OPEN,1766908800000,0
BTCUSDT,1766937600000,0.00009464,87797.6,MARK_PRICE_EXACT_OPEN,1766937600000,0
BTCUSDT,1766966400016,0.0001,87888.43434058,MARK_PRICE_PREVIOUS_FALLBACK,1766966400000,16
BTCUSDT,1766995200001,0.0001,89608.8,MARK_PRICE_PREVIOUS_FALLBACK,1766995200000,1
BTCUSDT,1767024000000,0.00004826,87643.76313043,MARK_PRICE_EXACT_OPEN,1767024000000,0
BTCUSDT,1767052800005,0.0001,87225.61786957,MARK_PRICE_PREVIOUS_FALLBACK,1767052800000,5
BTCUSDT,1767081600001,0.00004613,87462.65515217,MARK_PRICE_PREVIOUS_FALLBACK,1767081600000,1
BTCUSDT,1767110400003,0.00008345,89061.17388406,MARK_PRICE_PREVIOUS_FALLBACK,1767110400000,3
BTCUSDT,1767139200004,0.00002922,88403.1,MARK_PRICE_PREVIOUS_FALLBACK,1767139200000,4
BTCUSDT,1767168000001,0.00001453,88582.6,MARK_PRICE_PREVIOUS_FALLBACK,1767168000000,1
BTCUSDT,1767196800001,0.0000375,87902.15010145,MARK_PRICE_PREVIOUS_FALLBACK,1767196800000,1
BTCUSDT,1767225600008,0.0001,87615.42863768,MARK_PRICE_PREVIOUS_FALLBACK,1767225600000,8
BTCUSDT,1767254400002,0.0001,87619.8,MARK_PRICE_PREVIOUS_FALLBACK,1767254400000,2
BTCUSDT,1767283200001,0.00001711,87983.99861319,MARK_PRICE_PREVIOUS_FALLBACK,1767283200000,1
BTCUSDT,1767312000006,0.00005608,88816.6,MARK_PRICE_PREVIOUS_FALLBACK,1767312000000,6
BTCUSDT,1767340800007,0.00004219,88855.58587681,MARK_PRICE_PREVIOUS_FALLBACK,1767340800000,7
BTCUSDT,1767369600000,0.00004813,89373,MARK_PRICE_EXACT_OPEN,1767369600000,0
BTCUSDT,1767398400001,0.0000311,89965,MARK_PRICE_PREVIOUS_FALLBACK,1767398400000,1
BTCUSDT,1767427200000,0.00001055,89535.9,MARK_PRICE_EXACT_OPEN,1767427200000,0
BTCUSDT,1767456000000,0.00006938,89931.8,MARK_PRICE_EXACT_OPEN,1767456000000,0
BTCUSDT,1767484800000,0.00009488,90595.85826667,MARK_PRICE_EXACT_OPEN,1767484800000,0
BTCUSDT,1767513600000,0.00005813,91481.74876087,MARK_PRICE_EXACT_OPEN,1767513600000,0
BTCUSDT,1767542400001,0.00004436,91292.6,MARK_PRICE_PREVIOUS_FALLBACK,1767542400000,1
BTCUSDT,1767571200000,0.00008893,91512.43532609,MARK_PRICE_EXACT_OPEN,1767571200000,0
BTCUSDT,1767600000000,0.0000523,92492.27911544,MARK_PRICE_EXACT_OPEN,1767600000000,0
BTCUSDT,1767628800000,0.00007723,93914.99367316,MARK_PRICE_EXACT_OPEN,1767628800000,0
BTCUSDT,1767657600010,-0.00001376,93819.2,MARK_PRICE_PREVIOUS_FALLBACK,1767657600000,10
BTCUSDT,1767686400000,0.00002816,93208.62138406,MARK_PRICE_EXACT_OPEN,1767686400000,0
BTCUSDT,1767715200000,0.00002691,93608.2,MARK_PRICE_EXACT_OPEN,1767715200000,0
BTCUSDT,1767744000001,0.00006582,93614.8,MARK_PRICE_PREVIOUS_FALLBACK,1767744000000,1
BTCUSDT,1767772800001,0.0001,92853.76753949,MARK_PRICE_PREVIOUS_FALLBACK,1767772800000,1
BTCUSDT,1767801600001,0.00002885,91367.03357246,MARK_PRICE_PREVIOUS_FALLBACK,1767801600000,1
BTCUSDT,1767830400001,0.00008693,91299.07537681,MARK_PRICE_PREVIOUS_FALLBACK,1767830400000,1
BTCUSDT,1767859200000,0.0001,90509.9,MARK_PRICE_EXACT_OPEN,1767859200000,0
BTCUSDT,1767888000000,0.00006436,90763.7241087,MARK_PRICE_EXACT_OPEN,1767888000000,0
BTCUSDT,1767916800003,-0.00002813,91045,MARK_PRICE_PREVIOUS_FALLBACK,1767916800000,3
BTCUSDT,1767945600000,0.00007258,90712.2,MARK_PRICE_EXACT_OPEN,1767945600000,0
BTCUSDT,1767974400001,0.00000218,91177.5,MARK_PRICE_PREVIOUS_FALLBACK,1767974400000,1
BTCUSDT,1768003200000,0.00005643,90604.03880833,MARK_PRICE_EXACT_OPEN,1768003200000,0
BTCUSDT,1768032000002,0.00007657,90634.9,MARK_PRICE_PREVIOUS_FALLBACK,1768032000000,2
BTCUSDT,1768060800001,0.00006235,90611.23473188,MARK_PRICE_PREVIOUS_FALLBACK,1768060800000,1
BTCUSDT,1768089600003,0.00008744,90463.3,MARK_PRICE_PREVIOUS_FALLBACK,1768089600000,3
BTCUSDT,1768118400006,0.0000467,90676.7,MARK_PRICE_PREVIOUS_FALLBACK,1768118400000,6
BTCUSDT,1768147200000,0.00001667,90834.1,MARK_PRICE_EXACT_OPEN,1768147200000,0
BTCUSDT,1768176000005,0.00001813,90903.4,MARK_PRICE_PREVIOUS_FALLBACK,1768176000000,5
BTCUSDT,1768204800000,0.00002902,91369.3,MARK_PRICE_EXACT_OPEN,1768204800000,0
BTCUSDT,1768233600000,0.0000465,91625.1,MARK_PRICE_EXACT_OPEN,1768233600000,0
BTCUSDT,1768262400007,0.00002245,91252.5,MARK_PRICE_PREVIOUS_FALLBACK,1768262400000,7
BTCUSDT,1768291200009,0.00009838,91946.00581884,MARK_PRICE_PREVIOUS_FALLBACK,1768291200000,9
BTCUSDT,1768320000002,0.00003445,93563.50846377,MARK_PRICE_PREVIOUS_FALLBACK,1768320000000,2
BTCUSDT,1768348800000,0.00000129,95375.2,MARK_PRICE_EXACT_OPEN,1768348800000,0
BTCUSDT,1768377600001,0.00002497,95195.2,MARK_PRICE_PREVIOUS_FALLBACK,1768377600000,1
BTCUSDT,1768406400004,0.00004076,96721.5,MARK_PRICE_PREVIOUS_FALLBACK,1768406400000,4
BTCUSDT,1768435200000,-0.00000367,96908,MARK_PRICE_EXACT_OPEN,1768435200000,0
BTCUSDT,1768464000004,0.00001749,96540.82526087,MARK_PRICE_PREVIOUS_FALLBACK,1768464000000,4
BTCUSDT,1768492800002,0.00001526,96765.4,MARK_PRICE_PREVIOUS_FALLBACK,1768492800000,2
BTCUSDT,1768521600000,0.0000734,95567.4,MARK_PRICE_EXACT_OPEN,1768521600000,0
BTCUSDT,1768550400000,0.00007337,95608.3,MARK_PRICE_EXACT_OPEN,1768550400000,0
BTCUSDT,1768579200001,0.00002495,94607,MARK_PRICE_PREVIOUS_FALLBACK,1768579200000,1
BTCUSDT,1768608000000,-0.00000178,95503.7,MARK_PRICE_EXACT_OPEN,1768608000000,0
BTCUSDT,1768636800000,0.00003007,95061.57855072,MARK_PRICE_EXACT_OPEN,1768636800000,0
BTCUSDT,1768665600002,0.00002976,95501.65545652,MARK_PRICE_PREVIOUS_FALLBACK,1768665600000,2
BTCUSDT,1768694400001,0.00003503,95086,MARK_PRICE_PREVIOUS_FALLBACK,1768694400000,1
BTCUSDT,1768723200000,0.00009616,94989.9,MARK_PRICE_EXACT_OPEN,1768723200000,0
BTCUSDT,1768752000000,0.00006571,95072.97801667,MARK_PRICE_EXACT_OPEN,1768752000000,0
BTCUSDT,1768780800007,0.00003473,93300.67238406,MARK_PRICE_PREVIOUS_FALLBACK,1768780800000,7
BTCUSDT,1768809600007,0.00001943,92744.53750725,MARK_PRICE_PREVIOUS_FALLBACK,1768809600000,7
BTCUSDT,1768838400007,0.00002494,93042.6,MARK_PRICE_PREVIOUS_FALLBACK,1768838400000,7
BTCUSDT,1768867200005,0.00009819,92570.6087029,MARK_PRICE_PREVIOUS_FALLBACK,1768867200000,5
BTCUSDT,1768896000001,0.00006626,91098.6,MARK_PRICE_PREVIOUS_FALLBACK,1768896000000,1
BTCUSDT,1768924800009,0.00005652,90756.61028986,MARK_PRICE_PREVIOUS_FALLBACK,1768924800000,9
BTCUSDT,1768953600001,0.0001,88500,MARK_PRICE_PREVIOUS_FALLBACK,1768953600000,1
BTCUSDT,1768982400011,0.00006055,89138.31385507,MARK_PRICE_PREVIOUS_FALLBACK,1768982400000,11
BTCUSDT,1769011200011,0.0000241,90254.49447826,MARK_PRICE_PREVIOUS_FALLBACK,1769011200000,11
BTCUSDT,1769040000010,0.00006355,89483.20842029,MARK_PRICE_PREVIOUS_FALLBACK,1769040000000,10
BTCUSDT,1769068800003,0.0000511,89800.1,MARK_PRICE_PREVIOUS_FALLBACK,1769068800000,3
BTCUSDT,1769097600005,0.00009419,89022.5,MARK_PRICE_PREVIOUS_FALLBACK,1769097600000,5
BTCUSDT,1769126400005,0.0000509,89507.8883913,MARK_PRICE_PREVIOUS_FALLBACK,1769126400000,5
BTCUSDT,1769155200000,0.0000339,89509.13183333,MARK_PRICE_EXACT_OPEN,1769155200000,0
BTCUSDT,1769184000011,0.00006968,89646.6,MARK_PRICE_PREVIOUS_FALLBACK,1769184000000,11
BTCUSDT,1769212800011,0.00001531,89563.4,MARK_PRICE_PREVIOUS_FALLBACK,1769212800000,11
BTCUSDT,1769241600002,0.00008909,89587.8,MARK_PRICE_PREVIOUS_FALLBACK,1769241600000,2
BTCUSDT,1769270400001,0.00003901,89257.2,MARK_PRICE_PREVIOUS_FALLBACK,1769270400000,1
BTCUSDT,1769299200002,0.00001336,89197.8,MARK_PRICE_PREVIOUS_FALLBACK,1769299200000,2
BTCUSDT,1769328000011,0.00008051,88601.20205797,MARK_PRICE_PREVIOUS_FALLBACK,1769328000000,11
BTCUSDT,1769356800005,0.00004917,88368.6,MARK_PRICE_PREVIOUS_FALLBACK,1769356800000,5
BTCUSDT,1769385600000,0.00004067,86629,MARK_PRICE_EXACT_OPEN,1769385600000,0
BTCUSDT,1769414400003,0.00002847,88002,MARK_PRICE_PREVIOUS_FALLBACK,1769414400000,3
BTCUSDT,1769443200000,0.00005606,87609.5,MARK_PRICE_EXACT_OPEN,1769443200000,0
BTCUSDT,1769472000002,0.00004267,88260.7,MARK_PRICE_PREVIOUS_FALLBACK,1769472000000,2
BTCUSDT,1769500800000,0.00006028,88290.49133841,MARK_PRICE_EXACT_OPEN,1769500800000,0
BTCUSDT,1769529600000,0.00007503,88009.16490255,MARK_PRICE_EXACT_OPEN,1769529600000,0
BTCUSDT,1769558400000,0.00006237,89203.89821739,MARK_PRICE_EXACT_OPEN,1769558400000,0
BTCUSDT,1769587200000,0.00006174,89106.8,MARK_PRICE_EXACT_OPEN,1769587200000,0
BTCUSDT,1769616000000,0.0000383,89446.72848576,MARK_PRICE_EXACT_OPEN,1769616000000,0
BTCUSDT,1769644800000,0.0000721,89262.92891304,MARK_PRICE_EXACT_OPEN,1769644800000,0
BTCUSDT,1769673600009,0.00005856,88237.7,MARK_PRICE_PREVIOUS_FALLBACK,1769673600000,9
BTCUSDT,1769702400000,0.00004023,84898.27826087,MARK_PRICE_EXACT_OPEN,1769702400000,0
BTCUSDT,1769731200008,0.00004478,84667.58794203,MARK_PRICE_PREVIOUS_FALLBACK,1769731200000,8
BTCUSDT,1769760000000,0.00001714,82778.82526087,MARK_PRICE_EXACT_OPEN,1769760000000,0
BTCUSDT,1769788800001,0.0000031,82856.64280435,MARK_PRICE_PREVIOUS_FALLBACK,1769788800000,1
BTCUSDT,1769817600000,0.00009693,84213.96525362,MARK_PRICE_EXACT_OPEN,1769817600000,0
BTCUSDT,1769846400001,0.00003548,83513.55097101,MARK_PRICE_PREVIOUS_FALLBACK,1769846400000,1
BTCUSDT,1769875200009,0.00006585,81338.3,MARK_PRICE_PREVIOUS_FALLBACK,1769875200000,9
BTCUSDT,1769904000001,-0.00003267,78652.8,MARK_PRICE_PREVIOUS_FALLBACK,1769904000000,1
BTCUSDT,1769932800004,0.00003421,78381.07799275,MARK_PRICE_PREVIOUS_FALLBACK,1769932800000,4
BTCUSDT,1769961600000,0.00001722,77563.8,MARK_PRICE_EXACT_OPEN,1769961600000,0
BTCUSDT,1769990400000,6.8e-7,76931.6,MARK_PRICE_EXACT_OPEN,1769990400000,0
BTCUSDT,1770019200014,-0.00003043,76590.63726812,MARK_PRICE_PREVIOUS_FALLBACK,1770019200000,14
BTCUSDT,1770048000000,-0.00005713,78800.6,MARK_PRICE_EXACT_OPEN,1770048000000,0
BTCUSDT,1770076800000,-0.00002203,78698.62801349,MARK_PRICE_EXACT_OPEN,1770076800000,0
BTCUSDT,1770105600007,0.00002245,78761.2,MARK_PRICE_PREVIOUS_FALLBACK,1770105600000,7
BTCUSDT,1770134400000,-0.00000465,78099.52176087,MARK_PRICE_EXACT_OPEN,1770134400000,0
BTCUSDT,1770163200002,0.00000119,75664.55784058,MARK_PRICE_PREVIOUS_FALLBACK,1770163200000,2
BTCUSDT,1770192000007,0.00003551,76474.5,MARK_PRICE_PREVIOUS_FALLBACK,1770192000000,7
BTCUSDT,1770220800000,0.00004618,74101.9,MARK_PRICE_EXACT_OPEN,1770220800000,0
BTCUSDT,1770249600011,0.00009173,73139.98216642,MARK_PRICE_PREVIOUS_FALLBACK,1770249600000,11
BTCUSDT,1770278400000,0.00000298,70710.7436057,MARK_PRICE_EXACT_OPEN,1770278400000,0
BTCUSDT,1770307200007,-0.00004957,67524.5,MARK_PRICE_PREVIOUS_FALLBACK,1770307200000,7
BTCUSDT,1770336000000,-0.00001597,62887.1415,MARK_PRICE_EXACT_OPEN,1770336000000,0
BTCUSDT,1770364800001,-0.00013688,64795.37224138,MARK_PRICE_PREVIOUS_FALLBACK,1770364800000,1
BTCUSDT,1770393600000,-0.00013478,68574,MARK_PRICE_EXACT_OPEN,1770393600000,0
BTCUSDT,1770422400003,-0.00015178,70347,MARK_PRICE_PREVIOUS_FALLBACK,1770422400000,3
BTCUSDT,1770451200000,-0.00008326,68061.70055797,MARK_PRICE_EXACT_OPEN,1770451200000,0
BTCUSDT,1770480000010,-0.00002907,69119.80973913,MARK_PRICE_PREVIOUS_FALLBACK,1770480000000,10
BTCUSDT,1770508800003,-0.00003403,69184,MARK_PRICE_PREVIOUS_FALLBACK,1770508800000,3
BTCUSDT,1770537600000,-0.00003546,69667.5,MARK_PRICE_EXACT_OPEN,1770537600000,0
BTCUSDT,1770566400000,-0.00004864,71152.6,MARK_PRICE_EXACT_OPEN,1770566400000,0
BTCUSDT,1770595200002,-0.00003075,70339.62878261,MARK_PRICE_PREVIOUS_FALLBACK,1770595200000,2
BTCUSDT,1770624000001,0.00001846,70440.91442754,MARK_PRICE_PREVIOUS_FALLBACK,1770624000000,1
BTCUSDT,1770652800007,-0.00004284,69481.7,MARK_PRICE_PREVIOUS_FALLBACK,1770652800000,7
BTCUSDT,1770681600000,-0.00008798,70110.6,MARK_PRICE_EXACT_OPEN,1770681600000,0
BTCUSDT,1770710400007,-0.00004829,68911.91666667,MARK_PRICE_PREVIOUS_FALLBACK,1770710400000,7
BTCUSDT,1770739200000,-0.00008816,69252.9,MARK_PRICE_EXACT_OPEN,1770739200000,0
BTCUSDT,1770768000000,0.000014,68805.3,MARK_PRICE_EXACT_OPEN,1770768000000,0
BTCUSDT,1770796800006,-0.00008417,66999.79904348,MARK_PRICE_PREVIOUS_FALLBACK,1770796800000,6
BTCUSDT,1770825600000,-0.00001169,66489.4,MARK_PRICE_EXACT_OPEN,1770825600000,0
BTCUSDT,1770854400000,-0.00001381,67072.2,MARK_PRICE_EXACT_OPEN,1770854400000,0
BTCUSDT,1770883200001,0.00003499,67227.9,MARK_PRICE_PREVIOUS_FALLBACK,1770883200000,1
BTCUSDT,1770912000001,-0.00001728,67184.7,MARK_PRICE_PREVIOUS_FALLBACK,1770912000000,1
BTCUSDT,1770940800007,0.00005834,66162.73583333,MARK_PRICE_PREVIOUS_FALLBACK,1770940800000,7
BTCUSDT,1770969600003,0.00000716,66213.47568966,MARK_PRICE_PREVIOUS_FALLBACK,1770969600000,3
BTCUSDT,1770998400005,-0.00001274,68567.2,MARK_PRICE_PREVIOUS_FALLBACK,1770998400000,5
BTCUSDT,1771027200002,0.00001291,68813.1,MARK_PRICE_PREVIOUS_FALLBACK,1771027200000,2
BTCUSDT,1771056000004,0.00003174,69235.32558471,MARK_PRICE_PREVIOUS_FALLBACK,1771056000000,4
BTCUSDT,1771084800002,-0.00003094,69734.62556522,MARK_PRICE_PREVIOUS_FALLBACK,1771084800000,2
BTCUSDT,1771113600000,-0.00001068,69795.4,MARK_PRICE_EXACT_OPEN,1771113600000,0
BTCUSDT,1771142400002,0.00004664,70777.8,MARK_PRICE_PREVIOUS_FALLBACK,1771142400000,2
BTCUSDT,1771171200000,-0.00002371,69068.1,MARK_PRICE_EXACT_OPEN,1771171200000,0
BTCUSDT,1771200000001,0.00002659,68710.2,MARK_PRICE_PREVIOUS_FALLBACK,1771200000000,1
BTCUSDT,1771228800003,-0.00003277,68552.7,MARK_PRICE_PREVIOUS_FALLBACK,1771228800000,3
BTCUSDT,1771257600000,-0.00004112,67505.5,MARK_PRICE_EXACT_OPEN,1771257600000,0
BTCUSDT,1771286400008,0.00005883,68837.5,MARK_PRICE_PREVIOUS_FALLBACK,1771286400000,8
BTCUSDT,1771315200001,0.00002672,68399.1,MARK_PRICE_PREVIOUS_FALLBACK,1771315200000,1
BTCUSDT,1771344000002,0.00005077,67324.2,MARK_PRICE_PREVIOUS_FALLBACK,1771344000000,2
BTCUSDT,1771372800000,0.00003215,67475.9,MARK_PRICE_EXACT_OPEN,1771372800000,0
BTCUSDT,1771401600000,-0.00000141,68078.4,MARK_PRICE_EXACT_OPEN,1771401600000,0
BTCUSDT,1771430400011,0.00003604,67611.5,MARK_PRICE_PREVIOUS_FALLBACK,1771430400000,11
BTCUSDT,1771459200013,-0.00004014,66395.30319565,MARK_PRICE_PREVIOUS_FALLBACK,1771459200000,13
BTCUSDT,1771488000000,0.00002686,67183.05075362,MARK_PRICE_EXACT_OPEN,1771488000000,0
BTCUSDT,1771516800003,-0.00003052,66292.92780435,MARK_PRICE_PREVIOUS_FALLBACK,1771516800000,3
BTCUSDT,1771545600000,0.00005365,66974,MARK_PRICE_EXACT_OPEN,1771545600000,0
BTCUSDT,1771574400000,0.00001302,67794.7,MARK_PRICE_EXACT_OPEN,1771574400000,0
BTCUSDT,1771603200000,-0.00000671,67551.9554058,MARK_PRICE_EXACT_OPEN,1771603200000,0
BTCUSDT,1771632000004,0.00004456,67989.7165942,MARK_PRICE_PREVIOUS_FALLBACK,1771632000000,4
BTCUSDT,1771660800000,0.00002485,67821,MARK_PRICE_EXACT_OPEN,1771660800000,0
BTCUSDT,1771689600005,0.00003235,68574.97,MARK_PRICE_PREVIOUS_FALLBACK,1771689600000,5
BTCUSDT,1771718400001,0.0000073,67946.8,MARK_PRICE_PREVIOUS_FALLBACK,1771718400000,1
BTCUSDT,1771747200004,4.2e-7,67963.3,MARK_PRICE_PREVIOUS_FALLBACK,1771747200000,4
BTCUSDT,1771776000000,0.00004972,67660,MARK_PRICE_EXACT_OPEN,1771776000000,0
BTCUSDT,1771804800001,0.00006946,67633.21574638,MARK_PRICE_PREVIOUS_FALLBACK,1771804800000,1
BTCUSDT,1771833600000,-0.00009317,65915.8,MARK_PRICE_EXACT_OPEN,1771833600000,0
BTCUSDT,1771862400000,0.00002251,65643.14826812,MARK_PRICE_EXACT_OPEN,1771862400000,0
BTCUSDT,1771891200007,0.00005706,64737.2,MARK_PRICE_PREVIOUS_FALLBACK,1771891200000,7
BTCUSDT,1771920000000,-0.00001193,63164.8,MARK_PRICE_EXACT_OPEN,1771920000000,0
BTCUSDT,1771948800001,-0.00000182,63954.7,MARK_PRICE_PREVIOUS_FALLBACK,1771948800000,1
BTCUSDT,1771977600001,0.00002375,64047.4,MARK_PRICE_PREVIOUS_FALLBACK,1771977600000,1
BTCUSDT,1772006400007,3.3e-7,65011.5,MARK_PRICE_PREVIOUS_FALLBACK,1772006400000,7
BTCUSDT,1772035200000,-0.00000968,67376.31104348,MARK_PRICE_EXACT_OPEN,1772035200000,0
BTCUSDT,1772064000000,-0.00001998,67953.96802174,MARK_PRICE_EXACT_OPEN,1772064000000,0
BTCUSDT,1772092800006,-0.00001128,67852.80869565,MARK_PRICE_PREVIOUS_FALLBACK,1772092800000,6
BTCUSDT,1772121600002,0.00004007,67404.7,MARK_PRICE_PREVIOUS_FALLBACK,1772121600000,2
BTCUSDT,1772150400007,-0.00000991,67408.8,MARK_PRICE_PREVIOUS_FALLBACK,1772150400000,7
BTCUSDT,1772179200000,-0.00008123,67650.26318841,MARK_PRICE_EXACT_OPEN,1772179200000,0
BTCUSDT,1772208000001,-0.00000656,66017.92347101,MARK_PRICE_PREVIOUS_FALLBACK,1772208000000,1
BTCUSDT,1772236800000,0.00004041,65839.41943778,MARK_PRICE_EXACT_OPEN,1772236800000,0
BTCUSDT,1772265600000,-0.00003727,63790.8,MARK_PRICE_EXACT_OPEN,1772265600000,0
BTCUSDT,1772294400004,-0.00004305,64767,MARK_PRICE_PREVIOUS_FALLBACK,1772294400000,4
BTCUSDT,1772323200005,-0.00000688,66956,MARK_PRICE_PREVIOUS_FALLBACK,1772323200000,5
BTCUSDT,1772352000000,0.00004563,67113.9,MARK_PRICE_EXACT_OPEN,1772352000000,0
BTCUSDT,1772380800002,0.00002948,66784.58235507,MARK_PRICE_PREVIOUS_FALLBACK,1772380800000,2
BTCUSDT,1772409600001,-0.00000299,65742.58562319,MARK_PRICE_PREVIOUS_FALLBACK,1772409600000,1
BTCUSDT,1772438400007,-0.00001956,65894.32602899,MARK_PRICE_PREVIOUS_FALLBACK,1772438400000,7
BTCUSDT,1772467200000,-0.00001083,69089.1,MARK_PRICE_EXACT_OPEN,1772467200000,0
BTCUSDT,1772496000000,-0.00000186,68801.8,MARK_PRICE_EXACT_OPEN,1772496000000,0
BTCUSDT,1772524800000,0.00001437,68138.3,MARK_PRICE_EXACT_OPEN,1772524800000,0
BTCUSDT,1772553600007,0.00001481,67702.79255797,MARK_PRICE_PREVIOUS_FALLBACK,1772553600000,7
BTCUSDT,1772582400001,-0.0000539,68215.70392029,MARK_PRICE_PREVIOUS_FALLBACK,1772582400000,1
BTCUSDT,1772611200005,0.0000252,69601.17869565,MARK_PRICE_PREVIOUS_FALLBACK,1772611200000,5
BTCUSDT,1772640000000,0.00004683,73345,MARK_PRICE_EXACT_OPEN,1772640000000,0
BTCUSDT,1772668800000,0.00003567,72641.3,MARK_PRICE_EXACT_OPEN,1772668800000,0
BTCUSDT,1772697600000,0.00004965,72020.80384058,MARK_PRICE_EXACT_OPEN,1772697600000,0
BTCUSDT,1772726400004,0.00000174,71542.17898801,MARK_PRICE_PREVIOUS_FALLBACK,1772726400000,4
BTCUSDT,1772755200001,0.00001689,70846.87118441,MARK_PRICE_PREVIOUS_FALLBACK,1772755200000,1
BTCUSDT,1772784000001,-0.00003061,70979.5,MARK_PRICE_PREVIOUS_FALLBACK,1772784000000,1
BTCUSDT,1772812800004,-0.00002176,68539.1,MARK_PRICE_PREVIOUS_FALLBACK,1772812800000,4
BTCUSDT,1772841600001,0.00000619,68118,MARK_PRICE_PREVIOUS_FALLBACK,1772841600000,1
BTCUSDT,1772870400012,0.00003525,67790,MARK_PRICE_PREVIOUS_FALLBACK,1772870400000,12
BTCUSDT,1772899200001,-0.00004217,67817.38673913,MARK_PRICE_PREVIOUS_FALLBACK,1772899200000,1
BTCUSDT,1772928000001,-0.00004496,67281.5,MARK_PRICE_PREVIOUS_FALLBACK,1772928000000,1
BTCUSDT,1772956800000,-0.00001115,67287.74237681,MARK_PRICE_EXACT_OPEN,1772956800000,0
BTCUSDT,1772985600002,-0.00002868,67165.50336957,MARK_PRICE_PREVIOUS_FALLBACK,1772985600000,2
BTCUSDT,1773014400000,-0.0000577,65935.34171664,MARK_PRICE_EXACT_OPEN,1773014400000,0
BTCUSDT,1773043200004,-0.00004579,67534.3,MARK_PRICE_PREVIOUS_FALLBACK,1773043200000,4
BTCUSDT,1773072000003,-0.00003431,68843.96873913,MARK_PRICE_PREVIOUS_FALLBACK,1773072000000,3
BTCUSDT,1773100800012,-0.00002394,68407.69157246,MARK_PRICE_PREVIOUS_FALLBACK,1773100800000,12
BTCUSDT,1773129600002,0.0000123,70438.86352174,MARK_PRICE_PREVIOUS_FALLBACK,1773129600000,2
BTCUSDT,1773158400001,0.00001738,71334,MARK_PRICE_PREVIOUS_FALLBACK,1773158400000,1
BTCUSDT,1773187200000,-0.00011052,69906.39643478,MARK_PRICE_EXACT_OPEN,1773187200000,0
BTCUSDT,1773216000007,-0.00005252,69639.93897101,MARK_PRICE_PREVIOUS_FALLBACK,1773216000000,7
BTCUSDT,1773244800010,-0.00005824,70205,MARK_PRICE_PREVIOUS_FALLBACK,1773244800000,10
BTCUSDT,1773273600000,-0.00007802,70150,MARK_PRICE_EXACT_OPEN,1773273600000,0
BTCUSDT,1773302400000,-0.00005392,69792.81830435,MARK_PRICE_EXACT_OPEN,1773302400000,0
BTCUSDT,1773331200000,-0.00007381,70285.70086232,MARK_PRICE_EXACT_OPEN,1773331200000,0
BTCUSDT,1773360000006,-0.00002789,70404,MARK_PRICE_PREVIOUS_FALLBACK,1773360000000,6
BTCUSDT,1773388800001,0.00004263,71604.9,MARK_PRICE_PREVIOUS_FALLBACK,1773388800000,1
BTCUSDT,1773417600000,-0.00000638,71801.52931159,MARK_PRICE_EXACT_OPEN,1773417600000,0
BTCUSDT,1773446400001,-0.00000379,70816.6,MARK_PRICE_PREVIOUS_FALLBACK,1773446400000,1
BTCUSDT,1773475200000,-0.00003988,70565.7,MARK_PRICE_EXACT_OPEN,1773475200000,0
BTCUSDT,1773504000007,-0.00004851,70547.6,MARK_PRICE_PREVIOUS_FALLBACK,1773504000000,7
BTCUSDT,1773532800000,-0.00001883,71174.4,MARK_PRICE_EXACT_OPEN,1773532800000,0
BTCUSDT,1773561600000,-0.00006461,71421.70264618,MARK_PRICE_EXACT_OPEN,1773561600000,0
BTCUSDT,1773590400000,0.00002659,71444.5,MARK_PRICE_EXACT_OPEN,1773590400000,0
BTCUSDT,1773619200000,0.00002513,72778.9,MARK_PRICE_EXACT_OPEN,1773619200000,0
BTCUSDT,1773648000010,0.00007139,73568.09928825,MARK_PRICE_PREVIOUS_FALLBACK,1773648000000,10
BTCUSDT,1773676800000,0.00002015,73241.19793478,MARK_PRICE_EXACT_OPEN,1773676800000,0
BTCUSDT,1773705600000,0.00000241,74854.37298551,MARK_PRICE_EXACT_OPEN,1773705600000,0
BTCUSDT,1773734400002,-0.00002505,74283.8,MARK_PRICE_PREVIOUS_FALLBACK,1773734400000,2
BTCUSDT,1773763200011,-0.0000126,73944.6,MARK_PRICE_PREVIOUS_FALLBACK,1773763200000,11
BTCUSDT,1773792000002,-0.00006569,73892.66925362,MARK_PRICE_PREVIOUS_FALLBACK,1773792000000,2
BTCUSDT,1773820800002,-0.00004813,73821.8,MARK_PRICE_PREVIOUS_FALLBACK,1773820800000,2
BTCUSDT,1773849600005,0.00002418,71446.2,MARK_PRICE_PREVIOUS_FALLBACK,1773849600000,5
BTCUSDT,1773878400000,-0.00000974,71208.72342754,MARK_PRICE_EXACT_OPEN,1773878400000,0
BTCUSDT,1773907200003,-0.00003012,70200.31084058,MARK_PRICE_PREVIOUS_FALLBACK,1773907200000,3
BTCUSDT,1773936000003,0.00001205,69385.8,MARK_PRICE_PREVIOUS_FALLBACK,1773936000000,3
BTCUSDT,1773964800002,0.00000625,69882.18958696,MARK_PRICE_PREVIOUS_FALLBACK,1773964800000,2
BTCUSDT,1773993600000,0.00000753,70811.9,MARK_PRICE_EXACT_OPEN,1773993600000,0
BTCUSDT,1774022400000,-0.00000223,69838.04147826,MARK_PRICE_EXACT_OPEN,1774022400000,0
BTCUSDT,1774051200000,-0.00001493,70475.05032609,MARK_PRICE_EXACT_OPEN,1774051200000,0
BTCUSDT,1774080000000,-0.00000738,70681.53331884,MARK_PRICE_EXACT_OPEN,1774080000000,0
BTCUSDT,1774108800014,0.00001093,70566.78557721,MARK_PRICE_PREVIOUS_FALLBACK,1774108800000,14
BTCUSDT,1774137600012,0.00000806,68713,MARK_PRICE_PREVIOUS_FALLBACK,1774137600000,12
BTCUSDT,1774166400007,-0.00004425,68860,MARK_PRICE_PREVIOUS_FALLBACK,1774166400000,7
BTCUSDT,1774195200002,-0.00006837,68811.20277536,MARK_PRICE_PREVIOUS_FALLBACK,1774195200000,2
BTCUSDT,1774224000000,-0.00002079,67834.34094203,MARK_PRICE_EXACT_OPEN,1774224000000,0
BTCUSDT,1774252800003,-0.00002863,68366.72987256,MARK_PRICE_PREVIOUS_FALLBACK,1774252800000,3
BTCUSDT,1774281600002,0.0000016,70154.93699275,MARK_PRICE_PREVIOUS_FALLBACK,1774281600000,2
BTCUSDT,1774310400000,0.00004229,70868.68562319,MARK_PRICE_EXACT_OPEN,1774310400000,0
BTCUSDT,1774339200000,0.00003675,71264,MARK_PRICE_EXACT_OPEN,1774339200000,0
BTCUSDT,1774368000003,0.00003056,69806.1,MARK_PRICE_PREVIOUS_FALLBACK,1774368000000,3
BTCUSDT,1774396800000,0.0000231,70525.71787681,MARK_PRICE_EXACT_OPEN,1774396800000,0
BTCUSDT,1774425600000,0.00001074,70899.9,MARK_PRICE_EXACT_OPEN,1774425600000,0
BTCUSDT,1774454400013,0.00004721,70822.14931159,MARK_PRICE_PREVIOUS_FALLBACK,1774454400000,13
BTCUSDT,1774483200001,0.00002448,71300.1,MARK_PRICE_PREVIOUS_FALLBACK,1774483200000,1
BTCUSDT,1774512000001,0.00001379,70064.7,MARK_PRICE_PREVIOUS_FALLBACK,1774512000000,1
BTCUSDT,1774540800000,-0.00002103,69060.85853623,MARK_PRICE_EXACT_OPEN,1774540800000,0
BTCUSDT,1774569600006,0.00002925,68720.14718891,MARK_PRICE_PREVIOUS_FALLBACK,1774569600000,6
BTCUSDT,1774598400000,-0.00006298,68496.9,MARK_PRICE_EXACT_OPEN,1774598400000,0
BTCUSDT,1774627200000,-0.00005841,66091.9,MARK_PRICE_EXACT_OPEN,1774627200000,0
BTCUSDT,1774656000005,-0.00008088,66323.6,MARK_PRICE_PREVIOUS_FALLBACK,1774656000000,5
BTCUSDT,1774684800005,-0.00007604,66458.3,MARK_PRICE_PREVIOUS_FALLBACK,1774684800000,5
BTCUSDT,1774713600000,-0.00000173,66998.7120942,MARK_PRICE_EXACT_OPEN,1774713600000,0
BTCUSDT,1774742400003,-0.0000368,66337.6,MARK_PRICE_PREVIOUS_FALLBACK,1774742400000,3
BTCUSDT,1774771200001,-1.2e-7,66652.34915942,MARK_PRICE_PREVIOUS_FALLBACK,1774771200000,1
BTCUSDT,1774800000000,0.00002677,66500,MARK_PRICE_EXACT_OPEN,1774800000000,0
BTCUSDT,1774828800000,0.000003,65973.4,MARK_PRICE_EXACT_OPEN,1774828800000,0
BTCUSDT,1774857600005,0.00000492,67650.2,MARK_PRICE_PREVIOUS_FALLBACK,1774857600000,5
BTCUSDT,1774886400000,0.00000758,67595.59310345,MARK_PRICE_EXACT_OPEN,1774886400000,0
BTCUSDT,1774915200000,0.00000116,66764.4,MARK_PRICE_EXACT_OPEN,1774915200000,0
BTCUSDT,1774944000000,-0.00001921,67343.9,MARK_PRICE_EXACT_OPEN,1774944000000,0
BTCUSDT,1774972800000,-0.00002763,66700,MARK_PRICE_EXACT_OPEN,1774972800000,0
BTCUSDT,1775001600000,-0.00003449,68241.4,MARK_PRICE_EXACT_OPEN,1775001600000,0
BTCUSDT,1775030400000,-0.00000461,68668.6,MARK_PRICE_EXACT_OPEN,1775030400000,0
BTCUSDT,1775059200000,0.00000577,68876.81806522,MARK_PRICE_EXACT_OPEN,1775059200000,0
BTCUSDT,1775088000003,0.00003521,68053.5,MARK_PRICE_PREVIOUS_FALLBACK,1775088000000,3
BTCUSDT,1775116800001,0.00000845,66848.7,MARK_PRICE_PREVIOUS_FALLBACK,1775116800000,1
BTCUSDT,1775145600001,-0.00007398,66772.4347976,MARK_PRICE_PREVIOUS_FALLBACK,1775145600000,1
BTCUSDT,1775174400000,-0.00000831,66869.74346667,MARK_PRICE_EXACT_OPEN,1775174400000,0
BTCUSDT,1775203200008,-0.00000599,67010.9,MARK_PRICE_PREVIOUS_FALLBACK,1775203200000,8
BTCUSDT,1775232000008,0.00000351,66800,MARK_PRICE_PREVIOUS_FALLBACK,1775232000000,8
BTCUSDT,1775260800000,0.00003761,66930,MARK_PRICE_EXACT_OPEN,1775260800000,0
BTCUSDT,1775289600003,0.00004115,66998.90620833,MARK_PRICE_PREVIOUS_FALLBACK,1775289600000,3
BTCUSDT,1775318400000,0.00001651,67357.3,MARK_PRICE_EXACT_OPEN,1775318400000,0
BTCUSDT,1775347200008,0.00002407,67256.9,MARK_PRICE_PREVIOUS_FALLBACK,1775347200000,8
BTCUSDT,1775376000000,0.00003812,66787.4,MARK_PRICE_EXACT_OPEN,1775376000000,0
BTCUSDT,1775404800001,0.00001889,67308.39852899,MARK_PRICE_PREVIOUS_FALLBACK,1775404800000,1
BTCUSDT,1775433600004,0.00007073,69097.85263118,MARK_PRICE_PREVIOUS_FALLBACK,1775433600000,4
BTCUSDT,1775462400001,0.00005544,69135.3,MARK_PRICE_PREVIOUS_FALLBACK,1775462400000,1
BTCUSDT,1775491200003,0.00000423,69897.7,MARK_PRICE_PREVIOUS_FALLBACK,1775491200000,3
BTCUSDT,1775520000000,-0.00000315,68822.2,MARK_PRICE_EXACT_OPEN,1775520000000,0
BTCUSDT,1775548800000,0.00003703,68594.78186657,MARK_PRICE_EXACT_OPEN,1775548800000,0
BTCUSDT,1775577600000,0.00007393,68141.01094203,MARK_PRICE_EXACT_OPEN,1775577600000,0
BTCUSDT,1775606400000,0.0000602,71907.34283333,MARK_PRICE_EXACT_OPEN,1775606400000,0
BTCUSDT,1775635200000,0.00001563,71612.1,MARK_PRICE_EXACT_OPEN,1775635200000,0
BTCUSDT,1775664000006,0.00004048,71295.5,MARK_PRICE_PREVIOUS_FALLBACK,1775664000000,6
BTCUSDT,1775692800000,-0.00000147,71038.1,MARK_PRICE_EXACT_OPEN,1775692800000,0
BTCUSDT,1775721600010,0.00005239,70915.58755622,MARK_PRICE_PREVIOUS_FALLBACK,1775721600000,10
BTCUSDT,1775750400001,-0.00001986,72305.3725112,MARK_PRICE_PREVIOUS_FALLBACK,1775750400000,1
BTCUSDT,1775779200000,0.00000411,71755.54984058,MARK_PRICE_EXACT_OPEN,1775779200000,0
BTCUSDT,1775808000005,0.00002458,71465.33421739,MARK_PRICE_PREVIOUS_FALLBACK,1775808000000,5
BTCUSDT,1775836800000,-0.00002187,72415.7,MARK_PRICE_EXACT_OPEN,1775836800000,0
BTCUSDT,1775865600000,-0.00007225,72917.4,MARK_PRICE_EXACT_OPEN,1775865600000,0
BTCUSDT,1775894400000,-0.00006083,72707.7,MARK_PRICE_EXACT_OPEN,1775894400000,0
BTCUSDT,1775923200003,-0.00006755,72827.03611694,MARK_PRICE_PREVIOUS_FALLBACK,1775923200000,3
BTCUSDT,1775952000000,-0.00008108,73013.4,MARK_PRICE_EXACT_OPEN,1775952000000,0
BTCUSDT,1775980800000,-0.0000369,71630.81856072,MARK_PRICE_EXACT_OPEN,1775980800000,0
BTCUSDT,1776009600000,-0.00000335,70856.2,MARK_PRICE_EXACT_OPEN,1776009600000,0
BTCUSDT,1776038400011,-0.00000234,70616.25380435,MARK_PRICE_PREVIOUS_FALLBACK,1776038400000,11
BTCUSDT,1776067200006,-0.00000183,70746.5,MARK_PRICE_PREVIOUS_FALLBACK,1776067200000,6
BTCUSDT,1776096000000,-0.00005409,71823.7,MARK_PRICE_EXACT_OPEN,1776096000000,0
BTCUSDT,1776124800005,-0.00005854,74421.7,MARK_PRICE_PREVIOUS_FALLBACK,1776124800000,5
BTCUSDT,1776153600003,0.00002732,74506.85413043,MARK_PRICE_PREVIOUS_FALLBACK,1776153600000,3
BTCUSDT,1776182400001,-0.00005234,75309.86035507,MARK_PRICE_PREVIOUS_FALLBACK,1776182400000,1
BTCUSDT,1776211200000,-0.00009313,74106.9,MARK_PRICE_EXACT_OPEN,1776211200000,0
BTCUSDT,1776240000000,-0.00005085,73705.2,MARK_PRICE_EXACT_OPEN,1776240000000,0
BTCUSDT,1776268800000,-0.00007151,73812.31591304,MARK_PRICE_EXACT_OPEN,1776268800000,0
BTCUSDT,1776297600013,-0.00003418,74773.3,MARK_PRICE_PREVIOUS_FALLBACK,1776297600000,13
BTCUSDT,1776326400000,-0.00002841,74667.7,MARK_PRICE_EXACT_OPEN,1776326400000,0
BTCUSDT,1776355200000,-0.00002225,74659.57926087,MARK_PRICE_EXACT_OPEN,1776355200000,0
BTCUSDT,1776384000001,0.00003297,75067.4,MARK_PRICE_PREVIOUS_FALLBACK,1776384000000,1
BTCUSDT,1776412800011,0.00002781,75012.86807971,MARK_PRICE_PREVIOUS_FALLBACK,1776412800000,11
BTCUSDT,1776441600001,-0.00010789,77680.4,MARK_PRICE_PREVIOUS_FALLBACK,1776441600000,1
BTCUSDT,1776470400001,-0.00008098,77065.5,MARK_PRICE_PREVIOUS_FALLBACK,1776470400000,1
BTCUSDT,1776499200006,-0.00007082,76967.46744203,MARK_PRICE_PREVIOUS_FALLBACK,1776499200000,6
BTCUSDT,1776528000000,-0.00004586,76124.8,MARK_PRICE_EXACT_OPEN,1776528000000,0
BTCUSDT,1776556800002,-0.00008395,75651.3,MARK_PRICE_PREVIOUS_FALLBACK,1776556800000,2
BTCUSDT,1776585600010,-0.00007219,75157,MARK_PRICE_PREVIOUS_FALLBACK,1776585600000,10
BTCUSDT,1776614400001,-0.00012276,75733.2,MARK_PRICE_PREVIOUS_FALLBACK,1776614400000,1
BTCUSDT,1776643200000,-0.00004615,73749.74326667,MARK_PRICE_EXACT_OPEN,1776643200000,0
BTCUSDT,1776672000000,-0.00004778,74795.5,MARK_PRICE_EXACT_OPEN,1776672000000,0
BTCUSDT,1776700800001,-0.00002745,75566.99231884,MARK_PRICE_PREVIOUS_FALLBACK,1776700800000,1
BTCUSDT,1776729600000,-0.00007937,75792.27184783,MARK_PRICE_EXACT_OPEN,1776729600000,0
BTCUSDT,1776758400004,-0.00005824,76065.64637681,MARK_PRICE_PREVIOUS_FALLBACK,1776758400000,4
BTCUSDT,1776787200004,-0.00004242,75876.76945652,MARK_PRICE_PREVIOUS_FALLBACK,1776787200000,4
BTCUSDT,1776816000004,-0.00002237,76297.52157246,MARK_PRICE_PREVIOUS_FALLBACK,1776816000000,4
BTCUSDT,1776844800000,0.0000356,77979.7,MARK_PRICE_EXACT_OPEN,1776844800000,0
BTCUSDT,1776873600000,-0.00000749,79234.2,MARK_PRICE_EXACT_OPEN,1776873600000,0
BTCUSDT,1776902400000,-0.0000787,78139.7,MARK_PRICE_EXACT_OPEN,1776902400000,0
BTCUSDT,1776931200000,-0.00003553,78009,MARK_PRICE_EXACT_OPEN,1776931200000,0
BTCUSDT,1776960000004,-0.00006696,78336.65814493,MARK_PRICE_PREVIOUS_FALLBACK,1776960000000,4
BTCUSDT,1776988800006,-0.00003829,78255,MARK_PRICE_PREVIOUS_FALLBACK,1776988800000,6
BTCUSDT,1777017600000,-0.00007865,77620.5,MARK_PRICE_EXACT_OPEN,1777017600000,0
BTCUSDT,1777046400000,-0.00003152,78007.3,MARK_PRICE_EXACT_OPEN,1777046400000,0
BTCUSDT,1777075200000,-0.00001077,77395.9,MARK_PRICE_EXACT_OPEN,1777075200000,0
BTCUSDT,1777104000002,-0.00006235,77462.99302849,MARK_PRICE_PREVIOUS_FALLBACK,1777104000000,2
BTCUSDT,1777132800002,-0.00005699,77332.4,MARK_PRICE_PREVIOUS_FALLBACK,1777132800000,2
BTCUSDT,1777161600003,0.00000241,77551.9,MARK_PRICE_PREVIOUS_FALLBACK,1777161600000,3
BTCUSDT,1777190400007,0.00000153,78050.5,MARK_PRICE_PREVIOUS_FALLBACK,1777190400000,7
BTCUSDT,1777219200004,0.00000195,77980.39948551,MARK_PRICE_PREVIOUS_FALLBACK,1777219200000,4
BTCUSDT,1777248000004,0.00000249,78731.5,MARK_PRICE_PREVIOUS_FALLBACK,1777248000000,4
BTCUSDT,1777276800000,-0.00008659,77557.34418116,MARK_PRICE_EXACT_OPEN,1777276800000,0
BTCUSDT,1777305600002,-0.00005678,76716.6,MARK_PRICE_PREVIOUS_FALLBACK,1777305600000,2
BTCUSDT,1777334400001,-0.00003951,77273.3,MARK_PRICE_PREVIOUS_FALLBACK,1777334400000,1
BTCUSDT,1777363200000,-0.00003204,76828.3,MARK_PRICE_EXACT_OPEN,1777363200000,0
BTCUSDT,1777392000004,0.00005242,76008.31707971,MARK_PRICE_PREVIOUS_FALLBACK,1777392000000,4
BTCUSDT,1777420800006,0.00001305,76275.2,MARK_PRICE_PREVIOUS_FALLBACK,1777420800000,6
BTCUSDT,1777449600011,-0.0000284,77024.94503623,MARK_PRICE_PREVIOUS_FALLBACK,1777449600000,11
BTCUSDT,1777478400003,0.00003571,75838.5,MARK_PRICE_PREVIOUS_FALLBACK,1777478400000,3
BTCUSDT,1777507200002,-0.0000422,75796.33194928,MARK_PRICE_PREVIOUS_FALLBACK,1777507200000,2
BTCUSDT,1777536000000,-0.00001837,76130,MARK_PRICE_EXACT_OPEN,1777536000000,0
BTCUSDT,1777564800000,-0.00002904,76429.2,MARK_PRICE_EXACT_OPEN,1777564800000,0
BTCUSDT,1777593600000,-0.00003746,76305.5,MARK_PRICE_EXACT_OPEN,1777593600000,0
BTCUSDT,1777622400005,-0.0000181,77067.83546377,MARK_PRICE_PREVIOUS_FALLBACK,1777622400000,5
BTCUSDT,1777651200000,-0.00003143,78424.72796268,MARK_PRICE_EXACT_OPEN,1777651200000,0
BTCUSDT,1777680000006,-0.00000822,78191.46365067,MARK_PRICE_PREVIOUS_FALLBACK,1777680000000,6
BTCUSDT,1777708800000,-0.00005103,78181.6,MARK_PRICE_EXACT_OPEN,1777708800000,0
BTCUSDT,1777737600010,-0.0000254,78420.8,MARK_PRICE_PREVIOUS_FALLBACK,1777737600000,10
BTCUSDT,1777766400005,0.0000229,78668.97589855,MARK_PRICE_PREVIOUS_FALLBACK,1777766400000,5
BTCUSDT,1777795200003,-0.00001398,78338.16736667,MARK_PRICE_PREVIOUS_FALLBACK,1777795200000,3
BTCUSDT,1777824000000,0.00000703,78627.03458733,MARK_PRICE_EXACT_OPEN,1777824000000,0
BTCUSDT,1777852800000,0.00004304,78528.9,MARK_PRICE_EXACT_OPEN,1777852800000,0
BTCUSDT,1777881600000,-0.00000158,79663.3,MARK_PRICE_EXACT_OPEN,1777881600000,0
BTCUSDT,1777910400003,-0.0000316,80008.5,MARK_PRICE_PREVIOUS_FALLBACK,1777910400000,3
BTCUSDT,1777939200000,-0.00000383,79826.1,MARK_PRICE_EXACT_OPEN,1777939200000,0
BTCUSDT,1777968000011,-0.00004626,80833.40902899,MARK_PRICE_PREVIOUS_FALLBACK,1777968000000,11
BTCUSDT,1777996800000,-0.0000824,81488.7,MARK_PRICE_EXACT_OPEN,1777996800000,0
BTCUSDT,1778025600010,-0.00009153,80892.3567029,MARK_PRICE_PREVIOUS_FALLBACK,1778025600000,10
BTCUSDT,1778054400000,-0.0000615,81333.3,MARK_PRICE_EXACT_OPEN,1778054400000,0
BTCUSDT,1778083200002,-0.00003756,81658.5,MARK_PRICE_PREVIOUS_FALLBACK,1778083200000,2
BTCUSDT,1778112000000,-0.00005856,81396.64037069,MARK_PRICE_EXACT_OPEN,1778112000000,0
BTCUSDT,1778140800000,-0.00004568,81484.03733333,MARK_PRICE_EXACT_OPEN,1778140800000,0
BTCUSDT,1778169600004,-0.00003014,79823.4,MARK_PRICE_PREVIOUS_FALLBACK,1778169600000,4
BTCUSDT,1778198400003,-0.00007406,79990.8,MARK_PRICE_PREVIOUS_FALLBACK,1778198400000,3
BTCUSDT,1778227200002,0.00002415,79636.6,MARK_PRICE_PREVIOUS_FALLBACK,1778227200000,2
BTCUSDT,1778256000003,-0.00001542,80148,MARK_PRICE_PREVIOUS_FALLBACK,1778256000000,3
BTCUSDT,1778284800000,0.00001841,80155.2,MARK_PRICE_EXACT_OPEN,1778284800000,0
BTCUSDT,1778313600001,-0.00003792,80191.3331087,MARK_PRICE_PREVIOUS_FALLBACK,1778313600000,1
BTCUSDT,1778342400002,0.00003645,80491.29044203,MARK_PRICE_PREVIOUS_FALLBACK,1778342400000,2
BTCUSDT,1778371200003,9e-7,80650,MARK_PRICE_PREVIOUS_FALLBACK,1778371200000,3
BTCUSDT,1778400000000,0.00004626,80697.26381884,MARK_PRICE_EXACT_OPEN,1778400000000,0
BTCUSDT,1778428800000,0.00005764,81383.17274363,MARK_PRICE_EXACT_OPEN,1778428800000,0
BTCUSDT,1778457600000,0.00005798,82177.7,MARK_PRICE_EXACT_OPEN,1778457600000,0
BTCUSDT,1778486400000,0.00002592,80708.8,MARK_PRICE_EXACT_OPEN,1778486400000,0
BTCUSDT,1778515200000,0.00004555,81404.77673913,MARK_PRICE_EXACT_OPEN,1778515200000,0
BTCUSDT,1778544000002,-0.00000115,81635.31063043,MARK_PRICE_PREVIOUS_FALLBACK,1778544000000,2
BTCUSDT,1778572800008,0.00003877,80862.6,MARK_PRICE_PREVIOUS_FALLBACK,1778572800000,8
BTCUSDT,1778601600000,0.00005822,80309.85637681,MARK_PRICE_EXACT_OPEN,1778601600000,0
BTCUSDT,1778630400010,0.00005367,80486.37102899,MARK_PRICE_PREVIOUS_FALLBACK,1778630400000,10
BTCUSDT,1778659200003,0.00005437,81029.6,MARK_PRICE_PREVIOUS_FALLBACK,1778659200000,3
BTCUSDT,1778688000001,0.00001749,78996.74383058,MARK_PRICE_PREVIOUS_FALLBACK,1778688000000,1
BTCUSDT,1778716800005,0.00003928,79397.2,MARK_PRICE_PREVIOUS_FALLBACK,1778716800000,5
BTCUSDT,1778745600000,0.00002928,79699.9,MARK_PRICE_EXACT_OPEN,1778745600000,0
BTCUSDT,1778774400000,0.00004094,81253.51661919,MARK_PRICE_EXACT_OPEN,1778774400000,0
BTCUSDT,1778803200000,-0.00004239,81049.04343328,MARK_PRICE_EXACT_OPEN,1778803200000,0
BTCUSDT,1778832000016,-0.00001893,80746.97975362,MARK_PRICE_PREVIOUS_FALLBACK,1778832000000,16
BTCUSDT,1778860800012,0.00001548,79117.9,MARK_PRICE_PREVIOUS_FALLBACK,1778860800000,12
BTCUSDT,1778889600005,0.00003938,79047.3790942,MARK_PRICE_PREVIOUS_FALLBACK,1778889600000,5
BTCUSDT,1778918400000,-0.0000021,78335.57299275,MARK_PRICE_EXACT_OPEN,1778918400000,0
BTCUSDT,1778947200005,0.00004955,78175.71331884,MARK_PRICE_PREVIOUS_FALLBACK,1778947200000,5
BTCUSDT,1778976000000,0.00004037,78109.17106447,MARK_PRICE_EXACT_OPEN,1778976000000,0
BTCUSDT,1779004800010,0.00001176,78117.195725,MARK_PRICE_PREVIOUS_FALLBACK,1779004800000,10
BTCUSDT,1779033600009,4.8e-7,78034.66768116,MARK_PRICE_PREVIOUS_FALLBACK,1779033600000,9
BTCUSDT,1779062400007,-0.00001131,77404.1,MARK_PRICE_PREVIOUS_FALLBACK,1779062400000,7
BTCUSDT,1779091200002,0.00005778,77064,MARK_PRICE_PREVIOUS_FALLBACK,1779091200000,2
BTCUSDT,1779120000007,0.00007178,76300.32502899,MARK_PRICE_PREVIOUS_FALLBACK,1779120000000,7
BTCUSDT,1779148800001,0.00005164,77003.69318591,MARK_PRICE_PREVIOUS_FALLBACK,1779148800000,1
BTCUSDT,1779177600001,0.00004809,77197.57987369,MARK_PRICE_PREVIOUS_FALLBACK,1779177600000,1
BTCUSDT,1779206400009,0.00005563,76496.1,MARK_PRICE_PREVIOUS_FALLBACK,1779206400000,9
BTCUSDT,1779235200001,0.00003254,76793.6205,MARK_PRICE_PREVIOUS_FALLBACK,1779235200000,1
BTCUSDT,1779264000006,0.00007983,77263.98111694,MARK_PRICE_PREVIOUS_FALLBACK,1779264000000,6
BTCUSDT,1779292800000,0.00006858,77423.0687931,MARK_PRICE_EXACT_OPEN,1779292800000,0
BTCUSDT,1779321600001,0.00001925,77486.95200725,MARK_PRICE_PREVIOUS_FALLBACK,1779321600000,1
BTCUSDT,1779350400000,0.00004003,77849.8077971,MARK_PRICE_EXACT_OPEN,1779350400000,0
BTCUSDT,1779379200000,0.0000613,77231.30769565,MARK_PRICE_EXACT_OPEN,1779379200000,0
BTCUSDT,1779408000000,0.00003564,77586.2,MARK_PRICE_EXACT_OPEN,1779408000000,0
BTCUSDT,1779436800004,-0.0000082,77420.20442754,MARK_PRICE_PREVIOUS_FALLBACK,1779436800000,4
BTCUSDT,1779465600001,0.00002891,76756.5,MARK_PRICE_PREVIOUS_FALLBACK,1779465600000,1
BTCUSDT,1779494400009,0.00001783,75493.55782609,MARK_PRICE_PREVIOUS_FALLBACK,1779494400000,9
BTCUSDT,1779523200001,0.00001025,74593.97232384,MARK_PRICE_PREVIOUS_FALLBACK,1779523200000,1
BTCUSDT,1779552000003,0.00007441,75570.7,MARK_PRICE_PREVIOUS_FALLBACK,1779552000000,3
BTCUSDT,1779580800011,0.00009044,76760.2,MARK_PRICE_PREVIOUS_FALLBACK,1779580800000,11
BTCUSDT,1779609600008,0.0000629,76770.44955109,MARK_PRICE_PREVIOUS_FALLBACK,1779609600000,8
BTCUSDT,1779638400000,0.00006265,76343.8,MARK_PRICE_EXACT_OPEN,1779638400000,0
BTCUSDT,1779667200001,0.00006549,77073.77823913,MARK_PRICE_PREVIOUS_FALLBACK,1779667200000,1
BTCUSDT,1779696000001,0.00003527,77337.6,MARK_PRICE_PREVIOUS_FALLBACK,1779696000000,1
BTCUSDT,1779724800001,0.00001426,77576.86466667,MARK_PRICE_PREVIOUS_FALLBACK,1779724800000,1
BTCUSDT,1779753600000,0.00008058,77281.70081709,MARK_PRICE_EXACT_OPEN,1779753600000,0
BTCUSDT,1779782400003,0.00003852,76689,MARK_PRICE_PREVIOUS_FALLBACK,1779782400000,3
BTCUSDT,1779811200000,0.00005776,76484.29476812,MARK_PRICE_EXACT_OPEN,1779811200000,0
BTCUSDT,1779840000000,0.0001,75901.03826957,MARK_PRICE_EXACT_OPEN,1779840000000,0
BTCUSDT,1779868800004,0.00008948,75922.6,MARK_PRICE_PREVIOUS_FALLBACK,1779868800000,4
BTCUSDT,1779897600009,0.00009914,75333.6,MARK_PRICE_PREVIOUS_FALLBACK,1779897600000,9
BTCUSDT,1779926400001,0.0001,74496.78825362,MARK_PRICE_PREVIOUS_FALLBACK,1779926400000,1
BTCUSDT,1779955200000,0.00005011,73467.69744203,MARK_PRICE_EXACT_OPEN,1779955200000,0
BTCUSDT,1779984000001,0.0001,72862.31451449,MARK_PRICE_PREVIOUS_FALLBACK,1779984000000,1
BTCUSDT,1780012800000,0.0001,73591.4,MARK_PRICE_EXACT_OPEN,1780012800000,0
BTCUSDT,1780041600001,0.00005391,73579.69881159,MARK_PRICE_PREVIOUS_FALLBACK,1780041600000,1
BTCUSDT,1780070400008,0.00006702,73777.4,MARK_PRICE_PREVIOUS_FALLBACK,1780070400000,8
BTCUSDT,1780099200000,0.00003464,73428.2,MARK_PRICE_EXACT_OPEN,1780099200000,0
BTCUSDT,1780128000001,0.00004732,73512.24581667,MARK_PRICE_PREVIOUS_FALLBACK,1780128000000,1
BTCUSDT,1780156800000,0.00006214,73892.80217391,MARK_PRICE_EXACT_OPEN,1780156800000,0
BTCUSDT,1780185600000,0.00004432,73856.9,MARK_PRICE_EXACT_OPEN,1780185600000,0
BTCUSDT,1780214400000,0.00005663,73833.3,MARK_PRICE_EXACT_OPEN,1780214400000,0
BTCUSDT,1780243200004,0.00005988,73609.2,MARK_PRICE_PREVIOUS_FALLBACK,1780243200000,4
BTCUSDT,1780272000001,0.00005703,73659.6,MARK_PRICE_PREVIOUS_FALLBACK,1780272000000,1
BTCUSDT,1780300800001,0.00004438,72792,MARK_PRICE_PREVIOUS_FALLBACK,1780300800000,1
BTCUSDT,1780329600000,0.0001,71103.48761594,MARK_PRICE_EXACT_OPEN,1780329600000,0
BTCUSDT,1780358400000,0.0001,71391.5,MARK_PRICE_EXACT_OPEN,1780358400000,0
BTCUSDT,1780387200000,0.0000599,70080.68697101,MARK_PRICE_EXACT_OPEN,1780387200000,0
BTCUSDT,1780416000000,0.00008345,67276.04778261,MARK_PRICE_EXACT_OPEN,1780416000000,0
BTCUSDT,1780444800013,0.00007165,66799.30786232,MARK_PRICE_PREVIOUS_FALLBACK,1780444800000,13
BTCUSDT,1780473600000,0.00005229,67191.50705072,MARK_PRICE_EXACT_OPEN,1780473600000,0
BTCUSDT,1780502400001,0.0001,66082.7,MARK_PRICE_PREVIOUS_FALLBACK,1780502400000,1
BTCUSDT,1780531200009,0.00002705,64323.98531884,MARK_PRICE_PREVIOUS_FALLBACK,1780531200000,9
BTCUSDT,1780560000000,0.00001519,63570.93143478,MARK_PRICE_EXACT_OPEN,1780560000000,0
BTCUSDT,1780588800003,-0.00001077,63854.02193403,MARK_PRICE_PREVIOUS_FALLBACK,1780588800000,3
BTCUSDT,1780617600000,0.00001315,63856.0155997,MARK_PRICE_EXACT_OPEN,1780617600000,0
BTCUSDT,1780646400004,-0.00001431,63052.8,MARK_PRICE_PREVIOUS_FALLBACK,1780646400000,4
BTCUSDT,1780675200009,-0.00000863,60169.5,MARK_PRICE_PREVIOUS_FALLBACK,1780675200000,9
BTCUSDT,1780704000000,-0.00001234,61029.56998551,MARK_PRICE_EXACT_OPEN,1780704000000,0
BTCUSDT,1780732800000,0.00002675,60975.1,MARK_PRICE_EXACT_OPEN,1780732800000,0
BTCUSDT,1780761600000,-0.00000511,60754.1,MARK_PRICE_EXACT_OPEN,1780761600000,0
BTCUSDT,1780790400001,-0.00002828,60850.4,MARK_PRICE_PREVIOUS_FALLBACK,1780790400000,1
BTCUSDT,1780819200000,0.00000407,62368.30622464,MARK_PRICE_EXACT_OPEN,1780819200000,0
BTCUSDT,1780848000000,0.00002742,62071.6,MARK_PRICE_EXACT_OPEN,1780848000000,0
BTCUSDT,1780876800000,0.00003533,63304.37049275,MARK_PRICE_EXACT_OPEN,1780876800000,0
BTCUSDT,1780905600005,0.00003454,63196.1,MARK_PRICE_PREVIOUS_FALLBACK,1780905600000,5
BTCUSDT,1780934400004,0.00000122,63665.55747101,MARK_PRICE_PREVIOUS_FALLBACK,1780934400000,4
BTCUSDT,1780963200000,-0.00001565,63058,MARK_PRICE_EXACT_OPEN,1780963200000,0
BTCUSDT,1780992000000,0.00003041,63170.8,MARK_PRICE_EXACT_OPEN,1780992000000,0
BTCUSDT,1781020800001,0.00000606,61180.2,MARK_PRICE_PREVIOUS_FALLBACK,1781020800000,1
BTCUSDT,1781049600001,0.00000365,61697.57561594,MARK_PRICE_PREVIOUS_FALLBACK,1781049600000,1
BTCUSDT,1781078400011,-0.00003385,61625.45521014,MARK_PRICE_PREVIOUS_FALLBACK,1781078400000,11
BTCUSDT,1781107200009,0.00002542,62557.81837681,MARK_PRICE_PREVIOUS_FALLBACK,1781107200000,9
BTCUSDT,1781136000000,-0.00000811,61485.41680435,MARK_PRICE_EXACT_OPEN,1781136000000,0
BTCUSDT,1781164800004,0.00002525,62732.81522464,MARK_PRICE_PREVIOUS_FALLBACK,1781164800000,4
BTCUSDT,1781193600000,0.00002736,62721.2,MARK_PRICE_EXACT_OPEN,1781193600000,0
BTCUSDT,1781222400000,-0.00001303,63598,MARK_PRICE_EXACT_OPEN,1781222400000,0
BTCUSDT,1781251200000,0.00002446,63066.4,MARK_PRICE_EXACT_OPEN,1781251200000,0
BTCUSDT,1781280000000,0.0000084,63557.1,MARK_PRICE_EXACT_OPEN,1781280000000,0
BTCUSDT,1781308800000,0.00005357,63546.9,MARK_PRICE_EXACT_OPEN,1781308800000,0
BTCUSDT,1781337600007,6e-7,63803.9,MARK_PRICE_PREVIOUS_FALLBACK,1781337600000,7
BTCUSDT,1781366400002,0.00000938,64217.3,MARK_PRICE_PREVIOUS_FALLBACK,1781366400000,2
BTCUSDT,1781395200005,-0.0000451,64385.9,MARK_PRICE_PREVIOUS_FALLBACK,1781395200000,5
BTCUSDT,1781424000009,-0.00004657,64380,MARK_PRICE_PREVIOUS_FALLBACK,1781424000000,9
BTCUSDT,1781452800000,-0.00003265,63995.2,MARK_PRICE_EXACT_OPEN,1781452800000,0
BTCUSDT,1781481600013,0.00002808,65714.2,MARK_PRICE_PREVIOUS_FALLBACK,1781481600000,13
BTCUSDT,1781510400013,0.00000621,65622.8,MARK_PRICE_PREVIOUS_FALLBACK,1781510400000,13
BTCUSDT,1781539200004,-0.00006079,67139.9,MARK_PRICE_PREVIOUS_FALLBACK,1781539200000,4
BTCUSDT,1781568000000,-0.00000428,66286.50815942,MARK_PRICE_EXACT_OPEN,1781568000000,0
BTCUSDT,1781596800000,-0.0000111,66341.8,MARK_PRICE_EXACT_OPEN,1781596800000,0
BTCUSDT,1781625600001,0.00000246,65880,MARK_PRICE_PREVIOUS_FALLBACK,1781625600000,1
BTCUSDT,1781654400012,0.00001957,65674.84006522,MARK_PRICE_PREVIOUS_FALLBACK,1781654400000,12
BTCUSDT,1781683200000,-0.00006685,65507.66425362,MARK_PRICE_EXACT_OPEN,1781683200000,0
BTCUSDT,1781712000000,-0.00002582,65714.69323913,MARK_PRICE_EXACT_OPEN,1781712000000,0
BTCUSDT,1781740800002,0.00002636,64495.6,MARK_PRICE_PREVIOUS_FALLBACK,1781740800000,2
BTCUSDT,1781769600000,0.00001896,64472.45968116,MARK_PRICE_EXACT_OPEN,1781769600000,0
BTCUSDT,1781798400001,0.00000872,62515.9,MARK_PRICE_PREVIOUS_FALLBACK,1781798400000,1
BTCUSDT,1781827200005,0.00006039,62906.35154348,MARK_PRICE_PREVIOUS_FALLBACK,1781827200000,5
BTCUSDT,1781856000001,0.00001984,62583.43471739,MARK_PRICE_PREVIOUS_FALLBACK,1781856000000,1
BTCUSDT,1781884800001,0.00002823,63212.50863043,MARK_PRICE_PREVIOUS_FALLBACK,1781884800000,1
BTCUSDT,1781913600001,0.00005814,63574.79016667,MARK_PRICE_PREVIOUS_FALLBACK,1781913600000,1
BTCUSDT,1781942400000,0.00002633,63624.9,MARK_PRICE_EXACT_OPEN,1781942400000,0
BTCUSDT,1781971200001,0.00003985,63984.4,MARK_PRICE_PREVIOUS_FALLBACK,1781971200000,1
BTCUSDT,1782000000000,0.00000778,64275.9747971,MARK_PRICE_EXACT_OPEN,1782000000000,0
BTCUSDT,1782028800000,0.00003034,64173.20375,MARK_PRICE_EXACT_OPEN,1782028800000,0
BTCUSDT,1782057600000,0.00004189,64200.3,MARK_PRICE_EXACT_OPEN,1782057600000,0
BTCUSDT,1782086400000,0.00006572,63287.1,MARK_PRICE_EXACT_OPEN,1782086400000,0
BTCUSDT,1782115200000,0.00001514,64188,MARK_PRICE_EXACT_OPEN,1782115200000,0
BTCUSDT,1782144000002,0.00004813,64748.1,MARK_PRICE_PREVIOUS_FALLBACK,1782144000000,2
BTCUSDT,1782172800003,0.00004041,63982.35857971,MARK_PRICE_PREVIOUS_FALLBACK,1782172800000,3
BTCUSDT,1782201600005,0.00001655,62884,MARK_PRICE_PREVIOUS_FALLBACK,1782201600000,5
BTCUSDT,1782230400002,-0.00001889,62481.6,MARK_PRICE_PREVIOUS_FALLBACK,1782230400000,2
BTCUSDT,1782259200005,0.00002154,62764.3,MARK_PRICE_PREVIOUS_FALLBACK,1782259200000,5
BTCUSDT,1782288000005,0.00002134,62617.67781884,MARK_PRICE_PREVIOUS_FALLBACK,1782288000000,5
BTCUSDT,1782316800003,2.7e-7,60290.7,MARK_PRICE_PREVIOUS_FALLBACK,1782316800000,3
BTCUSDT,1782345600000,-0.00001423,61051.2,MARK_PRICE_EXACT_OPEN,1782345600000,0
BTCUSDT,1782374400000,-0.00001803,61886.7,MARK_PRICE_EXACT_OPEN,1782374400000,0
BTCUSDT,1782403200000,0.0000158,59532.8,MARK_PRICE_EXACT_OPEN,1782403200000,0
BTCUSDT,1782432000010,0.00005298,59773.48910045,MARK_PRICE_PREVIOUS_FALLBACK,1782432000000,10
BTCUSDT,1782460800002,0.00005904,60497.15841079,MARK_PRICE_PREVIOUS_FALLBACK,1782460800000,2
BTCUSDT,1782489600000,0.00007308,60300.5,MARK_PRICE_EXACT_OPEN,1782489600000,0
BTCUSDT,1782518400000,0.00005255,60072,MARK_PRICE_EXACT_OPEN,1782518400000,0
BTCUSDT,1782547200000,0.00004284,60521.8,MARK_PRICE_EXACT_OPEN,1782547200000,0
BTCUSDT,1782576000009,0.00003742,60792.44018741,MARK_PRICE_PREVIOUS_FALLBACK,1782576000000,9
BTCUSDT,1782604800000,0.00004258,60000.4,MARK_PRICE_EXACT_OPEN,1782604800000,0
BTCUSDT,1782633600013,0.00001355,60170.2,MARK_PRICE_PREVIOUS_FALLBACK,1782633600000,13
BTCUSDT,1782662400000,0.0000443,59854.54542754,MARK_PRICE_EXACT_OPEN,1782662400000,0
BTCUSDT,1782691200006,0.00003112,59550.3,MARK_PRICE_PREVIOUS_FALLBACK,1782691140000,60006
BTCUSDT,1782720000013,0.00007444,60001.22944928,MARK_PRICE_PREVIOUS_FALLBACK,60001.22944928,300
BTCUSDT,1782748800004,0.00008658,59803.37447101,MARK_PRICE_PREVIOUS_FALLBACK,59803.37447101,300
BTCUSDT,1782777600000,0.00006175,60226.3949058,MARK_PRICE_EXACT_OPEN,1782777600000,0
BTCUSDT,1782806400000,0.00008349,59498.43918841,MARK_PRICE_EXACT_OPEN,1782806400000,0
BTCUSDT,1782835200005,0.00003327,58416.39194203,MARK_PRICE_PREVIOUS_FALLBACK,1782835200000,5
BTCUSDT,1782864000000,0.00005532,58605.5,MARK_PRICE_EXACT_OPEN,1782864000000,0
BTCUSDT,1782892800000,0.00001853,58744.4,MARK_PRICE_EXACT_OPEN,1782892800000,0
BTCUSDT,1782921600000,0.00007073,60120.79317391,MARK_PRICE_EXACT_OPEN,1782921600000,0
BTCUSDT,1782950400000,0.00008001,59999.6,MARK_PRICE_EXACT_OPEN,1782950400000,0
BTCUSDT,1782979200000,0.00005238,60126.1,MARK_PRICE_EXACT_OPEN,1782979200000,0
BTCUSDT,1783008000000,0.00005261,61583.7,MARK_PRICE_EXACT_OPEN,1783008000000,0
BTCUSDT,1783036800000,0.0001,61540.6,MARK_PRICE_EXACT_OPEN,1783036800000,0
BTCUSDT,1783065600007,0.0001,61743.7,MARK_PRICE_PREVIOUS_FALLBACK,1783065600000,7
BTCUSDT,1783094400000,0.0000374,61895.70575362,MARK_PRICE_EXACT_OPEN,1783094400000,0
BTCUSDT,1783123200000,0.0001,62570.24781884,MARK_PRICE_EXACT_OPEN,1783123200000,0
BTCUSDT,1783152000000,0.0001,62549.3,MARK_PRICE_EXACT_OPEN,1783152000000,0
BTCUSDT,1783180800007,0.0000948,62875.9,MARK_PRICE_PREVIOUS_FALLBACK,1783180800000,7
BTCUSDT,1783209600003,0.00009533,63062.2,MARK_PRICE_PREVIOUS_FALLBACK,1783209600000,3
BTCUSDT,1783238400001,0.00008873,63029.8,MARK_PRICE_PREVIOUS_FALLBACK,1783238400000,1
BTCUSDT,1783267200000,0.00008608,62712,MARK_PRICE_EXACT_OPEN,1783267200000,0
BTCUSDT,1783296000000,0.000077,63625.51176812,MARK_PRICE_EXACT_OPEN,1783296000000,0
BTCUSDT,1783324800000,0.0000612,63064.5,MARK_PRICE_EXACT_OPEN,1783324800000,0
BTCUSDT,1783353600000,0.0001,63508.6,MARK_PRICE_EXACT_OPEN,1783353600000,0
BTCUSDT,1783382400000,0.0001,64023.5,MARK_PRICE_EXACT_OPEN,1783382400000,0
BTCUSDT,1783411200000,0.00005792,63062.7,MARK_PRICE_EXACT_OPEN,1783411200000,0
BTCUSDT,1783440000000,0.00006825,63909.9,MARK_PRICE_EXACT_OPEN,1783440000000,0
BTCUSDT,1783468800000,0.00004846,63331.2,MARK_PRICE_EXACT_OPEN,1783468800000,0
BTCUSDT,1783497600000,0.00000724,62857.19052899,MARK_PRICE_EXACT_OPEN,1783497600000,0
BTCUSDT,1783526400000,0.00007171,61687.33938531,MARK_PRICE_EXACT_OPEN,1783526400000,0
BTCUSDT,1783555200000,0.0000616,62257.5,MARK_PRICE_EXACT_OPEN,1783555200000,0
BTCUSDT,1783584000001,0.00006615,62945.4,MARK_PRICE_PREVIOUS_FALLBACK,1783584000000,1
BTCUSDT,1783612800001,0.00004912,62878.0137029,MARK_PRICE_PREVIOUS_FALLBACK,1783612800000,1
BTCUSDT,1783641600000,0.00009058,63197.73012319,MARK_PRICE_EXACT_OPEN,1783641600000,0
BTCUSDT,1783670400005,0.00007247,63951.87957971,MARK_PRICE_PREVIOUS_FALLBACK,1783670400000,5
BTCUSDT,1783699200005,0.00009508,64022.1,MARK_PRICE_PREVIOUS_FALLBACK,1783699200000,5
BTCUSDT,1783728000000,0.0001,64129.4,MARK_PRICE_EXACT_OPEN,1783728000000,0
BTCUSDT,1783756800000,0.00000942,64132.6,MARK_PRICE_EXACT_OPEN,1783756800000,0
BTCUSDT,1783785600000,0.00004156,64142.50822464,MARK_PRICE_EXACT_OPEN,1783785600000,0
BTCUSDT,1783814400000,0.00004651,63787.76547826,MARK_PRICE_EXACT_OPEN,1783814400000,0
BTCUSDT,1783843200003,0.00006315,63855.80273188,MARK_PRICE_PREVIOUS_FALLBACK,1783843200000,3
BTCUSDT,1783872000000,0.00007578,64150.28418841,MARK_PRICE_EXACT_OPEN,1783872000000,0
BTCUSDT,1783900800000,0.00001521,63750,MARK_PRICE_EXACT_OPEN,1783900800000,0
BTCUSDT,1783929600001,0.00004856,62984.1,MARK_PRICE_PREVIOUS_FALLBACK,1783929600000,1
BTCUSDT,1783958400004,0.0001,62557.39122464,MARK_PRICE_PREVIOUS_FALLBACK,1783958400000,4
BTCUSDT,1783987200000,0.00008256,62307,MARK_PRICE_EXACT_OPEN,1783987200000,0
BTCUSDT,1784016000002,0.00003489,62547.6,MARK_PRICE_PREVIOUS_FALLBACK,1784016000000,2
BTCUSDT,1784044800001,0.0000559,64766.50147826,MARK_PRICE_PREVIOUS_FALLBACK,1784044800000,1
BTCUSDT,1784073600005,0.0001,65020.55771014,MARK_PRICE_PREVIOUS_FALLBACK,1784073600000,5
BTCUSDT,1784102400002,0.0001,64579.8,MARK_PRICE_PREVIOUS_FALLBACK,1784102400000,2
BTCUSDT,1784131200000,0.00004457,65392.88324638,MARK_PRICE_EXACT_OPEN,1784131200000,0
BTCUSDT,1784160000000,0.00002426,64722.2135982,MARK_PRICE_EXACT_OPEN,1784160000000,0
BTCUSDT,1784188800003,0.00007584,64224.19482609,MARK_PRICE_PREVIOUS_FALLBACK,1784188800000,3
BTCUSDT,1784217600002,0.00006102,64675.29968116,MARK_PRICE_PREVIOUS_FALLBACK,1784217600000,2
BTCUSDT,1784246400000,0.00007639,63804.35297101,MARK_PRICE_EXACT_OPEN,1784246400000,0
BTCUSDT,1784275200010,0.0000152,62763.3,MARK_PRICE_PREVIOUS_FALLBACK,1784275200000,10
BTCUSDT,1784304000004,0.00006045,63406.71894928,MARK_PRICE_PREVIOUS_FALLBACK,1784304000000,4
BTCUSDT,1784332800000,0.00003074,63910,MARK_PRICE_EXACT_OPEN,1784332800000,0
BTCUSDT,1784361600000,0.00006955,63991.55073913,MARK_PRICE_EXACT_OPEN,1784361600000,0
BTCUSDT,1784390400001,0.00003326,64090,MARK_PRICE_PREVIOUS_FALLBACK,1784390400000,1
BTCUSDT,1784419200003,0.00000406,64817.43194928,MARK_PRICE_PREVIOUS_FALLBACK,1784419200000,3
BTCUSDT,1784448000000,0.00006905,64692.2,MARK_PRICE_EXACT_OPEN,1784448000000,0
BTCUSDT,1784476800001,0.00005235,64545.2,MARK_PRICE_PREVIOUS_FALLBACK,1784476800000,1
BTCUSDT,1784505600000,0.0000489,64694.8,MARK_PRICE_EXACT_OPEN,1784505600000,0
BTCUSDT,1784534400001,0.00005278,64247.00612319,MARK_PRICE_PREVIOUS_FALLBACK,1784534400000,1
BTCUSDT,1784563200004,0.00006518,65548.8,MARK_PRICE_PREVIOUS_FALLBACK,1784563200000,4
BTCUSDT,1784592000001,0.000054,65156.2,MARK_PRICE_PREVIOUS_FALLBACK,1784592000000,1
BTCUSDT,1784620800000,0.00008926,66168.77917391,MARK_PRICE_EXACT_OPEN,1784620800000,0
BTCUSDT,1784649600002,0.00001894,66623.2,MARK_PRICE_PREVIOUS_FALLBACK,1784649600000,2
BTCUSDT,1784678400000,0.00003928,66522.4,MARK_PRICE_EXACT_OPEN,1784678400000,0
BTCUSDT,1784707200000,0.00005448,65813.4,MARK_PRICE_EXACT_OPEN,1784707200000,0
BTCUSDT,1784736000001,0.00001443,65997.57441304,MARK_PRICE_PREVIOUS_FALLBACK,1784736000000,1
BTCUSDT,1784764800000,-0.00000343,66084.47942754,MARK_PRICE_EXACT_OPEN,1784764800000,0
BTCUSDT,1784793600000,0.00000271,65405.48600725,MARK_PRICE_EXACT_OPEN,1784793600000,0
BTCUSDT,1784822400000,0.00008458,64940.4,MARK_PRICE_EXACT_OPEN,1784822400000,0
BTCUSDT,1784851200000,0.00007598,65069.66,MARK_PRICE_EXACT_OPEN,1784851200000,0
BTCUSDT,1784880000000,0.00005149,65470,MARK_PRICE_EXACT_OPEN,1784880000000,0
BTCUSDT,1784908800008,0.00005879,64043.2,MARK_PRICE_PREVIOUS_FALLBACK,1784908800000,8
BTCUSDT,1784937600002,0.00006074,64111.32152899,MARK_PRICE_PREVIOUS_FALLBACK,1784937600000,2
BTCUSDT,1784966400000,0.00005425,63973.15203623,MARK_PRICE_EXACT_OPEN,1784966400000,0
BTCUSDT,1784995200000,0.00000729,64150.04874638,MARK_PRICE_EXACT_OPEN,1784995200000,0
BTCUSDT,1785024000000,0.00003878,64343.23595652,MARK_PRICE_EXACT_OPEN,1785024000000,0
BTCUSDT,1785052800002,0.00005884,64336.79271014,MARK_PRICE_PREVIOUS_FALLBACK,1785052800000,2
BTCUSDT,1785081600000,0.00005819,64733.6,MARK_PRICE_EXACT_OPEN,1785081600000,0
BTCUSDT,1785110400010,0.00006147,65352.7,MARK_PRICE_PREVIOUS_FALLBACK,1785110400000,10
BTCUSDT,1785139200000,0.00006452,65196.12289855,MARK_PRICE_EXACT_OPEN,1785139200000,0
BTCUSDT,1785168000001,0.0000504,64521.2,MARK_PRICE_PREVIOUS_FALLBACK,1785168000000,1
BTCUSDT,1785196800000,0.00004208,63720.85151449,MARK_PRICE_EXACT_OPEN,1785196800000,0
BTCUSDT,1785225600000,0.00000125,63476.8,MARK_PRICE_EXACT_OPEN,1785225600000,0
BTCUSDT,1785254400000,0.00006689,63903.52981159,MARK_PRICE_EXACT_OPEN,1785254400000,0
BTCUSDT,1785283200000,0.0001,63903.6,MARK_PRICE_EXACT_OPEN,1785283200000,0
BTCUSDT,1785312000002,0.0001,64530.27733333,MARK_PRICE_PREVIOUS_FALLBACK,1785312000000,2
BTCUSDT,1785340800000,0.00003665,63950.19780435,MARK_PRICE_EXACT_OPEN,1785340800000,0
BTCUSDT,1785369600000,0.00008462,63959,MARK_PRICE_EXACT_OPEN,1785369600000,0
BTCUSDT,1785398400000,0.00007278,63984.18664493,MARK_PRICE_EXACT_OPEN,1785398400000,0
BTCUSDT,1785427200000,0.00009029,64698.14499275,MARK_PRICE_EXACT_OPEN,1785427200000,0
BTCUSDT,1785456000003,0.0001,64800.70426812,MARK_PRICE_PREVIOUS_FALLBACK,1785456000000,3
BTCUSDT,1785484800000,0.00009405,63912.92723188,MARK_PRICE_EXACT_OPEN,1785484800000,0
BTCUSDT,1785513600000,0.00005664,62696.71869565,MARK_PRICE_EXACT_OPEN,1785513600000,0
