symbol,fundingTime,fundingRate,markPrice,markPriceSource,markPriceTimestamp,stalenessMs
ETHUSDT,1609459200002,0.00034491,737.38703534,MARK_PRICE_PREVIOUS_FALLBACK,1609459200000,2
ETHUSDT,1609488000006,0.00061141,738.49488154,MARK_PRICE_PREVIOUS_FALLBACK,1609488000000,6
ETHUSDT,1609516800003,0.00056803,736.91497291,MARK_PRICE_PREVIOUS_FALLBACK,1609516800000,3
ETHUSDT,1609545600000,0.00025572,729.69612489,MARK_PRICE_EXACT_OPEN,1609545600000,0
ETHUSDT,1609574400000,0.00049233,735.82,MARK_PRICE_EXACT_OPEN,1609574400000,0
ETHUSDT,1609603200006,0.00109186,771.19,MARK_PRICE_PREVIOUS_FALLBACK,1609603200000,6
ETHUSDT,1609632000018,0.00062004,775.15208718,MARK_PRICE_PREVIOUS_FALLBACK,1609632000000,18
ETHUSDT,1609660800000,0.00074404,800.89554172,MARK_PRICE_EXACT_OPEN,1609660800000,0
ETHUSDT,1609689600002,0.00171498,929.80922416,MARK_PRICE_PREVIOUS_FALLBACK,1609689600000,2
ETHUSDT,1609718400000,0.00295549,980.05,MARK_PRICE_EXACT_OPEN,1609718400000,0
ETHUSDT,1609747200000,0.00375,1052.33,MARK_PRICE_EXACT_OPEN,1609747200000,0
ETHUSDT,1609776000000,0.00085432,1039.5579315,MARK_PRICE_EXACT_OPEN,1609776000000,0
ETHUSDT,1609804800020,0.00102541,1048.5522523,MARK_PRICE_PREVIOUS_FALLBACK,1609804800000,20
ETHUSDT,1609833600003,0.0004305,1008.3,MARK_PRICE_PREVIOUS_FALLBACK,1609833600000,3
ETHUSDT,1609862400003,0.00102796,1053.52,MARK_PRICE_PREVIOUS_FALLBACK,1609862400000,3
ETHUSDT,1609891200010,0.0018218,1108.64571249,MARK_PRICE_PREVIOUS_FALLBACK,1609891200000,10
ETHUSDT,1609920000003,0.00222459,1113.91,MARK_PRICE_PREVIOUS_FALLBACK,1609920000000,3
ETHUSDT,1609948800000,0.00253317,1143.90325349,MARK_PRICE_EXACT_OPEN,1609948800000,0
ETHUSDT,1609977600007,0.00114512,1218.11498348,MARK_PRICE_PREVIOUS_FALLBACK,1609977600000,7
ETHUSDT,1610006400000,0.00165953,1186.86,MARK_PRICE_EXACT_OPEN,1610006400000,0
ETHUSDT,1610035200004,0.00176605,1258.60170149,MARK_PRICE_PREVIOUS_FALLBACK,1610035200000,4
ETHUSDT,1610064000000,0.00171757,1226.83,MARK_PRICE_EXACT_OPEN,1610064000000,0
ETHUSDT,1610092800000,0.00077262,1208.81,MARK_PRICE_EXACT_OPEN,1610092800000,0
ETHUSDT,1610121600000,0.00137534,1217.25,MARK_PRICE_EXACT_OPEN,1610121600000,0
ETHUSDT,1610150400009,0.0006769,1224.11047615,MARK_PRICE_PREVIOUS_FALLBACK,1610150400000,9
ETHUSDT,1610179200004,0.00068612,1195.44480327,MARK_PRICE_PREVIOUS_FALLBACK,1610179200000,4
ETHUSDT,1610208000000,0.00156908,1222.04056794,MARK_PRICE_EXACT_OPEN,1610208000000,0
ETHUSDT,1610236800000,0.00340522,1279.86691273,MARK_PRICE_EXACT_OPEN,1610236800000,0
ETHUSDT,1610265600005,0.00202919,1350.1058673,MARK_PRICE_PREVIOUS_FALLBACK,1610265600000,5
ETHUSDT,1610294400000,0.00126049,1305.43,MARK_PRICE_EXACT_OPEN,1610294400000,0
ETHUSDT,1610323200000,0.00177547,1257.96,MARK_PRICE_EXACT_OPEN,1610323200000,0
ETHUSDT,1610352000012,0.0006624,1070.14853531,MARK_PRICE_PREVIOUS_FALLBACK,1610352000000,12
ETHUSDT,1610380800000,0.00039691,977.68,MARK_PRICE_EXACT_OPEN,1610380800000,0
ETHUSDT,1610409600000,0.0001,1086.94,MARK_PRICE_EXACT_OPEN,1610409600000,0
ETHUSDT,1610438400000,0.00045084,1140.31,MARK_PRICE_EXACT_OPEN,1610438400000,0
ETHUSDT,1610467200008,0.00058059,1060.76596999,MARK_PRICE_PREVIOUS_FALLBACK,1610467200000,8
ETHUSDT,1610496000001,0.00037339,1046.43331614,MARK_PRICE_PREVIOUS_FALLBACK,1610496000000,1
ETHUSDT,1610524800000,0.0001184,1075.89,MARK_PRICE_EXACT_OPEN,1610524800000,0
ETHUSDT,1610553600003,0.00040496,1077.98766264,MARK_PRICE_PREVIOUS_FALLBACK,1610553600000,3
ETHUSDT,1610582400000,0.00054804,1130.42,MARK_PRICE_EXACT_OPEN,1610582400000,0
ETHUSDT,1610611200012,0.0005229,1153.02991361,MARK_PRICE_PREVIOUS_FALLBACK,1610611200000,12
ETHUSDT,1610640000000,0.0007165,1213.27162154,MARK_PRICE_EXACT_OPEN,1610640000000,0
ETHUSDT,1610668800002,0.00027278,1238.18608813,MARK_PRICE_PREVIOUS_FALLBACK,1610668800000,2
ETHUSDT,1610697600000,0.00055774,1241.08856413,MARK_PRICE_EXACT_OPEN,1610697600000,0
ETHUSDT,1610726400004,0.00087472,1125.62783644,MARK_PRICE_PREVIOUS_FALLBACK,1610726400000,4
ETHUSDT,1610755200000,0.00014675,1168.89918804,MARK_PRICE_EXACT_OPEN,1610755200000,0
ETHUSDT,1610784000008,0.00054404,1185.87454937,MARK_PRICE_PREVIOUS_FALLBACK,1610784000000,8
ETHUSDT,1610812800000,0.00152456,1280.01912833,MARK_PRICE_EXACT_OPEN,1610812800000,0
ETHUSDT,1610841600009,0.00106467,1226.15,MARK_PRICE_PREVIOUS_FALLBACK,1610841600000,9
ETHUSDT,1610870400000,0.00050098,1182.44351231,MARK_PRICE_EXACT_OPEN,1610870400000,0
ETHUSDT,1610899200001,0.00051088,1237.63254085,MARK_PRICE_PREVIOUS_FALLBACK,1610899200000,1
ETHUSDT,1610928000000,0.00109082,1233.45497976,MARK_PRICE_EXACT_OPEN,1610928000000,0
ETHUSDT,1610956800004,0.00028606,1220.95333603,MARK_PRICE_PREVIOUS_FALLBACK,1610956800000,4
ETHUSDT,1610985600000,0.00109269,1242.01,MARK_PRICE_EXACT_OPEN,1610985600000,0
ETHUSDT,1611014400000,0.00121462,1261.81328882,MARK_PRICE_EXACT_OPEN,1611014400000,0
ETHUSDT,1611043200005,0.00197982,1382.99356313,MARK_PRICE_PREVIOUS_FALLBACK,1611043200000,5
ETHUSDT,1611072000012,0.00199604,1416.13958631,MARK_PRICE_PREVIOUS_FALLBACK,1611072000000,12
ETHUSDT,1611100800012,0.00153883,1361.01141865,MARK_PRICE_PREVIOUS_FALLBACK,1611100800000,12
ETHUSDT,1611129600001,0.00072796,1371.67,MARK_PRICE_PREVIOUS_FALLBACK,1611129600000,1
ETHUSDT,1611158400001,0.00048461,1266.53770145,MARK_PRICE_PREVIOUS_FALLBACK,1611158400000,1
ETHUSDT,1611187200000,0.00034937,1378.90740655,MARK_PRICE_EXACT_OPEN,1611187200000,0
ETHUSDT,1611216000000,0.00065753,1310.3319064,MARK_PRICE_EXACT_OPEN,1611216000000,0
ETHUSDT,1611244800004,0.00037547,1181.63820464,MARK_PRICE_PREVIOUS_FALLBACK,1611244800000,4
ETHUSDT,1611273600012,0.00020251,1112.1540693,MARK_PRICE_PREVIOUS_FALLBACK,1611273600000,12
ETHUSDT,1611302400003,0.00016737,1147.58498519,MARK_PRICE_PREVIOUS_FALLBACK,1611302400000,3
ETHUSDT,1611331200001,0.0001,1235.60562992,MARK_PRICE_PREVIOUS_FALLBACK,1611331200000,1
ETHUSDT,1611360000000,0.00015431,1234.52102302,MARK_PRICE_EXACT_OPEN,1611360000000,0
ETHUSDT,1611388800002,0.00020659,1261.83060754,MARK_PRICE_PREVIOUS_FALLBACK,1611388800000,2
ETHUSDT,1611417600000,0.00028319,1231.41,MARK_PRICE_EXACT_OPEN,1611417600000,0
ETHUSDT,1611446400001,0.00093097,1234.06062395,MARK_PRICE_PREVIOUS_FALLBACK,1611446400000,1
ETHUSDT,1611475200011,0.00058705,1319.48121038,MARK_PRICE_PREVIOUS_FALLBACK,1611475200000,11
ETHUSDT,1611504000005,0.00094274,1323.26311392,MARK_PRICE_PREVIOUS_FALLBACK,1611504000000,5
ETHUSDT,1611532800007,0.00050723,1391.01,MARK_PRICE_PREVIOUS_FALLBACK,1611532800000,7
ETHUSDT,1611561600012,0.00105754,1427.57368742,MARK_PRICE_PREVIOUS_FALLBACK,1611561600000,12
ETHUSDT,1611590400000,0.00093264,1435.65671954,MARK_PRICE_EXACT_OPEN,1611590400000,0
ETHUSDT,1611619200007,0.00034093,1311.72591344,MARK_PRICE_PREVIOUS_FALLBACK,1611619200000,7
ETHUSDT,1611648000000,0.00031895,1318.3,MARK_PRICE_EXACT_OPEN,1611648000000,0
ETHUSDT,1611676800000,0.0001,1280.67279855,MARK_PRICE_EXACT_OPEN,1611676800000,0
ETHUSDT,1611705600000,0.00036342,1367.75864401,MARK_PRICE_EXACT_OPEN,1611705600000,0
ETHUSDT,1611734400011,0.0001,1290.49976948,MARK_PRICE_PREVIOUS_FALLBACK,1611734400000,11
ETHUSDT,1611763200003,0.0001,1278.78826367,MARK_PRICE_PREVIOUS_FALLBACK,1611763200000,3
ETHUSDT,1611792000000,0.00014794,1239.51840673,MARK_PRICE_EXACT_OPEN,1611792000000,0
ETHUSDT,1611820800000,0.0001,1285.53,MARK_PRICE_EXACT_OPEN,1611820800000,0
ETHUSDT,1611849600000,0.00056884,1351.64801483,MARK_PRICE_EXACT_OPEN,1611849600000,0
ETHUSDT,1611878400009,0.00112844,1329.4838193,MARK_PRICE_PREVIOUS_FALLBACK,1611878400000,9
ETHUSDT,1611907200000,0.00061388,1317.36,MARK_PRICE_EXACT_OPEN,1611907200000,0
ETHUSDT,1611936000000,0.00241392,1397.61406207,MARK_PRICE_EXACT_OPEN,1611936000000,0
ETHUSDT,1611964800000,0.00094051,1381.58,MARK_PRICE_EXACT_OPEN,1611964800000,0
ETHUSDT,1611993600000,0.00037882,1347.6303436,MARK_PRICE_EXACT_OPEN,1611993600000,0
ETHUSDT,1612022400000,0.00072777,1372.91,MARK_PRICE_EXACT_OPEN,1612022400000,0
ETHUSDT,1612051200009,0.00115111,1377.94683286,MARK_PRICE_PREVIOUS_FALLBACK,1612051200000,9
ETHUSDT,1612080000000,0.00113497,1347.27996314,MARK_PRICE_EXACT_OPEN,1612080000000,0
ETHUSDT,1612108800000,0.00072236,1311.65,MARK_PRICE_EXACT_OPEN,1612108800000,0
ETHUSDT,1612137600001,0.00025014,1309.24310295,MARK_PRICE_PREVIOUS_FALLBACK,1612137600000,1
ETHUSDT,1612166400014,0.00055359,1319.77943419,MARK_PRICE_PREVIOUS_FALLBACK,1612166400000,14
ETHUSDT,1612195200000,0.00061764,1303.05769633,MARK_PRICE_EXACT_OPEN,1612195200000,0
ETHUSDT,1612224000000,0.00050304,1375.97363877,MARK_PRICE_EXACT_OPEN,1612224000000,0
ETHUSDT,1612252800006,0.00120708,1420.41041963,MARK_PRICE_PREVIOUS_FALLBACK,1612252800000,6
ETHUSDT,1612281600000,0.00165937,1428.46,MARK_PRICE_EXACT_OPEN,1612281600000,0
ETHUSDT,1612310400009,0.00151935,1519.43667845,MARK_PRICE_PREVIOUS_FALLBACK,1612310400000,9
ETHUSDT,1612339200006,0.00155522,1547.68942019,MARK_PRICE_PREVIOUS_FALLBACK,1612339200000,6
ETHUSDT,1612368000006,0.00167923,1608.35147655,MARK_PRICE_PREVIOUS_FALLBACK,1612368000000,6
ETHUSDT,1612396800005,0.00146092,1670.94953306,MARK_PRICE_PREVIOUS_FALLBACK,1612396800000,5
ETHUSDT,1612425600000,0.00135459,1664.47,MARK_PRICE_EXACT_OPEN,1612425600000,0
ETHUSDT,1612454400011,0.00145079,1575.83,MARK_PRICE_PREVIOUS_FALLBACK,1612454400000,11
ETHUSDT,1612483200009,0.00113736,1605.80050824,MARK_PRICE_PREVIOUS_FALLBACK,1612483200000,9
ETHUSDT,1612512000004,0.0017643,1671.510087,MARK_PRICE_PREVIOUS_FALLBACK,1612512000000,4
ETHUSDT,1612540800000,0.00155465,1744.23401211,MARK_PRICE_EXACT_OPEN,1612540800000,0
ETHUSDT,1612569600008,0.00117123,1725.14217593,MARK_PRICE_PREVIOUS_FALLBACK,1612569600000,8
ETHUSDT,1612598400009,0.00107002,1675.36472576,MARK_PRICE_PREVIOUS_FALLBACK,1612598400000,9
ETHUSDT,1612627200000,0.00143968,1677.12223118,MARK_PRICE_EXACT_OPEN,1612627200000,0
ETHUSDT,1612656000000,0.00171115,1679.06532979,MARK_PRICE_EXACT_OPEN,1612656000000,0
ETHUSDT,1612684800005,0.00051183,1629.92977791,MARK_PRICE_PREVIOUS_FALLBACK,1612684800000,5
ETHUSDT,1612713600001,0.00065683,1533.26184993,MARK_PRICE_PREVIOUS_FALLBACK,1612713600000,1
ETHUSDT,1612742400000,0.0001,1611.99,MARK_PRICE_EXACT_OPEN,1612742400000,0
ETHUSDT,1612771200001,0.00039877,1642.07308132,MARK_PRICE_PREVIOUS_FALLBACK,1612771200000,1
ETHUSDT,1612800000000,0.00284408,1737.81,MARK_PRICE_EXACT_OPEN,1612800000000,0
ETHUSDT,1612828800010,0.00227548,1761.69020154,MARK_PRICE_PREVIOUS_FALLBACK,1612828800000,10
ETHUSDT,1612857600006,0.00193315,1759.94444186,MARK_PRICE_PREVIOUS_FALLBACK,1612857600000,6
ETHUSDT,1612886400007,0.00143234,1756.16,MARK_PRICE_PREVIOUS_FALLBACK,1612886400000,7
ETHUSDT,1612915200009,0.00156788,1777.56358011,MARK_PRICE_PREVIOUS_FALLBACK,1612915200000,9
ETHUSDT,1612944000014,0.00218071,1823.49949121,MARK_PRICE_PREVIOUS_FALLBACK,1612944000000,14
ETHUSDT,1612972800005,0.00085146,1702.36069979,MARK_PRICE_PREVIOUS_FALLBACK,1612972800000,5
ETHUSDT,1613001600000,0.00071884,1743.31,MARK_PRICE_EXACT_OPEN,1613001600000,0
ETHUSDT,1613030400000,0.00065956,1739.25464217,MARK_PRICE_EXACT_OPEN,1613030400000,0
ETHUSDT,1613059200000,0.00180566,1801.13,MARK_PRICE_EXACT_OPEN,1613059200000,0
ETHUSDT,1613088000000,0.00092117,1789.95,MARK_PRICE_EXACT_OPEN,1613088000000,0
ETHUSDT,1613116800000,0.00050482,1770.35770513,MARK_PRICE_EXACT_OPEN,1613116800000,0
ETHUSDT,1613145600000,0.00153886,1790.65,MARK_PRICE_EXACT_OPEN,1613145600000,0
ETHUSDT,1613174400001,0.00228313,1850.1328054,MARK_PRICE_PREVIOUS_FALLBACK,1613174400000,1
ETHUSDT,1613203200003,0.00173035,1809.89458748,MARK_PRICE_PREVIOUS_FALLBACK,1613203200000,3
ETHUSDT,1613232000000,0.00094692,1819.5179934,MARK_PRICE_EXACT_OPEN,1613232000000,0
ETHUSDT,1613260800013,0.00110785,1818.53584652,MARK_PRICE_PREVIOUS_FALLBACK,1613260800000,13
ETHUSDT,1613289600000,0.00176822,1835,MARK_PRICE_EXACT_OPEN,1613289600000,0
ETHUSDT,1613318400008,0.0012426,1797.4976077,MARK_PRICE_PREVIOUS_FALLBACK,1613318400000,8
ETHUSDT,1613347200000,0.0007946,1803.92630332,MARK_PRICE_EXACT_OPEN,1613347200000,0
ETHUSDT,1613376000006,0.00013827,1753.40331199,MARK_PRICE_PREVIOUS_FALLBACK,1613376000000,6
ETHUSDT,1613404800000,0.00081146,1812.68575889,MARK_PRICE_EXACT_OPEN,1613404800000,0
ETHUSDT,1613433600001,0.00104485,1785.35898329,MARK_PRICE_PREVIOUS_FALLBACK,1613433600000,1
ETHUSDT,1613462400000,0.00112937,1799.43,MARK_PRICE_EXACT_OPEN,1613462400000,0
ETHUSDT,1613491200010,0.00114441,1774.53017738,MARK_PRICE_PREVIOUS_FALLBACK,1613491200000,10
ETHUSDT,1613520000005,0.00092761,1786.81619852,MARK_PRICE_PREVIOUS_FALLBACK,1613520000000,5
ETHUSDT,1613548800010,0.00106083,1807.13,MARK_PRICE_PREVIOUS_FALLBACK,1613548800000,10
ETHUSDT,1613577600008,0.00232282,1824.33,MARK_PRICE_PREVIOUS_FALLBACK,1613577600000,8
ETHUSDT,1613606400012,0.0019495,1854.01,MARK_PRICE_PREVIOUS_FALLBACK,1613606400000,12
ETHUSDT,1613635200000,0.00202078,1902.67524937,MARK_PRICE_EXACT_OPEN,1613635200000,0
ETHUSDT,1613664000009,0.00118984,1916.68470377,MARK_PRICE_PREVIOUS_FALLBACK,1613664000000,9
ETHUSDT,1613692800010,0.00082051,1944.32766569,MARK_PRICE_PREVIOUS_FALLBACK,1613692800000,10
ETHUSDT,1613721600002,0.00139773,1925.53759229,MARK_PRICE_PREVIOUS_FALLBACK,1613721600000,2
ETHUSDT,1613750400008,0.00169023,1936.05,MARK_PRICE_PREVIOUS_FALLBACK,1613750400000,8
ETHUSDT,1613779200000,0.00196264,1958.58,MARK_PRICE_EXACT_OPEN,1613779200000,0
ETHUSDT,1613808000009,0.00189841,1997.5757384,MARK_PRICE_PREVIOUS_FALLBACK,1613808000000,9
ETHUSDT,1613836800000,0.0018588,1979.75,MARK_PRICE_EXACT_OPEN,1613836800000,0
ETHUSDT,1613865600007,0.00051516,1915.21010605,MARK_PRICE_PREVIOUS_FALLBACK,1613865600000,7
ETHUSDT,1613894400012,0.0004355,1908.93898663,MARK_PRICE_PREVIOUS_FALLBACK,1613894400000,12
ETHUSDT,1613923200001,0.00107233,1963.93894687,MARK_PRICE_PREVIOUS_FALLBACK,1613923200000,1
ETHUSDT,1613952000006,0.00077647,1936.65909164,MARK_PRICE_PREVIOUS_FALLBACK,1613952000000,6
ETHUSDT,1613980800002,0.00047334,1891.11,MARK_PRICE_PREVIOUS_FALLBACK,1613980800000,2
ETHUSDT,1614009600000,0.00034567,1732.72002932,MARK_PRICE_EXACT_OPEN,1614009600000,0
ETHUSDT,1614038400000,0.0001,1778.61411062,MARK_PRICE_EXACT_OPEN,1614038400000,0
ETHUSDT,1614067200006,0.00026168,1590.64,MARK_PRICE_PREVIOUS_FALLBACK,1614067200000,6
ETHUSDT,1614096000000,0.0001,1573.69907687,MARK_PRICE_EXACT_OPEN,1614096000000,0
ETHUSDT,1614124800012,0.00013438,1581.50684887,MARK_PRICE_PREVIOUS_FALLBACK,1614124800000,12
ETHUSDT,1614153600016,0.00039328,1645.96,MARK_PRICE_PREVIOUS_FALLBACK,1614153600000,16
ETHUSDT,1614182400011,0.00028758,1657.99577296,MARK_PRICE_PREVIOUS_FALLBACK,1614182400000,11
ETHUSDT,1614211200007,0.0004677,1628.33699297,MARK_PRICE_PREVIOUS_FALLBACK,1614211200000,7
ETHUSDT,1614240000000,0.00016178,1635.15,MARK_PRICE_EXACT_OPEN,1614240000000,0
ETHUSDT,1614268800010,0.0001,1631.69045838,MARK_PRICE_PREVIOUS_FALLBACK,1614268800000,10
ETHUSDT,1614297600000,0.0001,1481.76128969,MARK_PRICE_EXACT_OPEN,1614297600000,0
ETHUSDT,1614326400025,0.00014852,1436.48,MARK_PRICE_PREVIOUS_FALLBACK,1614326400000,25
ETHUSDT,1614355200010,0.00037736,1543.44209083,MARK_PRICE_PREVIOUS_FALLBACK,1614355200000,10
ETHUSDT,1614384000001,0.00018181,1446.3,MARK_PRICE_PREVIOUS_FALLBACK,1614384000000,1
ETHUSDT,1614412800000,0.0006196,1491.99597536,MARK_PRICE_EXACT_OPEN,1614412800000,0
ETHUSDT,1614441600000,0.0001,1453.56,MARK_PRICE_EXACT_OPEN,1614441600000,0
ETHUSDT,1614470400021,0.0001,1452.49,MARK_PRICE_PREVIOUS_FALLBACK,1614470400000,21
ETHUSDT,1614499200009,0.0001,1347.27340793,MARK_PRICE_PREVIOUS_FALLBACK,1614499200000,9
ETHUSDT,1614528000000,0.0001,1317.86975477,MARK_PRICE_EXACT_OPEN,1614528000000,0
ETHUSDT,1614556800000,0.0001,1420.03956963,MARK_PRICE_EXACT_OPEN,1614556800000,0
ETHUSDT,1614585600003,0.00033427,1440.91735556,MARK_PRICE_PREVIOUS_FALLBACK,1614585600000,3
ETHUSDT,1614614400001,0.00049119,1552,MARK_PRICE_PREVIOUS_FALLBACK,1614614400000,1
ETHUSDT,1614643200000,0.00049538,1571.07847783,MARK_PRICE_EXACT_OPEN,1614643200000,0
ETHUSDT,1614672000000,0.00035713,1541.33302432,MARK_PRICE_EXACT_OPEN,1614672000000,0
ETHUSDT,1614700800004,0.00039154,1551.53,MARK_PRICE_PREVIOUS_FALLBACK,1614700800000,4
ETHUSDT,1614729600000,0.0001,1486.46380855,MARK_PRICE_EXACT_OPEN,1614729600000,0
ETHUSDT,1614758400016,0.0001,1571.07858854,MARK_PRICE_PREVIOUS_FALLBACK,1614758400000,16
ETHUSDT,1614787200000,0.00087091,1602.06556491,MARK_PRICE_EXACT_OPEN,1614787200000,0
ETHUSDT,1614816000000,0.00047552,1567.81,MARK_PRICE_EXACT_OPEN,1614816000000,0
ETHUSDT,1614844800015,0.00015927,1574.50986172,MARK_PRICE_PREVIOUS_FALLBACK,1614844800000,15
ETHUSDT,1614873600001,0.00033061,1573.53713881,MARK_PRICE_PREVIOUS_FALLBACK,1614873600000,1
ETHUSDT,1614902400000,0.00024885,1539.86967744,MARK_PRICE_EXACT_OPEN,1614902400000,0
ETHUSDT,1614931200002,0.00022561,1473.36,MARK_PRICE_PREVIOUS_FALLBACK,1614931200000,2
ETHUSDT,1614960000008,0.0001,1475.72,MARK_PRICE_PREVIOUS_FALLBACK,1614960000000,8
ETHUSDT,1614988800000,0.00031476,1530.21,MARK_PRICE_EXACT_OPEN,1614988800000,0
ETHUSDT,1615017600000,0.00057512,1591.17766176,MARK_PRICE_EXACT_OPEN,1615017600000,0
ETHUSDT,1615046400000,0.00032891,1543.93838141,MARK_PRICE_EXACT_OPEN,1615046400000,0
ETHUSDT,1615075200006,0.00066496,1655.32,MARK_PRICE_PREVIOUS_FALLBACK,1615075200000,6
ETHUSDT,1615104000005,0.00023263,1688.15,MARK_PRICE_PREVIOUS_FALLBACK,1615104000000,5
ETHUSDT,1615132800008,0.00056927,1658.48,MARK_PRICE_PREVIOUS_FALLBACK,1615132800000,8
ETHUSDT,1615161600000,0.00011144,1727.89,MARK_PRICE_EXACT_OPEN,1615161600000,0
ETHUSDT,1615190400000,0.00045102,1691.82,MARK_PRICE_EXACT_OPEN,1615190400000,0
ETHUSDT,1615219200006,0.00056057,1748.03000023,MARK_PRICE_PREVIOUS_FALLBACK,1615219200000,6
ETHUSDT,1615248000000,0.00014784,1834.02080523,MARK_PRICE_EXACT_OPEN,1615248000000,0
ETHUSDT,1615276800000,0.00085203,1814.70524815,MARK_PRICE_EXACT_OPEN,1615276800000,0
ETHUSDT,1615305600000,0.00101744,1835.04,MARK_PRICE_EXACT_OPEN,1615305600000,0
ETHUSDT,1615334400009,0.00058485,1877.51350635,MARK_PRICE_PREVIOUS_FALLBACK,1615334400000,9
ETHUSDT,1615363200006,0.0005129,1810.35786636,MARK_PRICE_PREVIOUS_FALLBACK,1615363200000,6
ETHUSDT,1615392000008,0.00105856,1831.14753207,MARK_PRICE_PREVIOUS_FALLBACK,1615392000000,8
ETHUSDT,1615420800000,0.00079368,1796.78094283,MARK_PRICE_EXACT_OPEN,1615420800000,0
ETHUSDT,1615449600000,0.00034874,1768.15,MARK_PRICE_EXACT_OPEN,1615449600000,0
ETHUSDT,1615478400014,0.00080049,1804.06,MARK_PRICE_PREVIOUS_FALLBACK,1615478400000,14
ETHUSDT,1615507200002,0.00132622,1834.6,MARK_PRICE_PREVIOUS_FALLBACK,1615507200000,2
ETHUSDT,1615536000005,0.00072213,1791.88880267,MARK_PRICE_PREVIOUS_FALLBACK,1615536000000,5
ETHUSDT,1615564800011,0.00034512,1778,MARK_PRICE_PREVIOUS_FALLBACK,1615564800000,11
ETHUSDT,1615593600000,0.00030351,1768.22352325,MARK_PRICE_EXACT_OPEN,1615593600000,0
ETHUSDT,1615622400002,0.00039972,1796.20311792,MARK_PRICE_PREVIOUS_FALLBACK,1615622400000,2
ETHUSDT,1615651200000,0.00155198,1880.14176695,MARK_PRICE_EXACT_OPEN,1615651200000,0
ETHUSDT,1615680000011,0.00113056,1922.26646582,MARK_PRICE_PREVIOUS_FALLBACK,1615680000000,11
ETHUSDT,1615708800000,0.001048,1889.6,MARK_PRICE_EXACT_OPEN,1615708800000,0
ETHUSDT,1615737600000,0.00113023,1859.03,MARK_PRICE_EXACT_OPEN,1615737600000,0
ETHUSDT,1615766400012,0.00077413,1856.60326928,MARK_PRICE_PREVIOUS_FALLBACK,1615766400000,12
ETHUSDT,1615795200016,0.00081452,1791.2,MARK_PRICE_PREVIOUS_FALLBACK,1615795200000,16
ETHUSDT,1615824000030,0.00013021,1756.98,MARK_PRICE_PREVIOUS_FALLBACK,1615824000000,30
ETHUSDT,1615852800005,0.0001,1791.64,MARK_PRICE_PREVIOUS_FALLBACK,1615852800000,5
ETHUSDT,1615881600008,0.00045668,1800.10333879,MARK_PRICE_PREVIOUS_FALLBACK,1615881600000,8
ETHUSDT,1615910400012,0.00039653,1806.90432626,MARK_PRICE_PREVIOUS_FALLBACK,1615910400000,12
ETHUSDT,1615939200010,0.00064671,1813.15442319,MARK_PRICE_PREVIOUS_FALLBACK,1615939200000,10
ETHUSDT,1615968000000,0.00034812,1786.47717095,MARK_PRICE_EXACT_OPEN,1615968000000,0
ETHUSDT,1615996800009,0.00031521,1770.25178022,MARK_PRICE_PREVIOUS_FALLBACK,1615996800000,9
ETHUSDT,1616025600001,0.00099682,1831.75003888,MARK_PRICE_PREVIOUS_FALLBACK,1616025600000,1
ETHUSDT,1616054400000,0.00067631,1817.73,MARK_PRICE_EXACT_OPEN,1616054400000,0
ETHUSDT,1616083200000,0.00038027,1822.99704041,MARK_PRICE_EXACT_OPEN,1616083200000,0
ETHUSDT,1616112000011,0.0001,1774.74,MARK_PRICE_PREVIOUS_FALLBACK,1616112000000,11
ETHUSDT,1616140800001,0.0001,1797.80000391,MARK_PRICE_PREVIOUS_FALLBACK,1616140800000,1
ETHUSDT,1616169600000,0.00037762,1823.38,MARK_PRICE_EXACT_OPEN,1616169600000,0
ETHUSDT,1616198400000,0.00061811,1811.04,MARK_PRICE_EXACT_OPEN,1616198400000,0
ETHUSDT,1616227200000,0.000511,1823,MARK_PRICE_EXACT_OPEN,1616227200000,0
ETHUSDT,1616256000007,0.00102646,1860.2779605,MARK_PRICE_PREVIOUS_FALLBACK,1616256000000,7
ETHUSDT,1616284800000,0.00068264,1806.77673794,MARK_PRICE_EXACT_OPEN,1616284800000,0
ETHUSDT,1616313600000,0.0001,1780.64,MARK_PRICE_EXACT_OPEN,1616313600000,0
ETHUSDT,1616342400000,0.00019064,1790.23,MARK_PRICE_EXACT_OPEN,1616342400000,0
ETHUSDT,1616371200007,0.00053821,1787.20167958,MARK_PRICE_PREVIOUS_FALLBACK,1616371200000,7
ETHUSDT,1616400000001,0.00042754,1790.02,MARK_PRICE_PREVIOUS_FALLBACK,1616400000000,1
ETHUSDT,1616428800000,0.00044797,1779.70114715,MARK_PRICE_EXACT_OPEN,1616428800000,0
ETHUSDT,1616457600000,0.0001,1681.40035179,MARK_PRICE_EXACT_OPEN,1616457600000,0
ETHUSDT,1616486400010,0.00019899,1679.42,MARK_PRICE_PREVIOUS_FALLBACK,1616486400000,10
ETHUSDT,1616515200023,0.0003309,1702.42,MARK_PRICE_PREVIOUS_FALLBACK,1616515200000,23
ETHUSDT,1616544000002,0.00050608,1666.83,MARK_PRICE_PREVIOUS_FALLBACK,1616544000000,2
ETHUSDT,1616572800000,0.00010655,1695.69574278,MARK_PRICE_EXACT_OPEN,1616572800000,0
ETHUSDT,1616601600000,0.0004169,1723.46,MARK_PRICE_EXACT_OPEN,1616601600000,0
ETHUSDT,1616630400000,0.0001,1581.98650929,MARK_PRICE_EXACT_OPEN,1616630400000,0
ETHUSDT,1616659200000,0.0001,1574.00636364,MARK_PRICE_EXACT_OPEN,1616659200000,0
ETHUSDT,1616688000000,0.00035938,1596.60896343,MARK_PRICE_EXACT_OPEN,1616688000000,0
ETHUSDT,1616716800008,0.00042431,1590.58468844,MARK_PRICE_PREVIOUS_FALLBACK,1616716800000,8
ETHUSDT,1616745600000,0.0001,1630.75,MARK_PRICE_EXACT_OPEN,1616745600000,0
ETHUSDT,1616774400012,0.0001,1649.98,MARK_PRICE_PREVIOUS_FALLBACK,1616774400000,12
ETHUSDT,1616803200018,0.0001,1707.20390032,MARK_PRICE_PREVIOUS_FALLBACK,1616803200000,18
ETHUSDT,1616832000000,0.00015922,1693.65344501,MARK_PRICE_EXACT_OPEN,1616832000000,0
ETHUSDT,1616860800001,0.00034067,1688.84,MARK_PRICE_PREVIOUS_FALLBACK,1616860800000,1
ETHUSDT,1616889600000,0.00025751,1714.15899112,MARK_PRICE_EXACT_OPEN,1616889600000,0
ETHUSDT,1616918400000,0.00029541,1719.50420122,MARK_PRICE_EXACT_OPEN,1616918400000,0
ETHUSDT,1616947200005,0.00031424,1713.84616474,MARK_PRICE_PREVIOUS_FALLBACK,1616947200000,5
ETHUSDT,1616976000003,0.00022015,1687.67768351,MARK_PRICE_PREVIOUS_FALLBACK,1616976000000,3
ETHUSDT,1617004800000,0.00043803,1705.20005408,MARK_PRICE_EXACT_OPEN,1617004800000,0
ETHUSDT,1617033600000,0.00084253,1789.98439805,MARK_PRICE_EXACT_OPEN,1617033600000,0
ETHUSDT,1617062400018,0.00074011,1825.25085892,MARK_PRICE_PREVIOUS_FALLBACK,1617062400000,18
ETHUSDT,1617091200012,0.00056645,1821.77379675,MARK_PRICE_PREVIOUS_FALLBACK,1617091200000,12
ETHUSDT,1617120000001,0.00036654,1836.78,MARK_PRICE_PREVIOUS_FALLBACK,1617120000000,1
ETHUSDT,1617148800000,0.00076506,1843.51785701,MARK_PRICE_EXACT_OPEN,1617148800000,0
ETHUSDT,1617177600000,0.0010713,1816.24,MARK_PRICE_EXACT_OPEN,1617177600000,0
ETHUSDT,1617206400000,0.00038554,1850.14,MARK_PRICE_EXACT_OPEN,1617206400000,0
ETHUSDT,1617235200025,0.00156864,1933.64529683,MARK_PRICE_PREVIOUS_FALLBACK,1617235200000,25
ETHUSDT,1617264000011,0.00109222,1930.91,MARK_PRICE_PREVIOUS_FALLBACK,1617264000000,11
ETHUSDT,1617292800004,0.00064672,1953.11364701,MARK_PRICE_PREVIOUS_FALLBACK,1617292800000,4
ETHUSDT,1617321600000,0.00050452,1969.44281025,MARK_PRICE_EXACT_OPEN,1617321600000,0
ETHUSDT,1617350400000,0.00121799,1997.5,MARK_PRICE_EXACT_OPEN,1617350400000,0
ETHUSDT,1617379200000,0.00116568,2077.19,MARK_PRICE_EXACT_OPEN,1617379200000,0
ETHUSDT,1617408000003,0.00082856,2140.29381351,MARK_PRICE_PREVIOUS_FALLBACK,1617408000000,3
ETHUSDT,1617436800000,0.00143194,2113.81513481,MARK_PRICE_EXACT_OPEN,1617436800000,0
ETHUSDT,1617465600000,0.00086456,2071.46779324,MARK_PRICE_EXACT_OPEN,1617465600000,0
ETHUSDT,1617494400000,0.00060523,2012.60083096,MARK_PRICE_EXACT_OPEN,1617494400000,0
ETHUSDT,1617523200000,0.00106146,2036.91106001,MARK_PRICE_EXACT_OPEN,1617523200000,0
ETHUSDT,1617552000016,0.00038114,2077.48200964,MARK_PRICE_PREVIOUS_FALLBACK,1617552000000,16
ETHUSDT,1617580800000,0.00072788,2077.76483899,MARK_PRICE_EXACT_OPEN,1617580800000,0
ETHUSDT,1617609600001,0.00074688,2030.72699047,MARK_PRICE_PREVIOUS_FALLBACK,1617609600000,1
ETHUSDT,1617638400001,0.00085226,2122.22,MARK_PRICE_PREVIOUS_FALLBACK,1617638400000,1
ETHUSDT,1617667200010,0.00161366,2117.06485231,MARK_PRICE_PREVIOUS_FALLBACK,1617667200000,10
ETHUSDT,1617696000000,0.00064189,2101.15482981,MARK_PRICE_EXACT_OPEN,1617696000000,0
ETHUSDT,1617724800003,0.00061542,2080.48699671,MARK_PRICE_PREVIOUS_FALLBACK,1617724800000,3
ETHUSDT,1617753600000,0.00049128,2113.59537465,MARK_PRICE_EXACT_OPEN,1617753600000,0
ETHUSDT,1617782400006,0.00069613,2073.3784966,MARK_PRICE_PREVIOUS_FALLBACK,1617782400000,6
ETHUSDT,1617811200004,0.00032907,1970.16,MARK_PRICE_PREVIOUS_FALLBACK,1617811200000,4
ETHUSDT,1617840000013,0.00021468,1969.27,MARK_PRICE_PREVIOUS_FALLBACK,1617840000000,13
ETHUSDT,1617868800003,0.00026979,2029.62475585,MARK_PRICE_PREVIOUS_FALLBACK,1617868800000,3
ETHUSDT,1617897600005,0.00031551,2069.4534793,MARK_PRICE_PREVIOUS_FALLBACK,1617897600000,5
ETHUSDT,1617926400000,0.00038906,2081.94338098,MARK_PRICE_EXACT_OPEN,1617926400000,0
ETHUSDT,1617955200004,0.00043318,2080.09423031,MARK_PRICE_PREVIOUS_FALLBACK,1617955200000,4
ETHUSDT,1617984000004,0.00064034,2066.20047667,MARK_PRICE_PREVIOUS_FALLBACK,1617984000000,4
ETHUSDT,1618012800011,0.0001,2068.08,MARK_PRICE_PREVIOUS_FALLBACK,1618012800000,11
ETHUSDT,1618041600005,0.00209663,2173.44927145,MARK_PRICE_PREVIOUS_FALLBACK,1618041600000,5
ETHUSDT,1618070400000,0.00120257,2158.81,MARK_PRICE_EXACT_OPEN,1618070400000,0
ETHUSDT,1618099200004,0.00055892,2143.26324097,MARK_PRICE_PREVIOUS_FALLBACK,1618099200000,4
ETHUSDT,1618128000000,0.00086343,2132.36,MARK_PRICE_EXACT_OPEN,1618128000000,0
ETHUSDT,1618156800000,0.00091114,2151.619723,MARK_PRICE_EXACT_OPEN,1618156800000,0
ETHUSDT,1618185600001,0.00099657,2159.915567,MARK_PRICE_PREVIOUS_FALLBACK,1618185600000,1
ETHUSDT,1618214400001,0.00164512,2185.96661774,MARK_PRICE_PREVIOUS_FALLBACK,1618214400000,1
ETHUSDT,1618243200008,0.00067862,2111.17949489,MARK_PRICE_PREVIOUS_FALLBACK,1618243200000,8
ETHUSDT,1618272000003,0.00047138,2144.59211367,MARK_PRICE_PREVIOUS_FALLBACK,1618272000000,3
ETHUSDT,1618300800008,0.00117821,2171.01525515,MARK_PRICE_PREVIOUS_FALLBACK,1618300800000,8
ETHUSDT,1618329600008,0.00167603,2285.15651506,MARK_PRICE_PREVIOUS_FALLBACK,1618329600000,8
ETHUSDT,1618358400008,0.00152762,2305.94505276,MARK_PRICE_PREVIOUS_FALLBACK,1618358400000,8
ETHUSDT,1618387200000,0.00203587,2373.52,MARK_PRICE_EXACT_OPEN,1618387200000,0
ETHUSDT,1618416000012,0.00095658,2358.20834026,MARK_PRICE_PREVIOUS_FALLBACK,1618416000000,12
ETHUSDT,1618444800006,0.00113562,2446.63059304,MARK_PRICE_PREVIOUS_FALLBACK,1618444800000,6
ETHUSDT,1618473600000,0.00110097,2472.61,MARK_PRICE_EXACT_OPEN,1618473600000,0
ETHUSDT,1618502400008,0.00104862,2472.01,MARK_PRICE_PREVIOUS_FALLBACK,1618502400000,8
ETHUSDT,1618531200008,0.00146805,2526.01940605,MARK_PRICE_PREVIOUS_FALLBACK,1618531200000,8
ETHUSDT,1618560000000,0.00135711,2426.35646732,MARK_PRICE_EXACT_OPEN,1618560000000,0
ETHUSDT,1618588800002,0.0010812,2430.99212627,MARK_PRICE_PREVIOUS_FALLBACK,1618588800000,2
ETHUSDT,1618617600008,0.00076639,2434.78963712,MARK_PRICE_PREVIOUS_FALLBACK,1618617600000,8
ETHUSDT,1618646400000,0.0009833,2464.79172137,MARK_PRICE_EXACT_OPEN,1618646400000,0
ETHUSDT,1618675200001,0.00063599,2334.32,MARK_PRICE_PREVIOUS_FALLBACK,1618675200000,1
ETHUSDT,1618704000006,0.00052118,2326.24620482,MARK_PRICE_PREVIOUS_FALLBACK,1618704000000,6
ETHUSDT,1618732800004,0.00022241,2218.71,MARK_PRICE_PREVIOUS_FALLBACK,1618732800000,4
ETHUSDT,1618761600000,0.00044396,2145.32,MARK_PRICE_EXACT_OPEN,1618761600000,0
ETHUSDT,1618790400000,0.0001,2236.23655735,MARK_PRICE_EXACT_OPEN,1618790400000,0
ETHUSDT,1618819200000,0.0001,2268.85280227,MARK_PRICE_EXACT_OPEN,1618819200000,0
ETHUSDT,1618848000009,0.0005192,2088.05452324,MARK_PRICE_PREVIOUS_FALLBACK,1618848000000,9
ETHUSDT,1618876800004,0.0001,2172.29,MARK_PRICE_PREVIOUS_FALLBACK,1618876800000,4
ETHUSDT,1618905600000,0.00021279,2092.75205089,MARK_PRICE_EXACT_OPEN,1618905600000,0
ETHUSDT,1618934400001,0.0001,2195.21,MARK_PRICE_PREVIOUS_FALLBACK,1618934400000,1
ETHUSDT,1618963200013,0.0001,2339.3572016,MARK_PRICE_PREVIOUS_FALLBACK,1618963200000,13
ETHUSDT,1618992000001,0.0001,2298.82727562,MARK_PRICE_PREVIOUS_FALLBACK,1618992000000,1
ETHUSDT,1619020800002,0.0001,2446.15278654,MARK_PRICE_PREVIOUS_FALLBACK,1619020800000,2
ETHUSDT,1619049600000,0.00023315,2359.13714818,MARK_PRICE_EXACT_OPEN,1619049600000,0
ETHUSDT,1619078400000,0.00011151,2471.95,MARK_PRICE_EXACT_OPEN,1619078400000,0
ETHUSDT,1619107200001,0.0001,2616.02576417,MARK_PRICE_PREVIOUS_FALLBACK,1619107200000,1
ETHUSDT,1619136000002,0.0003898,2398.05141312,MARK_PRICE_PREVIOUS_FALLBACK,1619136000000,2
ETHUSDT,1619164800009,0.00041263,2141.21863119,MARK_PRICE_PREVIOUS_FALLBACK,1619164800000,9
ETHUSDT,1619193600001,0.0001,2334.35621442,MARK_PRICE_PREVIOUS_FALLBACK,1619193600000,1
ETHUSDT,1619222400019,0.00010335,2367.92,MARK_PRICE_PREVIOUS_FALLBACK,1619222400000,19
ETHUSDT,1619251200001,0.00030056,2269.68983138,MARK_PRICE_PREVIOUS_FALLBACK,1619251200000,1
ETHUSDT,1619280000011,0.0001,2243.47285437,MARK_PRICE_PREVIOUS_FALLBACK,1619280000000,11
ETHUSDT,1619308800000,0.0001,2214.54,MARK_PRICE_EXACT_OPEN,1619308800000,0
ETHUSDT,1619337600010,0.0001,2196.32,MARK_PRICE_PREVIOUS_FALLBACK,1619337600000,10
ETHUSDT,1619366400000,0.0001,2341.98404742,MARK_PRICE_EXACT_OPEN,1619366400000,0
ETHUSDT,1619395200003,0.0001,2323.95896008,MARK_PRICE_PREVIOUS_FALLBACK,1619395200000,3
ETHUSDT,1619424000002,0.0001,2455.83,MARK_PRICE_PREVIOUS_FALLBACK,1619424000000,2
ETHUSDT,1619452800004,0.0001,2513.61029843,MARK_PRICE_PREVIOUS_FALLBACK,1619452800000,4
ETHUSDT,1619481600000,0.0001,2534.26,MARK_PRICE_EXACT_OPEN,1619481600000,0
ETHUSDT,1619510400000,0.0001,2547.02,MARK_PRICE_EXACT_OPEN,1619510400000,0
ETHUSDT,1619539200009,0.00040663,2673.03,MARK_PRICE_PREVIOUS_FALLBACK,1619539200000,9
ETHUSDT,1619568000000,0.00034144,2668.38,MARK_PRICE_EXACT_OPEN,1619568000000,0
ETHUSDT,1619596800000,0.00019211,2613.05,MARK_PRICE_EXACT_OPEN,1619596800000,0
ETHUSDT,1619625600001,0.0001,2692.34714261,MARK_PRICE_PREVIOUS_FALLBACK,1619625600000,1
ETHUSDT,1619654400004,0.0001,2747.6075844,MARK_PRICE_PREVIOUS_FALLBACK,1619654400000,4
ETHUSDT,1619683200013,0.0001,2732.42670235,MARK_PRICE_PREVIOUS_FALLBACK,1619683200000,13
ETHUSDT,1619712000003,0.0001,2782.1,MARK_PRICE_PREVIOUS_FALLBACK,1619712000000,3
ETHUSDT,1619740800004,0.00014665,2759.46435679,MARK_PRICE_PREVIOUS_FALLBACK,1619740800000,4
ETHUSDT,1619769600019,0.00011668,2778.31,MARK_PRICE_PREVIOUS_FALLBACK,1619769600000,19
ETHUSDT,1619798400003,0.00051157,2739.44661338,MARK_PRICE_PREVIOUS_FALLBACK,1619798400000,3
ETHUSDT,1619827200002,0.0001,2771.09987548,MARK_PRICE_PREVIOUS_FALLBACK,1619827200000,2
ETHUSDT,1619856000006,0.00035155,2862.49182027,MARK_PRICE_PREVIOUS_FALLBACK,1619856000000,6
ETHUSDT,1619884800000,0.00012262,2867.00684114,MARK_PRICE_EXACT_OPEN,1619884800000,0
ETHUSDT,1619913600010,0.00023451,2946.39,MARK_PRICE_PREVIOUS_FALLBACK,1619913600000,10
ETHUSDT,1619942400011,0.00039722,2899.53086277,MARK_PRICE_PREVIOUS_FALLBACK,1619942400000,11
ETHUSDT,1619971200007,0.0001,2937.86,MARK_PRICE_PREVIOUS_FALLBACK,1619971200000,7
ETHUSDT,1620000000003,0.0001,2952.51,MARK_PRICE_PREVIOUS_FALLBACK,1620000000000,3
ETHUSDT,1620028800000,0.0001,3146.89283328,MARK_PRICE_EXACT_OPEN,1620028800000,0
ETHUSDT,1620057600043,0.00061627,3176.35725747,MARK_PRICE_PREVIOUS_FALLBACK,1620057600000,43
ETHUSDT,1620086400004,0.00031687,3441.36,MARK_PRICE_PREVIOUS_FALLBACK,1620086400000,4
ETHUSDT,1620115200003,0.00070707,3327.06963152,MARK_PRICE_PREVIOUS_FALLBACK,1620115200000,3
ETHUSDT,1620144000011,0.00071637,3250.19,MARK_PRICE_PREVIOUS_FALLBACK,1620144000000,11
ETHUSDT,1620172800001,0.00038408,3236.4,MARK_PRICE_PREVIOUS_FALLBACK,1620172800000,1
ETHUSDT,1620201600007,0.00078274,3345.3,MARK_PRICE_PREVIOUS_FALLBACK,1620201600000,7
ETHUSDT,1620230400001,0.00087977,3322.48,MARK_PRICE_PREVIOUS_FALLBACK,1620230400000,1
ETHUSDT,1620259200003,0.00068239,3531.27,MARK_PRICE_PREVIOUS_FALLBACK,1620259200000,3
ETHUSDT,1620288000001,0.00066648,3442.52394058,MARK_PRICE_PREVIOUS_FALLBACK,1620288000000,1
ETHUSDT,1620316800000,0.00110886,3556.13,MARK_PRICE_EXACT_OPEN,1620316800000,0
ETHUSDT,1620345600000,0.00026032,3492.39071733,MARK_PRICE_EXACT_OPEN,1620345600000,0
ETHUSDT,1620374400000,0.00049147,3437.74,MARK_PRICE_EXACT_OPEN,1620374400000,0
ETHUSDT,1620403200001,0.00038025,3574.3820618,MARK_PRICE_PREVIOUS_FALLBACK,1620403200000,1
ETHUSDT,1620432000006,0.00047199,3481.1014104,MARK_PRICE_PREVIOUS_FALLBACK,1620432000000,6
ETHUSDT,1620460800000,0.00070136,3529.58872059,MARK_PRICE_EXACT_OPEN,1620460800000,0
ETHUSDT,1620489600000,0.00030149,3635.69,MARK_PRICE_EXACT_OPEN,1620489600000,0
ETHUSDT,1620518400005,0.00058991,3911.10304441,MARK_PRICE_PREVIOUS_FALLBACK,1620518400000,5
ETHUSDT,1620547200016,0.00041522,3945.3017772,MARK_PRICE_PREVIOUS_FALLBACK,1620547200000,16
ETHUSDT,1620576000000,0.00054148,3878.44,MARK_PRICE_EXACT_OPEN,1620576000000,0
ETHUSDT,1620604800004,0.00068787,3927.89,MARK_PRICE_PREVIOUS_FALLBACK,1620604800000,4
ETHUSDT,1620633600000,0.0006638,4109.44452526,MARK_PRICE_EXACT_OPEN,1620633600000,0
ETHUSDT,1620662400013,0.00075749,4172.64069581,MARK_PRICE_PREVIOUS_FALLBACK,1620662400000,13
ETHUSDT,1620691200000,0.00041169,3950.32,MARK_PRICE_EXACT_OPEN,1620691200000,0
ETHUSDT,1620720000000,0.00043204,3962.86,MARK_PRICE_EXACT_OPEN,1620720000000,0
ETHUSDT,1620748800002,0.00029649,4027.4,MARK_PRICE_PREVIOUS_FALLBACK,1620748800000,2
ETHUSDT,1620777600004,0.0001,4168.45,MARK_PRICE_PREVIOUS_FALLBACK,1620777600000,4
ETHUSDT,1620806400007,0.00047462,4317.91976687,MARK_PRICE_PREVIOUS_FALLBACK,1620806400000,7
ETHUSDT,1620835200012,0.00054381,4192.2607294,MARK_PRICE_PREVIOUS_FALLBACK,1620835200000,12
ETHUSDT,1620864000016,0.00040983,3809.59280526,MARK_PRICE_PREVIOUS_FALLBACK,1620864000000,16
ETHUSDT,1620892800000,0.00014687,3971.13,MARK_PRICE_EXACT_OPEN,1620892800000,0
ETHUSDT,1620921600008,0.0001,3773.0792459,MARK_PRICE_PREVIOUS_FALLBACK,1620921600000,8
ETHUSDT,1620950400007,0.0001,3708.94473319,MARK_PRICE_PREVIOUS_FALLBACK,1620950400000,7
ETHUSDT,1620979200001,0.0001,3885.85687131,MARK_PRICE_PREVIOUS_FALLBACK,1620979200000,1
ETHUSDT,1621008000004,0.0001,4155.81,MARK_PRICE_PREVIOUS_FALLBACK,1621008000000,4
ETHUSDT,1621036800022,0.00038785,4075.49,MARK_PRICE_PREVIOUS_FALLBACK,1621036800000,22
ETHUSDT,1621065600014,0.00052101,3906.98,MARK_PRICE_PREVIOUS_FALLBACK,1621065600000,14
ETHUSDT,1621094400002,0.00046056,3855.25021455,MARK_PRICE_PREVIOUS_FALLBACK,1621094400000,2
ETHUSDT,1621123200000,0.00030702,3648.18200709,MARK_PRICE_EXACT_OPEN,1621123200000,0
ETHUSDT,1621152000003,0.00013134,3865.88387054,MARK_PRICE_PREVIOUS_FALLBACK,1621152000000,3
ETHUSDT,1621180800002,0.00018829,3618.98726364,MARK_PRICE_PREVIOUS_FALLBACK,1621180800000,2
ETHUSDT,1621209600005,0.00015608,3580.43865152,MARK_PRICE_PREVIOUS_FALLBACK,1621209600000,5
ETHUSDT,1621238400001,0.000335,3530.84256544,MARK_PRICE_PREVIOUS_FALLBACK,1621238400000,1
ETHUSDT,1621267200000,0.0007001,3290.24,MARK_PRICE_EXACT_OPEN,1621267200000,0
ETHUSDT,1621296000019,0.00018459,3304.71101876,MARK_PRICE_PREVIOUS_FALLBACK,1621296000000,19
ETHUSDT,1621324800001,0.0001,3514.9,MARK_PRICE_PREVIOUS_FALLBACK,1621324800000,1
ETHUSDT,1621353600006,0.0006146,3357.94211937,MARK_PRICE_PREVIOUS_FALLBACK,1621353600000,6
ETHUSDT,1621382400000,0.0001,3376.01,MARK_PRICE_EXACT_OPEN,1621382400000,0
ETHUSDT,1621411200003,0.00053311,2981.17,MARK_PRICE_PREVIOUS_FALLBACK,1621411200000,3
ETHUSDT,1621440000018,-0.00356332,2722.01,MARK_PRICE_PREVIOUS_FALLBACK,1621440000000,18
ETHUSDT,1621468800005,0.00011828,2491.26003563,MARK_PRICE_PREVIOUS_FALLBACK,1621468800000,5
ETHUSDT,1621497600000,0.0001,2713.14299062,MARK_PRICE_EXACT_OPEN,1621497600000,0
ETHUSDT,1621526400005,0.0001,2883.70201058,MARK_PRICE_PREVIOUS_FALLBACK,1621526400000,5
ETHUSDT,1621555200000,0.0001,2768.52863636,MARK_PRICE_EXACT_OPEN,1621555200000,0
ETHUSDT,1621584000000,0.0001,2685.65330472,MARK_PRICE_EXACT_OPEN,1621584000000,0
ETHUSDT,1621612800001,0.0001,2395.8,MARK_PRICE_PREVIOUS_FALLBACK,1621612800000,1
ETHUSDT,1621641600001,0.0001,2436.3098631,MARK_PRICE_PREVIOUS_FALLBACK,1621641600000,1
ETHUSDT,1621670400002,0.0001,2251.48898829,MARK_PRICE_PREVIOUS_FALLBACK,1621670400000,2
ETHUSDT,1621699200005,0.0001,2366.46072872,MARK_PRICE_PREVIOUS_FALLBACK,1621699200000,5
ETHUSDT,1621728000006,0.0001,2287.82628299,MARK_PRICE_PREVIOUS_FALLBACK,1621728000000,6
ETHUSDT,1621756800004,0.0001,2150.22629381,MARK_PRICE_PREVIOUS_FALLBACK,1621756800000,4
ETHUSDT,1621785600002,0.0001,1910.03844214,MARK_PRICE_PREVIOUS_FALLBACK,1621785600000,2
ETHUSDT,1621814400007,0.0001,2110.76987704,MARK_PRICE_PREVIOUS_FALLBACK,1621814400000,7
ETHUSDT,1621843200005,0.0001,2285.41,MARK_PRICE_PREVIOUS_FALLBACK,1621843200000,5
ETHUSDT,1621872000005,0.0001,2527.88,MARK_PRICE_PREVIOUS_FALLBACK,1621872000000,5
ETHUSDT,1621900800000,0.0001,2647.565,MARK_PRICE_EXACT_OPEN,1621900800000,0
ETHUSDT,1621929600014,0.0001,2662.13658553,MARK_PRICE_PREVIOUS_FALLBACK,1621929600000,14
ETHUSDT,1621958400000,0.0001,2609.67683961,MARK_PRICE_EXACT_OPEN,1621958400000,0
ETHUSDT,1621987200022,0.0001,2719.77,MARK_PRICE_PREVIOUS_FALLBACK,1621987200000,22
ETHUSDT,1622016000018,0.0001,2895.73,MARK_PRICE_PREVIOUS_FALLBACK,1622016000000,18
ETHUSDT,1622044800004,0.0001,2749.02,MARK_PRICE_PREVIOUS_FALLBACK,1622044800000,4
ETHUSDT,1622073600000,0.0001,2884.67201736,MARK_PRICE_EXACT_OPEN,1622073600000,0
ETHUSDT,1622102400017,0.0001,2733.11266683,MARK_PRICE_PREVIOUS_FALLBACK,1622102400000,17
ETHUSDT,1622131200000,0.0001,2805.45920159,MARK_PRICE_EXACT_OPEN,1622131200000,0
ETHUSDT,1622160000005,0.0001,2733.90224817,MARK_PRICE_PREVIOUS_FALLBACK,1622160000000,5
ETHUSDT,1622188800009,0.0001,2558.2040243,MARK_PRICE_PREVIOUS_FALLBACK,1622188800000,9
ETHUSDT,1622217600000,0.0001,2557.53,MARK_PRICE_EXACT_OPEN,1622217600000,0
ETHUSDT,1622246400006,0.0001,2404.69186602,MARK_PRICE_PREVIOUS_FALLBACK,1622246400000,6
ETHUSDT,1622275200000,0.0001,2489.69,MARK_PRICE_EXACT_OPEN,1622275200000,0
ETHUSDT,1622304000000,0.0001,2328.67824085,MARK_PRICE_EXACT_OPEN,1622304000000,0
ETHUSDT,1622332800003,0.0001,2280.14732942,MARK_PRICE_PREVIOUS_FALLBACK,1622332800000,3
ETHUSDT,1622361600004,0.0001,2458.59,MARK_PRICE_PREVIOUS_FALLBACK,1622361600000,4
ETHUSDT,1622390400018,0.0001,2387.99141931,MARK_PRICE_PREVIOUS_FALLBACK,1622390400000,18
ETHUSDT,1622419200002,0.0001,2371.96318119,MARK_PRICE_PREVIOUS_FALLBACK,1622419200000,2
ETHUSDT,1622448000000,0.0001,2450.73500084,MARK_PRICE_EXACT_OPEN,1622448000000,0
ETHUSDT,1622476800000,0.0001,2638.0583432,MARK_PRICE_EXACT_OPEN,1622476800000,0
ETHUSDT,1622505600001,0.0001,2691.94433461,MARK_PRICE_PREVIOUS_FALLBACK,1622505600000,1
ETHUSDT,1622534400010,0.0001,2655.81820093,MARK_PRICE_PREVIOUS_FALLBACK,1622534400000,10
ETHUSDT,1622563200010,0.0001,2554.94,MARK_PRICE_PREVIOUS_FALLBACK,1622563200000,10
ETHUSDT,1622592000008,0.0001,2643.33764035,MARK_PRICE_PREVIOUS_FALLBACK,1622592000000,8
ETHUSDT,1622620800000,0.0001,2693.44216237,MARK_PRICE_EXACT_OPEN,1622620800000,0
ETHUSDT,1622649600007,0.0001,2794.8958633,MARK_PRICE_PREVIOUS_FALLBACK,1622649600000,7
ETHUSDT,1622678400019,0.0001,2699.30146704,MARK_PRICE_PREVIOUS_FALLBACK,1622678400000,19
ETHUSDT,1622707200002,0.0001,2814.45608959,MARK_PRICE_PREVIOUS_FALLBACK,1622707200000,2
ETHUSDT,1622736000003,0.0001,2796.58,MARK_PRICE_PREVIOUS_FALLBACK,1622736000000,3
ETHUSDT,1622764800003,0.0001,2852.66994073,MARK_PRICE_PREVIOUS_FALLBACK,1622764800000,3
ETHUSDT,1622793600006,0.0001,2609.70447593,MARK_PRICE_PREVIOUS_FALLBACK,1622793600000,6
ETHUSDT,1622822400002,0.0001,2651.94411102,MARK_PRICE_PREVIOUS_FALLBACK,1622822400000,2
ETHUSDT,1622851200000,0.0001,2687.92528094,MARK_PRICE_EXACT_OPEN,1622851200000,0
ETHUSDT,1622880000004,0.0001,2784.46976502,MARK_PRICE_PREVIOUS_FALLBACK,1622880000000,4
ETHUSDT,1622908800020,0.0001,2643.04914521,MARK_PRICE_PREVIOUS_FALLBACK,1622908800000,20
ETHUSDT,1622937600000,0.0001,2628.25951824,MARK_PRICE_EXACT_OPEN,1622937600000,0
ETHUSDT,1622966400004,0.0001,2696.67888176,MARK_PRICE_PREVIOUS_FALLBACK,1622966400000,4
ETHUSDT,1622995200000,0.0001,2720.34516799,MARK_PRICE_EXACT_OPEN,1622995200000,0
ETHUSDT,1623024000007,0.0001,2717.34,MARK_PRICE_PREVIOUS_FALLBACK,1623024000000,7
ETHUSDT,1623052800007,0.0001,2768.53041479,MARK_PRICE_PREVIOUS_FALLBACK,1623052800000,7
ETHUSDT,1623081600003,0.0001,2788.96770987,MARK_PRICE_PREVIOUS_FALLBACK,1623081600000,3
ETHUSDT,1623110400000,0.0001,2592.84503445,MARK_PRICE_EXACT_OPEN,1623110400000,0
ETHUSDT,1623139200000,0.0001,2514,MARK_PRICE_EXACT_OPEN,1623139200000,0
ETHUSDT,1623168000002,0.0001,2365.81553115,MARK_PRICE_PREVIOUS_FALLBACK,1623168000000,2
ETHUSDT,1623196800009,0.0001,2513.21138808,MARK_PRICE_PREVIOUS_FALLBACK,1623196800000,9
ETHUSDT,1623225600002,0.0001,2492.13509375,MARK_PRICE_PREVIOUS_FALLBACK,1623225600000,2
ETHUSDT,1623254400000,0.0001,2565.01,MARK_PRICE_EXACT_OPEN,1623254400000,0
ETHUSDT,1623283200007,0.0001,2605.58836933,MARK_PRICE_PREVIOUS_FALLBACK,1623283200000,7
ETHUSDT,1623312000003,0.0001,2543.56,MARK_PRICE_PREVIOUS_FALLBACK,1623312000000,3
ETHUSDT,1623340800000,0.0001,2511.97149695,MARK_PRICE_EXACT_OPEN,1623340800000,0
ETHUSDT,1623369600010,0.0001,2470.62,MARK_PRICE_PREVIOUS_FALLBACK,1623369600000,10
ETHUSDT,1623398400007,0.0001,2444.79006652,MARK_PRICE_PREVIOUS_FALLBACK,1623398400000,7
ETHUSDT,1623427200006,0.00008683,2415.3645005,MARK_PRICE_PREVIOUS_FALLBACK,1623427200000,6
ETHUSDT,1623456000005,0.0001,2351.9839221,MARK_PRICE_PREVIOUS_FALLBACK,1623456000000,5
ETHUSDT,1623484800000,0.0001,2320.89,MARK_PRICE_EXACT_OPEN,1623484800000,0
ETHUSDT,1623513600018,0.0001,2392.29,MARK_PRICE_PREVIOUS_FALLBACK,1623513600000,18
ETHUSDT,1623542400002,0.0001,2374.02827579,MARK_PRICE_PREVIOUS_FALLBACK,1623542400000,2
ETHUSDT,1623571200000,0.0001,2323.75356882,MARK_PRICE_EXACT_OPEN,1623571200000,0
ETHUSDT,1623600000003,0.0001,2348.68,MARK_PRICE_PREVIOUS_FALLBACK,1623600000000,3
ETHUSDT,1623628800000,0.0001,2508.65910889,MARK_PRICE_EXACT_OPEN,1623628800000,0
ETHUSDT,1623657600015,0.0001,2500.23,MARK_PRICE_PREVIOUS_FALLBACK,1623657600000,15
ETHUSDT,1623686400000,0.00003785,2575.6,MARK_PRICE_EXACT_OPEN,1623686400000,0
ETHUSDT,1623715200000,0.0001,2580.8050112,MARK_PRICE_EXACT_OPEN,1623715200000,0
ETHUSDT,1623744000000,0.0001,2621.49,MARK_PRICE_EXACT_OPEN,1623744000000,0
ETHUSDT,1623772800004,0.0001,2552.99457868,MARK_PRICE_PREVIOUS_FALLBACK,1623772800000,4
ETHUSDT,1623801600004,0.0001,2541.1,MARK_PRICE_PREVIOUS_FALLBACK,1623801600000,4
ETHUSDT,1623830400001,0.0001,2529.96,MARK_PRICE_PREVIOUS_FALLBACK,1623830400000,1
ETHUSDT,1623859200000,0.0001,2416.54365491,MARK_PRICE_EXACT_OPEN,1623859200000,0
ETHUSDT,1623888000004,0.0001,2370.91,MARK_PRICE_PREVIOUS_FALLBACK,1623888000000,4
ETHUSDT,1623916800000,0.0001,2440.17112406,MARK_PRICE_EXACT_OPEN,1623916800000,0
ETHUSDT,1623945600002,0.0001,2411.36,MARK_PRICE_PREVIOUS_FALLBACK,1623945600000,2
ETHUSDT,1623974400009,-0.00000578,2368.51,MARK_PRICE_PREVIOUS_FALLBACK,1623974400000,9
ETHUSDT,1624003200014,0.00009549,2339.61829872,MARK_PRICE_PREVIOUS_FALLBACK,1624003200000,14
ETHUSDT,1624032000007,0.0001,2221.17186731,MARK_PRICE_PREVIOUS_FALLBACK,1624032000000,7
ETHUSDT,1624060800003,-0.00018201,2229.56,MARK_PRICE_PREVIOUS_FALLBACK,1624060800000,3
ETHUSDT,1624089600001,-0.00000178,2240.62449503,MARK_PRICE_PREVIOUS_FALLBACK,1624089600000,1
ETHUSDT,1624118400000,0.0001,2245.58,MARK_PRICE_EXACT_OPEN,1624118400000,0
ETHUSDT,1624147200005,0.00004657,2163.62,MARK_PRICE_PREVIOUS_FALLBACK,1624147200000,5
ETHUSDT,1624176000000,0.00000741,2203.24,MARK_PRICE_EXACT_OPEN,1624176000000,0
ETHUSDT,1624204800002,-0.00024432,2109.9240695,MARK_PRICE_PREVIOUS_FALLBACK,1624204800000,2
ETHUSDT,1624233600019,0.00004439,2252.71087507,MARK_PRICE_PREVIOUS_FALLBACK,1624233600000,19
ETHUSDT,1624262400000,-0.00007382,2011.3,MARK_PRICE_EXACT_OPEN,1624262400000,0
ETHUSDT,1624291200024,-0.00007303,1977.04,MARK_PRICE_PREVIOUS_FALLBACK,1624291200000,24
ETHUSDT,1624320000008,0.0001,1892.66,MARK_PRICE_PREVIOUS_FALLBACK,1624320000000,8
ETHUSDT,1624348800009,0.00004434,1940.59,MARK_PRICE_PREVIOUS_FALLBACK,1624348800000,9
ETHUSDT,1624377600001,-0.00000759,1867.99101102,MARK_PRICE_PREVIOUS_FALLBACK,1624377600000,1
ETHUSDT,1624406400003,0.00004046,1877.30172463,MARK_PRICE_PREVIOUS_FALLBACK,1624406400000,3
ETHUSDT,1624435200000,-0.00009115,2004.84,MARK_PRICE_EXACT_OPEN,1624435200000,0
ETHUSDT,1624464000000,-0.00006683,1973.85,MARK_PRICE_EXACT_OPEN,1624464000000,0
ETHUSDT,1624492800009,-0.00004432,1964.65,MARK_PRICE_PREVIOUS_FALLBACK,1624492800000,9
ETHUSDT,1624521600018,0.0001,1916.63626972,MARK_PRICE_PREVIOUS_FALLBACK,1624521600000,18
ETHUSDT,1624550400001,0.0001,1986.25779652,MARK_PRICE_PREVIOUS_FALLBACK,1624550400000,1
ETHUSDT,1624579200009,0.0001,1992.84295625,MARK_PRICE_PREVIOUS_FALLBACK,1624579200000,9
ETHUSDT,1624608000004,0.0001,1939.12242355,MARK_PRICE_PREVIOUS_FALLBACK,1624608000000,4
ETHUSDT,1624636800000,0.00007207,1825.11,MARK_PRICE_EXACT_OPEN,1624636800000,0
ETHUSDT,1624665600007,0.00004234,1815.78,MARK_PRICE_PREVIOUS_FALLBACK,1624665600000,7
ETHUSDT,1624694400000,-0.00005794,1750.27,MARK_PRICE_EXACT_OPEN,1624694400000,0
ETHUSDT,1624723200002,-0.00014961,1777.85868113,MARK_PRICE_PREVIOUS_FALLBACK,1624723200000,2
ETHUSDT,1624752000005,-0.00006018,1828.10851639,MARK_PRICE_PREVIOUS_FALLBACK,1624752000000,5
ETHUSDT,1624780800010,-0.00027281,1860.92,MARK_PRICE_PREVIOUS_FALLBACK,1624780800000,10
ETHUSDT,1624809600001,-0.00013791,1840.72617705,MARK_PRICE_PREVIOUS_FALLBACK,1624809600000,1
ETHUSDT,1624838400025,-0.00004311,1970.75529828,MARK_PRICE_PREVIOUS_FALLBACK,1624838400000,25
ETHUSDT,1624867200017,0.0001,2043.98618505,MARK_PRICE_PREVIOUS_FALLBACK,1624867200000,17
ETHUSDT,1624896000007,-0.00002358,2117.5174775,MARK_PRICE_PREVIOUS_FALLBACK,1624896000000,7
ETHUSDT,1624924800008,0.00008669,2086,MARK_PRICE_PREVIOUS_FALLBACK,1624924800000,8
ETHUSDT,1624953600000,0.00006012,2129.83275236,MARK_PRICE_EXACT_OPEN,1624953600000,0
ETHUSDT,1624982400000,-0.00011947,2217.39,MARK_PRICE_EXACT_OPEN,1624982400000,0
ETHUSDT,1625011200011,0.0001,2166.59458831,MARK_PRICE_PREVIOUS_FALLBACK,1625011200000,11
ETHUSDT,1625040000044,0.0001,2157.84360935,MARK_PRICE_PREVIOUS_FALLBACK,1625040000000,44
ETHUSDT,1625068800005,0.0001,2100.0046713,MARK_PRICE_PREVIOUS_FALLBACK,1625068800000,5
ETHUSDT,1625097600000,0.0001,2274.99,MARK_PRICE_EXACT_OPEN,1625097600000,0
ETHUSDT,1625126400004,0.0001,2129.3,MARK_PRICE_PREVIOUS_FALLBACK,1625126400000,4
ETHUSDT,1625155200028,0.00004853,2121.66,MARK_PRICE_PREVIOUS_FALLBACK,1625155200000,28
ETHUSDT,1625184000002,-9.5e-7,2107.37,MARK_PRICE_PREVIOUS_FALLBACK,1625184000000,2
ETHUSDT,1625212800016,-0.00002734,2057.0252096,MARK_PRICE_PREVIOUS_FALLBACK,1625212800000,16
ETHUSDT,1625241600007,-0.00014398,2118.20998147,MARK_PRICE_PREVIOUS_FALLBACK,1625241600000,7
ETHUSDT,1625270400008,0.00007139,2158.57,MARK_PRICE_PREVIOUS_FALLBACK,1625270400000,8
ETHUSDT,1625299200000,0.00002925,2194.26,MARK_PRICE_EXACT_OPEN,1625299200000,0
ETHUSDT,1625328000004,-0.00003943,2223.94213405,MARK_PRICE_PREVIOUS_FALLBACK,1625328000000,4
ETHUSDT,1625356800012,0.0001,2224.49073825,MARK_PRICE_PREVIOUS_FALLBACK,1625356800000,12
ETHUSDT,1625385600002,0.0001,2334.40366988,MARK_PRICE_PREVIOUS_FALLBACK,1625385600000,2
ETHUSDT,1625414400003,0.0001,2339.21,MARK_PRICE_PREVIOUS_FALLBACK,1625414400000,3
ETHUSDT,1625443200004,0.00002596,2316.41558057,MARK_PRICE_PREVIOUS_FALLBACK,1625443200000,4
ETHUSDT,1625472000000,0.0001,2272.66268032,MARK_PRICE_EXACT_OPEN,1625472000000,0
ETHUSDT,1625500800009,0.00007226,2207.62979227,MARK_PRICE_PREVIOUS_FALLBACK,1625500800000,9
ETHUSDT,1625529600008,0.00002925,2194.90307283,MARK_PRICE_PREVIOUS_FALLBACK,1625529600000,8
ETHUSDT,1625558400019,-0.00003935,2341.06,MARK_PRICE_PREVIOUS_FALLBACK,1625558400000,19
ETHUSDT,1625587200000,0.00009559,2304.86,MARK_PRICE_EXACT_OPEN,1625587200000,0
ETHUSDT,1625616000007,0.00003679,2318.49757807,MARK_PRICE_PREVIOUS_FALLBACK,1625616000000,7
ETHUSDT,1625644800001,0.00009363,2372.20267839,MARK_PRICE_PREVIOUS_FALLBACK,1625644800000,1
ETHUSDT,1625673600008,0.0001,2340.67834044,MARK_PRICE_PREVIOUS_FALLBACK,1625673600000,8
ETHUSDT,1625702400002,-0.00001075,2309.71,MARK_PRICE_PREVIOUS_FALLBACK,1625702400000,2
ETHUSDT,1625731200010,0.00008639,2183.51,MARK_PRICE_PREVIOUS_FALLBACK,1625731200000,10
ETHUSDT,1625760000003,0.0001,2166.75574214,MARK_PRICE_PREVIOUS_FALLBACK,1625760000000,3
ETHUSDT,1625788800000,0.0001,2114.93,MARK_PRICE_EXACT_OPEN,1625788800000,0
ETHUSDT,1625817600006,0.00002471,2122.6,MARK_PRICE_PREVIOUS_FALLBACK,1625817600000,6
ETHUSDT,1625846400000,0.0001,2172.47518914,MARK_PRICE_EXACT_OPEN,1625846400000,0
ETHUSDT,1625875200002,0.0001,2143.79,MARK_PRICE_PREVIOUS_FALLBACK,1625875200000,2
ETHUSDT,1625904000000,0.0001,2122.02691467,MARK_PRICE_EXACT_OPEN,1625904000000,0
ETHUSDT,1625932800001,0.0001,2118.81,MARK_PRICE_PREVIOUS_FALLBACK,1625932800000,1
ETHUSDT,1625961600001,0.0001,2116.87,MARK_PRICE_PREVIOUS_FALLBACK,1625961600000,1
ETHUSDT,1625990400025,0.0001,2098.17390152,MARK_PRICE_PREVIOUS_FALLBACK,1625990400000,25
ETHUSDT,1626019200006,0.0001,2142.80216089,MARK_PRICE_PREVIOUS_FALLBACK,1626019200000,6
ETHUSDT,1626048000000,0.0001,2140,MARK_PRICE_EXACT_OPEN,1626048000000,0
ETHUSDT,1626076800021,0.0001,2144.15842016,MARK_PRICE_PREVIOUS_FALLBACK,1626076800000,21
ETHUSDT,1626105600000,0.0001,2087.2561037,MARK_PRICE_EXACT_OPEN,1626105600000,0
ETHUSDT,1626134400000,0.0001,2031.36780833,MARK_PRICE_EXACT_OPEN,1626134400000,0
ETHUSDT,1626163200013,-0.00001436,2029.84,MARK_PRICE_PREVIOUS_FALLBACK,1626163200000,13
ETHUSDT,1626192000005,0.0001,2002.24214013,MARK_PRICE_PREVIOUS_FALLBACK,1626192000000,5
ETHUSDT,1626220800000,0.0001,1940.37084853,MARK_PRICE_EXACT_OPEN,1626220800000,0
ETHUSDT,1626249600000,0.0001,1898,MARK_PRICE_EXACT_OPEN,1626249600000,0
ETHUSDT,1626278400005,-0.0000155,1995.88,MARK_PRICE_PREVIOUS_FALLBACK,1626278400000,5
ETHUSDT,1626307200005,0.00005808,1994.38,MARK_PRICE_PREVIOUS_FALLBACK,1626307200000,5
ETHUSDT,1626336000001,0.0001,1951.87931408,MARK_PRICE_PREVIOUS_FALLBACK,1626336000000,1
ETHUSDT,1626364800000,0.00009847,1913.49183205,MARK_PRICE_EXACT_OPEN,1626364800000,0
ETHUSDT,1626393600000,0.0001,1918.18140909,MARK_PRICE_EXACT_OPEN,1626393600000,0
ETHUSDT,1626422400000,0.0001,1911.40906563,MARK_PRICE_EXACT_OPEN,1626422400000,0
ETHUSDT,1626451200001,0.00006785,1934.92,MARK_PRICE_PREVIOUS_FALLBACK,1626451200000,1
ETHUSDT,1626480000004,0.0001,1876.02,MARK_PRICE_PREVIOUS_FALLBACK,1626480000000,4
ETHUSDT,1626508800009,0.0001,1873.98,MARK_PRICE_PREVIOUS_FALLBACK,1626508800000,9
ETHUSDT,1626537600006,0.00005313,1885.05526722,MARK_PRICE_PREVIOUS_FALLBACK,1626537600000,6
ETHUSDT,1626566400000,0.0001,1897.68,MARK_PRICE_EXACT_OPEN,1626566400000,0
ETHUSDT,1626595200001,0.0001,1958.97,MARK_PRICE_PREVIOUS_FALLBACK,1626595200000,1
ETHUSDT,1626624000003,0.0001,1891.45,MARK_PRICE_PREVIOUS_FALLBACK,1626624000000,3
ETHUSDT,1626652800002,0.00000198,1887.34575014,MARK_PRICE_PREVIOUS_FALLBACK,1626652800000,2
ETHUSDT,1626681600006,0.00000691,1892.64,MARK_PRICE_PREVIOUS_FALLBACK,1626681600000,6
ETHUSDT,1626710400006,0.0000031,1818.66197935,MARK_PRICE_PREVIOUS_FALLBACK,1626710400000,6
ETHUSDT,1626739200002,-0.00002156,1817.30083552,MARK_PRICE_PREVIOUS_FALLBACK,1626739200000,2
ETHUSDT,1626768000011,-0.00041611,1761.33256198,MARK_PRICE_PREVIOUS_FALLBACK,1626768000000,11
ETHUSDT,1626796800001,-0.00005126,1800.30834575,MARK_PRICE_PREVIOUS_FALLBACK,1626796800000,1
ETHUSDT,1626825600022,0.00000165,1785.94,MARK_PRICE_PREVIOUS_FALLBACK,1626825600000,22
ETHUSDT,1626854400000,-0.00025489,1874.31127605,MARK_PRICE_EXACT_OPEN,1626854400000,0
ETHUSDT,1626883200018,-0.00028858,1952.50500969,MARK_PRICE_PREVIOUS_FALLBACK,1626883200000,18
ETHUSDT,1626912000002,0.0001,1993.07,MARK_PRICE_PREVIOUS_FALLBACK,1626912000000,2
ETHUSDT,1626940800006,0.0001,1988.16019611,MARK_PRICE_PREVIOUS_FALLBACK,1626940800000,6
ETHUSDT,1626969600010,0.0001,2031.60784954,MARK_PRICE_PREVIOUS_FALLBACK,1626969600000,10
ETHUSDT,1626998400013,0.00008643,2026.55974685,MARK_PRICE_PREVIOUS_FALLBACK,1626998400000,13
ETHUSDT,1627027200000,0.0001,2062.66881818,MARK_PRICE_EXACT_OPEN,1627027200000,0
ETHUSDT,1627056000005,0.0001,2047.89094295,MARK_PRICE_PREVIOUS_FALLBACK,1627056000000,5
ETHUSDT,1627084800000,0.0001,2124.08988417,MARK_PRICE_EXACT_OPEN,1627084800000,0
ETHUSDT,1627113600002,0.0001,2130.86967319,MARK_PRICE_PREVIOUS_FALLBACK,1627113600000,2
ETHUSDT,1627142400001,-0.00002614,2151.91,MARK_PRICE_PREVIOUS_FALLBACK,1627142400000,1
ETHUSDT,1627171200003,-0.00001521,2183.99436705,MARK_PRICE_PREVIOUS_FALLBACK,1627171200000,3
ETHUSDT,1627200000015,0.00004969,2171.79377734,MARK_PRICE_PREVIOUS_FALLBACK,1627200000000,15
ETHUSDT,1627228800000,0.0001,2136.85,MARK_PRICE_EXACT_OPEN,1627228800000,0
ETHUSDT,1627257600000,0.0001,2188.92268743,MARK_PRICE_EXACT_OPEN,1627257600000,0
ETHUSDT,1627286400000,0.0001,2326.76849613,MARK_PRICE_EXACT_OPEN,1627286400000,0
ETHUSDT,1627315200000,0.0001,2343.15109472,MARK_PRICE_EXACT_OPEN,1627315200000,0
ETHUSDT,1627344000046,0.0001,2228.33346755,MARK_PRICE_PREVIOUS_FALLBACK,1627344000000,46
ETHUSDT,1627372800014,0.0001,2201.36578109,MARK_PRICE_PREVIOUS_FALLBACK,1627372800000,14
ETHUSDT,1627401600007,0.0001,2277.7298663,MARK_PRICE_PREVIOUS_FALLBACK,1627401600000,7
ETHUSDT,1627430400000,0.0001,2298.91742515,MARK_PRICE_EXACT_OPEN,1627430400000,0
ETHUSDT,1627459200002,0.0001,2297.60290308,MARK_PRICE_PREVIOUS_FALLBACK,1627459200000,2
ETHUSDT,1627488000005,0.00005618,2287.72826598,MARK_PRICE_PREVIOUS_FALLBACK,1627488000000,5
ETHUSDT,1627516800004,0.00005723,2299.26868505,MARK_PRICE_PREVIOUS_FALLBACK,1627516800000,4
ETHUSDT,1627545600000,0.0001,2294.4130203,MARK_PRICE_EXACT_OPEN,1627545600000,0
ETHUSDT,1627574400007,0.0001,2320.73532205,MARK_PRICE_PREVIOUS_FALLBACK,1627574400000,7
ETHUSDT,1627603200004,0.0001,2384.91,MARK_PRICE_PREVIOUS_FALLBACK,1627603200000,4
ETHUSDT,1627632000000,0.0001,2404.06430405,MARK_PRICE_EXACT_OPEN,1627632000000,0
ETHUSDT,1627660800000,0.0001,2345.62333711,MARK_PRICE_EXACT_OPEN,1627660800000,0
ETHUSDT,1627689600000,0.0001,2462.11066409,MARK_PRICE_EXACT_OPEN,1627689600000,0
ETHUSDT,1627718400014,0.0001,2439.93749242,MARK_PRICE_PREVIOUS_FALLBACK,1627718400000,14
ETHUSDT,1627747200003,0.0001,2463.29,MARK_PRICE_PREVIOUS_FALLBACK,1627747200000,3
ETHUSDT,1627776000005,0.0001,2531.19211434,MARK_PRICE_PREVIOUS_FALLBACK,1627776000000,5
ETHUSDT,1627804800016,0.0001,2591.65640594,MARK_PRICE_PREVIOUS_FALLBACK,1627804800000,16
ETHUSDT,1627833600001,0.0001,2582.32550863,MARK_PRICE_PREVIOUS_FALLBACK,1627833600000,1
ETHUSDT,1627862400000,0.0001,2554.56707843,MARK_PRICE_EXACT_OPEN,1627862400000,0
ETHUSDT,1627891200014,0.0001,2618.86,MARK_PRICE_PREVIOUS_FALLBACK,1627891200000,14
ETHUSDT,1627920000021,0.0001,2633.59395762,MARK_PRICE_PREVIOUS_FALLBACK,1627920000000,21
ETHUSDT,1627948800000,0.0001,2607.68221906,MARK_PRICE_EXACT_OPEN,1627948800000,0
ETHUSDT,1627977600000,0.0001,2491.44,MARK_PRICE_EXACT_OPEN,1627977600000,0
ETHUSDT,1628006400009,0.00000759,2499.83,MARK_PRICE_PREVIOUS_FALLBACK,1628006400000,9
ETHUSDT,1628035200000,0.00000273,2506.87,MARK_PRICE_EXACT_OPEN,1628035200000,0
ETHUSDT,1628064000000,0.0001,2478.64159091,MARK_PRICE_EXACT_OPEN,1628064000000,0
ETHUSDT,1628092800003,0.0000939,2678.6,MARK_PRICE_PREVIOUS_FALLBACK,1628092800000,3
ETHUSDT,1628121600000,0.0001,2725.33206763,MARK_PRICE_EXACT_OPEN,1628121600000,0
ETHUSDT,1628150400000,0.0001,2682.74183143,MARK_PRICE_EXACT_OPEN,1628150400000,0
ETHUSDT,1628179200001,0.0001,2760.11868693,MARK_PRICE_PREVIOUS_FALLBACK,1628179200000,1
ETHUSDT,1628208000000,0.0001,2827.07327663,MARK_PRICE_EXACT_OPEN,1628208000000,0
ETHUSDT,1628236800004,0.0001,2768.69,MARK_PRICE_PREVIOUS_FALLBACK,1628236800000,4
ETHUSDT,1628265600003,0.0001,2848.28374061,MARK_PRICE_PREVIOUS_FALLBACK,1628265600000,3
ETHUSDT,1628294400015,0.0001,2886.25,MARK_PRICE_PREVIOUS_FALLBACK,1628294400000,15
ETHUSDT,1628323200001,0.0001,2953.6,MARK_PRICE_PREVIOUS_FALLBACK,1628323200000,1
ETHUSDT,1628352000002,0.00018202,3082.61026847,MARK_PRICE_PREVIOUS_FALLBACK,1628352000000,2
ETHUSDT,1628380800000,0.00013627,3163.24094604,MARK_PRICE_EXACT_OPEN,1628380800000,0
ETHUSDT,1628409600002,0.0001,3143.68391602,MARK_PRICE_PREVIOUS_FALLBACK,1628409600000,2
ETHUSDT,1628438400018,0.0001,3034.53079536,MARK_PRICE_PREVIOUS_FALLBACK,1628438400000,18
ETHUSDT,1628467200000,0.00014093,3014.07,MARK_PRICE_EXACT_OPEN,1628467200000,0
ETHUSDT,1628496000000,0.00021302,2946.41202989,MARK_PRICE_EXACT_OPEN,1628496000000,0
ETHUSDT,1628524800002,0.0001,3168.78,MARK_PRICE_PREVIOUS_FALLBACK,1628524800000,2
ETHUSDT,1628553600000,0.00045734,3164.4,MARK_PRICE_EXACT_OPEN,1628553600000,0
ETHUSDT,1628582400003,0.0001,3145.21,MARK_PRICE_PREVIOUS_FALLBACK,1628582400000,3
ETHUSDT,1628611200000,0.0001,3122.64836955,MARK_PRICE_EXACT_OPEN,1628611200000,0
ETHUSDT,1628640000006,0.00043227,3144.59,MARK_PRICE_PREVIOUS_FALLBACK,1628640000000,6
ETHUSDT,1628668800003,0.00025633,3241.8397648,MARK_PRICE_PREVIOUS_FALLBACK,1628668800000,3
ETHUSDT,1628697600000,0.0001,3246.3,MARK_PRICE_EXACT_OPEN,1628697600000,0
ETHUSDT,1628726400013,0.0001,3153.52,MARK_PRICE_PREVIOUS_FALLBACK,1628726400000,13
ETHUSDT,1628755200001,0.0001371,3142.81,MARK_PRICE_PREVIOUS_FALLBACK,1628755200000,1
ETHUSDT,1628784000000,0.00018477,3030.12846499,MARK_PRICE_EXACT_OPEN,1628784000000,0
ETHUSDT,1628812800000,0.0001,3045.29,MARK_PRICE_EXACT_OPEN,1628812800000,0
ETHUSDT,1628841600000,0.0001,3224.6,MARK_PRICE_EXACT_OPEN,1628841600000,0
ETHUSDT,1628870400002,0.00042196,3218.72823771,MARK_PRICE_PREVIOUS_FALLBACK,1628870400000,2
ETHUSDT,1628899200006,0.0001,3318.54,MARK_PRICE_PREVIOUS_FALLBACK,1628899200000,6
ETHUSDT,1628928000000,0.00025028,3309.54,MARK_PRICE_EXACT_OPEN,1628928000000,0
ETHUSDT,1628956800000,0.00051663,3272.67400358,MARK_PRICE_EXACT_OPEN,1628956800000,0
ETHUSDT,1628985600003,0.00037689,3268.27081293,MARK_PRICE_PREVIOUS_FALLBACK,1628985600000,3
ETHUSDT,1629014400000,0.00015074,3163.1775373,MARK_PRICE_EXACT_OPEN,1629014400000,0
ETHUSDT,1629043200007,0.0001,3157.92,MARK_PRICE_PREVIOUS_FALLBACK,1629043200000,7
ETHUSDT,1629072000012,0.00025793,3319,MARK_PRICE_PREVIOUS_FALLBACK,1629072000000,12
ETHUSDT,1629100800003,0.0001,3277.18684251,MARK_PRICE_PREVIOUS_FALLBACK,1629100800000,3
ETHUSDT,1629129600010,0.0001,3220.25,MARK_PRICE_PREVIOUS_FALLBACK,1629129600000,10
ETHUSDT,1629158400018,0.0001,3147.79459402,MARK_PRICE_PREVIOUS_FALLBACK,1629158400000,18
ETHUSDT,1629187200015,0.0001,3173.77,MARK_PRICE_PREVIOUS_FALLBACK,1629187200000,15
ETHUSDT,1629216000006,0.0001,3165.10090335,MARK_PRICE_PREVIOUS_FALLBACK,1629216000000,6
ETHUSDT,1629244800000,0.0001,3014.56,MARK_PRICE_EXACT_OPEN,1629244800000,0
ETHUSDT,1629273600000,0.0001,3032.01,MARK_PRICE_EXACT_OPEN,1629273600000,0
ETHUSDT,1629302400011,0.0001,3106.09634117,MARK_PRICE_PREVIOUS_FALLBACK,1629302400000,11
ETHUSDT,1629331200000,0.0001,3014.20538741,MARK_PRICE_EXACT_OPEN,1629331200000,0
ETHUSDT,1629360000014,0.0001,3000.04,MARK_PRICE_PREVIOUS_FALLBACK,1629360000000,14
ETHUSDT,1629388800000,0.0001,3068.01,MARK_PRICE_EXACT_OPEN,1629388800000,0
ETHUSDT,1629417600000,0.00023469,3186.64485522,MARK_PRICE_EXACT_OPEN,1629417600000,0
ETHUSDT,1629446400001,0.00015342,3218.15,MARK_PRICE_PREVIOUS_FALLBACK,1629446400000,1
ETHUSDT,1629475200001,0.00036239,3289.15,MARK_PRICE_PREVIOUS_FALLBACK,1629475200000,1
ETHUSDT,1629504000005,0.0001,3282.43463483,MARK_PRICE_PREVIOUS_FALLBACK,1629504000000,5
ETHUSDT,1629532800001,0.0001,3294.34,MARK_PRICE_PREVIOUS_FALLBACK,1629532800000,1
ETHUSDT,1629561600000,0.00036746,3274.25,MARK_PRICE_EXACT_OPEN,1629561600000,0
ETHUSDT,1629590400005,0.0002266,3227.87200955,MARK_PRICE_PREVIOUS_FALLBACK,1629590400000,5
ETHUSDT,1629619200007,0.00018006,3267.72721528,MARK_PRICE_PREVIOUS_FALLBACK,1629619200000,7
ETHUSDT,1629648000002,0.0001,3176.32,MARK_PRICE_PREVIOUS_FALLBACK,1629648000000,2
ETHUSDT,1629676800003,0.0001,3242.19,MARK_PRICE_PREVIOUS_FALLBACK,1629676800000,3
ETHUSDT,1629705600005,0.00113675,3326.61,MARK_PRICE_PREVIOUS_FALLBACK,1629705600000,5
ETHUSDT,1629734400002,0.00035008,3328.7,MARK_PRICE_PREVIOUS_FALLBACK,1629734400000,2
ETHUSDT,1629763200006,0.00032752,3326.74427788,MARK_PRICE_PREVIOUS_FALLBACK,1629763200000,6
ETHUSDT,1629792000004,0.00030158,3349.55,MARK_PRICE_PREVIOUS_FALLBACK,1629792000000,4
ETHUSDT,1629820800000,0.00056014,3214.75455894,MARK_PRICE_EXACT_OPEN,1629820800000,0
ETHUSDT,1629849600015,0.00019472,3180.86602139,MARK_PRICE_PREVIOUS_FALLBACK,1629849600000,15
ETHUSDT,1629878400000,0.00016989,3185.04,MARK_PRICE_EXACT_OPEN,1629878400000,0
ETHUSDT,1629907200000,0.0001,3217.33,MARK_PRICE_EXACT_OPEN,1629907200000,0
ETHUSDT,1629936000001,0.0001,3226.55,MARK_PRICE_PREVIOUS_FALLBACK,1629936000000,1
ETHUSDT,1629964800016,0.0001,3103.00265354,MARK_PRICE_PREVIOUS_FALLBACK,1629964800000,16
ETHUSDT,1629993600004,0.0001,3107.41744546,MARK_PRICE_PREVIOUS_FALLBACK,1629993600000,4
ETHUSDT,1630022400013,0.0001,3085.20437733,MARK_PRICE_PREVIOUS_FALLBACK,1630022400000,13
ETHUSDT,1630051200001,0.0001,3123.34924874,MARK_PRICE_PREVIOUS_FALLBACK,1630051200000,1
ETHUSDT,1630080000004,0.0001,3240.96719574,MARK_PRICE_PREVIOUS_FALLBACK,1630080000000,4
ETHUSDT,1630108800000,0.0001,3273.40161915,MARK_PRICE_EXACT_OPEN,1630108800000,0
ETHUSDT,1630137600000,0.00014426,3233.03,MARK_PRICE_EXACT_OPEN,1630137600000,0
ETHUSDT,1630166400000,0.00011073,3247.54046201,MARK_PRICE_EXACT_OPEN,1630166400000,0
ETHUSDT,1630195200000,0.00016779,3247.06145917,MARK_PRICE_EXACT_OPEN,1630195200000,0
ETHUSDT,1630224000002,0.0001,3205.5,MARK_PRICE_PREVIOUS_FALLBACK,1630224000000,2
ETHUSDT,1630252800005,0.0001,3186.82421408,MARK_PRICE_PREVIOUS_FALLBACK,1630252800000,5
ETHUSDT,1630281600013,0.0001,3225.5,MARK_PRICE_PREVIOUS_FALLBACK,1630281600000,13
ETHUSDT,1630310400008,0.0001,3180.01,MARK_PRICE_PREVIOUS_FALLBACK,1630310400000,8
ETHUSDT,1630339200000,0.0001,3219.7122535,MARK_PRICE_EXACT_OPEN,1630339200000,0
ETHUSDT,1630368000000,0.0001,3229.2566791,MARK_PRICE_EXACT_OPEN,1630368000000,0
ETHUSDT,1630396800007,0.0001,3364.76,MARK_PRICE_PREVIOUS_FALLBACK,1630396800000,7
ETHUSDT,1630425600003,0.00020707,3391.88218779,MARK_PRICE_PREVIOUS_FALLBACK,1630425600000,3
ETHUSDT,1630454400000,0.0001,3430.49,MARK_PRICE_EXACT_OPEN,1630454400000,0
ETHUSDT,1630483200006,0.0001,3521.08314394,MARK_PRICE_PREVIOUS_FALLBACK,1630483200000,6
ETHUSDT,1630512000000,0.0001,3581.23,MARK_PRICE_EXACT_OPEN,1630512000000,0
ETHUSDT,1630540800009,0.00025742,3829.35911454,MARK_PRICE_PREVIOUS_FALLBACK,1630540800000,9
ETHUSDT,1630569600006,0.00079808,3739.70953268,MARK_PRICE_PREVIOUS_FALLBACK,1630569600000,6
ETHUSDT,1630598400007,0.0002889,3760.66,MARK_PRICE_PREVIOUS_FALLBACK,1630598400000,7
ETHUSDT,1630627200011,0.00027417,3791.17924025,MARK_PRICE_PREVIOUS_FALLBACK,1630627200000,11
ETHUSDT,1630656000000,0.00037778,3799.7201693,MARK_PRICE_EXACT_OPEN,1630656000000,0
ETHUSDT,1630684800002,0.00065309,3975,MARK_PRICE_PREVIOUS_FALLBACK,1630684800000,2
ETHUSDT,1630713600003,0.00076883,3939.69405933,MARK_PRICE_PREVIOUS_FALLBACK,1630713600000,3
ETHUSDT,1630742400008,0.0007142,3920.14928224,MARK_PRICE_PREVIOUS_FALLBACK,1630742400000,8
ETHUSDT,1630771200009,0.0007567,3920.42,MARK_PRICE_PREVIOUS_FALLBACK,1630771200000,9
ETHUSDT,1630800000002,0.00070354,3890.01782878,MARK_PRICE_PREVIOUS_FALLBACK,1630800000000,2
ETHUSDT,1630828800002,0.00058378,3874.60435634,MARK_PRICE_PREVIOUS_FALLBACK,1630828800000,2
ETHUSDT,1630857600000,0.00080725,3911.10147832,MARK_PRICE_EXACT_OPEN,1630857600000,0
ETHUSDT,1630886400003,0.00085353,3951.62,MARK_PRICE_PREVIOUS_FALLBACK,1630886400000,3
ETHUSDT,1630915200008,0.00041269,3949.93112952,MARK_PRICE_PREVIOUS_FALLBACK,1630915200000,8
ETHUSDT,1630944000009,0.00044698,3931.83,MARK_PRICE_PREVIOUS_FALLBACK,1630944000000,9
ETHUSDT,1630972800004,0.00058234,3928.57787627,MARK_PRICE_PREVIOUS_FALLBACK,1630972800000,4
ETHUSDT,1631001600002,0.00066382,3884.65,MARK_PRICE_PREVIOUS_FALLBACK,1631001600000,2
ETHUSDT,1631030400001,0.0001,3452.84116866,MARK_PRICE_PREVIOUS_FALLBACK,1631030400000,1
ETHUSDT,1631059200005,0.0001,3447.16652159,MARK_PRICE_PREVIOUS_FALLBACK,1631059200000,5
ETHUSDT,1631088000000,0.0001,3260.08119757,MARK_PRICE_EXACT_OPEN,1631088000000,0
ETHUSDT,1631116800000,0.0001,3417.82799849,MARK_PRICE_EXACT_OPEN,1631116800000,0
ETHUSDT,1631145600006,0.0001,3496.05,MARK_PRICE_PREVIOUS_FALLBACK,1631145600000,6
ETHUSDT,1631174400014,0.0001,3499.43,MARK_PRICE_PREVIOUS_FALLBACK,1631174400000,14
ETHUSDT,1631203200002,0.0001,3525.42,MARK_PRICE_PREVIOUS_FALLBACK,1631203200000,2
ETHUSDT,1631232000001,0.0001,3426.00087136,MARK_PRICE_PREVIOUS_FALLBACK,1631232000000,1
ETHUSDT,1631260800018,0.0001,3406.67382312,MARK_PRICE_PREVIOUS_FALLBACK,1631260800000,18
ETHUSDT,1631289600006,0.0001,3294.81,MARK_PRICE_PREVIOUS_FALLBACK,1631289600000,6
ETHUSDT,1631318400000,0.0001,3210.31961723,MARK_PRICE_EXACT_OPEN,1631318400000,0
ETHUSDT,1631347200001,0.0001,3249.13927401,MARK_PRICE_PREVIOUS_FALLBACK,1631347200000,1
ETHUSDT,1631376000000,0.0001,3310.62859328,MARK_PRICE_EXACT_OPEN,1631376000000,0
ETHUSDT,1631404800000,0.0001,3267.13444534,MARK_PRICE_EXACT_OPEN,1631404800000,0
ETHUSDT,1631433600002,0.0001,3321.51259292,MARK_PRICE_PREVIOUS_FALLBACK,1631433600000,2
ETHUSDT,1631462400000,0.0001,3418.18,MARK_PRICE_EXACT_OPEN,1631462400000,0
ETHUSDT,1631491200000,0.0001,3405.04175676,MARK_PRICE_EXACT_OPEN,1631491200000,0
ETHUSDT,1631520000007,0.0001,3196.07078413,MARK_PRICE_PREVIOUS_FALLBACK,1631520000000,7
ETHUSDT,1631548800005,0.0001,3198.73058948,MARK_PRICE_PREVIOUS_FALLBACK,1631548800000,5
ETHUSDT,1631577600002,0.0001,3285.23,MARK_PRICE_PREVIOUS_FALLBACK,1631577600000,2
ETHUSDT,1631606400000,0.0001,3312.20845069,MARK_PRICE_EXACT_OPEN,1631606400000,0
ETHUSDT,1631635200007,0.0001,3390.62,MARK_PRICE_PREVIOUS_FALLBACK,1631635200000,7
ETHUSDT,1631664000012,0.0001,3438.08223898,MARK_PRICE_PREVIOUS_FALLBACK,1631664000000,12
ETHUSDT,1631692800003,0.0001,3400.16475044,MARK_PRICE_PREVIOUS_FALLBACK,1631692800000,3
ETHUSDT,1631721600006,0.0001,3498.06127856,MARK_PRICE_PREVIOUS_FALLBACK,1631721600000,6
ETHUSDT,1631750400008,0.0001,3613.76078072,MARK_PRICE_PREVIOUS_FALLBACK,1631750400000,8
ETHUSDT,1631779200005,0.0001,3634.40797688,MARK_PRICE_PREVIOUS_FALLBACK,1631779200000,5
ETHUSDT,1631808000002,0.0001,3621.81,MARK_PRICE_PREVIOUS_FALLBACK,1631808000000,2
ETHUSDT,1631836800000,0.0001,3570.31885379,MARK_PRICE_EXACT_OPEN,1631836800000,0
ETHUSDT,1631865600047,0.0001,3519.36161421,MARK_PRICE_PREVIOUS_FALLBACK,1631865600000,47
ETHUSDT,1631894400013,0.0001,3446.59,MARK_PRICE_PREVIOUS_FALLBACK,1631894400000,13
ETHUSDT,1631923200000,0.0001,3399.71,MARK_PRICE_EXACT_OPEN,1631923200000,0
ETHUSDT,1631952000010,0.0001,3505.17,MARK_PRICE_PREVIOUS_FALLBACK,1631952000000,10
ETHUSDT,1631980800005,0.0001,3475,MARK_PRICE_PREVIOUS_FALLBACK,1631980800000,5
ETHUSDT,1632009600006,0.0001,3433.04852133,MARK_PRICE_PREVIOUS_FALLBACK,1632009600000,6
ETHUSDT,1632038400015,0.0001,3441.44,MARK_PRICE_PREVIOUS_FALLBACK,1632038400000,15
ETHUSDT,1632067200007,0.0001,3365.83,MARK_PRICE_PREVIOUS_FALLBACK,1632067200000,7
ETHUSDT,1632096000018,0.0001,3335.69003695,MARK_PRICE_PREVIOUS_FALLBACK,1632096000000,18
ETHUSDT,1632124800000,0.0001,3127.57445071,MARK_PRICE_EXACT_OPEN,1632124800000,0
ETHUSDT,1632153600005,0.0001,3084.41535683,MARK_PRICE_PREVIOUS_FALLBACK,1632153600000,5
ETHUSDT,1632182400005,0.0001,2973.92123024,MARK_PRICE_PREVIOUS_FALLBACK,1632182400000,5
ETHUSDT,1632211200007,0.0001,3071.41809521,MARK_PRICE_PREVIOUS_FALLBACK,1632211200000,7
ETHUSDT,1632240000000,0.0001,3036.65386841,MARK_PRICE_EXACT_OPEN,1632240000000,0
ETHUSDT,1632268800005,0.0001,2760.62639956,MARK_PRICE_PREVIOUS_FALLBACK,1632268800000,5
ETHUSDT,1632297600006,0.0001,2944.51,MARK_PRICE_PREVIOUS_FALLBACK,1632297600000,6
ETHUSDT,1632326400000,0.0001,3006.74108568,MARK_PRICE_EXACT_OPEN,1632326400000,0
ETHUSDT,1632355200003,0.0001,3072.41836977,MARK_PRICE_PREVIOUS_FALLBACK,1632355200000,3
ETHUSDT,1632384000000,0.0001,3144.31,MARK_PRICE_EXACT_OPEN,1632384000000,0
ETHUSDT,1632412800007,0.0001,3095.41,MARK_PRICE_PREVIOUS_FALLBACK,1632412800000,7
ETHUSDT,1632441600000,5.5e-7,3151.11572089,MARK_PRICE_EXACT_OPEN,1632441600000,0
ETHUSDT,1632470400017,0.00000875,3087.36342083,MARK_PRICE_PREVIOUS_FALLBACK,1632470400000,17
ETHUSDT,1632499200000,-0.0001122,2875.62373891,MARK_PRICE_EXACT_OPEN,1632499200000,0
ETHUSDT,1632528000007,-0.00000748,2925.22326261,MARK_PRICE_PREVIOUS_FALLBACK,1632528000000,7
ETHUSDT,1632556800002,-0.00001988,2889.55,MARK_PRICE_PREVIOUS_FALLBACK,1632556800000,2
ETHUSDT,1632585600004,0.00003479,2920.97882654,MARK_PRICE_PREVIOUS_FALLBACK,1632585600000,4
ETHUSDT,1632614400013,0.0001,2918.55866253,MARK_PRICE_PREVIOUS_FALLBACK,1632614400000,13
ETHUSDT,1632643200000,0.00002634,2771.99184186,MARK_PRICE_EXACT_OPEN,1632643200000,0
ETHUSDT,1632672000005,0.00002827,3056.19,MARK_PRICE_PREVIOUS_FALLBACK,1632672000000,5
ETHUSDT,1632700800000,0.0001,3059.71994351,MARK_PRICE_EXACT_OPEN,1632700800000,0
ETHUSDT,1632729600001,0.0001,3090.01,MARK_PRICE_PREVIOUS_FALLBACK,1632729600000,1
ETHUSDT,1632758400000,0.0001,3057.44827918,MARK_PRICE_EXACT_OPEN,1632758400000,0
ETHUSDT,1632787200000,-0.00000856,2924.20675644,MARK_PRICE_EXACT_OPEN,1632787200000,0
ETHUSDT,1632816000014,0.00002806,2890.83179883,MARK_PRICE_PREVIOUS_FALLBACK,1632816000000,14
ETHUSDT,1632844800000,0.00001524,2844.19064534,MARK_PRICE_EXACT_OPEN,1632844800000,0
ETHUSDT,1632873600000,-0.00008501,2803.95575446,MARK_PRICE_EXACT_OPEN,1632873600000,0
ETHUSDT,1632902400002,-0.00002112,2921.82133503,MARK_PRICE_PREVIOUS_FALLBACK,1632902400000,2
ETHUSDT,1632931200000,0.0001,2860.15,MARK_PRICE_EXACT_OPEN,1632931200000,0
ETHUSDT,1632960000000,-0.00012951,2848.68437496,MARK_PRICE_EXACT_OPEN,1632960000000,0
ETHUSDT,1632988800004,0.0001,3003.81895009,MARK_PRICE_PREVIOUS_FALLBACK,1632988800000,4
ETHUSDT,1633017600005,0.0001,2986.25982944,MARK_PRICE_PREVIOUS_FALLBACK,1633017600000,5
ETHUSDT,1633046400012,0.00004598,2997.93207624,MARK_PRICE_PREVIOUS_FALLBACK,1633046400000,12
ETHUSDT,1633075200008,0.00002073,3091.6916219,MARK_PRICE_PREVIOUS_FALLBACK,1633075200000,8
ETHUSDT,1633104000000,0.0001,3234.89700939,MARK_PRICE_EXACT_OPEN,1633104000000,0
ETHUSDT,1633132800000,0.0001,3308.58,MARK_PRICE_EXACT_OPEN,1633132800000,0
ETHUSDT,1633161600002,0.0001,3280.79,MARK_PRICE_PREVIOUS_FALLBACK,1633161600000,2
ETHUSDT,1633190400011,0.0001,3391.03949822,MARK_PRICE_PREVIOUS_FALLBACK,1633190400000,11
ETHUSDT,1633219200019,0.0001,3393.2335974,MARK_PRICE_PREVIOUS_FALLBACK,1633219200000,19
ETHUSDT,1633248000011,0.0001,3393.35225873,MARK_PRICE_PREVIOUS_FALLBACK,1633248000000,11
ETHUSDT,1633276800004,0.0001,3408.91,MARK_PRICE_PREVIOUS_FALLBACK,1633276800000,4
ETHUSDT,1633305600004,0.0001,3415.45405068,MARK_PRICE_PREVIOUS_FALLBACK,1633305600000,4
ETHUSDT,1633334400000,0.0001,3378.89286652,MARK_PRICE_EXACT_OPEN,1633334400000,0
ETHUSDT,1633363200000,0.0001,3323.44370072,MARK_PRICE_EXACT_OPEN,1633363200000,0
ETHUSDT,1633392000007,0.0001,3384.7994428,MARK_PRICE_PREVIOUS_FALLBACK,1633392000000,7
ETHUSDT,1633420800007,0.0001,3390.7140916,MARK_PRICE_PREVIOUS_FALLBACK,1633420800000,7
ETHUSDT,1633449600004,0.0001,3422.81,MARK_PRICE_PREVIOUS_FALLBACK,1633449600000,4
ETHUSDT,1633478400002,0.0001,3515.18,MARK_PRICE_PREVIOUS_FALLBACK,1633478400000,2
ETHUSDT,1633507200000,0.0001,3455.88183291,MARK_PRICE_EXACT_OPEN,1633507200000,0
ETHUSDT,1633536000003,0.00014323,3622.17,MARK_PRICE_PREVIOUS_FALLBACK,1633536000000,3
ETHUSDT,1633564800007,0.00031991,3573.92491288,MARK_PRICE_PREVIOUS_FALLBACK,1633564800000,7
ETHUSDT,1633593600002,0.00019601,3617.18,MARK_PRICE_PREVIOUS_FALLBACK,1633593600000,2
ETHUSDT,1633622400000,0.00024648,3586.24240969,MARK_PRICE_EXACT_OPEN,1633622400000,0
ETHUSDT,1633651200011,0.00018942,3591.96958464,MARK_PRICE_PREVIOUS_FALLBACK,1633651200000,11
ETHUSDT,1633680000003,0.0001,3602.9,MARK_PRICE_PREVIOUS_FALLBACK,1633680000000,3
ETHUSDT,1633708800002,0.00026363,3619.73,MARK_PRICE_PREVIOUS_FALLBACK,1633708800000,2
ETHUSDT,1633737600006,0.0001,3563.35,MARK_PRICE_PREVIOUS_FALLBACK,1633737600000,6
ETHUSDT,1633766400003,0.0001,3610.43335386,MARK_PRICE_PREVIOUS_FALLBACK,1633766400000,3
ETHUSDT,1633795200000,0.0001,3602.11284429,MARK_PRICE_EXACT_OPEN,1633795200000,0
ETHUSDT,1633824000000,0.0001,3576.59153012,MARK_PRICE_EXACT_OPEN,1633824000000,0
ETHUSDT,1633852800008,0.0001,3587.68136985,MARK_PRICE_PREVIOUS_FALLBACK,1633852800000,8
ETHUSDT,1633881600000,0.0001,3559.08,MARK_PRICE_EXACT_OPEN,1633881600000,0
ETHUSDT,1633910400002,0.0001,3414.71,MARK_PRICE_PREVIOUS_FALLBACK,1633910400000,2
ETHUSDT,1633939200001,0.0001,3588.88088748,MARK_PRICE_PREVIOUS_FALLBACK,1633939200000,1
ETHUSDT,1633968000006,0.0003307,3600.5981495,MARK_PRICE_PREVIOUS_FALLBACK,1633968000000,6
ETHUSDT,1633996800008,0.0001,3540.35233861,MARK_PRICE_PREVIOUS_FALLBACK,1633996800000,8
ETHUSDT,1634025600013,0.0001,3482,MARK_PRICE_PREVIOUS_FALLBACK,1634025600000,13
ETHUSDT,1634054400003,0.0001,3504.27542662,MARK_PRICE_PREVIOUS_FALLBACK,1634054400000,3
ETHUSDT,1634083200003,0.0001,3492.55478295,MARK_PRICE_PREVIOUS_FALLBACK,1634083200000,3
ETHUSDT,1634112000015,0.0001,3431.39,MARK_PRICE_PREVIOUS_FALLBACK,1634112000000,15
ETHUSDT,1634140800000,0.0001,3486.67,MARK_PRICE_EXACT_OPEN,1634140800000,0
ETHUSDT,1634169600011,0.00018908,3612.0551433,MARK_PRICE_PREVIOUS_FALLBACK,1634169600000,11
ETHUSDT,1634198400017,0.00028381,3634.4051586,MARK_PRICE_PREVIOUS_FALLBACK,1634198400000,17
ETHUSDT,1634227200000,0.00032142,3810.20191302,MARK_PRICE_EXACT_OPEN,1634227200000,0
ETHUSDT,1634256000005,0.00041315,3794.34535372,MARK_PRICE_PREVIOUS_FALLBACK,1634256000000,5
ETHUSDT,1634284800002,0.00039194,3810.32718343,MARK_PRICE_PREVIOUS_FALLBACK,1634284800000,2
ETHUSDT,1634313600005,0.00023043,3794.61386187,MARK_PRICE_PREVIOUS_FALLBACK,1634313600000,5
ETHUSDT,1634342400009,0.00031365,3872.09135525,MARK_PRICE_PREVIOUS_FALLBACK,1634342400000,9
ETHUSDT,1634371200000,0.00024049,3856.1947671,MARK_PRICE_EXACT_OPEN,1634371200000,0
ETHUSDT,1634400000003,0.00052591,3908.63552749,MARK_PRICE_PREVIOUS_FALLBACK,1634400000000,3
ETHUSDT,1634428800001,0.00033305,3829.5823067,MARK_PRICE_PREVIOUS_FALLBACK,1634428800000,1
ETHUSDT,1634457600002,0.00037505,3884.85457231,MARK_PRICE_PREVIOUS_FALLBACK,1634457600000,2
ETHUSDT,1634486400002,0.00053706,3789.15009067,MARK_PRICE_PREVIOUS_FALLBACK,1634486400000,2
ETHUSDT,1634515200006,0.00023924,3858.98398484,MARK_PRICE_PREVIOUS_FALLBACK,1634515200000,6
ETHUSDT,1634544000004,0.0003827,3841.43012126,MARK_PRICE_PREVIOUS_FALLBACK,1634544000000,4
ETHUSDT,1634572800001,0.0001968,3763.3,MARK_PRICE_PREVIOUS_FALLBACK,1634572800000,1
ETHUSDT,1634601600002,0.00036846,3751.52,MARK_PRICE_PREVIOUS_FALLBACK,1634601600000,2
ETHUSDT,1634630400000,0.00035703,3811.52,MARK_PRICE_EXACT_OPEN,1634630400000,0
ETHUSDT,1634659200000,0.00020322,3776.17,MARK_PRICE_EXACT_OPEN,1634659200000,0
ETHUSDT,1634688000017,0.00030103,3891.58292132,MARK_PRICE_PREVIOUS_FALLBACK,1634688000000,17
ETHUSDT,1634716800004,0.00022709,3862.44543566,MARK_PRICE_PREVIOUS_FALLBACK,1634716800000,4
ETHUSDT,1634745600020,0.00072515,4072.11360696,MARK_PRICE_PREVIOUS_FALLBACK,1634745600000,20
ETHUSDT,1634774400000,0.00050619,4164.86441299,MARK_PRICE_EXACT_OPEN,1634774400000,0
ETHUSDT,1634803200000,0.00051537,4166.52,MARK_PRICE_EXACT_OPEN,1634803200000,0
ETHUSDT,1634832000008,0.00080402,4085.92,MARK_PRICE_PREVIOUS_FALLBACK,1634832000000,8
ETHUSDT,1634860800005,0.00035282,4057.82691947,MARK_PRICE_PREVIOUS_FALLBACK,1634860800000,5
ETHUSDT,1634889600005,0.00034276,4144.45533151,MARK_PRICE_PREVIOUS_FALLBACK,1634889600000,5
ETHUSDT,1634918400018,0.00032256,3966.54,MARK_PRICE_PREVIOUS_FALLBACK,1634918400000,18
ETHUSDT,1634947200005,0.00023902,3974.44,MARK_PRICE_PREVIOUS_FALLBACK,1634947200000,5
ETHUSDT,1634976000001,0.00015138,4016.50331792,MARK_PRICE_PREVIOUS_FALLBACK,1634976000000,1
ETHUSDT,1635004800004,0.00024606,4094.33757281,MARK_PRICE_PREVIOUS_FALLBACK,1635004800000,4
ETHUSDT,1635033600006,0.00018961,4175.2,MARK_PRICE_PREVIOUS_FALLBACK,1635033600000,6
ETHUSDT,1635062400012,0.00046408,4102.08189466,MARK_PRICE_PREVIOUS_FALLBACK,1635062400000,12
ETHUSDT,1635091200001,0.00039289,4001.19184415,MARK_PRICE_PREVIOUS_FALLBACK,1635091200000,1
ETHUSDT,1635120000012,0.00019298,4090.66278871,MARK_PRICE_PREVIOUS_FALLBACK,1635120000000,12
ETHUSDT,1635148800002,0.00047527,4156.38804508,MARK_PRICE_PREVIOUS_FALLBACK,1635148800000,2
ETHUSDT,1635177600022,0.00048823,4212.33,MARK_PRICE_PREVIOUS_FALLBACK,1635177600000,22
ETHUSDT,1635206400005,0.00039142,4228.06,MARK_PRICE_PREVIOUS_FALLBACK,1635206400000,5
ETHUSDT,1635235200016,0.00037012,4204.03615004,MARK_PRICE_PREVIOUS_FALLBACK,1635235200000,16
ETHUSDT,1635264000000,0.00043832,4189.49282925,MARK_PRICE_EXACT_OPEN,1635264000000,0
ETHUSDT,1635292800004,0.00030844,4133.92690454,MARK_PRICE_PREVIOUS_FALLBACK,1635292800000,4
ETHUSDT,1635321600000,0.00059665,4138.79259185,MARK_PRICE_EXACT_OPEN,1635321600000,0
ETHUSDT,1635350400002,0.00012399,3997.07268566,MARK_PRICE_PREVIOUS_FALLBACK,1635350400000,2
ETHUSDT,1635379200002,0.00019556,3929.34410992,MARK_PRICE_PREVIOUS_FALLBACK,1635379200000,2
ETHUSDT,1635408000000,0.0001,4012.22,MARK_PRICE_EXACT_OPEN,1635408000000,0
ETHUSDT,1635436800005,0.0001,4159.8704885,MARK_PRICE_PREVIOUS_FALLBACK,1635436800000,5
ETHUSDT,1635465600000,0.00025971,4289.62,MARK_PRICE_EXACT_OPEN,1635465600000,0
ETHUSDT,1635494400007,0.00040402,4318.4350934,MARK_PRICE_PREVIOUS_FALLBACK,1635494400000,7
ETHUSDT,1635523200001,0.00037311,4452.26257016,MARK_PRICE_PREVIOUS_FALLBACK,1635523200000,1
ETHUSDT,1635552000000,0.00013087,4420.2290343,MARK_PRICE_EXACT_OPEN,1635552000000,0
ETHUSDT,1635580800001,0.00046654,4356.67516085,MARK_PRICE_PREVIOUS_FALLBACK,1635580800000,1
ETHUSDT,1635609600013,0.00024213,4286.94,MARK_PRICE_PREVIOUS_FALLBACK,1635609600000,13
ETHUSDT,1635638400008,0.00013682,4326.11,MARK_PRICE_PREVIOUS_FALLBACK,1635638400000,8
ETHUSDT,1635667200010,0.0001,4321.66949266,MARK_PRICE_PREVIOUS_FALLBACK,1635667200000,10
ETHUSDT,1635696000001,0.00021779,4220.42,MARK_PRICE_PREVIOUS_FALLBACK,1635696000000,1
ETHUSDT,1635724800009,0.00024088,4292.86362084,MARK_PRICE_PREVIOUS_FALLBACK,1635724800000,9
ETHUSDT,1635753600014,0.00013798,4315.4,MARK_PRICE_PREVIOUS_FALLBACK,1635753600000,14
ETHUSDT,1635782400001,0.00026687,4348.93,MARK_PRICE_PREVIOUS_FALLBACK,1635782400000,1
ETHUSDT,1635811200000,0.00020736,4322.01,MARK_PRICE_EXACT_OPEN,1635811200000,0
ETHUSDT,1635840000007,0.00045079,4348.12,MARK_PRICE_PREVIOUS_FALLBACK,1635840000000,7
ETHUSDT,1635868800010,0.00052167,4517.65284152,MARK_PRICE_PREVIOUS_FALLBACK,1635868800000,10
ETHUSDT,1635897600019,0.0001,4596.50420628,MARK_PRICE_PREVIOUS_FALLBACK,1635897600000,19
ETHUSDT,1635926400000,0.00044614,4613.70235723,MARK_PRICE_EXACT_OPEN,1635926400000,0
ETHUSDT,1635955200005,0.00025564,4542.10491689,MARK_PRICE_PREVIOUS_FALLBACK,1635955200000,5
ETHUSDT,1635984000006,0.00047967,4604.77064463,MARK_PRICE_PREVIOUS_FALLBACK,1635984000000,6
ETHUSDT,1636012800004,0.0003137,4525.3588191,MARK_PRICE_PREVIOUS_FALLBACK,1636012800000,4
ETHUSDT,1636041600004,0.00028111,4478.56,MARK_PRICE_PREVIOUS_FALLBACK,1636041600000,4
ETHUSDT,1636070400000,0.0002238,4535.37,MARK_PRICE_EXACT_OPEN,1636070400000,0
ETHUSDT,1636099200013,0.00014351,4533.54886507,MARK_PRICE_PREVIOUS_FALLBACK,1636099200000,13
ETHUSDT,1636128000016,0.00033389,4464.44488965,MARK_PRICE_PREVIOUS_FALLBACK,1636128000000,16
ETHUSDT,1636156800010,0.00040376,4474.65000799,MARK_PRICE_PREVIOUS_FALLBACK,1636156800000,10
ETHUSDT,1636185600000,0.00043015,4473.5238369,MARK_PRICE_EXACT_OPEN,1636185600000,0
ETHUSDT,1636214400007,0.0001,4400.84216286,MARK_PRICE_PREVIOUS_FALLBACK,1636214400000,7
ETHUSDT,1636243200013,0.00023166,4518.35,MARK_PRICE_PREVIOUS_FALLBACK,1636243200000,13
ETHUSDT,1636272000005,0.00018519,4547.08074169,MARK_PRICE_PREVIOUS_FALLBACK,1636272000000,5
ETHUSDT,1636300800004,0.00032259,4610.13427446,MARK_PRICE_PREVIOUS_FALLBACK,1636300800000,4
ETHUSDT,1636329600001,0.00021005,4621.68002612,MARK_PRICE_PREVIOUS_FALLBACK,1636329600000,1
ETHUSDT,1636358400000,0.00028714,4727.55,MARK_PRICE_EXACT_OPEN,1636358400000,0
ETHUSDT,1636387200000,0.00023,4767,MARK_PRICE_EXACT_OPEN,1636387200000,0
ETHUSDT,1636416000000,0.0001,4814.00475065,MARK_PRICE_EXACT_OPEN,1636416000000,0
ETHUSDT,1636444800014,0.0001,4784.02207978,MARK_PRICE_PREVIOUS_FALLBACK,1636444800000,14
ETHUSDT,1636473600001,0.0001,4797.96857447,MARK_PRICE_PREVIOUS_FALLBACK,1636473600000,1
ETHUSDT,1636502400000,0.00021036,4734.99,MARK_PRICE_EXACT_OPEN,1636502400000,0
ETHUSDT,1636531200003,0.00020446,4722.28530117,MARK_PRICE_PREVIOUS_FALLBACK,1636531200000,3
ETHUSDT,1636560000001,0.00027928,4855.47630322,MARK_PRICE_PREVIOUS_FALLBACK,1636560000000,1
ETHUSDT,1636588800008,0.0001722,4628.59610838,MARK_PRICE_PREVIOUS_FALLBACK,1636588800000,8
ETHUSDT,1636617600012,0.00015754,4696.46510676,MARK_PRICE_PREVIOUS_FALLBACK,1636617600000,12
ETHUSDT,1636646400007,0.0001,4728.11283251,MARK_PRICE_PREVIOUS_FALLBACK,1636646400000,7
ETHUSDT,1636675200000,0.0001,4721.19,MARK_PRICE_EXACT_OPEN,1636675200000,0
ETHUSDT,1636704000000,0.0001,4712.57549132,MARK_PRICE_EXACT_OPEN,1636704000000,0
ETHUSDT,1636732800004,0.0001,4575.45935368,MARK_PRICE_PREVIOUS_FALLBACK,1636732800000,4
ETHUSDT,1636761600000,0.0001,4666,MARK_PRICE_EXACT_OPEN,1636761600000,0
ETHUSDT,1636790400004,0.0001,4646.46269596,MARK_PRICE_PREVIOUS_FALLBACK,1636790400000,4
ETHUSDT,1636819200006,0.0001,4684.82,MARK_PRICE_PREVIOUS_FALLBACK,1636819200000,6
ETHUSDT,1636848000010,0.0001,4640.89107239,MARK_PRICE_PREVIOUS_FALLBACK,1636848000000,10
ETHUSDT,1636876800001,0.0001,4602.65956718,MARK_PRICE_PREVIOUS_FALLBACK,1636876800000,1
ETHUSDT,1636905600000,0.0001,4584.11411992,MARK_PRICE_EXACT_OPEN,1636905600000,0
ETHUSDT,1636934400008,0.00023003,4638.02861604,MARK_PRICE_PREVIOUS_FALLBACK,1636934400000,8
ETHUSDT,1636963200000,0.0002453,4683.27,MARK_PRICE_EXACT_OPEN,1636963200000,0
ETHUSDT,1636992000000,0.0001,4651.35,MARK_PRICE_EXACT_OPEN,1636992000000,0
ETHUSDT,1637020800000,0.00015753,4566.9758231,MARK_PRICE_EXACT_OPEN,1637020800000,0
ETHUSDT,1637049600001,0.0001,4312.50925989,MARK_PRICE_PREVIOUS_FALLBACK,1637049600000,1
ETHUSDT,1637078400018,0.0001,4286.99,MARK_PRICE_PREVIOUS_FALLBACK,1637078400000,18
ETHUSDT,1637107200005,0.0001,4213.20066372,MARK_PRICE_PREVIOUS_FALLBACK,1637107200000,5
ETHUSDT,1637136000007,0.0001,4189.7,MARK_PRICE_PREVIOUS_FALLBACK,1637136000000,7
ETHUSDT,1637164800003,0.0001,4172.97655343,MARK_PRICE_PREVIOUS_FALLBACK,1637164800000,3
ETHUSDT,1637193600017,0.0001,4287.86428026,MARK_PRICE_PREVIOUS_FALLBACK,1637193600000,17
ETHUSDT,1637222400007,0.0001,4245.66464578,MARK_PRICE_PREVIOUS_FALLBACK,1637222400000,7
ETHUSDT,1637251200011,0.0001,4061.25966942,MARK_PRICE_PREVIOUS_FALLBACK,1637251200000,11
ETHUSDT,1637280000000,0.0001,3997.83461828,MARK_PRICE_EXACT_OPEN,1637280000000,0
ETHUSDT,1637308800000,0.0001,4063.02795103,MARK_PRICE_EXACT_OPEN,1637308800000,0
ETHUSDT,1637337600005,0.0001,4218.26,MARK_PRICE_PREVIOUS_FALLBACK,1637337600000,5
ETHUSDT,1637366400012,0.0001,4297.07,MARK_PRICE_PREVIOUS_FALLBACK,1637366400000,12
ETHUSDT,1637395200000,0.0001,4280.60928427,MARK_PRICE_EXACT_OPEN,1637395200000,0
ETHUSDT,1637424000007,0.0001,4213.85509815,MARK_PRICE_PREVIOUS_FALLBACK,1637424000000,7
ETHUSDT,1637452800000,0.0001,4412.46,MARK_PRICE_EXACT_OPEN,1637452800000,0
ETHUSDT,1637481600006,0.0001,4352.37523741,MARK_PRICE_PREVIOUS_FALLBACK,1637481600000,6
ETHUSDT,1637510400000,0.0001,4367,MARK_PRICE_EXACT_OPEN,1637510400000,0
ETHUSDT,1637539200004,0.0001,4263.31218825,MARK_PRICE_PREVIOUS_FALLBACK,1637539200000,4
ETHUSDT,1637568000000,0.0001,4188.67232489,MARK_PRICE_EXACT_OPEN,1637568000000,0
ETHUSDT,1637596800000,0.0001,4235.47441127,MARK_PRICE_EXACT_OPEN,1637596800000,0
ETHUSDT,1637625600004,0.0001,4079.86985936,MARK_PRICE_PREVIOUS_FALLBACK,1637625600000,4
ETHUSDT,1637654400010,0.0001,4109.17595755,MARK_PRICE_PREVIOUS_FALLBACK,1637654400000,10
ETHUSDT,1637683200005,0.0001,4278.36000891,MARK_PRICE_PREVIOUS_FALLBACK,1637683200000,5
ETHUSDT,1637712000001,0.0001,4343.74531706,MARK_PRICE_PREVIOUS_FALLBACK,1637712000000,1
ETHUSDT,1637740800003,0.0001,4273.51933881,MARK_PRICE_PREVIOUS_FALLBACK,1637740800000,3
ETHUSDT,1637769600010,0.0001,4264.63806139,MARK_PRICE_PREVIOUS_FALLBACK,1637769600000,10
ETHUSDT,1637798400000,0.0001,4271.3,MARK_PRICE_EXACT_OPEN,1637798400000,0
ETHUSDT,1637827200010,0.0001,4299.05,MARK_PRICE_PREVIOUS_FALLBACK,1637827200000,10
ETHUSDT,1637856000000,0.00035137,4479.07,MARK_PRICE_EXACT_OPEN,1637856000000,0
ETHUSDT,1637884800000,0.00026113,4525.91172774,MARK_PRICE_EXACT_OPEN,1637884800000,0
ETHUSDT,1637913600000,0.00027132,4344.97,MARK_PRICE_EXACT_OPEN,1637913600000,0
ETHUSDT,1637942400016,0.0001,4061.03049526,MARK_PRICE_PREVIOUS_FALLBACK,1637942400000,16
ETHUSDT,1637971200005,0.0001,4050.87760197,MARK_PRICE_PREVIOUS_FALLBACK,1637971200000,5
ETHUSDT,1638000000008,0.0001,4126.36,MARK_PRICE_PREVIOUS_FALLBACK,1638000000000,8
ETHUSDT,1638028800007,0.0001,4133.26549349,MARK_PRICE_PREVIOUS_FALLBACK,1638028800000,7
ETHUSDT,1638057600018,0.0001,4088.26634094,MARK_PRICE_PREVIOUS_FALLBACK,1638057600000,18
ETHUSDT,1638086400000,0.0001,4069.87,MARK_PRICE_EXACT_OPEN,1638086400000,0
ETHUSDT,1638115200004,0.0001,4081.25790241,MARK_PRICE_PREVIOUS_FALLBACK,1638115200000,4
ETHUSDT,1638144000002,0.0001,4305.00807195,MARK_PRICE_PREVIOUS_FALLBACK,1638144000000,2
ETHUSDT,1638172800004,0.0001,4357.66265492,MARK_PRICE_PREVIOUS_FALLBACK,1638172800000,4
ETHUSDT,1638201600000,0.0001,4337.13122242,MARK_PRICE_EXACT_OPEN,1638201600000,0
ETHUSDT,1638230400000,0.0001,4444.68779785,MARK_PRICE_EXACT_OPEN,1638230400000,0
ETHUSDT,1638259200006,0.0001,4408.6309221,MARK_PRICE_PREVIOUS_FALLBACK,1638259200000,6
ETHUSDT,1638288000000,0.00019202,4620.67080054,MARK_PRICE_EXACT_OPEN,1638288000000,0
ETHUSDT,1638316800000,0.0001625,4628.77056823,MARK_PRICE_EXACT_OPEN,1638316800000,0
ETHUSDT,1638345600000,0.0001,4766.9,MARK_PRICE_EXACT_OPEN,1638345600000,0
ETHUSDT,1638374400001,0.0001,4732.4676224,MARK_PRICE_PREVIOUS_FALLBACK,1638374400000,1
ETHUSDT,1638403200000,0.0001,4586.66,MARK_PRICE_EXACT_OPEN,1638403200000,0
ETHUSDT,1638432000007,0.0001,4565.51468348,MARK_PRICE_PREVIOUS_FALLBACK,1638432000000,7
ETHUSDT,1638460800008,0.0001,4541.4,MARK_PRICE_PREVIOUS_FALLBACK,1638460800000,8
ETHUSDT,1638489600004,0.00012562,4518.50504204,MARK_PRICE_PREVIOUS_FALLBACK,1638489600000,4
ETHUSDT,1638518400002,0.0001,4568.65033512,MARK_PRICE_PREVIOUS_FALLBACK,1638518400000,2
ETHUSDT,1638547200006,0.0001,4457.68457766,MARK_PRICE_PREVIOUS_FALLBACK,1638547200000,6
ETHUSDT,1638576000006,0.0001,4207.62691581,MARK_PRICE_PREVIOUS_FALLBACK,1638576000000,6
ETHUSDT,1638604800004,0.00006583,3883.93574245,MARK_PRICE_PREVIOUS_FALLBACK,1638604800000,4
ETHUSDT,1638633600000,0.0001,4035.12915048,MARK_PRICE_EXACT_OPEN,1638633600000,0
ETHUSDT,1638662400003,0.0001,4124,MARK_PRICE_PREVIOUS_FALLBACK,1638662400000,3
ETHUSDT,1638691200008,0.0001,4199.88216235,MARK_PRICE_PREVIOUS_FALLBACK,1638691200000,8
ETHUSDT,1638720000007,0.0001,4068.33494605,MARK_PRICE_PREVIOUS_FALLBACK,1638720000000,7
ETHUSDT,1638748800009,0.0001,4202.87718113,MARK_PRICE_PREVIOUS_FALLBACK,1638748800000,9
ETHUSDT,1638777600001,0.0001,4077.83,MARK_PRICE_PREVIOUS_FALLBACK,1638777600000,1
ETHUSDT,1638806400000,0.0001,4124.12487616,MARK_PRICE_EXACT_OPEN,1638806400000,0
ETHUSDT,1638835200018,0.0001,4352.28,MARK_PRICE_PREVIOUS_FALLBACK,1638835200000,18
ETHUSDT,1638864000000,0.0000706,4351.6,MARK_PRICE_EXACT_OPEN,1638864000000,0
ETHUSDT,1638892800000,0.0001,4385.31005104,MARK_PRICE_EXACT_OPEN,1638892800000,0
ETHUSDT,1638921600000,0.0001,4305.99,MARK_PRICE_EXACT_OPEN,1638921600000,0
ETHUSDT,1638950400018,0.0001,4368.38,MARK_PRICE_PREVIOUS_FALLBACK,1638950400000,18
ETHUSDT,1638979200010,0.0001,4408.75783319,MARK_PRICE_PREVIOUS_FALLBACK,1638979200000,10
ETHUSDT,1639008000010,0.0001,4439,MARK_PRICE_PREVIOUS_FALLBACK,1639008000000,10
ETHUSDT,1639036800000,0.0001,4378.55007549,MARK_PRICE_EXACT_OPEN,1639036800000,0
ETHUSDT,1639065600000,0.0001,4198.68114792,MARK_PRICE_EXACT_OPEN,1639065600000,0
ETHUSDT,1639094400000,0.0001,4104.43996653,MARK_PRICE_EXACT_OPEN,1639094400000,0
ETHUSDT,1639123200008,0.0001,4026.53,MARK_PRICE_PREVIOUS_FALLBACK,1639123200000,8
ETHUSDT,1639152000012,-0.00001037,4011.31132491,MARK_PRICE_PREVIOUS_FALLBACK,1639152000000,12
ETHUSDT,1639180800009,0.0001,3903.04924437,MARK_PRICE_PREVIOUS_FALLBACK,1639180800000,9
ETHUSDT,1639209600008,0.0001,3976.79525689,MARK_PRICE_PREVIOUS_FALLBACK,1639209600000,8
ETHUSDT,1639238400000,0.00008719,4057.79,MARK_PRICE_EXACT_OPEN,1639238400000,0
ETHUSDT,1639267200001,0.0001,4084.39,MARK_PRICE_PREVIOUS_FALLBACK,1639267200000,1
ETHUSDT,1639296000015,0.0001,4055.79,MARK_PRICE_PREVIOUS_FALLBACK,1639296000000,15
ETHUSDT,1639324800011,0.0001,4022.74679412,MARK_PRICE_PREVIOUS_FALLBACK,1639324800000,11
ETHUSDT,1639353600006,0.0001,4126.34898577,MARK_PRICE_PREVIOUS_FALLBACK,1639353600000,6
ETHUSDT,1639382400019,-0.00005974,3990.43,MARK_PRICE_PREVIOUS_FALLBACK,1639382400000,19
ETHUSDT,1639411200000,0.00004163,3807.16878942,MARK_PRICE_EXACT_OPEN,1639411200000,0
ETHUSDT,1639440000004,-0.00005267,3775.65505131,MARK_PRICE_PREVIOUS_FALLBACK,1639440000000,4
ETHUSDT,1639468800000,0.0001,3780.60908502,MARK_PRICE_EXACT_OPEN,1639468800000,0
ETHUSDT,1639497600015,0.0001,3781.82,MARK_PRICE_PREVIOUS_FALLBACK,1639497600000,15
ETHUSDT,1639526400000,0.0001,3856.66598749,MARK_PRICE_EXACT_OPEN,1639526400000,0
ETHUSDT,1639555200008,0.0001,3862.01927565,MARK_PRICE_PREVIOUS_FALLBACK,1639555200000,8
ETHUSDT,1639584000005,0.0001,3655.55566309,MARK_PRICE_PREVIOUS_FALLBACK,1639584000000,5
ETHUSDT,1639612800006,0.0001,4026.03057389,MARK_PRICE_PREVIOUS_FALLBACK,1639612800000,6
ETHUSDT,1639641600009,0.0001,4026.42450722,MARK_PRICE_PREVIOUS_FALLBACK,1639641600000,9
ETHUSDT,1639670400000,0.00003234,4081.49,MARK_PRICE_EXACT_OPEN,1639670400000,0
ETHUSDT,1639699200000,0.0001,3958.02,MARK_PRICE_EXACT_OPEN,1639699200000,0
ETHUSDT,1639728000005,0.0001,3875.41186522,MARK_PRICE_PREVIOUS_FALLBACK,1639728000000,5
ETHUSDT,1639756800006,0.0001,3828.91,MARK_PRICE_PREVIOUS_FALLBACK,1639756800000,6
ETHUSDT,1639785600014,0.0001,3880.75,MARK_PRICE_PREVIOUS_FALLBACK,1639785600000,14
ETHUSDT,1639814400012,0.00005422,3893.14,MARK_PRICE_PREVIOUS_FALLBACK,1639814400000,12
ETHUSDT,1639843200000,0.0001,3944.96586064,MARK_PRICE_EXACT_OPEN,1639843200000,0
ETHUSDT,1639872000031,0.00004353,3952.32,MARK_PRICE_PREVIOUS_FALLBACK,1639872000000,31
ETHUSDT,1639900800000,0.0001,3976.56,MARK_PRICE_EXACT_OPEN,1639900800000,0
ETHUSDT,1639929600003,0.0001,3918.85432853,MARK_PRICE_PREVIOUS_FALLBACK,1639929600000,3
ETHUSDT,1639958400015,0.0001,3926.7,MARK_PRICE_PREVIOUS_FALLBACK,1639958400000,15
ETHUSDT,1639987200007,0.0001,3822.02573244,MARK_PRICE_PREVIOUS_FALLBACK,1639987200000,7
ETHUSDT,1640016000005,0.0001,3804.50706834,MARK_PRICE_PREVIOUS_FALLBACK,1640016000000,5
ETHUSDT,1640044800003,0.0001,3957.47394209,MARK_PRICE_PREVIOUS_FALLBACK,1640044800000,3
ETHUSDT,1640073600012,0.0001,3999.47632347,MARK_PRICE_PREVIOUS_FALLBACK,1640073600000,12
ETHUSDT,1640102400005,0.0001,3973.67856194,MARK_PRICE_PREVIOUS_FALLBACK,1640102400000,5
ETHUSDT,1640131200000,0.0001,4014.74435594,MARK_PRICE_EXACT_OPEN,1640131200000,0
ETHUSDT,1640160000001,0.0001,4049.66,MARK_PRICE_PREVIOUS_FALLBACK,1640160000000,1
ETHUSDT,1640188800006,0.0001,4006.84,MARK_PRICE_PREVIOUS_FALLBACK,1640188800000,6
ETHUSDT,1640217600011,0.0001,3984.07,MARK_PRICE_PREVIOUS_FALLBACK,1640217600000,11
ETHUSDT,1640246400000,0.0001,3909.65,MARK_PRICE_EXACT_OPEN,1640246400000,0
ETHUSDT,1640275200000,0.00003383,3947.92495331,MARK_PRICE_EXACT_OPEN,1640275200000,0
ETHUSDT,1640304000005,0.0001,4111.72,MARK_PRICE_PREVIOUS_FALLBACK,1640304000000,5
ETHUSDT,1640332800000,0.0001,4088.4213899,MARK_PRICE_EXACT_OPEN,1640332800000,0
ETHUSDT,1640361600011,0.0001,4095.78865829,MARK_PRICE_PREVIOUS_FALLBACK,1640361600000,11
ETHUSDT,1640390400000,0.0001,4044.6,MARK_PRICE_EXACT_OPEN,1640390400000,0
ETHUSDT,1640419200001,0.0001,4052.60110414,MARK_PRICE_PREVIOUS_FALLBACK,1640419200000,1
ETHUSDT,1640448000005,0.0001,4086.09,MARK_PRICE_PREVIOUS_FALLBACK,1640448000000,5
ETHUSDT,1640476800004,0.0001,4089.90167565,MARK_PRICE_PREVIOUS_FALLBACK,1640476800000,4
ETHUSDT,1640505600002,0.0001,4031.3250816,MARK_PRICE_PREVIOUS_FALLBACK,1640505600000,2
ETHUSDT,1640534400000,0.0001,4051.9678507,MARK_PRICE_EXACT_OPEN,1640534400000,0
ETHUSDT,1640563200002,0.0001,4067.18666242,MARK_PRICE_PREVIOUS_FALLBACK,1640563200000,2
ETHUSDT,1640592000005,0.0001,4050.2594467,MARK_PRICE_PREVIOUS_FALLBACK,1640592000000,5
ETHUSDT,1640620800000,0.0001,4091.4390893,MARK_PRICE_EXACT_OPEN,1640620800000,0
ETHUSDT,1640649600000,0.0001,4037.73974517,MARK_PRICE_EXACT_OPEN,1640649600000,0
ETHUSDT,1640678400012,0.00002254,3913.63482294,MARK_PRICE_PREVIOUS_FALLBACK,1640678400000,12
ETHUSDT,1640707200000,0.00004226,3896.46212333,MARK_PRICE_EXACT_OPEN,1640707200000,0
ETHUSDT,1640736000006,0.00008064,3796.56,MARK_PRICE_PREVIOUS_FALLBACK,1640736000000,6
ETHUSDT,1640764800003,0.0001,3797.34495412,MARK_PRICE_PREVIOUS_FALLBACK,1640764800000,3
ETHUSDT,1640793600004,0.00006859,3793.25787299,MARK_PRICE_PREVIOUS_FALLBACK,1640793600000,4
ETHUSDT,1640822400003,0.00009232,3636.04,MARK_PRICE_PREVIOUS_FALLBACK,1640822400000,3
ETHUSDT,1640851200001,-0.00000764,3716.64,MARK_PRICE_PREVIOUS_FALLBACK,1640851200000,1
ETHUSDT,1640880000017,0.0001,3710.26,MARK_PRICE_PREVIOUS_FALLBACK,1640880000000,17
ETHUSDT,1640908800006,0.00006849,3705.77310396,MARK_PRICE_PREVIOUS_FALLBACK,1640908800000,6
ETHUSDT,1640937600009,0.00000972,3717.03600075,MARK_PRICE_PREVIOUS_FALLBACK,1640937600000,9
ETHUSDT,1640966400000,0.0001,3782.76738829,MARK_PRICE_EXACT_OPEN,1640966400000,0
ETHUSDT,1640995200006,0.0001,3684.04,MARK_PRICE_PREVIOUS_FALLBACK,1640995200000,6
ETHUSDT,1641024000009,0.0001,3713.63967279,MARK_PRICE_PREVIOUS_FALLBACK,1641024000000,9
ETHUSDT,1641052800000,0.0001,3723.98,MARK_PRICE_EXACT_OPEN,1641052800000,0
ETHUSDT,1641081600028,0.00003876,3765.4,MARK_PRICE_PREVIOUS_FALLBACK,1641081600000,28
ETHUSDT,1641110400000,0.00002263,3745.63130419,MARK_PRICE_EXACT_OPEN,1641110400000,0
ETHUSDT,1641139200000,0.00006714,3776.45,MARK_PRICE_EXACT_OPEN,1641139200000,0
ETHUSDT,1641168000010,0.00006973,3822.71924251,MARK_PRICE_PREVIOUS_FALLBACK,1641168000000,10
ETHUSDT,1641196800013,0.00005084,3810.57831544,MARK_PRICE_PREVIOUS_FALLBACK,1641196800000,13
ETHUSDT,1641225600018,0.00007394,3779.12676988,MARK_PRICE_PREVIOUS_FALLBACK,1641225600000,18
ETHUSDT,1641254400000,0.0001,3764.07,MARK_PRICE_EXACT_OPEN,1641254400000,0
ETHUSDT,1641283200010,0.0001,3764.05683761,MARK_PRICE_PREVIOUS_FALLBACK,1641283200000,10
ETHUSDT,1641312000002,0.0001,3840,MARK_PRICE_PREVIOUS_FALLBACK,1641312000000,2
ETHUSDT,1641340800001,0.0001,3790.13735229,MARK_PRICE_PREVIOUS_FALLBACK,1641340800000,1
ETHUSDT,1641369600017,0.0001,3817.98771894,MARK_PRICE_PREVIOUS_FALLBACK,1641369600000,17
ETHUSDT,1641398400000,0.0001,3819.35975851,MARK_PRICE_EXACT_OPEN,1641398400000,0
ETHUSDT,1641427200002,0.00005376,3533.66,MARK_PRICE_PREVIOUS_FALLBACK,1641427200000,2
ETHUSDT,1641456000021,0.0001,3453.83288353,MARK_PRICE_PREVIOUS_FALLBACK,1641456000000,21
ETHUSDT,1641484800006,0.00004332,3398.02456269,MARK_PRICE_PREVIOUS_FALLBACK,1641484800000,6
ETHUSDT,1641513600005,0.00001935,3414.57016666,MARK_PRICE_PREVIOUS_FALLBACK,1641513600000,5
ETHUSDT,1641542400000,0.0001,3201.72430112,MARK_PRICE_EXACT_OPEN,1641542400000,0
ETHUSDT,1641571200001,0.0001,3146.88,MARK_PRICE_PREVIOUS_FALLBACK,1641571200000,1
ETHUSDT,1641600000014,0.0001,3205.02,MARK_PRICE_PREVIOUS_FALLBACK,1641600000000,14
ETHUSDT,1641628800013,0.0001,3216.32433018,MARK_PRICE_PREVIOUS_FALLBACK,1641628800000,13
ETHUSDT,1641657600000,0.0001,3160.16219839,MARK_PRICE_EXACT_OPEN,1641657600000,0
ETHUSDT,1641686400003,0.0001,3077.39,MARK_PRICE_PREVIOUS_FALLBACK,1641686400000,3
ETHUSDT,1641715200000,-0.00007234,3125.94427546,MARK_PRICE_EXACT_OPEN,1641715200000,0
ETHUSDT,1641744000000,0.0000547,3097.02964541,MARK_PRICE_EXACT_OPEN,1641744000000,0
ETHUSDT,1641772800000,-0.00014593,3150.05441116,MARK_PRICE_EXACT_OPEN,1641772800000,0
ETHUSDT,1641801600010,-0.00006361,3165.87,MARK_PRICE_PREVIOUS_FALLBACK,1641801600000,10
ETHUSDT,1641830400007,0.00001599,2999.63614473,MARK_PRICE_PREVIOUS_FALLBACK,1641830400000,7
ETHUSDT,1641859200013,0.0001,3084.56240854,MARK_PRICE_PREVIOUS_FALLBACK,1641859200000,13
ETHUSDT,1641888000004,0.00006198,3132,MARK_PRICE_PREVIOUS_FALLBACK,1641888000000,4
ETHUSDT,1641916800000,0.00002718,3132.6916429,MARK_PRICE_EXACT_OPEN,1641916800000,0
ETHUSDT,1641945600012,-0.00006878,3240.75,MARK_PRICE_PREVIOUS_FALLBACK,1641945600000,12
ETHUSDT,1641974400015,0.00008036,3216.96378234,MARK_PRICE_PREVIOUS_FALLBACK,1641974400000,15
ETHUSDT,1642003200000,-0.00019812,3360.27,MARK_PRICE_EXACT_OPEN,1642003200000,0
ETHUSDT,1642032000007,-0.00002315,3367.08,MARK_PRICE_PREVIOUS_FALLBACK,1642032000000,7
ETHUSDT,1642060800000,0.0001,3339.71,MARK_PRICE_EXACT_OPEN,1642060800000,0
ETHUSDT,1642089600014,-0.00001444,3299.71,MARK_PRICE_PREVIOUS_FALLBACK,1642089600000,14
ETHUSDT,1642118400000,0.0001,3240.56,MARK_PRICE_EXACT_OPEN,1642118400000,0
ETHUSDT,1642147200006,0.0001,3265.26548758,MARK_PRICE_PREVIOUS_FALLBACK,1642147200000,6
ETHUSDT,1642176000014,-0.00001294,3279.05922156,MARK_PRICE_PREVIOUS_FALLBACK,1642176000000,14
ETHUSDT,1642204800000,0.00009632,3305.6,MARK_PRICE_EXACT_OPEN,1642204800000,0
ETHUSDT,1642233600002,0.0001,3314.44,MARK_PRICE_PREVIOUS_FALLBACK,1642233600000,2
ETHUSDT,1642262400000,0.0001,3360.57,MARK_PRICE_EXACT_OPEN,1642262400000,0
ETHUSDT,1642291200000,0.00002224,3324.61274744,MARK_PRICE_EXACT_OPEN,1642291200000,0
ETHUSDT,1642320000017,0.00009785,3333.15,MARK_PRICE_PREVIOUS_FALLBACK,1642320000000,17
ETHUSDT,1642348800011,0.00008585,3355.36,MARK_PRICE_PREVIOUS_FALLBACK,1642348800000,11
ETHUSDT,1642377600005,0.00002683,3349.9,MARK_PRICE_PREVIOUS_FALLBACK,1642377600000,5
ETHUSDT,1642406400006,0.0000425,3273.71603815,MARK_PRICE_PREVIOUS_FALLBACK,1642406400000,6
ETHUSDT,1642435200012,-0.00005944,3238.11,MARK_PRICE_PREVIOUS_FALLBACK,1642435200000,12
ETHUSDT,1642464000020,0.00007549,3213.4,MARK_PRICE_PREVIOUS_FALLBACK,1642464000000,20
ETHUSDT,1642492800000,0.00003626,3185.78049361,MARK_PRICE_EXACT_OPEN,1642492800000,0
ETHUSDT,1642521600013,0.0001,3116.45,MARK_PRICE_PREVIOUS_FALLBACK,1642521600000,13
ETHUSDT,1642550400001,0.0001,3165.69,MARK_PRICE_PREVIOUS_FALLBACK,1642550400000,1
ETHUSDT,1642579200000,-0.0000172,3059.35,MARK_PRICE_EXACT_OPEN,1642579200000,0
ETHUSDT,1642608000000,0.0001,3122.37349421,MARK_PRICE_EXACT_OPEN,1642608000000,0
ETHUSDT,1642636800015,0.0001,3090.56,MARK_PRICE_PREVIOUS_FALLBACK,1642636800000,15
ETHUSDT,1642665600000,0.0001,3138.19891383,MARK_PRICE_EXACT_OPEN,1642665600000,0
ETHUSDT,1642694400000,0.0001,3260.212729,MARK_PRICE_EXACT_OPEN,1642694400000,0
ETHUSDT,1642723200007,-0.00000805,3003.35,MARK_PRICE_PREVIOUS_FALLBACK,1642723200000,7
ETHUSDT,1642752000015,-0.00005915,2877.03478233,MARK_PRICE_PREVIOUS_FALLBACK,1642752000000,15
ETHUSDT,1642780800000,0.00008447,2830.14,MARK_PRICE_EXACT_OPEN,1642780800000,0
ETHUSDT,1642809600017,0.00007145,2578.37948262,MARK_PRICE_PREVIOUS_FALLBACK,1642809600000,17
ETHUSDT,1642838400003,0.0001,2473.93596199,MARK_PRICE_PREVIOUS_FALLBACK,1642838400000,3
ETHUSDT,1642867200021,0.00009327,2388.92,MARK_PRICE_PREVIOUS_FALLBACK,1642867200000,21
ETHUSDT,1642896000026,0.0001,2408.99,MARK_PRICE_PREVIOUS_FALLBACK,1642896000000,26
ETHUSDT,1642924800010,-0.00005208,2482.36437236,MARK_PRICE_PREVIOUS_FALLBACK,1642924800000,10
ETHUSDT,1642953600009,-0.0001332,2431.40014398,MARK_PRICE_PREVIOUS_FALLBACK,1642953600000,9
ETHUSDT,1642982400010,0.0001,2535.06702795,MARK_PRICE_PREVIOUS_FALLBACK,1642982400000,10
ETHUSDT,1643011200000,-0.00011775,2384.95,MARK_PRICE_EXACT_OPEN,1643011200000,0
ETHUSDT,1643040000021,0.0001,2268.66068323,MARK_PRICE_PREVIOUS_FALLBACK,1643040000000,21
ETHUSDT,1643068800000,0.00001695,2438.13,MARK_PRICE_EXACT_OPEN,1643068800000,0
ETHUSDT,1643097600000,0.00005831,2382.8831916,MARK_PRICE_EXACT_OPEN,1643097600000,0
ETHUSDT,1643126400012,-0.0000788,2420.78118739,MARK_PRICE_PREVIOUS_FALLBACK,1643126400000,12
ETHUSDT,1643155200000,-0.00004048,2457.37,MARK_PRICE_EXACT_OPEN,1643155200000,0
ETHUSDT,1643184000001,-0.00007941,2464.01,MARK_PRICE_PREVIOUS_FALLBACK,1643184000000,1
ETHUSDT,1643212800005,-0.00020069,2604.17828941,MARK_PRICE_PREVIOUS_FALLBACK,1643212800000,5
ETHUSDT,1643241600004,-0.00008756,2456.85,MARK_PRICE_PREVIOUS_FALLBACK,1643241600000,4
ETHUSDT,1643270400004,0.00002801,2398.98172017,MARK_PRICE_PREVIOUS_FALLBACK,1643270400000,4
ETHUSDT,1643299200019,-0.00014218,2477.69,MARK_PRICE_PREVIOUS_FALLBACK,1643299200000,19
ETHUSDT,1643328000000,-0.00008132,2422.61,MARK_PRICE_EXACT_OPEN,1643328000000,0
ETHUSDT,1643356800000,-0.00000297,2389.86,MARK_PRICE_EXACT_OPEN,1643356800000,0
ETHUSDT,1643385600025,-0.00008379,2436.83,MARK_PRICE_PREVIOUS_FALLBACK,1643385600000,25
ETHUSDT,1643414400017,-0.0000085,2540.65328479,MARK_PRICE_PREVIOUS_FALLBACK,1643414400000,17
ETHUSDT,1643443200000,0.0001,2566.42,MARK_PRICE_EXACT_OPEN,1643443200000,0
ETHUSDT,1643472000013,-0.00000997,2543.47,MARK_PRICE_PREVIOUS_FALLBACK,1643472000000,13
ETHUSDT,1643500800025,0.00002848,2598.27171766,MARK_PRICE_PREVIOUS_FALLBACK,1643500800000,25
ETHUSDT,1643529600009,-0.00006536,2622.25,MARK_PRICE_PREVIOUS_FALLBACK,1643529600000,9
ETHUSDT,1643558400000,0.00002989,2614.39105332,MARK_PRICE_EXACT_OPEN,1643558400000,0
ETHUSDT,1643587200000,0.00005139,2601.35,MARK_PRICE_EXACT_OPEN,1643587200000,0
ETHUSDT,1643616000000,-0.00010687,2526.85,MARK_PRICE_EXACT_OPEN,1643616000000,0
ETHUSDT,1643644800000,-0.00001151,2618.88276494,MARK_PRICE_EXACT_OPEN,1643644800000,0
ETHUSDT,1643673600010,0.0001,2681.67060735,MARK_PRICE_PREVIOUS_FALLBACK,1643673600000,10
ETHUSDT,1643702400000,-0.00010276,2735.32609251,MARK_PRICE_EXACT_OPEN,1643702400000,0
ETHUSDT,1643731200004,-0.00020797,2773.13,MARK_PRICE_PREVIOUS_FALLBACK,1643731200000,4
ETHUSDT,1643760000004,-0.00006256,2788.59,MARK_PRICE_PREVIOUS_FALLBACK,1643760000000,4
ETHUSDT,1643788800000,-1.7e-7,2748.5,MARK_PRICE_EXACT_OPEN,1643788800000,0
ETHUSDT,1643817600002,0.00000407,2656.55208542,MARK_PRICE_PREVIOUS_FALLBACK,1643817600000,2
ETHUSDT,1643846400002,-0.00038034,2678.95,MARK_PRICE_PREVIOUS_FALLBACK,1643846400000,2
ETHUSDT,1643875200000,-0.0000585,2668.76714506,MARK_PRICE_EXACT_OPEN,1643875200000,0
ETHUSDT,1643904000000,-0.00007881,2638.92072382,MARK_PRICE_EXACT_OPEN,1643904000000,0
ETHUSDT,1643932800018,0.0001,2688.84954433,MARK_PRICE_PREVIOUS_FALLBACK,1643932800000,18
ETHUSDT,1643961600005,0.00008786,2827.32080198,MARK_PRICE_PREVIOUS_FALLBACK,1643961600000,5
ETHUSDT,1643990400010,0.0001,2875.96733101,MARK_PRICE_PREVIOUS_FALLBACK,1643990400000,10
ETHUSDT,1644019200014,0.0001,2988.02091544,MARK_PRICE_PREVIOUS_FALLBACK,1644019200000,14
ETHUSDT,1644048000000,0.00007456,3000.98,MARK_PRICE_EXACT_OPEN,1644048000000,0
ETHUSDT,1644076800000,0.00004351,3049.44,MARK_PRICE_EXACT_OPEN,1644076800000,0
ETHUSDT,1644105600000,0.0001,3012.50707527,MARK_PRICE_EXACT_OPEN,1644105600000,0
ETHUSDT,1644134400000,0.0001,3010.18428431,MARK_PRICE_EXACT_OPEN,1644134400000,0
ETHUSDT,1644163200000,0.0001,2989.82,MARK_PRICE_EXACT_OPEN,1644163200000,0
ETHUSDT,1644192000003,-0.00000725,3060.31465902,MARK_PRICE_PREVIOUS_FALLBACK,1644192000000,3
ETHUSDT,1644220800014,0.0000815,3076.3,MARK_PRICE_PREVIOUS_FALLBACK,1644220800000,14
ETHUSDT,1644249600003,0.00001491,3121.34,MARK_PRICE_PREVIOUS_FALLBACK,1644249600000,3
ETHUSDT,1644278400001,0.0001,3144.76717065,MARK_PRICE_PREVIOUS_FALLBACK,1644278400000,1
ETHUSDT,1644307200003,0.0000162,3175.39477944,MARK_PRICE_PREVIOUS_FALLBACK,1644307200000,3
ETHUSDT,1644336000002,0.00007718,3082.35,MARK_PRICE_PREVIOUS_FALLBACK,1644336000000,2
ETHUSDT,1644364800000,0.0001,3114.94,MARK_PRICE_EXACT_OPEN,1644364800000,0
ETHUSDT,1644393600005,-0.00000162,3104.78812837,MARK_PRICE_PREVIOUS_FALLBACK,1644393600000,5
ETHUSDT,1644422400001,0.00007116,3177.7207204,MARK_PRICE_PREVIOUS_FALLBACK,1644422400000,1
ETHUSDT,1644451200012,-0.00002777,3243.93483858,MARK_PRICE_PREVIOUS_FALLBACK,1644451200000,12
ETHUSDT,1644480000000,-0.00003259,3188.10166797,MARK_PRICE_EXACT_OPEN,1644480000000,0
ETHUSDT,1644508800006,0.00001908,3200.87,MARK_PRICE_PREVIOUS_FALLBACK,1644508800000,6
ETHUSDT,1644537600000,-0.00011327,3070.73,MARK_PRICE_EXACT_OPEN,1644537600000,0
ETHUSDT,1644566400009,0.0001,3092.58,MARK_PRICE_PREVIOUS_FALLBACK,1644566400000,9
ETHUSDT,1644595200015,-0.00004783,3104.3412265,MARK_PRICE_PREVIOUS_FALLBACK,1644595200000,15
ETHUSDT,1644624000020,0.0001,2922.85678807,MARK_PRICE_PREVIOUS_FALLBACK,1644624000000,20
ETHUSDT,1644652800001,0.0001,2924.29,MARK_PRICE_PREVIOUS_FALLBACK,1644652800000,1
ETHUSDT,1644681600007,0.0001,2883.88537154,MARK_PRICE_PREVIOUS_FALLBACK,1644681600000,7
ETHUSDT,1644710400022,0.00001665,2914.41241419,MARK_PRICE_PREVIOUS_FALLBACK,1644710400000,22
ETHUSDT,1644739200001,0.00006235,2916.54,MARK_PRICE_PREVIOUS_FALLBACK,1644739200000,1
ETHUSDT,1644768000007,-0.00002875,2920.17,MARK_PRICE_PREVIOUS_FALLBACK,1644768000000,7
ETHUSDT,1644796800005,0.00009155,2875.97199023,MARK_PRICE_PREVIOUS_FALLBACK,1644796800000,5
ETHUSDT,1644825600013,0.00006358,2884.49,MARK_PRICE_PREVIOUS_FALLBACK,1644825600000,13
ETHUSDT,1644854400019,0.0001,2934.33629796,MARK_PRICE_PREVIOUS_FALLBACK,1644854400000,19
ETHUSDT,1644883200012,0.00007379,2931.02674992,MARK_PRICE_PREVIOUS_FALLBACK,1644883200000,12
ETHUSDT,1644912000005,0.00004572,3050.95,MARK_PRICE_PREVIOUS_FALLBACK,1644912000000,5
ETHUSDT,1644940800011,-0.00005099,3118.89726397,MARK_PRICE_PREVIOUS_FALLBACK,1644940800000,11
ETHUSDT,1644969600009,0.0001,3177.45234266,MARK_PRICE_PREVIOUS_FALLBACK,1644969600000,9
ETHUSDT,1644998400001,0.0001,3153.21,MARK_PRICE_PREVIOUS_FALLBACK,1644998400000,1
ETHUSDT,1645027200014,0.0001,3063.09951953,MARK_PRICE_PREVIOUS_FALLBACK,1645027200000,14
ETHUSDT,1645056000018,0.0001,3125.04,MARK_PRICE_PREVIOUS_FALLBACK,1645056000000,18
ETHUSDT,1645084800000,0.00001611,3107.82349963,MARK_PRICE_EXACT_OPEN,1645084800000,0
ETHUSDT,1645113600010,0.00004771,2984.04949026,MARK_PRICE_PREVIOUS_FALLBACK,1645113600000,10
ETHUSDT,1645142400000,-0.00003865,2891.5913034,MARK_PRICE_EXACT_OPEN,1645142400000,0
ETHUSDT,1645171200002,-0.00009187,2905.61,MARK_PRICE_PREVIOUS_FALLBACK,1645171200000,2
ETHUSDT,1645200000000,0.00003508,2799.27,MARK_PRICE_EXACT_OPEN,1645200000000,0
ETHUSDT,1645228800007,0.0001,2778.54,MARK_PRICE_PREVIOUS_FALLBACK,1645228800000,7
ETHUSDT,1645257600000,0.00007039,2810.48,MARK_PRICE_EXACT_OPEN,1645257600000,0
ETHUSDT,1645286400023,0.00004883,2749.03,MARK_PRICE_PREVIOUS_FALLBACK,1645286400000,23
ETHUSDT,1645315200001,-0.00003349,2759.25100976,MARK_PRICE_PREVIOUS_FALLBACK,1645315200000,1
ETHUSDT,1645344000003,0.00005414,2649.44,MARK_PRICE_PREVIOUS_FALLBACK,1645344000000,3
ETHUSDT,1645372800001,0.00003264,2650.66,MARK_PRICE_PREVIOUS_FALLBACK,1645372800000,1
ETHUSDT,1645401600000,0.00007012,2620.72,MARK_PRICE_EXACT_OPEN,1645401600000,0
ETHUSDT,1645430400001,-0.00014003,2745.98617653,MARK_PRICE_PREVIOUS_FALLBACK,1645430400000,1
ETHUSDT,1645459200005,0.00007007,2720.7414921,MARK_PRICE_PREVIOUS_FALLBACK,1645459200000,5
ETHUSDT,1645488000005,0.00000865,2572.84,MARK_PRICE_PREVIOUS_FALLBACK,1645488000000,5
ETHUSDT,1645516800000,-0.0000363,2514.4077474,MARK_PRICE_EXACT_OPEN,1645516800000,0
ETHUSDT,1645545600000,0.00005962,2622.6,MARK_PRICE_EXACT_OPEN,1645545600000,0
ETHUSDT,1645574400002,0.00009188,2638.0932282,MARK_PRICE_PREVIOUS_FALLBACK,1645574400000,2
ETHUSDT,1645603200005,-0.00003926,2696.99,MARK_PRICE_PREVIOUS_FALLBACK,1645603200000,5
ETHUSDT,1645632000010,-0.00003644,2688.11,MARK_PRICE_PREVIOUS_FALLBACK,1645632000000,10
ETHUSDT,1645660800008,-0.00001113,2572.67,MARK_PRICE_PREVIOUS_FALLBACK,1645660800000,8
ETHUSDT,1645689600003,-0.0000356,2364.11886979,MARK_PRICE_PREVIOUS_FALLBACK,1645689600000,3
ETHUSDT,1645718400001,-0.0000614,2454.77020395,MARK_PRICE_PREVIOUS_FALLBACK,1645718400000,1
ETHUSDT,1645747200000,0.0001,2595.47,MARK_PRICE_EXACT_OPEN,1645747200000,0
ETHUSDT,1645776000006,0.0001,2609.56171448,MARK_PRICE_PREVIOUS_FALLBACK,1645776000000,6
ETHUSDT,1645804800001,0.0001,2734.47,MARK_PRICE_PREVIOUS_FALLBACK,1645804800000,1
ETHUSDT,1645833600004,0.0001,2767.79416854,MARK_PRICE_PREVIOUS_FALLBACK,1645833600000,4
ETHUSDT,1645862400004,0.0001,2788.68917547,MARK_PRICE_PREVIOUS_FALLBACK,1645862400000,4
ETHUSDT,1645891200007,0.0001,2782.57,MARK_PRICE_PREVIOUS_FALLBACK,1645891200000,7
ETHUSDT,1645920000012,0.0001,2780.4,MARK_PRICE_PREVIOUS_FALLBACK,1645920000000,12
ETHUSDT,1645948800000,0.00000507,2734.70723866,MARK_PRICE_EXACT_OPEN,1645948800000,0
ETHUSDT,1645977600000,0.0001,2807.92802715,MARK_PRICE_EXACT_OPEN,1645977600000,0
ETHUSDT,1646006400000,-0.00015064,2615.99,MARK_PRICE_EXACT_OPEN,1646006400000,0
ETHUSDT,1646035200001,-0.0000902,2631.63609123,MARK_PRICE_PREVIOUS_FALLBACK,1646035200000,1
ETHUSDT,1646064000002,0.00005573,2815.51523539,MARK_PRICE_PREVIOUS_FALLBACK,1646064000000,2
ETHUSDT,1646092800002,0.0001,2920.95451505,MARK_PRICE_PREVIOUS_FALLBACK,1646092800000,2
ETHUSDT,1646121600001,0.0001,2921.30031926,MARK_PRICE_PREVIOUS_FALLBACK,1646121600000,1
ETHUSDT,1646150400000,0.0001,2949.41479534,MARK_PRICE_EXACT_OPEN,1646150400000,0
ETHUSDT,1646179200000,0.0001,2975.48224304,MARK_PRICE_EXACT_OPEN,1646179200000,0
ETHUSDT,1646208000000,0.0001,2968.43,MARK_PRICE_EXACT_OPEN,1646208000000,0
ETHUSDT,1646236800002,0.0001,2949.89848383,MARK_PRICE_PREVIOUS_FALLBACK,1646236800000,2
ETHUSDT,1646265600000,0.0001,2947.51086739,MARK_PRICE_EXACT_OPEN,1646265600000,0
ETHUSDT,1646294400000,0.0001,2907.35,MARK_PRICE_EXACT_OPEN,1646294400000,0
ETHUSDT,1646323200005,0.0001,2826.58916557,MARK_PRICE_PREVIOUS_FALLBACK,1646323200000,5
ETHUSDT,1646352000018,0.0001,2829.88811258,MARK_PRICE_PREVIOUS_FALLBACK,1646352000000,18
ETHUSDT,1646380800000,0.0001,2731.98,MARK_PRICE_EXACT_OPEN,1646380800000,0
ETHUSDT,1646409600000,0.0001,2671.23128955,MARK_PRICE_EXACT_OPEN,1646409600000,0
ETHUSDT,1646438400006,0.00005192,2620.7,MARK_PRICE_PREVIOUS_FALLBACK,1646438400000,6
ETHUSDT,1646467200004,0.0000152,2639.21494682,MARK_PRICE_PREVIOUS_FALLBACK,1646467200000,4
ETHUSDT,1646496000000,0.00003064,2641.95,MARK_PRICE_EXACT_OPEN,1646496000000,0
ETHUSDT,1646524800004,-0.00008875,2662.09583452,MARK_PRICE_PREVIOUS_FALLBACK,1646524800000,4
ETHUSDT,1646553600000,0.00005669,2644.1271953,MARK_PRICE_EXACT_OPEN,1646553600000,0
ETHUSDT,1646582400013,0.000075,2622.2371267,MARK_PRICE_PREVIOUS_FALLBACK,1646582400000,13
ETHUSDT,1646611200008,0.00003909,2552.29,MARK_PRICE_PREVIOUS_FALLBACK,1646611200000,8
ETHUSDT,1646640000006,-0.00001,2522.79993698,MARK_PRICE_PREVIOUS_FALLBACK,1646640000000,6
ETHUSDT,1646668800000,0.00008669,2616.49583347,MARK_PRICE_EXACT_OPEN,1646668800000,0
ETHUSDT,1646697600008,-0.00010024,2491.45952462,MARK_PRICE_PREVIOUS_FALLBACK,1646697600000,8
ETHUSDT,1646726400002,0.0001,2536.47,MARK_PRICE_PREVIOUS_FALLBACK,1646726400000,2
ETHUSDT,1646755200000,0.0001,2557.77,MARK_PRICE_EXACT_OPEN,1646755200000,0
ETHUSDT,1646784000008,0.00006224,2575.28,MARK_PRICE_PREVIOUS_FALLBACK,1646784000000,8
ETHUSDT,1646812800000,0.0001,2743.83416164,MARK_PRICE_EXACT_OPEN,1646812800000,0
ETHUSDT,1646841600004,0.0001,2752.19587112,MARK_PRICE_PREVIOUS_FALLBACK,1646841600000,4
ETHUSDT,1646870400000,0.0001,2726.37,MARK_PRICE_EXACT_OPEN,1646870400000,0
ETHUSDT,1646899200017,0.0000556,2589.01,MARK_PRICE_PREVIOUS_FALLBACK,1646899200000,17
ETHUSDT,1646928000000,-0.00003951,2596.16417285,MARK_PRICE_EXACT_OPEN,1646928000000,0
ETHUSDT,1646956800008,0.00002542,2607.73039775,MARK_PRICE_PREVIOUS_FALLBACK,1646956800000,8
ETHUSDT,1646985600000,-0.0000591,2607.99,MARK_PRICE_EXACT_OPEN,1646985600000,0
ETHUSDT,1647014400001,0.00008211,2576.72,MARK_PRICE_PREVIOUS_FALLBACK,1647014400000,1
ETHUSDT,1647043200010,0.0001,2553.61,MARK_PRICE_PREVIOUS_FALLBACK,1647043200000,10
ETHUSDT,1647072000001,0.00005025,2586.3463277,MARK_PRICE_PREVIOUS_FALLBACK,1647072000000,1
ETHUSDT,1647100800002,0.00006255,2585.01,MARK_PRICE_PREVIOUS_FALLBACK,1647100800000,2
ETHUSDT,1647129600008,0.00002116,2565.80489694,MARK_PRICE_PREVIOUS_FALLBACK,1647129600000,8
ETHUSDT,1647158400000,0.0001,2580.45,MARK_PRICE_EXACT_OPEN,1647158400000,0
ETHUSDT,1647187200002,-0.00002698,2574.19194641,MARK_PRICE_PREVIOUS_FALLBACK,1647187200000,2
ETHUSDT,1647216000014,-0.00010352,2512.1954235,MARK_PRICE_PREVIOUS_FALLBACK,1647216000000,14
ETHUSDT,1647244800005,0.0001,2585.25,MARK_PRICE_PREVIOUS_FALLBACK,1647244800000,5
ETHUSDT,1647273600002,0.0001,2572.25,MARK_PRICE_PREVIOUS_FALLBACK,1647273600000,2
ETHUSDT,1647302400008,0.0001,2589.66261486,MARK_PRICE_PREVIOUS_FALLBACK,1647302400000,8
ETHUSDT,1647331200000,-0.00000321,2530.92416356,MARK_PRICE_EXACT_OPEN,1647331200000,0
ETHUSDT,1647360000006,-0.00004856,2573.00918227,MARK_PRICE_PREVIOUS_FALLBACK,1647360000000,6
ETHUSDT,1647388800013,0.0001,2622.26,MARK_PRICE_PREVIOUS_FALLBACK,1647388800000,13
ETHUSDT,1647417600000,0.00009131,2644.96,MARK_PRICE_EXACT_OPEN,1647417600000,0
ETHUSDT,1647446400008,0.00005316,2700.77199904,MARK_PRICE_PREVIOUS_FALLBACK,1647446400000,8
ETHUSDT,1647475200004,0.0001,2772.77668029,MARK_PRICE_PREVIOUS_FALLBACK,1647475200000,4
ETHUSDT,1647504000000,0.0001,2755.36879289,MARK_PRICE_EXACT_OPEN,1647504000000,0
ETHUSDT,1647532800004,0.0001,2803.51380958,MARK_PRICE_PREVIOUS_FALLBACK,1647532800000,4
ETHUSDT,1647561600000,0.0001,2811.15563822,MARK_PRICE_EXACT_OPEN,1647561600000,0
ETHUSDT,1647590400000,0.00004709,2793.03211937,MARK_PRICE_EXACT_OPEN,1647590400000,0
ETHUSDT,1647619200017,0.00005917,2891.58,MARK_PRICE_PREVIOUS_FALLBACK,1647619200000,17
ETHUSDT,1647648000008,0.0001,2938.33,MARK_PRICE_PREVIOUS_FALLBACK,1647648000000,8
ETHUSDT,1647676800015,0.0001,2922.67254807,MARK_PRICE_PREVIOUS_FALLBACK,1647676800000,15
ETHUSDT,1647705600000,0.0001,2966.78,MARK_PRICE_EXACT_OPEN,1647705600000,0
ETHUSDT,1647734400000,0.0001,2950.45905964,MARK_PRICE_EXACT_OPEN,1647734400000,0
ETHUSDT,1647763200001,0.0001,2921.65844502,MARK_PRICE_PREVIOUS_FALLBACK,1647763200000,1
ETHUSDT,1647792000002,0.0001,2852.93884312,MARK_PRICE_PREVIOUS_FALLBACK,1647792000000,2
ETHUSDT,1647820800013,0.0001,2859.52653937,MARK_PRICE_PREVIOUS_FALLBACK,1647820800000,13
ETHUSDT,1647849600004,0.0001,2893.04,MARK_PRICE_PREVIOUS_FALLBACK,1647849600000,4
ETHUSDT,1647878400010,0.0001,2950.80874144,MARK_PRICE_PREVIOUS_FALLBACK,1647878400000,10
ETHUSDT,1647907200012,0.0001,2888.87,MARK_PRICE_PREVIOUS_FALLBACK,1647907200000,12
ETHUSDT,1647936000001,0.0001,2995.6968884,MARK_PRICE_PREVIOUS_FALLBACK,1647936000000,1
ETHUSDT,1647964800022,0.0001,3002.83671077,MARK_PRICE_PREVIOUS_FALLBACK,1647964800000,22
ETHUSDT,1647993600007,0.0001,2966.70506041,MARK_PRICE_PREVIOUS_FALLBACK,1647993600000,7
ETHUSDT,1648022400000,0.00008504,2947.63327449,MARK_PRICE_EXACT_OPEN,1648022400000,0
ETHUSDT,1648051200006,-0.00003582,3036.58666632,MARK_PRICE_PREVIOUS_FALLBACK,1648051200000,6
ETHUSDT,1648080000013,-0.00001813,3037.78,MARK_PRICE_PREVIOUS_FALLBACK,1648080000000,13
ETHUSDT,1648108800006,0.0001,3039.51344732,MARK_PRICE_PREVIOUS_FALLBACK,1648108800000,6
ETHUSDT,1648137600020,0.0001,3115.67545826,MARK_PRICE_PREVIOUS_FALLBACK,1648137600000,20
ETHUSDT,1648166400010,0.0001,3107.6661417,MARK_PRICE_PREVIOUS_FALLBACK,1648166400000,10
ETHUSDT,1648195200001,0.0001,3124.51311654,MARK_PRICE_PREVIOUS_FALLBACK,1648195200000,1
ETHUSDT,1648224000014,0.0001,3117.24366019,MARK_PRICE_PREVIOUS_FALLBACK,1648224000000,14
ETHUSDT,1648252800020,0.0001,3103,MARK_PRICE_PREVIOUS_FALLBACK,1648252800000,20
ETHUSDT,1648281600006,0.00004979,3133.49529992,MARK_PRICE_PREVIOUS_FALLBACK,1648281600000,6
ETHUSDT,1648310400000,0.0001,3114.8,MARK_PRICE_EXACT_OPEN,1648310400000,0
ETHUSDT,1648339200004,0.00007576,3145.88237059,MARK_PRICE_PREVIOUS_FALLBACK,1648339200000,4
ETHUSDT,1648368000001,0.00000727,3153.60504211,MARK_PRICE_PREVIOUS_FALLBACK,1648368000000,1
ETHUSDT,1648396800006,-0.00001708,3164.87607006,MARK_PRICE_PREVIOUS_FALLBACK,1648396800000,6
ETHUSDT,1648425600012,0.0001,3289.46064391,MARK_PRICE_PREVIOUS_FALLBACK,1648425600000,12
ETHUSDT,1648454400007,0.0001,3316.01951468,MARK_PRICE_PREVIOUS_FALLBACK,1648454400000,7
ETHUSDT,1648483200000,0.0001,3356.8716789,MARK_PRICE_EXACT_OPEN,1648483200000,0
ETHUSDT,1648512000000,0.0001,3332.58517052,MARK_PRICE_EXACT_OPEN,1648512000000,0
ETHUSDT,1648540800015,0.0001,3387.17,MARK_PRICE_PREVIOUS_FALLBACK,1648540800000,15
ETHUSDT,1648569600000,0.00008269,3401.05399164,MARK_PRICE_EXACT_OPEN,1648569600000,0
ETHUSDT,1648598400000,0.0001,3399.39347368,MARK_PRICE_EXACT_OPEN,1648598400000,0
ETHUSDT,1648627200002,0.0001,3409.02,MARK_PRICE_PREVIOUS_FALLBACK,1648627200000,2
ETHUSDT,1648656000028,0.0001,3380.74,MARK_PRICE_PREVIOUS_FALLBACK,1648656000000,28
ETHUSDT,1648684800017,0.0001,3379.73871201,MARK_PRICE_PREVIOUS_FALLBACK,1648684800000,17
ETHUSDT,1648713600000,0.0001,3402.20217546,MARK_PRICE_EXACT_OPEN,1648713600000,0
ETHUSDT,1648742400015,0.0001,3353.16599848,MARK_PRICE_PREVIOUS_FALLBACK,1648742400000,15
ETHUSDT,1648771200000,0.0001,3281.42,MARK_PRICE_EXACT_OPEN,1648771200000,0
ETHUSDT,1648800000000,0.0001,3277.56303327,MARK_PRICE_EXACT_OPEN,1648800000000,0
ETHUSDT,1648828800018,0.0001,3437.06,MARK_PRICE_PREVIOUS_FALLBACK,1648828800000,18
ETHUSDT,1648857600000,0.0001,3454.25495514,MARK_PRICE_EXACT_OPEN,1648857600000,0
ETHUSDT,1648886400002,0.0001,3481.18480604,MARK_PRICE_PREVIOUS_FALLBACK,1648886400000,2
ETHUSDT,1648915200006,0.0001,3460.11040662,MARK_PRICE_PREVIOUS_FALLBACK,1648915200000,6
ETHUSDT,1648944000018,0.0001,3447.7819383,MARK_PRICE_PREVIOUS_FALLBACK,1648944000000,18
ETHUSDT,1648972800018,0.0001,3496.28,MARK_PRICE_PREVIOUS_FALLBACK,1648972800000,18
ETHUSDT,1649001600015,0.0001,3497.88122343,MARK_PRICE_PREVIOUS_FALLBACK,1649001600000,15
ETHUSDT,1649030400006,0.0001,3519.15252214,MARK_PRICE_PREVIOUS_FALLBACK,1649030400000,6
ETHUSDT,1649059200000,0.00002896,3500.9,MARK_PRICE_EXACT_OPEN,1649059200000,0
ETHUSDT,1649088000016,0.0001,3416.83,MARK_PRICE_PREVIOUS_FALLBACK,1649088000000,16
ETHUSDT,1649116800000,0.0001,3519.18570221,MARK_PRICE_EXACT_OPEN,1649116800000,0
ETHUSDT,1649145600010,0.0001,3527.54,MARK_PRICE_PREVIOUS_FALLBACK,1649145600000,10
ETHUSDT,1649174400008,0.00007974,3448.16,MARK_PRICE_PREVIOUS_FALLBACK,1649174400000,8
ETHUSDT,1649203200001,0.0000947,3397.36246686,MARK_PRICE_PREVIOUS_FALLBACK,1649203200000,1
ETHUSDT,1649232000021,-0.00014471,3343.3,MARK_PRICE_PREVIOUS_FALLBACK,1649232000000,21
ETHUSDT,1649260800000,0.00006028,3256,MARK_PRICE_EXACT_OPEN,1649260800000,0
ETHUSDT,1649289600009,0.00008854,3171.69,MARK_PRICE_PREVIOUS_FALLBACK,1649289600000,9
ETHUSDT,1649318400000,-0.00009945,3222.72045563,MARK_PRICE_EXACT_OPEN,1649318400000,0
ETHUSDT,1649347200000,0.00004585,3198.15269694,MARK_PRICE_EXACT_OPEN,1649347200000,0
ETHUSDT,1649376000000,-0.00009963,3226.29738084,MARK_PRICE_EXACT_OPEN,1649376000000,0
ETHUSDT,1649404800004,-0.00003214,3282.62446176,MARK_PRICE_PREVIOUS_FALLBACK,1649404800000,4
ETHUSDT,1649433600008,0.0001,3277.87,MARK_PRICE_PREVIOUS_FALLBACK,1649433600000,8
ETHUSDT,1649462400008,0.0001,3193.97,MARK_PRICE_PREVIOUS_FALLBACK,1649462400000,8
ETHUSDT,1649491200000,0.0001,3208.84022981,MARK_PRICE_EXACT_OPEN,1649491200000,0
ETHUSDT,1649520000001,0.0001,3202.1899652,MARK_PRICE_PREVIOUS_FALLBACK,1649520000000,1
ETHUSDT,1649548800004,0.0001,3259.91108533,MARK_PRICE_PREVIOUS_FALLBACK,1649548800000,4
ETHUSDT,1649577600007,0.0001,3240.06,MARK_PRICE_PREVIOUS_FALLBACK,1649577600000,7
ETHUSDT,1649606400016,0.0000598,3256.17,MARK_PRICE_PREVIOUS_FALLBACK,1649606400000,16
ETHUSDT,1649635200000,0.00004676,3200.22,MARK_PRICE_EXACT_OPEN,1649635200000,0
ETHUSDT,1649664000000,0.0001,3177.98001106,MARK_PRICE_EXACT_OPEN,1649664000000,0
ETHUSDT,1649692800009,0.0001,3003.24,MARK_PRICE_PREVIOUS_FALLBACK,1649692800000,9
ETHUSDT,1649721600000,-0.00003306,2978.69,MARK_PRICE_EXACT_OPEN,1649721600000,0
ETHUSDT,1649750400006,-0.00004036,3018.66,MARK_PRICE_PREVIOUS_FALLBACK,1649750400000,6
ETHUSDT,1649779200013,-0.00016064,3041.29,MARK_PRICE_PREVIOUS_FALLBACK,1649779200000,13
ETHUSDT,1649808000005,-0.00002262,3028.57121787,MARK_PRICE_PREVIOUS_FALLBACK,1649808000000,5
ETHUSDT,1649836800008,-0.00016876,3049.83,MARK_PRICE_PREVIOUS_FALLBACK,1649836800000,8
ETHUSDT,1649865600013,0.00003222,3089.56877701,MARK_PRICE_PREVIOUS_FALLBACK,1649865600000,13
ETHUSDT,1649894400007,-0.000022,3115.80737795,MARK_PRICE_PREVIOUS_FALLBACK,1649894400000,7
ETHUSDT,1649923200000,0.00005593,3112.31,MARK_PRICE_EXACT_OPEN,1649923200000,0
ETHUSDT,1649952000006,-0.00003051,3014.50456486,MARK_PRICE_PREVIOUS_FALLBACK,1649952000000,6
ETHUSDT,1649980800008,-0.00012221,3016.81977704,MARK_PRICE_PREVIOUS_FALLBACK,1649980800000,8
ETHUSDT,1650009600002,-0.00003677,3029.62,MARK_PRICE_PREVIOUS_FALLBACK,1650009600000,2
ETHUSDT,1650038400000,-0.00000334,3026.96819314,MARK_PRICE_EXACT_OPEN,1650038400000,0
ETHUSDT,1650067200011,-0.000029,3042.26,MARK_PRICE_PREVIOUS_FALLBACK,1650067200000,11
ETHUSDT,1650096000007,-0.00012314,3031.73,MARK_PRICE_PREVIOUS_FALLBACK,1650096000000,7
ETHUSDT,1650124800007,-0.00003323,3015.75158197,MARK_PRICE_PREVIOUS_FALLBACK,1650124800000,7
ETHUSDT,1650153600000,0.0000248,3057.99,MARK_PRICE_EXACT_OPEN,1650153600000,0
ETHUSDT,1650182400004,-0.00006458,3036.28204423,MARK_PRICE_PREVIOUS_FALLBACK,1650182400000,4
ETHUSDT,1650211200000,0.00002937,3071.80622761,MARK_PRICE_EXACT_OPEN,1650211200000,0
ETHUSDT,1650240000008,-0.00005257,2985.02150738,MARK_PRICE_PREVIOUS_FALLBACK,1650240000000,8
ETHUSDT,1650268800012,-0.0000441,2892,MARK_PRICE_PREVIOUS_FALLBACK,1650268800000,12
ETHUSDT,1650297600000,-0.00013169,2913.08725998,MARK_PRICE_EXACT_OPEN,1650297600000,0
ETHUSDT,1650326400021,0.00008478,3055.85,MARK_PRICE_PREVIOUS_FALLBACK,1650326400000,21
ETHUSDT,1650355200031,0.00003976,3037.02812096,MARK_PRICE_PREVIOUS_FALLBACK,1650355200000,31
ETHUSDT,1650384000000,0.00002251,3109.91157343,MARK_PRICE_EXACT_OPEN,1650384000000,0
ETHUSDT,1650412800025,0.0001,3096.81529831,MARK_PRICE_PREVIOUS_FALLBACK,1650412800000,25
ETHUSDT,1650441600003,0.00006595,3090.88,MARK_PRICE_PREVIOUS_FALLBACK,1650441600000,3
ETHUSDT,1650470400000,-0.00000105,3066.73,MARK_PRICE_EXACT_OPEN,1650470400000,0
ETHUSDT,1650499200000,-0.00009577,3074.48,MARK_PRICE_EXACT_OPEN,1650499200000,0
ETHUSDT,1650528000000,-0.00012991,3098.85644313,MARK_PRICE_EXACT_OPEN,1650528000000,0
ETHUSDT,1650556800024,-0.00000956,3105.61,MARK_PRICE_PREVIOUS_FALLBACK,1650556800000,24
ETHUSDT,1650585600008,-0.00011914,2982,MARK_PRICE_PREVIOUS_FALLBACK,1650585600000,8
ETHUSDT,1650614400008,-0.00017158,3016.6,MARK_PRICE_PREVIOUS_FALLBACK,1650614400000,8
ETHUSDT,1650643200008,-0.00002649,2953.47,MARK_PRICE_PREVIOUS_FALLBACK,1650643200000,8
ETHUSDT,1650672000000,0.00003778,2960.39,MARK_PRICE_EXACT_OPEN,1650672000000,0
ETHUSDT,1650700800000,-0.00010115,2957.68167905,MARK_PRICE_EXACT_OPEN,1650700800000,0
ETHUSDT,1650729600012,-0.00008574,2963.87,MARK_PRICE_PREVIOUS_FALLBACK,1650729600000,12
ETHUSDT,1650758400004,-0.00009091,2930.15404828,MARK_PRICE_PREVIOUS_FALLBACK,1650758400000,4
ETHUSDT,1650787200003,-0.00005652,2947.85,MARK_PRICE_PREVIOUS_FALLBACK,1650787200000,3
ETHUSDT,1650816000000,0.00000341,2942.44,MARK_PRICE_EXACT_OPEN,1650816000000,0
ETHUSDT,1650844800008,0.00000321,2922.9,MARK_PRICE_PREVIOUS_FALLBACK,1650844800000,8
ETHUSDT,1650873600018,-0.00008588,2805.83736843,MARK_PRICE_PREVIOUS_FALLBACK,1650873600000,18
ETHUSDT,1650902400000,-0.00024996,2867.39496504,MARK_PRICE_EXACT_OPEN,1650902400000,0
ETHUSDT,1650931200014,0.0001,3010,MARK_PRICE_PREVIOUS_FALLBACK,1650931200000,14
ETHUSDT,1650960000000,0.0001,3002.03,MARK_PRICE_EXACT_OPEN,1650960000000,0
ETHUSDT,1650988800017,0.00004991,2862.62,MARK_PRICE_PREVIOUS_FALLBACK,1650988800000,17
ETHUSDT,1651017600012,-0.00014242,2809.28,MARK_PRICE_PREVIOUS_FALLBACK,1651017600000,12
ETHUSDT,1651046400000,-0.0002569,2884.63671182,MARK_PRICE_EXACT_OPEN,1651046400000,0
ETHUSDT,1651075200002,0.00002591,2866.11,MARK_PRICE_PREVIOUS_FALLBACK,1651075200000,2
ETHUSDT,1651104000000,-0.00001675,2887.66341562,MARK_PRICE_EXACT_OPEN,1651104000000,0
ETHUSDT,1651132800004,-0.00005776,2903.45,MARK_PRICE_PREVIOUS_FALLBACK,1651132800000,4
ETHUSDT,1651161600030,0.0001,2886.68446181,MARK_PRICE_PREVIOUS_FALLBACK,1651161600000,30
ETHUSDT,1651190400000,0.0001,2935.57745438,MARK_PRICE_EXACT_OPEN,1651190400000,0
ETHUSDT,1651219200016,0.0001,2924.38297674,MARK_PRICE_PREVIOUS_FALLBACK,1651219200000,16
ETHUSDT,1651248000010,0.00004578,2852.49075473,MARK_PRICE_PREVIOUS_FALLBACK,1651248000000,10
ETHUSDT,1651276800000,-0.00008896,2815.37,MARK_PRICE_EXACT_OPEN,1651276800000,0
ETHUSDT,1651305600005,-0.00005202,2826.45567598,MARK_PRICE_PREVIOUS_FALLBACK,1651305600000,5
ETHUSDT,1651334400015,-0.00005736,2815.85,MARK_PRICE_PREVIOUS_FALLBACK,1651334400000,15
ETHUSDT,1651363200000,-0.00007153,2725.35144035,MARK_PRICE_EXACT_OPEN,1651363200000,0
ETHUSDT,1651392000000,-0.00016213,2765.19369489,MARK_PRICE_EXACT_OPEN,1651392000000,0
ETHUSDT,1651420800010,-0.00004432,2804.84032672,MARK_PRICE_PREVIOUS_FALLBACK,1651420800000,10
ETHUSDT,1651449600018,0.0000492,2826.79810386,MARK_PRICE_PREVIOUS_FALLBACK,1651449600000,18
ETHUSDT,1651478400007,-0.00007704,2846.1,MARK_PRICE_PREVIOUS_FALLBACK,1651478400000,7
ETHUSDT,1651507200000,-0.00000236,2826.17584253,MARK_PRICE_EXACT_OPEN,1651507200000,0
ETHUSDT,1651536000006,0.00008762,2854.09174016,MARK_PRICE_PREVIOUS_FALLBACK,1651536000000,6
ETHUSDT,1651564800000,0.00006446,2844.04,MARK_PRICE_EXACT_OPEN,1651564800000,0
ETHUSDT,1651593600021,0.00008725,2821.92,MARK_PRICE_PREVIOUS_FALLBACK,1651593600000,21
ETHUSDT,1651622400007,0.00009221,2780.60898687,MARK_PRICE_PREVIOUS_FALLBACK,1651622400000,7
ETHUSDT,1651651200011,0.0001,2830.63,MARK_PRICE_PREVIOUS_FALLBACK,1651651200000,11
ETHUSDT,1651680000000,0.0001,2843.50650611,MARK_PRICE_EXACT_OPEN,1651680000000,0
ETHUSDT,1651708800005,0.0001,2939.99,MARK_PRICE_PREVIOUS_FALLBACK,1651708800000,5
ETHUSDT,1651737600019,0.0001,2932.89,MARK_PRICE_PREVIOUS_FALLBACK,1651737600000,19
ETHUSDT,1651766400005,0.0001,2734.6955192,MARK_PRICE_PREVIOUS_FALLBACK,1651766400000,5
ETHUSDT,1651795200005,-0.00005032,2743.97,MARK_PRICE_PREVIOUS_FALLBACK,1651795200000,5
ETHUSDT,1651824000001,-0.0000464,2724.61995833,MARK_PRICE_PREVIOUS_FALLBACK,1651824000000,1
ETHUSDT,1651852800010,-0.00000246,2687.51,MARK_PRICE_PREVIOUS_FALLBACK,1651852800000,10
ETHUSDT,1651881600004,0.00005836,2693.63,MARK_PRICE_PREVIOUS_FALLBACK,1651881600000,4
ETHUSDT,1651910400016,0.0001,2674.14,MARK_PRICE_PREVIOUS_FALLBACK,1651910400000,16
ETHUSDT,1651939200011,0.00007282,2690.4981674,MARK_PRICE_PREVIOUS_FALLBACK,1651939200000,11
ETHUSDT,1651968000000,0.00009867,2634.81,MARK_PRICE_EXACT_OPEN,1651968000000,0
ETHUSDT,1651996800007,0.0001,2555.14894675,MARK_PRICE_PREVIOUS_FALLBACK,1651996800000,7
ETHUSDT,1652025600015,0.0001,2521.12,MARK_PRICE_PREVIOUS_FALLBACK,1652025600000,15
ETHUSDT,1652054400000,0.0001,2518.66424946,MARK_PRICE_EXACT_OPEN,1652054400000,0
ETHUSDT,1652083200001,0.00009424,2446.01342796,MARK_PRICE_PREVIOUS_FALLBACK,1652083200000,1
ETHUSDT,1652112000000,0.00009769,2381.59,MARK_PRICE_EXACT_OPEN,1652112000000,0
ETHUSDT,1652140800000,0.00009833,2229.79708269,MARK_PRICE_EXACT_OPEN,1652140800000,0
ETHUSDT,1652169600007,0.00006098,2373.1,MARK_PRICE_PREVIOUS_FALLBACK,1652169600000,7
ETHUSDT,1652198400008,0.0001,2363.05183277,MARK_PRICE_PREVIOUS_FALLBACK,1652198400000,8
ETHUSDT,1652227200004,0.00007598,2340.11,MARK_PRICE_PREVIOUS_FALLBACK,1652227200000,4
ETHUSDT,1652256000007,0.0001,2308.77162615,MARK_PRICE_PREVIOUS_FALLBACK,1652256000000,7
ETHUSDT,1652284800008,0.00007639,2260.77,MARK_PRICE_PREVIOUS_FALLBACK,1652284800000,8
ETHUSDT,1652313600014,-0.00018602,2090.30381553,MARK_PRICE_PREVIOUS_FALLBACK,1652313600000,14
ETHUSDT,1652342400000,-0.00079682,1913.88419989,MARK_PRICE_EXACT_OPEN,1652342400000,0
ETHUSDT,1652371200007,-0.00028645,1969.48,MARK_PRICE_PREVIOUS_FALLBACK,1652371200000,7
ETHUSDT,1652400000014,-0.00009107,1966.30416231,MARK_PRICE_PREVIOUS_FALLBACK,1652400000000,14
ETHUSDT,1652428800001,-0.00016008,2054.66,MARK_PRICE_PREVIOUS_FALLBACK,1652428800000,1
ETHUSDT,1652457600000,-0.00002742,2092,MARK_PRICE_EXACT_OPEN,1652457600000,0
ETHUSDT,1652486400000,0.00005029,2008.33,MARK_PRICE_EXACT_OPEN,1652486400000,0
ETHUSDT,1652515200000,0.00009124,2031.54,MARK_PRICE_EXACT_OPEN,1652515200000,0
ETHUSDT,1652544000001,0.00006884,1965.54,MARK_PRICE_PREVIOUS_FALLBACK,1652544000000,1
ETHUSDT,1652572800000,0.0001,2055.4330115,MARK_PRICE_EXACT_OPEN,1652572800000,0
ETHUSDT,1652601600000,0.00007136,2036.37,MARK_PRICE_EXACT_OPEN,1652601600000,0
ETHUSDT,1652630400000,0.00007168,2061.54,MARK_PRICE_EXACT_OPEN,1652630400000,0
ETHUSDT,1652659200021,0.0001,2138.44,MARK_PRICE_PREVIOUS_FALLBACK,1652659200000,21
ETHUSDT,1652688000013,0.0001,2011.16,MARK_PRICE_PREVIOUS_FALLBACK,1652688000000,13
ETHUSDT,1652716800006,-0.00000334,2011.40736029,MARK_PRICE_PREVIOUS_FALLBACK,1652716800000,6
ETHUSDT,1652745600000,0.00001965,2022.32700295,MARK_PRICE_EXACT_OPEN,1652745600000,0
ETHUSDT,1652774400010,-0.00010278,2068.90504636,MARK_PRICE_PREVIOUS_FALLBACK,1652774400000,10
ETHUSDT,1652803200023,0.00000848,2060.98,MARK_PRICE_PREVIOUS_FALLBACK,1652803200000,23
ETHUSDT,1652832000003,0.00007107,2088.97995937,MARK_PRICE_PREVIOUS_FALLBACK,1652832000000,3
ETHUSDT,1652860800024,-0.00001537,2035.05568966,MARK_PRICE_PREVIOUS_FALLBACK,1652860800000,24
ETHUSDT,1652889600014,-0.00007218,1955.9354568,MARK_PRICE_PREVIOUS_FALLBACK,1652889600000,14
ETHUSDT,1652918400000,-0.00005373,1914.2,MARK_PRICE_EXACT_OPEN,1652918400000,0
ETHUSDT,1652947200008,0.0000049,1950.95458293,MARK_PRICE_PREVIOUS_FALLBACK,1652947200000,8
ETHUSDT,1652976000015,0.00003757,2020.65762436,MARK_PRICE_PREVIOUS_FALLBACK,1652976000000,15
ETHUSDT,1653004800001,0.0001,2020.14,MARK_PRICE_PREVIOUS_FALLBACK,1653004800000,1
ETHUSDT,1653033600003,0.0001,2025.6,MARK_PRICE_PREVIOUS_FALLBACK,1653033600000,3
ETHUSDT,1653062400012,0.00006647,1958.14366325,MARK_PRICE_PREVIOUS_FALLBACK,1653062400000,12
ETHUSDT,1653091200008,0.00009991,1957.68324089,MARK_PRICE_PREVIOUS_FALLBACK,1653091200000,8
ETHUSDT,1653120000001,-0.00002669,1976.82,MARK_PRICE_PREVIOUS_FALLBACK,1653120000000,1
ETHUSDT,1653148800007,-0.0000036,1978.51175967,MARK_PRICE_PREVIOUS_FALLBACK,1653148800000,7
ETHUSDT,1653177600003,0.00004308,1975.76,MARK_PRICE_PREVIOUS_FALLBACK,1653177600000,3
ETHUSDT,1653206400016,0.00005296,1975.72,MARK_PRICE_PREVIOUS_FALLBACK,1653206400000,16
ETHUSDT,1653235200000,0.0001,2003.5693711,MARK_PRICE_EXACT_OPEN,1653235200000,0
ETHUSDT,1653264000011,0.0001,2039.42,MARK_PRICE_PREVIOUS_FALLBACK,1653264000000,11
ETHUSDT,1653292800000,0.0001,2066.14093698,MARK_PRICE_EXACT_OPEN,1653292800000,0
ETHUSDT,1653321600023,0.0001,2064.94594585,MARK_PRICE_PREVIOUS_FALLBACK,1653321600000,23
ETHUSDT,1653350400011,-0.0000786,1974.54,MARK_PRICE_PREVIOUS_FALLBACK,1653350400000,11
ETHUSDT,1653379200000,-0.00004871,1984.30790566,MARK_PRICE_EXACT_OPEN,1653379200000,0
ETHUSDT,1653408000009,-0.0000404,1964.49,MARK_PRICE_PREVIOUS_FALLBACK,1653408000000,9
ETHUSDT,1653436800001,0.00001228,1976.84,MARK_PRICE_PREVIOUS_FALLBACK,1653436800000,1
ETHUSDT,1653465600000,0.0001,1976.59,MARK_PRICE_EXACT_OPEN,1653465600000,0
ETHUSDT,1653494400015,0.00006424,1963.05862067,MARK_PRICE_PREVIOUS_FALLBACK,1653494400000,15
ETHUSDT,1653523200005,0.0001,1941.7,MARK_PRICE_PREVIOUS_FALLBACK,1653523200000,5
ETHUSDT,1653552000001,0.00003287,1926.07,MARK_PRICE_PREVIOUS_FALLBACK,1653552000000,1
ETHUSDT,1653580800000,-0.00014343,1861.00122473,MARK_PRICE_EXACT_OPEN,1653580800000,0
ETHUSDT,1653609600007,0.0001,1792.48,MARK_PRICE_PREVIOUS_FALLBACK,1653609600000,7
ETHUSDT,1653638400008,-0.00000153,1761.87,MARK_PRICE_PREVIOUS_FALLBACK,1653638400000,8
ETHUSDT,1653667200000,0.0000535,1763.57,MARK_PRICE_EXACT_OPEN,1653667200000,0
ETHUSDT,1653696000018,0.0001,1728.20031408,MARK_PRICE_PREVIOUS_FALLBACK,1653696000000,18
ETHUSDT,1653724800016,0.00006376,1767.34055797,MARK_PRICE_PREVIOUS_FALLBACK,1653724800000,16
ETHUSDT,1653753600013,0.00003132,1788.96618323,MARK_PRICE_PREVIOUS_FALLBACK,1653753600000,13
ETHUSDT,1653782400000,0.0001,1791.74,MARK_PRICE_EXACT_OPEN,1653782400000,0
ETHUSDT,1653811200025,0.00001764,1780.51,MARK_PRICE_PREVIOUS_FALLBACK,1653811200000,25
ETHUSDT,1653840000002,0.0000183,1796.93649431,MARK_PRICE_PREVIOUS_FALLBACK,1653840000000,2
ETHUSDT,1653868800000,0.00006492,1812.55472935,MARK_PRICE_EXACT_OPEN,1653868800000,0
ETHUSDT,1653897600013,0.00001622,1907.44,MARK_PRICE_PREVIOUS_FALLBACK,1653897600000,13
ETHUSDT,1653926400005,0.0001,1910.87649535,MARK_PRICE_PREVIOUS_FALLBACK,1653926400000,5
ETHUSDT,1653955200016,0.00007761,1995.67262073,MARK_PRICE_PREVIOUS_FALLBACK,1653955200000,16
ETHUSDT,1653984000000,0.0001,1970.37902935,MARK_PRICE_EXACT_OPEN,1653984000000,0
ETHUSDT,1654012800000,0.0001,1987.9,MARK_PRICE_EXACT_OPEN,1654012800000,0
ETHUSDT,1654041600000,0.0001,1941.68,MARK_PRICE_EXACT_OPEN,1654041600000,0
ETHUSDT,1654070400011,0.0001,1930.15449295,MARK_PRICE_PREVIOUS_FALLBACK,1654070400000,11
ETHUSDT,1654099200000,0.0001,1880.7,MARK_PRICE_EXACT_OPEN,1654099200000,0
ETHUSDT,1654128000000,-0.00008505,1817.0383962,MARK_PRICE_EXACT_OPEN,1654128000000,0
ETHUSDT,1654156800006,0.00004628,1823.06306206,MARK_PRICE_PREVIOUS_FALLBACK,1654156800000,6
ETHUSDT,1654185600021,0.00003599,1816.67,MARK_PRICE_PREVIOUS_FALLBACK,1654185600000,21
ETHUSDT,1654214400016,0.00005262,1833.15588352,MARK_PRICE_PREVIOUS_FALLBACK,1654214400000,16
ETHUSDT,1654243200016,0.0001,1812.53173805,MARK_PRICE_PREVIOUS_FALLBACK,1654243200000,16
ETHUSDT,1654272000012,0.00002737,1765.77625343,MARK_PRICE_PREVIOUS_FALLBACK,1654272000000,12
ETHUSDT,1654300800005,0.0001,1776.67,MARK_PRICE_PREVIOUS_FALLBACK,1654300800000,5
ETHUSDT,1654329600000,0.0001,1768.33365618,MARK_PRICE_EXACT_OPEN,1654329600000,0
ETHUSDT,1654358400007,0.00003,1775.89818688,MARK_PRICE_PREVIOUS_FALLBACK,1654358400000,7
ETHUSDT,1654387200005,0.00003407,1804.77540898,MARK_PRICE_PREVIOUS_FALLBACK,1654387200000,5
ETHUSDT,1654416000015,0.00005246,1786.16,MARK_PRICE_PREVIOUS_FALLBACK,1654416000000,15
ETHUSDT,1654444800000,0.00005865,1810.74944203,MARK_PRICE_EXACT_OPEN,1654444800000,0
ETHUSDT,1654473600000,0.0001,1805.39731476,MARK_PRICE_EXACT_OPEN,1654473600000,0
ETHUSDT,1654502400017,0.00009597,1893.81,MARK_PRICE_PREVIOUS_FALLBACK,1654502400000,17
ETHUSDT,1654531200000,0.0001,1886.1,MARK_PRICE_EXACT_OPEN,1654531200000,0
ETHUSDT,1654560000000,0.0001,1859.28412746,MARK_PRICE_EXACT_OPEN,1654560000000,0
ETHUSDT,1654588800011,-0.00003071,1762.2,MARK_PRICE_PREVIOUS_FALLBACK,1654588800000,11
ETHUSDT,1654617600000,0.00001156,1780.7,MARK_PRICE_EXACT_OPEN,1654617600000,0
ETHUSDT,1654646400008,0.0001,1811.57931397,MARK_PRICE_PREVIOUS_FALLBACK,1654646400000,8
ETHUSDT,1654675200020,0.00007041,1806.1,MARK_PRICE_PREVIOUS_FALLBACK,1654675200000,20
ETHUSDT,1654704000012,0.0001,1816.39,MARK_PRICE_PREVIOUS_FALLBACK,1654704000000,12
ETHUSDT,1654732800000,0.0001,1791.02,MARK_PRICE_EXACT_OPEN,1654732800000,0
ETHUSDT,1654761600000,0.00005421,1811.66801924,MARK_PRICE_EXACT_OPEN,1654761600000,0
ETHUSDT,1654790400000,0.0001,1798.82100672,MARK_PRICE_EXACT_OPEN,1654790400000,0
ETHUSDT,1654819200009,0.0001,1786.6877567,MARK_PRICE_PREVIOUS_FALLBACK,1654819200000,9
ETHUSDT,1654848000000,0.0001,1787.90297308,MARK_PRICE_EXACT_OPEN,1654848000000,0
ETHUSDT,1654876800006,-0.00010846,1726.54,MARK_PRICE_PREVIOUS_FALLBACK,1654876800000,6
ETHUSDT,1654905600018,-0.00013495,1661.20418363,MARK_PRICE_PREVIOUS_FALLBACK,1654905600000,18
ETHUSDT,1654934400014,-0.00018605,1667.98,MARK_PRICE_PREVIOUS_FALLBACK,1654934400000,14
ETHUSDT,1654963200000,-0.0000929,1516.75,MARK_PRICE_EXACT_OPEN,1654963200000,0
ETHUSDT,1654992000015,-0.00006025,1529.75451533,MARK_PRICE_PREVIOUS_FALLBACK,1654992000000,15
ETHUSDT,1655020800019,-0.00009914,1468.24845485,MARK_PRICE_PREVIOUS_FALLBACK,1655020800000,19
ETHUSDT,1655049600010,-0.00006827,1519.8115025,MARK_PRICE_PREVIOUS_FALLBACK,1655049600000,10
ETHUSDT,1655078400009,0.00001579,1440.74415017,MARK_PRICE_PREVIOUS_FALLBACK,1655078400000,9
ETHUSDT,1655107200000,-0.00000219,1282.56,MARK_PRICE_EXACT_OPEN,1655107200000,0
ETHUSDT,1655136000007,-0.00005144,1223.52423289,MARK_PRICE_PREVIOUS_FALLBACK,1655136000000,7
ETHUSDT,1655164800013,-0.00004066,1203.39946665,MARK_PRICE_PREVIOUS_FALLBACK,1655164800000,13
ETHUSDT,1655193600008,-0.00005061,1238.98802468,MARK_PRICE_PREVIOUS_FALLBACK,1655193600000,8
ETHUSDT,1655222400006,-0.00002999,1243.79334523,MARK_PRICE_PREVIOUS_FALLBACK,1655222400000,6
ETHUSDT,1655251200000,-0.0000537,1208.49,MARK_PRICE_EXACT_OPEN,1655251200000,0
ETHUSDT,1655280000016,-0.0001643,1090.29,MARK_PRICE_PREVIOUS_FALLBACK,1655280000000,16
ETHUSDT,1655308800008,-0.00000952,1117.40987673,MARK_PRICE_PREVIOUS_FALLBACK,1655308800000,8
ETHUSDT,1655337600009,-0.00001444,1236.75338284,MARK_PRICE_PREVIOUS_FALLBACK,1655337600000,9
ETHUSDT,1655366400016,0.00006616,1164.31932214,MARK_PRICE_PREVIOUS_FALLBACK,1655366400000,16
ETHUSDT,1655395200000,-0.00010424,1113.7,MARK_PRICE_EXACT_OPEN,1655395200000,0
ETHUSDT,1655424000008,-0.00012406,1065.9406903,MARK_PRICE_PREVIOUS_FALLBACK,1655424000000,8
ETHUSDT,1655452800003,-0.00005634,1098.95,MARK_PRICE_PREVIOUS_FALLBACK,1655452800000,3
ETHUSDT,1655481600000,-0.00014982,1084.34,MARK_PRICE_EXACT_OPEN,1655481600000,0
ETHUSDT,1655510400020,-0.00007277,1082.7514927,MARK_PRICE_PREVIOUS_FALLBACK,1655510400000,20
ETHUSDT,1655539200025,-0.00029164,1001.19234884,MARK_PRICE_PREVIOUS_FALLBACK,1655539200000,25
ETHUSDT,1655568000014,-0.00007606,989.69,MARK_PRICE_PREVIOUS_FALLBACK,1655568000000,14
ETHUSDT,1655596800012,-0.00018722,996.97459498,MARK_PRICE_PREVIOUS_FALLBACK,1655596800000,12
ETHUSDT,1655625600012,-0.0001769,954.71353625,MARK_PRICE_PREVIOUS_FALLBACK,1655625600000,12
ETHUSDT,1655654400008,0.0001,1066.45770673,MARK_PRICE_PREVIOUS_FALLBACK,1655654400000,8
ETHUSDT,1655683200016,0.0001,1127.32772659,MARK_PRICE_PREVIOUS_FALLBACK,1655683200000,16
ETHUSDT,1655712000000,-0.00002176,1079.28892082,MARK_PRICE_EXACT_OPEN,1655712000000,0
ETHUSDT,1655740800013,0.00008444,1133.93,MARK_PRICE_PREVIOUS_FALLBACK,1655740800000,13
ETHUSDT,1655769600012,0.00006015,1126.21,MARK_PRICE_PREVIOUS_FALLBACK,1655769600000,12
ETHUSDT,1655798400018,0.00004698,1147.23476917,MARK_PRICE_PREVIOUS_FALLBACK,1655798400000,18
ETHUSDT,1655827200010,0.0000533,1169.48,MARK_PRICE_PREVIOUS_FALLBACK,1655827200000,10
ETHUSDT,1655856000000,-0.0000489,1125.47,MARK_PRICE_EXACT_OPEN,1655856000000,0
ETHUSDT,1655884800001,-0.00002551,1073.77922786,MARK_PRICE_PREVIOUS_FALLBACK,1655884800000,1
ETHUSDT,1655913600012,-0.00008679,1073.91472439,MARK_PRICE_PREVIOUS_FALLBACK,1655913600000,12
ETHUSDT,1655942400000,-0.00004408,1049.41,MARK_PRICE_EXACT_OPEN,1655942400000,0
ETHUSDT,1655971200000,-0.00006496,1091.28905194,MARK_PRICE_EXACT_OPEN,1655971200000,0
ETHUSDT,1656000000016,-0.00010151,1093.88299141,MARK_PRICE_PREVIOUS_FALLBACK,1656000000000,16
ETHUSDT,1656028800005,0.00004046,1145.49,MARK_PRICE_PREVIOUS_FALLBACK,1656028800000,5
ETHUSDT,1656057600004,0.00008003,1148.44,MARK_PRICE_PREVIOUS_FALLBACK,1656057600000,4
ETHUSDT,1656086400018,0.0001,1196.60353799,MARK_PRICE_PREVIOUS_FALLBACK,1656086400000,18
ETHUSDT,1656115200001,-0.00003928,1223.12,MARK_PRICE_PREVIOUS_FALLBACK,1656115200000,1
ETHUSDT,1656144000010,0.00003156,1234.16573781,MARK_PRICE_PREVIOUS_FALLBACK,1656144000000,10
ETHUSDT,1656172800000,0.00000642,1183.52560171,MARK_PRICE_EXACT_OPEN,1656172800000,0
ETHUSDT,1656201600002,0.0001,1241.17,MARK_PRICE_PREVIOUS_FALLBACK,1656201600000,2
ETHUSDT,1656230400016,0.00002837,1237.54,MARK_PRICE_PREVIOUS_FALLBACK,1656230400000,16
ETHUSDT,1656259200006,-0.00008522,1220.49265958,MARK_PRICE_PREVIOUS_FALLBACK,1656259200000,6
ETHUSDT,1656288000008,-0.00010252,1197.1,MARK_PRICE_PREVIOUS_FALLBACK,1656288000000,8
ETHUSDT,1656316800000,-0.00004323,1227.25,MARK_PRICE_EXACT_OPEN,1656316800000,0
ETHUSDT,1656345600016,-0.00003606,1186.07882281,MARK_PRICE_PREVIOUS_FALLBACK,1656345600000,16
ETHUSDT,1656374400016,0.00000902,1191.19333908,MARK_PRICE_PREVIOUS_FALLBACK,1656374400000,16
ETHUSDT,1656403200001,-0.00002707,1208.36292538,MARK_PRICE_PREVIOUS_FALLBACK,1656403200000,1
ETHUSDT,1656432000005,0.00006622,1183.56433508,MARK_PRICE_PREVIOUS_FALLBACK,1656432000000,5
ETHUSDT,1656460800000,0.00003172,1143.57,MARK_PRICE_EXACT_OPEN,1656460800000,0
ETHUSDT,1656489600013,0.00001728,1129.02774201,MARK_PRICE_PREVIOUS_FALLBACK,1656489600000,13
ETHUSDT,1656518400000,0.00001147,1113.74089999,MARK_PRICE_EXACT_OPEN,1656518400000,0
ETHUSDT,1656547200000,0.00003467,1099.07,MARK_PRICE_EXACT_OPEN,1656547200000,0
ETHUSDT,1656576000000,-0.00006766,1057.02546901,MARK_PRICE_EXACT_OPEN,1656576000000,0
ETHUSDT,1656604800000,-0.00021692,1031.67,MARK_PRICE_EXACT_OPEN,1656604800000,0
ETHUSDT,1656633600001,-0.00013323,1066.35273644,MARK_PRICE_PREVIOUS_FALLBACK,1656633600000,1
ETHUSDT,1656662400017,0.00004122,1065.61060825,MARK_PRICE_PREVIOUS_FALLBACK,1656662400000,17
ETHUSDT,1656691200005,-0.00009037,1055.99444993,MARK_PRICE_PREVIOUS_FALLBACK,1656691200000,5
ETHUSDT,1656720000000,-0.0000045,1059.02556817,MARK_PRICE_EXACT_OPEN,1656720000000,0
ETHUSDT,1656748800000,-0.00004376,1041.54472547,MARK_PRICE_EXACT_OPEN,1656748800000,0
ETHUSDT,1656777600008,-0.00004429,1052.46,MARK_PRICE_PREVIOUS_FALLBACK,1656777600000,8
ETHUSDT,1656806400015,0.00008102,1066.09031583,MARK_PRICE_PREVIOUS_FALLBACK,1656806400000,15
ETHUSDT,1656835200004,0.00002344,1063.53,MARK_PRICE_PREVIOUS_FALLBACK,1656835200000,4
ETHUSDT,1656864000005,-0.00009636,1049.94,MARK_PRICE_PREVIOUS_FALLBACK,1656864000000,5
ETHUSDT,1656892800021,0.00008487,1073.0871431,MARK_PRICE_PREVIOUS_FALLBACK,1656892800000,21
ETHUSDT,1656921600001,-0.00014236,1050.13,MARK_PRICE_PREVIOUS_FALLBACK,1656921600000,1
ETHUSDT,1656950400000,0.00006349,1111.46482628,MARK_PRICE_EXACT_OPEN,1656950400000,0
ETHUSDT,1656979200000,0.00000823,1150.23,MARK_PRICE_EXACT_OPEN,1656979200000,0
ETHUSDT,1657008000000,0.00001762,1157.58,MARK_PRICE_EXACT_OPEN,1657008000000,0
ETHUSDT,1657036800015,0.0000428,1092.26,MARK_PRICE_PREVIOUS_FALLBACK,1657036800000,15
ETHUSDT,1657065600006,0.0001,1133.12,MARK_PRICE_PREVIOUS_FALLBACK,1657065600000,6
ETHUSDT,1657094400000,0.0001,1138.91417478,MARK_PRICE_EXACT_OPEN,1657094400000,0
ETHUSDT,1657123200000,0.00004373,1132.89,MARK_PRICE_EXACT_OPEN,1657123200000,0
ETHUSDT,1657152000010,0.0001,1187.48,MARK_PRICE_PREVIOUS_FALLBACK,1657152000000,10
ETHUSDT,1657180800010,0.0001,1177.08,MARK_PRICE_PREVIOUS_FALLBACK,1657180800000,10
ETHUSDT,1657209600011,0.00006891,1220.17116544,MARK_PRICE_PREVIOUS_FALLBACK,1657209600000,11
ETHUSDT,1657238400008,0.0001,1238.77510499,MARK_PRICE_PREVIOUS_FALLBACK,1657238400000,8
ETHUSDT,1657267200009,0.0001,1239.73886898,MARK_PRICE_PREVIOUS_FALLBACK,1657267200000,9
ETHUSDT,1657296000000,0.00005505,1234.99,MARK_PRICE_EXACT_OPEN,1657296000000,0
ETHUSDT,1657324800000,0.00005118,1213.5525838,MARK_PRICE_EXACT_OPEN,1657324800000,0
ETHUSDT,1657353600000,0.00002685,1224.23692759,MARK_PRICE_EXACT_OPEN,1657353600000,0
ETHUSDT,1657382400009,0.00003206,1215.58997899,MARK_PRICE_PREVIOUS_FALLBACK,1657382400000,9
ETHUSDT,1657411200001,0.00004544,1216.03793153,MARK_PRICE_PREVIOUS_FALLBACK,1657411200000,1
ETHUSDT,1657440000002,0.0001,1188.82310291,MARK_PRICE_PREVIOUS_FALLBACK,1657440000000,2
ETHUSDT,1657468800001,0.00006604,1163.41,MARK_PRICE_PREVIOUS_FALLBACK,1657468800000,1
ETHUSDT,1657497600000,0.00001102,1167.79,MARK_PRICE_EXACT_OPEN,1657497600000,0
ETHUSDT,1657526400003,0.00004204,1142.81,MARK_PRICE_PREVIOUS_FALLBACK,1657526400000,3
ETHUSDT,1657555200001,0.00005881,1142.91907904,MARK_PRICE_PREVIOUS_FALLBACK,1657555200000,1
ETHUSDT,1657584000000,0.00006653,1095.96,MARK_PRICE_EXACT_OPEN,1657584000000,0
ETHUSDT,1657612800021,-0.00002208,1067.47,MARK_PRICE_PREVIOUS_FALLBACK,1657612800000,21
ETHUSDT,1657641600000,-0.00010622,1075.53,MARK_PRICE_EXACT_OPEN,1657641600000,0
ETHUSDT,1657670400012,-0.00017917,1039.43902706,MARK_PRICE_PREVIOUS_FALLBACK,1657670400000,12
ETHUSDT,1657699200022,-0.00019746,1069.44,MARK_PRICE_PREVIOUS_FALLBACK,1657699200000,22
ETHUSDT,1657728000005,-0.00012686,1060.69052971,MARK_PRICE_PREVIOUS_FALLBACK,1657728000000,5
ETHUSDT,1657756800017,-0.00012921,1112.98286678,MARK_PRICE_PREVIOUS_FALLBACK,1657756800000,17
ETHUSDT,1657785600001,0.00001264,1097.3,MARK_PRICE_PREVIOUS_FALLBACK,1657785600000,1
ETHUSDT,1657814400000,-0.00005017,1140.58,MARK_PRICE_EXACT_OPEN,1657814400000,0
ETHUSDT,1657843200004,0.0001,1192.61628432,MARK_PRICE_PREVIOUS_FALLBACK,1657843200000,4
ETHUSDT,1657872000019,0.00004667,1210.43976736,MARK_PRICE_PREVIOUS_FALLBACK,1657872000000,19
ETHUSDT,1657900800017,-0.00000453,1221.73304323,MARK_PRICE_PREVIOUS_FALLBACK,1657900800000,17
ETHUSDT,1657929600021,0.00005458,1231.82883353,MARK_PRICE_PREVIOUS_FALLBACK,1657929600000,21
ETHUSDT,1657958400014,0.00007053,1196.58160918,MARK_PRICE_PREVIOUS_FALLBACK,1657958400000,14
ETHUSDT,1657987200005,0.00003638,1277.49631465,MARK_PRICE_PREVIOUS_FALLBACK,1657987200000,5
ETHUSDT,1658016000000,0.0001,1355.52895458,MARK_PRICE_EXACT_OPEN,1658016000000,0
ETHUSDT,1658044800003,8e-8,1363.06285697,MARK_PRICE_PREVIOUS_FALLBACK,1658044800000,3
ETHUSDT,1658073600007,-0.00000639,1349.92198306,MARK_PRICE_PREVIOUS_FALLBACK,1658073600000,7
ETHUSDT,1658102400001,-0.00002025,1336.93,MARK_PRICE_PREVIOUS_FALLBACK,1658102400000,1
ETHUSDT,1658131200004,-0.00000857,1463.76296162,MARK_PRICE_PREVIOUS_FALLBACK,1658131200000,4
ETHUSDT,1658160000019,0.0000725,1519.72,MARK_PRICE_PREVIOUS_FALLBACK,1658160000000,19
ETHUSDT,1658188800000,0.0001,1581.67416969,MARK_PRICE_EXACT_OPEN,1658188800000,0
ETHUSDT,1658217600000,0.0001,1510.69,MARK_PRICE_EXACT_OPEN,1658217600000,0
ETHUSDT,1658246400001,0.00004242,1537.65275792,MARK_PRICE_PREVIOUS_FALLBACK,1658246400000,1
ETHUSDT,1658275200004,0.00005437,1543.49,MARK_PRICE_PREVIOUS_FALLBACK,1658275200000,4
ETHUSDT,1658304000000,-0.00004179,1530.32134749,MARK_PRICE_EXACT_OPEN,1658304000000,0
ETHUSDT,1658332800003,0.00002871,1595.60281134,MARK_PRICE_PREVIOUS_FALLBACK,1658332800000,3
ETHUSDT,1658361600000,0.0001,1521.00070407,MARK_PRICE_EXACT_OPEN,1658361600000,0
ETHUSDT,1658390400018,0.0001,1485.92607015,MARK_PRICE_PREVIOUS_FALLBACK,1658390400000,18
ETHUSDT,1658419200011,0.0001,1510.76142652,MARK_PRICE_PREVIOUS_FALLBACK,1658419200000,11
ETHUSDT,1658448000014,0.0001,1575.17246152,MARK_PRICE_PREVIOUS_FALLBACK,1658448000000,14
ETHUSDT,1658476800000,0.0001,1601.15737397,MARK_PRICE_EXACT_OPEN,1658476800000,0
ETHUSDT,1658505600000,0.00009317,1574.20596515,MARK_PRICE_EXACT_OPEN,1658505600000,0
ETHUSDT,1658534400004,0.00005463,1535.89,MARK_PRICE_PREVIOUS_FALLBACK,1658534400000,4
ETHUSDT,1658563200002,0.00006541,1578.2,MARK_PRICE_PREVIOUS_FALLBACK,1658563200000,2
ETHUSDT,1658592000001,0.0001,1523.07522757,MARK_PRICE_PREVIOUS_FALLBACK,1658592000000,1
ETHUSDT,1658620800000,0.0001,1548.15375664,MARK_PRICE_EXACT_OPEN,1658620800000,0
ETHUSDT,1658649600011,0.0001,1607.29532892,MARK_PRICE_PREVIOUS_FALLBACK,1658649600000,11
ETHUSDT,1658678400000,0.0001,1612.58,MARK_PRICE_EXACT_OPEN,1658678400000,0
ETHUSDT,1658707200000,0.0001,1597.76,MARK_PRICE_EXACT_OPEN,1658707200000,0
ETHUSDT,1658736000014,-0.00001134,1522.39,MARK_PRICE_PREVIOUS_FALLBACK,1658736000000,14
ETHUSDT,1658764800006,0.00007434,1525.4,MARK_PRICE_PREVIOUS_FALLBACK,1658764800000,6
ETHUSDT,1658793600010,0.0000669,1435.74475707,MARK_PRICE_PREVIOUS_FALLBACK,1658793600000,10
ETHUSDT,1658822400000,0.00007151,1408.70420232,MARK_PRICE_EXACT_OPEN,1658822400000,0
ETHUSDT,1658851200000,0.0001,1368.27,MARK_PRICE_EXACT_OPEN,1658851200000,0
ETHUSDT,1658880000008,0.00000741,1453.51347791,MARK_PRICE_PREVIOUS_FALLBACK,1658880000000,8
ETHUSDT,1658908800000,0.00008204,1463.65,MARK_PRICE_EXACT_OPEN,1658908800000,0
ETHUSDT,1658937600003,0.00003325,1489.29539361,MARK_PRICE_PREVIOUS_FALLBACK,1658937600000,3
ETHUSDT,1658966400009,0.0001,1637.35,MARK_PRICE_PREVIOUS_FALLBACK,1658966400000,9
ETHUSDT,1658995200008,0.0001,1619.1664124,MARK_PRICE_PREVIOUS_FALLBACK,1658995200000,8
ETHUSDT,1659024000013,0.0001,1725.36166777,MARK_PRICE_PREVIOUS_FALLBACK,1659024000000,13
ETHUSDT,1659052800000,0.0001,1724.64084612,MARK_PRICE_EXACT_OPEN,1659052800000,0
ETHUSDT,1659081600000,0.0001,1715.35,MARK_PRICE_EXACT_OPEN,1659081600000,0
ETHUSDT,1659110400000,0.0001,1721.32331193,MARK_PRICE_EXACT_OPEN,1659110400000,0
ETHUSDT,1659139200005,0.0001,1725.10062782,MARK_PRICE_PREVIOUS_FALLBACK,1659139200000,5
ETHUSDT,1659168000009,0.0001,1715.36,MARK_PRICE_PREVIOUS_FALLBACK,1659168000000,9
ETHUSDT,1659196800000,0.00005049,1736.08,MARK_PRICE_EXACT_OPEN,1659196800000,0
ETHUSDT,1659225600022,0.00004431,1695.94,MARK_PRICE_PREVIOUS_FALLBACK,1659225600000,22
ETHUSDT,1659254400011,0.0001,1696.04141606,MARK_PRICE_PREVIOUS_FALLBACK,1659254400000,11
ETHUSDT,1659283200019,0.00005528,1711.76,MARK_PRICE_PREVIOUS_FALLBACK,1659283200000,19
ETHUSDT,1659312000010,0.00009823,1675.54,MARK_PRICE_PREVIOUS_FALLBACK,1659312000000,10
ETHUSDT,1659340800019,0.0001,1693.14705401,MARK_PRICE_PREVIOUS_FALLBACK,1659340800000,19
ETHUSDT,1659369600017,0.00006285,1672.1915198,MARK_PRICE_PREVIOUS_FALLBACK,1659369600000,17
ETHUSDT,1659398400000,0.0001,1629.46,MARK_PRICE_EXACT_OPEN,1659398400000,0
ETHUSDT,1659427200007,0.00001617,1593.8,MARK_PRICE_PREVIOUS_FALLBACK,1659427200000,7
ETHUSDT,1659456000014,0.00001593,1627.2,MARK_PRICE_PREVIOUS_FALLBACK,1659456000000,14
ETHUSDT,1659484800001,0.00006888,1632.16,MARK_PRICE_PREVIOUS_FALLBACK,1659484800000,1
ETHUSDT,1659513600020,0.00000368,1628.54137972,MARK_PRICE_PREVIOUS_FALLBACK,1659513600000,20
ETHUSDT,1659542400008,-0.00003047,1653.18860992,MARK_PRICE_PREVIOUS_FALLBACK,1659542400000,8
ETHUSDT,1659571200001,0.00001183,1616.27,MARK_PRICE_PREVIOUS_FALLBACK,1659571200000,1
ETHUSDT,1659600000009,0.00007702,1623.67213998,MARK_PRICE_PREVIOUS_FALLBACK,1659600000000,9
ETHUSDT,1659628800015,0.00007119,1616.72,MARK_PRICE_PREVIOUS_FALLBACK,1659628800000,15
ETHUSDT,1659657600005,0.00007649,1607.00354565,MARK_PRICE_PREVIOUS_FALLBACK,1659657600000,5
ETHUSDT,1659686400000,0.0001,1662.6714909,MARK_PRICE_EXACT_OPEN,1659686400000,0
ETHUSDT,1659715200000,0.0001,1671.00280031,MARK_PRICE_EXACT_OPEN,1659715200000,0
ETHUSDT,1659744000021,0.0001,1735.55017797,MARK_PRICE_PREVIOUS_FALLBACK,1659744000000,21
ETHUSDT,1659772800000,0.0001,1720.59262141,MARK_PRICE_EXACT_OPEN,1659772800000,0
ETHUSDT,1659801600015,0.0001,1713.74,MARK_PRICE_PREVIOUS_FALLBACK,1659801600000,15
ETHUSDT,1659830400013,0.0001,1689.68,MARK_PRICE_PREVIOUS_FALLBACK,1659830400000,13
ETHUSDT,1659859200000,-0.00002278,1685.15814788,MARK_PRICE_EXACT_OPEN,1659859200000,0
ETHUSDT,1659888000014,0.00002801,1699.88,MARK_PRICE_PREVIOUS_FALLBACK,1659888000000,14
ETHUSDT,1659916800009,-0.0000133,1699.56,MARK_PRICE_PREVIOUS_FALLBACK,1659916800000,9
ETHUSDT,1659945600006,0.00002805,1733.04,MARK_PRICE_PREVIOUS_FALLBACK,1659945600000,6
ETHUSDT,1659974400000,0.0001,1774.84416847,MARK_PRICE_EXACT_OPEN,1659974400000,0
ETHUSDT,1660003200020,0.00005993,1777.55062601,MARK_PRICE_PREVIOUS_FALLBACK,1660003200000,20
ETHUSDT,1660032000000,-0.00000321,1780.97,MARK_PRICE_EXACT_OPEN,1660032000000,0
ETHUSDT,1660060800000,-0.00014349,1683.78,MARK_PRICE_EXACT_OPEN,1660060800000,0
ETHUSDT,1660089600000,-0.00010375,1702.05,MARK_PRICE_EXACT_OPEN,1660089600000,0
ETHUSDT,1660118400016,-0.00003238,1686,MARK_PRICE_PREVIOUS_FALLBACK,1660118400000,16
ETHUSDT,1660147200018,0.0001,1837.84776127,MARK_PRICE_PREVIOUS_FALLBACK,1660147200000,18
ETHUSDT,1660176000012,0.0001,1852.88427075,MARK_PRICE_PREVIOUS_FALLBACK,1660176000000,12
ETHUSDT,1660204800000,0.00004392,1878.03300803,MARK_PRICE_EXACT_OPEN,1660204800000,0
ETHUSDT,1660233600000,0.00001783,1889.74710726,MARK_PRICE_EXACT_OPEN,1660233600000,0
ETHUSDT,1660262400006,0.00002566,1880.6,MARK_PRICE_PREVIOUS_FALLBACK,1660262400000,6
ETHUSDT,1660291200000,0.00005216,1887.86,MARK_PRICE_EXACT_OPEN,1660291200000,0
ETHUSDT,1660320000005,0.00008336,1898.77,MARK_PRICE_PREVIOUS_FALLBACK,1660320000000,5
ETHUSDT,1660348800012,0.00007636,1954.65,MARK_PRICE_PREVIOUS_FALLBACK,1660348800000,12
ETHUSDT,1660377600006,0.00004086,1998.15,MARK_PRICE_PREVIOUS_FALLBACK,1660377600000,6
ETHUSDT,1660406400018,0.00002735,1988.39258659,MARK_PRICE_PREVIOUS_FALLBACK,1660406400000,18
ETHUSDT,1660435200000,0.00003144,1982.8,MARK_PRICE_EXACT_OPEN,1660435200000,0
ETHUSDT,1660464000000,0.00008292,2015.73127474,MARK_PRICE_EXACT_OPEN,1660464000000,0
ETHUSDT,1660492800000,0.00000219,1983.28,MARK_PRICE_EXACT_OPEN,1660492800000,0
ETHUSDT,1660521600010,-0.00006757,1933.88159788,MARK_PRICE_PREVIOUS_FALLBACK,1660521600000,10
ETHUSDT,1660550400002,0.00003991,1900.62,MARK_PRICE_PREVIOUS_FALLBACK,1660550400000,2
ETHUSDT,1660579200010,-0.00004854,1918.01801657,MARK_PRICE_PREVIOUS_FALLBACK,1660579200000,10
ETHUSDT,1660608000010,-0.00006945,1897.3074474,MARK_PRICE_PREVIOUS_FALLBACK,1660608000000,10
ETHUSDT,1660636800002,0.00003333,1885.78,MARK_PRICE_PREVIOUS_FALLBACK,1660636800000,2
ETHUSDT,1660665600000,0.00003842,1886.63,MARK_PRICE_EXACT_OPEN,1660665600000,0
ETHUSDT,1660694400020,0.00005927,1877.48397183,MARK_PRICE_PREVIOUS_FALLBACK,1660694400000,20
ETHUSDT,1660723200016,0.00006626,1889.63397761,MARK_PRICE_PREVIOUS_FALLBACK,1660723200000,16
ETHUSDT,1660752000001,0.00004034,1829.26,MARK_PRICE_PREVIOUS_FALLBACK,1660752000000,1
ETHUSDT,1660780800005,0.00002314,1834.29,MARK_PRICE_PREVIOUS_FALLBACK,1660780800000,5
ETHUSDT,1660809600012,0.00009463,1844.61,MARK_PRICE_PREVIOUS_FALLBACK,1660809600000,12
ETHUSDT,1660838400013,0.00003449,1872.47,MARK_PRICE_PREVIOUS_FALLBACK,1660838400000,13
ETHUSDT,1660867200000,0.00005275,1846.13424214,MARK_PRICE_EXACT_OPEN,1660867200000,0
ETHUSDT,1660896000000,0.0001,1743.1225009,MARK_PRICE_EXACT_OPEN,1660896000000,0
ETHUSDT,1660924800009,0.00001435,1700.27,MARK_PRICE_PREVIOUS_FALLBACK,1660924800000,9
ETHUSDT,1660953600000,0.00004557,1608.71445047,MARK_PRICE_EXACT_OPEN,1660953600000,0
ETHUSDT,1660982400005,-0.00003743,1645.45265088,MARK_PRICE_PREVIOUS_FALLBACK,1660982400000,5
ETHUSDT,1661011200000,0.00000991,1634.08264226,MARK_PRICE_EXACT_OPEN,1661011200000,0
ETHUSDT,1661040000010,-0.00001408,1576.24,MARK_PRICE_PREVIOUS_FALLBACK,1661040000000,10
ETHUSDT,1661068800013,0.00001912,1585.83,MARK_PRICE_PREVIOUS_FALLBACK,1661068800000,13
ETHUSDT,1661097600000,-0.00005859,1620.29,MARK_PRICE_EXACT_OPEN,1661097600000,0
ETHUSDT,1661126400011,-0.00005605,1618.61901872,MARK_PRICE_PREVIOUS_FALLBACK,1661126400000,11
ETHUSDT,1661155200005,0.00006886,1557.4,MARK_PRICE_PREVIOUS_FALLBACK,1661155200000,5
ETHUSDT,1661184000005,0.00007481,1594.33,MARK_PRICE_PREVIOUS_FALLBACK,1661184000000,5
ETHUSDT,1661212800000,0.00006559,1624.18,MARK_PRICE_EXACT_OPEN,1661212800000,0
ETHUSDT,1661241600021,-0.000018,1602.38145214,MARK_PRICE_PREVIOUS_FALLBACK,1661241600000,21
ETHUSDT,1661270400005,-0.00009315,1638.97058586,MARK_PRICE_PREVIOUS_FALLBACK,1661270400000,5
ETHUSDT,1661299200017,-0.00008879,1664.41442342,MARK_PRICE_PREVIOUS_FALLBACK,1661299200000,17
ETHUSDT,1661328000021,-0.00002313,1626.12,MARK_PRICE_PREVIOUS_FALLBACK,1661328000000,21
ETHUSDT,1661356800000,0.00000538,1682.44,MARK_PRICE_EXACT_OPEN,1661356800000,0
ETHUSDT,1661385600003,-0.00009281,1655.18737716,MARK_PRICE_PREVIOUS_FALLBACK,1661385600000,3
ETHUSDT,1661414400000,-0.00001814,1707.86,MARK_PRICE_EXACT_OPEN,1661414400000,0
ETHUSDT,1661443200004,0.00002635,1699.74149666,MARK_PRICE_PREVIOUS_FALLBACK,1661443200000,4
ETHUSDT,1661472000001,0.00004613,1691.92001122,MARK_PRICE_PREVIOUS_FALLBACK,1661472000000,1
ETHUSDT,1661500800004,0.0000249,1658.92,MARK_PRICE_PREVIOUS_FALLBACK,1661500800000,4
ETHUSDT,1661529600000,0.00008902,1592.56,MARK_PRICE_EXACT_OPEN,1661529600000,0
ETHUSDT,1661558400010,-0.0002075,1504.83565431,MARK_PRICE_PREVIOUS_FALLBACK,1661558400000,10
ETHUSDT,1661587200007,-0.00007754,1506.18668404,MARK_PRICE_PREVIOUS_FALLBACK,1661587200000,7
ETHUSDT,1661616000008,-0.000272,1470.74582276,MARK_PRICE_PREVIOUS_FALLBACK,1661616000000,8
ETHUSDT,1661644800019,-0.0002537,1489.35027425,MARK_PRICE_PREVIOUS_FALLBACK,1661644800000,19
ETHUSDT,1661673600000,-0.0002688,1495.93,MARK_PRICE_EXACT_OPEN,1661673600000,0
ETHUSDT,1661702400000,0.00001893,1485.75,MARK_PRICE_EXACT_OPEN,1661702400000,0
ETHUSDT,1661731200000,-0.00024797,1426.29,MARK_PRICE_EXACT_OPEN,1661731200000,0
ETHUSDT,1661760000000,-0.00017053,1453.7,MARK_PRICE_EXACT_OPEN,1661760000000,0
ETHUSDT,1661788800001,-0.00006657,1519.98,MARK_PRICE_PREVIOUS_FALLBACK,1661788800000,1
ETHUSDT,1661817600001,-0.00009478,1550.87362047,MARK_PRICE_PREVIOUS_FALLBACK,1661817600000,1
ETHUSDT,1661846400005,-0.00006689,1587.6623414,MARK_PRICE_PREVIOUS_FALLBACK,1661846400000,5
ETHUSDT,1661875200010,-0.00005782,1525.6,MARK_PRICE_PREVIOUS_FALLBACK,1661875200000,10
ETHUSDT,1661904000000,-0.00011151,1523.48,MARK_PRICE_EXACT_OPEN,1661904000000,0
ETHUSDT,1661932800005,-2.5e-7,1586.39936942,MARK_PRICE_PREVIOUS_FALLBACK,1661932800000,5
ETHUSDT,1661961600013,0.00007105,1561.74,MARK_PRICE_PREVIOUS_FALLBACK,1661961600000,13
ETHUSDT,1661990400012,-0.00001273,1552.42066386,MARK_PRICE_PREVIOUS_FALLBACK,1661990400000,12
ETHUSDT,1662019200000,0.00000918,1543.99,MARK_PRICE_EXACT_OPEN,1662019200000,0
ETHUSDT,1662048000013,-0.00007998,1536.07,MARK_PRICE_PREVIOUS_FALLBACK,1662048000000,13
ETHUSDT,1662076800002,0.00005469,1583.67768659,MARK_PRICE_PREVIOUS_FALLBACK,1662076800000,2
ETHUSDT,1662105600013,0.00003291,1592.86,MARK_PRICE_PREVIOUS_FALLBACK,1662105600000,13
ETHUSDT,1662134400000,-0.0000184,1635.55710711,MARK_PRICE_EXACT_OPEN,1662134400000,0
ETHUSDT,1662163200000,-0.00012553,1575.10706044,MARK_PRICE_EXACT_OPEN,1662163200000,0
ETHUSDT,1662192000002,-0.00010187,1543.32324769,MARK_PRICE_PREVIOUS_FALLBACK,1662192000000,2
ETHUSDT,1662220800007,-0.00009441,1547.97644236,MARK_PRICE_PREVIOUS_FALLBACK,1662220800000,7
ETHUSDT,1662249600008,0.00001789,1555.72731888,MARK_PRICE_PREVIOUS_FALLBACK,1662249600000,8
ETHUSDT,1662278400009,-0.00004425,1544.49361631,MARK_PRICE_PREVIOUS_FALLBACK,1662278400000,9
ETHUSDT,1662307200000,-0.00009236,1559.61,MARK_PRICE_EXACT_OPEN,1662307200000,0
ETHUSDT,1662336000015,0.00000877,1579.35516105,MARK_PRICE_PREVIOUS_FALLBACK,1662336000000,15
ETHUSDT,1662364800013,-0.00010286,1561.38,MARK_PRICE_PREVIOUS_FALLBACK,1662364800000,13
ETHUSDT,1662393600007,-0.0000501,1599.82186997,MARK_PRICE_PREVIOUS_FALLBACK,1662393600000,7
ETHUSDT,1662422400018,-0.00016568,1618.12981846,MARK_PRICE_PREVIOUS_FALLBACK,1662422400000,18
ETHUSDT,1662451200020,-0.00013291,1659.66781002,MARK_PRICE_PREVIOUS_FALLBACK,1662451200000,20
ETHUSDT,1662480000028,-0.00002352,1668.81729591,MARK_PRICE_PREVIOUS_FALLBACK,1662480000000,28
ETHUSDT,1662508800013,-0.0001677,1556.82,MARK_PRICE_PREVIOUS_FALLBACK,1662508800000,13
ETHUSDT,1662537600022,-0.00027449,1517.02568077,MARK_PRICE_PREVIOUS_FALLBACK,1662537600000,22
ETHUSDT,1662566400021,-0.00018414,1544.32,MARK_PRICE_PREVIOUS_FALLBACK,1662566400000,21
ETHUSDT,1662595200010,0.00001215,1630.49211946,MARK_PRICE_PREVIOUS_FALLBACK,1662595200000,10
ETHUSDT,1662624000000,-0.0000124,1612.79443053,MARK_PRICE_EXACT_OPEN,1662624000000,0
ETHUSDT,1662652800003,-0.00006039,1627.46,MARK_PRICE_PREVIOUS_FALLBACK,1662652800000,3
ETHUSDT,1662681600011,-0.0000828,1632.91633379,MARK_PRICE_PREVIOUS_FALLBACK,1662681600000,11
ETHUSDT,1662710400000,-0.00003837,1704.29094024,MARK_PRICE_EXACT_OPEN,1662710400000,0
ETHUSDT,1662739200000,-0.00012468,1718.1,MARK_PRICE_EXACT_OPEN,1662739200000,0
ETHUSDT,1662768000003,-0.00007115,1715.3630673,MARK_PRICE_PREVIOUS_FALLBACK,1662768000000,3
ETHUSDT,1662796800000,-0.00020439,1709.99,MARK_PRICE_EXACT_OPEN,1662796800000,0
ETHUSDT,1662825600012,-0.00014116,1715.64,MARK_PRICE_PREVIOUS_FALLBACK,1662825600000,12
ETHUSDT,1662854400009,-0.00011556,1775.65,MARK_PRICE_PREVIOUS_FALLBACK,1662854400000,9
ETHUSDT,1662883200012,-0.00016606,1759.54111932,MARK_PRICE_PREVIOUS_FALLBACK,1662883200000,12
ETHUSDT,1662912000005,-0.00031696,1766.85360936,MARK_PRICE_PREVIOUS_FALLBACK,1662912000000,5
ETHUSDT,1662940800007,-0.00034442,1761.84341659,MARK_PRICE_PREVIOUS_FALLBACK,1662940800000,7
ETHUSDT,1662969600013,-0.0002761,1755.43545872,MARK_PRICE_PREVIOUS_FALLBACK,1662969600000,13
ETHUSDT,1662998400000,-0.00038902,1705.75603571,MARK_PRICE_EXACT_OPEN,1662998400000,0
ETHUSDT,1663027200004,-0.00028397,1716.26,MARK_PRICE_PREVIOUS_FALLBACK,1663027200000,4
ETHUSDT,1663056000000,-0.00047985,1714.59,MARK_PRICE_EXACT_OPEN,1663056000000,0
ETHUSDT,1663084800000,-0.0004662,1592.35,MARK_PRICE_EXACT_OPEN,1663084800000,0
ETHUSDT,1663113600000,-0.00111142,1571.94595819,MARK_PRICE_EXACT_OPEN,1663113600000,0
ETHUSDT,1663142400000,-0.00182506,1610.16,MARK_PRICE_EXACT_OPEN,1663142400000,0
ETHUSDT,1663171200000,-0.00172134,1592.75,MARK_PRICE_EXACT_OPEN,1663171200000,0
ETHUSDT,1663200000019,-0.00301937,1627.39765637,MARK_PRICE_PREVIOUS_FALLBACK,1663200000000,19
ETHUSDT,1663228800012,-0.00216987,1628.36,MARK_PRICE_PREVIOUS_FALLBACK,1663228800000,12
ETHUSDT,1663257600007,-0.00010393,1487.65755625,MARK_PRICE_PREVIOUS_FALLBACK,1663257600000,7
ETHUSDT,1663286400000,-0.00000776,1472.06710227,MARK_PRICE_EXACT_OPEN,1663286400000,0
ETHUSDT,1663315200000,-0.00000235,1470.65,MARK_PRICE_EXACT_OPEN,1663315200000,0
ETHUSDT,1663344000000,0.0001,1451.69,MARK_PRICE_EXACT_OPEN,1663344000000,0
ETHUSDT,1663372800000,0.000074,1433.63496895,MARK_PRICE_EXACT_OPEN,1663372800000,0
ETHUSDT,1663401600012,0.00007913,1432.43407825,MARK_PRICE_PREVIOUS_FALLBACK,1663401600000,12
ETHUSDT,1663430400017,0.00004111,1442.40397519,MARK_PRICE_PREVIOUS_FALLBACK,1663430400000,17
ETHUSDT,1663459200000,0.00000841,1468.09976412,MARK_PRICE_EXACT_OPEN,1663459200000,0
ETHUSDT,1663488000004,0.00008234,1452.95,MARK_PRICE_PREVIOUS_FALLBACK,1663488000000,4
ETHUSDT,1663516800000,0.00006342,1416.79630098,MARK_PRICE_EXACT_OPEN,1663516800000,0
ETHUSDT,1663545600018,-0.00010281,1333.82,MARK_PRICE_PREVIOUS_FALLBACK,1663545600000,18
ETHUSDT,1663574400006,-0.00000491,1301.16821258,MARK_PRICE_PREVIOUS_FALLBACK,1663574400000,6
ETHUSDT,1663603200010,-0.00009737,1341.76735861,MARK_PRICE_PREVIOUS_FALLBACK,1663603200000,10
ETHUSDT,1663632000007,-0.00010865,1377.33,MARK_PRICE_PREVIOUS_FALLBACK,1663632000000,7
ETHUSDT,1663660800001,-0.00012011,1357.43,MARK_PRICE_PREVIOUS_FALLBACK,1663660800000,1
ETHUSDT,1663689600000,0.00000277,1377.04555799,MARK_PRICE_EXACT_OPEN,1663689600000,0
ETHUSDT,1663718400001,-0.00003849,1321.10404649,MARK_PRICE_PREVIOUS_FALLBACK,1663718400000,1
ETHUSDT,1663747200005,-0.00002285,1330.15556576,MARK_PRICE_PREVIOUS_FALLBACK,1663747200000,5
ETHUSDT,1663776000000,-0.00007656,1342.28,MARK_PRICE_EXACT_OPEN,1663776000000,0
ETHUSDT,1663804800000,-0.00024234,1244.83693372,MARK_PRICE_EXACT_OPEN,1663804800000,0
ETHUSDT,1663833600000,-0.00023437,1277.60668346,MARK_PRICE_EXACT_OPEN,1663833600000,0
ETHUSDT,1663862400011,-0.00013047,1270.83,MARK_PRICE_PREVIOUS_FALLBACK,1663862400000,11
ETHUSDT,1663891200023,-0.00001456,1325.20617198,MARK_PRICE_PREVIOUS_FALLBACK,1663891200000,23
ETHUSDT,1663920000004,-0.00004759,1331.45,MARK_PRICE_PREVIOUS_FALLBACK,1663920000000,4
ETHUSDT,1663948800005,-0.00005042,1294.53011369,MARK_PRICE_PREVIOUS_FALLBACK,1663948800000,5
ETHUSDT,1663977600000,0.00001491,1326.91471176,MARK_PRICE_EXACT_OPEN,1663977600000,0
ETHUSDT,1664006400005,0.00004468,1322.52,MARK_PRICE_PREVIOUS_FALLBACK,1664006400000,5
ETHUSDT,1664035200000,-0.00008115,1339.47,MARK_PRICE_EXACT_OPEN,1664035200000,0
ETHUSDT,1664064000010,0.00000122,1317.58,MARK_PRICE_PREVIOUS_FALLBACK,1664064000000,10
ETHUSDT,1664092800000,-0.00004292,1332.12995037,MARK_PRICE_EXACT_OPEN,1664092800000,0
ETHUSDT,1664121600003,0.00000449,1311.17,MARK_PRICE_PREVIOUS_FALLBACK,1664121600000,3
ETHUSDT,1664150400001,0.00000423,1293.65829243,MARK_PRICE_PREVIOUS_FALLBACK,1664150400000,1
ETHUSDT,1664179200006,0.0001,1295.83,MARK_PRICE_PREVIOUS_FALLBACK,1664179200000,6
ETHUSDT,1664208000000,-0.00001379,1324.4926739,MARK_PRICE_EXACT_OPEN,1664208000000,0
ETHUSDT,1664236800026,0.00002194,1335.53604369,MARK_PRICE_PREVIOUS_FALLBACK,1664236800000,26
ETHUSDT,1664265600004,0.00001777,1382.75,MARK_PRICE_PREVIOUS_FALLBACK,1664265600000,4
ETHUSDT,1664294400006,0.00001303,1366.56,MARK_PRICE_PREVIOUS_FALLBACK,1664294400000,6
ETHUSDT,1664323200011,-0.00001018,1328.77,MARK_PRICE_PREVIOUS_FALLBACK,1664323200000,11
ETHUSDT,1664352000000,-0.00002348,1284.76607559,MARK_PRICE_EXACT_OPEN,1664352000000,0
ETHUSDT,1664380800000,-0.00007573,1331.25,MARK_PRICE_EXACT_OPEN,1664380800000,0
ETHUSDT,1664409600010,0.00006004,1337.28,MARK_PRICE_PREVIOUS_FALLBACK,1664409600000,10
ETHUSDT,1664438400000,0.0001,1320.9783226,MARK_PRICE_EXACT_OPEN,1664438400000,0
ETHUSDT,1664467200000,0.00002149,1326.59181507,MARK_PRICE_EXACT_OPEN,1664467200000,0
ETHUSDT,1664496000006,0.0000117,1335.28722141,MARK_PRICE_PREVIOUS_FALLBACK,1664496000000,6
ETHUSDT,1664524800002,0.00007176,1340.01,MARK_PRICE_PREVIOUS_FALLBACK,1664524800000,2
ETHUSDT,1664553600007,0.0001,1348.62162725,MARK_PRICE_PREVIOUS_FALLBACK,1664553600000,7
ETHUSDT,1664582400008,0.00008185,1327.04803708,MARK_PRICE_PREVIOUS_FALLBACK,1664582400000,8
ETHUSDT,1664611200011,0.00006857,1328.69,MARK_PRICE_PREVIOUS_FALLBACK,1664611200000,11
ETHUSDT,1664640000000,0.00005117,1322.06,MARK_PRICE_EXACT_OPEN,1664640000000,0
ETHUSDT,1664668800000,0.00001239,1311.31,MARK_PRICE_PREVIOUS_FALLBACK,1664668740000,60000
ETHUSDT,1664697600000,0.00004395,,MARK_PRICE_TOO_STALE,1664668740000,28860000
ETHUSDT,1664726400006,-0.00002183,,MARK_PRICE_TOO_STALE,1664668740000,57660006
ETHUSDT,1664755200000,-0.0000223,1275.96,MARK_PRICE_EXACT_OPEN,1664755200000,0
ETHUSDT,1664784000014,0.00002229,1291.23806946,MARK_PRICE_PREVIOUS_FALLBACK,1664784000000,14
ETHUSDT,1664812800010,-0.00000998,1319.13,MARK_PRICE_PREVIOUS_FALLBACK,1664812800000,10
ETHUSDT,1664841600006,0.00007858,1322.72318554,MARK_PRICE_PREVIOUS_FALLBACK,1664841600000,6
ETHUSDT,1664870400004,0.0001,1350.36076656,MARK_PRICE_PREVIOUS_FALLBACK,1664870400000,4
ETHUSDT,1664899200013,0.00003575,1353.95,MARK_PRICE_PREVIOUS_FALLBACK,1664899200000,13
ETHUSDT,1664928000000,0.00001819,1360.74,MARK_PRICE_EXACT_OPEN,1664928000000,0
ETHUSDT,1664956800000,0.00000345,1352.37,MARK_PRICE_EXACT_OPEN,1664956800000,0
ETHUSDT,1664985600012,-0.00003017,1329.41,MARK_PRICE_PREVIOUS_FALLBACK,1664985600000,12
ETHUSDT,1665014400008,0.00002418,1351.15792829,MARK_PRICE_PREVIOUS_FALLBACK,1665014400000,8
ETHUSDT,1665043200002,0.00005188,1367.60717648,MARK_PRICE_PREVIOUS_FALLBACK,1665043200000,2
ETHUSDT,1665072000006,-0.0000115,1360.44705224,MARK_PRICE_PREVIOUS_FALLBACK,1665072000000,6
ETHUSDT,1665100800000,0.00002157,1351.5,MARK_PRICE_EXACT_OPEN,1665100800000,0
ETHUSDT,1665129600000,0.00003248,1355.42033895,MARK_PRICE_EXACT_OPEN,1665129600000,0
ETHUSDT,1665158400007,0.0000039,1332.87,MARK_PRICE_PREVIOUS_FALLBACK,1665158400000,7
ETHUSDT,1665187200010,0.00005904,1330.27535569,MARK_PRICE_PREVIOUS_FALLBACK,1665187200000,10
ETHUSDT,1665216000004,0.00006993,1329.78,MARK_PRICE_PREVIOUS_FALLBACK,1665216000000,4
ETHUSDT,1665244800018,0.00008939,1323.35534638,MARK_PRICE_PREVIOUS_FALLBACK,1665244800000,18
ETHUSDT,1665273600000,0.00003902,1314.75,MARK_PRICE_EXACT_OPEN,1665273600000,0
ETHUSDT,1665302400007,0.00001819,1314.63,MARK_PRICE_PREVIOUS_FALLBACK,1665302400000,7
ETHUSDT,1665331200011,-0.00005165,1325.4990683,MARK_PRICE_PREVIOUS_FALLBACK,1665331200000,11
ETHUSDT,1665360000018,0.00004749,1322.44786887,MARK_PRICE_PREVIOUS_FALLBACK,1665360000000,18
ETHUSDT,1665388800000,0.00002784,1316.21,MARK_PRICE_EXACT_OPEN,1665388800000,0
ETHUSDT,1665417600026,0.00002352,1308.25325181,MARK_PRICE_PREVIOUS_FALLBACK,1665417600000,26
ETHUSDT,1665446400020,0.00007133,1286.98970059,MARK_PRICE_PREVIOUS_FALLBACK,1665446400000,20
ETHUSDT,1665475200027,0.00003552,1283.10900683,MARK_PRICE_PREVIOUS_FALLBACK,1665475200000,27
ETHUSDT,1665504000000,0.00004405,1292.94110624,MARK_PRICE_EXACT_OPEN,1665504000000,0
ETHUSDT,1665532800014,0.0000885,1279.74150858,MARK_PRICE_PREVIOUS_FALLBACK,1665532800000,14
ETHUSDT,1665561600000,-0.00001598,1293.6256128,MARK_PRICE_EXACT_OPEN,1665561600000,0
ETHUSDT,1665590400000,0.00000718,1298.83730544,MARK_PRICE_EXACT_OPEN,1665590400000,0
ETHUSDT,1665619200013,-0.00018211,1294.07104609,MARK_PRICE_PREVIOUS_FALLBACK,1665619200000,13
ETHUSDT,1665648000016,0.0000818,1276.22229893,MARK_PRICE_PREVIOUS_FALLBACK,1665648000000,16
ETHUSDT,1665676800009,-0.00010154,1256.98,MARK_PRICE_PREVIOUS_FALLBACK,1665676800000,9
ETHUSDT,1665705600020,0.000002,1286.65296115,MARK_PRICE_PREVIOUS_FALLBACK,1665705600000,20
ETHUSDT,1665734400000,0.0001,1321.18,MARK_PRICE_EXACT_OPEN,1665734400000,0
ETHUSDT,1665763200009,0.0001,1309.31152934,MARK_PRICE_PREVIOUS_FALLBACK,1665763200000,9
ETHUSDT,1665792000001,0.0000595,1296.22,MARK_PRICE_PREVIOUS_FALLBACK,1665792000000,1
ETHUSDT,1665820800005,-0.00000548,1294.24,MARK_PRICE_PREVIOUS_FALLBACK,1665820800000,5
ETHUSDT,1665849600004,-0.00000801,1285.2,MARK_PRICE_PREVIOUS_FALLBACK,1665849600000,4
ETHUSDT,1665878400012,0.00000273,1274.16,MARK_PRICE_PREVIOUS_FALLBACK,1665878400000,12
ETHUSDT,1665907200000,-0.00001934,1282.72415132,MARK_PRICE_EXACT_OPEN,1665907200000,0
ETHUSDT,1665936000010,0.00001261,1286.41284549,MARK_PRICE_PREVIOUS_FALLBACK,1665936000000,10
ETHUSDT,1665964800012,0.0000075,1306.17,MARK_PRICE_PREVIOUS_FALLBACK,1665964800000,12
ETHUSDT,1665993600010,0.00003595,1311.82236004,MARK_PRICE_PREVIOUS_FALLBACK,1665993600000,10
ETHUSDT,1666022400017,0.0000561,1329.33,MARK_PRICE_PREVIOUS_FALLBACK,1666022400000,17
ETHUSDT,1666051200010,0.0000643,1332.6,MARK_PRICE_PREVIOUS_FALLBACK,1666051200000,10
ETHUSDT,1666080000008,0.00005818,1336.58580766,MARK_PRICE_PREVIOUS_FALLBACK,1666080000000,8
ETHUSDT,1666108800000,0.000082,1306.84,MARK_PRICE_EXACT_OPEN,1666108800000,0
ETHUSDT,1666137600007,0.00006911,1311.26,MARK_PRICE_PREVIOUS_FALLBACK,1666137600000,7
ETHUSDT,1666166400022,0.0001,1298.69557085,MARK_PRICE_PREVIOUS_FALLBACK,1666166400000,22
ETHUSDT,1666195200016,0.00003885,1303.33976561,MARK_PRICE_PREVIOUS_FALLBACK,1666195200000,16
ETHUSDT,1666224000000,0.00001115,1284.76359464,MARK_PRICE_EXACT_OPEN,1666224000000,0
ETHUSDT,1666252800013,0.00006032,1291.71196464,MARK_PRICE_PREVIOUS_FALLBACK,1666252800000,13
ETHUSDT,1666281600000,-0.00005194,1299.20480473,MARK_PRICE_EXACT_OPEN,1666281600000,0
ETHUSDT,1666310400005,0.0001,1281.80994467,MARK_PRICE_PREVIOUS_FALLBACK,1666310400000,5
ETHUSDT,1666339200018,0.00001939,1283.68994519,MARK_PRICE_PREVIOUS_FALLBACK,1666339200000,18
ETHUSDT,1666368000000,0.00002595,1296.99,MARK_PRICE_EXACT_OPEN,1666368000000,0
ETHUSDT,1666396800000,0.00002568,1299.2118495,MARK_PRICE_EXACT_OPEN,1666396800000,0
ETHUSDT,1666425600015,-0.00000796,1300.66,MARK_PRICE_PREVIOUS_FALLBACK,1666425600000,15
ETHUSDT,1666454400000,-0.00003726,1315.5,MARK_PRICE_EXACT_OPEN,1666454400000,0
ETHUSDT,1666483200025,0.00001025,1313.69,MARK_PRICE_PREVIOUS_FALLBACK,1666483200000,25
ETHUSDT,1666512000000,0.00002352,1308.87,MARK_PRICE_EXACT_OPEN,1666512000000,0
ETHUSDT,1666540800004,0.0001,1313.59,MARK_PRICE_PREVIOUS_FALLBACK,1666540800000,4
ETHUSDT,1666569600009,0.00009274,1363.36520082,MARK_PRICE_PREVIOUS_FALLBACK,1666569600000,9
ETHUSDT,1666598400012,0.0001,1335.95,MARK_PRICE_PREVIOUS_FALLBACK,1666598400000,12
ETHUSDT,1666627200002,-0.00002685,1342.0653605,MARK_PRICE_PREVIOUS_FALLBACK,1666627200000,2
ETHUSDT,1666656000013,-0.00005643,1344,MARK_PRICE_PREVIOUS_FALLBACK,1666656000000,13
ETHUSDT,1666684800013,0.00003537,1346.5,MARK_PRICE_PREVIOUS_FALLBACK,1666684800000,13
ETHUSDT,1666713600000,0.00001973,1407.53,MARK_PRICE_EXACT_OPEN,1666713600000,0
ETHUSDT,1666742400006,0.0001,1461.71,MARK_PRICE_PREVIOUS_FALLBACK,1666742400000,6
ETHUSDT,1666771200013,-0.00002452,1515.21973926,MARK_PRICE_PREVIOUS_FALLBACK,1666771200000,13
ETHUSDT,1666800000000,0.0001,1566.75556825,MARK_PRICE_EXACT_OPEN,1666800000000,0
ETHUSDT,1666828800009,0.00008299,1564.02,MARK_PRICE_PREVIOUS_FALLBACK,1666828800000,9
ETHUSDT,1666857600006,0.00005005,1556.02,MARK_PRICE_PREVIOUS_FALLBACK,1666857600000,6
ETHUSDT,1666886400009,-0.0000337,1546.18,MARK_PRICE_PREVIOUS_FALLBACK,1666886400000,9
ETHUSDT,1666915200000,0.00002272,1513.69,MARK_PRICE_EXACT_OPEN,1666915200000,0
ETHUSDT,1666944000000,0.00004042,1493.22,MARK_PRICE_EXACT_OPEN,1666944000000,0
ETHUSDT,1666972800007,0.0000187,1536.47,MARK_PRICE_PREVIOUS_FALLBACK,1666972800000,7
ETHUSDT,1667001600000,0.00006207,1553.91185375,MARK_PRICE_EXACT_OPEN,1667001600000,0
ETHUSDT,1667030400003,0.00008203,1592.12158488,MARK_PRICE_PREVIOUS_FALLBACK,1667030400000,3
ETHUSDT,1667059200010,0.0001,1632.2894068,MARK_PRICE_PREVIOUS_FALLBACK,1667059200000,10
ETHUSDT,1667088000000,0.00007735,1618.89847522,MARK_PRICE_EXACT_OPEN,1667088000000,0
ETHUSDT,1667116800013,0.00009296,1628.3,MARK_PRICE_PREVIOUS_FALLBACK,1667116800000,13
ETHUSDT,1667145600009,0.0001,1585.89,MARK_PRICE_PREVIOUS_FALLBACK,1667145600000,9
ETHUSDT,1667174400012,0.00006308,1590.30472878,MARK_PRICE_PREVIOUS_FALLBACK,1667174400000,12
ETHUSDT,1667203200000,0.0001,1590.64,MARK_PRICE_EXACT_OPEN,1667203200000,0
ETHUSDT,1667232000010,-0.00000288,1566.33354127,MARK_PRICE_PREVIOUS_FALLBACK,1667232000000,10
ETHUSDT,1667260800000,0.00000795,1572.17212671,MARK_PRICE_EXACT_OPEN,1667260800000,0
ETHUSDT,1667289600000,-0.00005701,1590.56640517,MARK_PRICE_EXACT_OPEN,1667289600000,0
ETHUSDT,1667318400000,0.00001321,1573.49,MARK_PRICE_EXACT_OPEN,1667318400000,0
ETHUSDT,1667347200000,0.00007678,1578.03498688,MARK_PRICE_EXACT_OPEN,1667347200000,0
ETHUSDT,1667376000000,0.00002913,1563.82519783,MARK_PRICE_EXACT_OPEN,1667376000000,0
ETHUSDT,1667404800019,0.00005813,1557.60741454,MARK_PRICE_PREVIOUS_FALLBACK,1667404800000,19
ETHUSDT,1667433600011,-0.00008892,1517.62,MARK_PRICE_PREVIOUS_FALLBACK,1667433600000,11
ETHUSDT,1667462400016,-0.00007732,1543.72,MARK_PRICE_PREVIOUS_FALLBACK,1667462400000,16
ETHUSDT,1667491200005,0.00000255,1541.07078984,MARK_PRICE_PREVIOUS_FALLBACK,1667491200000,5
ETHUSDT,1667520000000,0.00001398,1530.66402142,MARK_PRICE_EXACT_OPEN,1667520000000,0
ETHUSDT,1667548800004,0.00009293,1587.21780026,MARK_PRICE_PREVIOUS_FALLBACK,1667548800000,4
ETHUSDT,1667577600020,0.0001,1628.71,MARK_PRICE_PREVIOUS_FALLBACK,1667577600000,20
ETHUSDT,1667606400009,0.0000919,1644.24,MARK_PRICE_PREVIOUS_FALLBACK,1667606400000,9
ETHUSDT,1667635200007,0.00001474,1650.79,MARK_PRICE_PREVIOUS_FALLBACK,1667635200000,7
ETHUSDT,1667664000018,0.00005826,1635.9,MARK_PRICE_PREVIOUS_FALLBACK,1667664000000,18
ETHUSDT,1667692800009,0.00008014,1625.43010577,MARK_PRICE_PREVIOUS_FALLBACK,1667692800000,9
ETHUSDT,1667721600000,0.0001,1621.96441984,MARK_PRICE_EXACT_OPEN,1667721600000,0
ETHUSDT,1667750400010,0.00004026,1621.89,MARK_PRICE_PREVIOUS_FALLBACK,1667750400000,10
ETHUSDT,1667779200012,0.00002594,1568.61,MARK_PRICE_PREVIOUS_FALLBACK,1667779200000,12
ETHUSDT,1667808000014,-0.00000272,1548.24677514,MARK_PRICE_PREVIOUS_FALLBACK,1667808000000,14
ETHUSDT,1667836800006,0.0001,1590.80061046,MARK_PRICE_PREVIOUS_FALLBACK,1667836800000,6
ETHUSDT,1667865600000,-0.00005728,1567.31,MARK_PRICE_EXACT_OPEN,1667865600000,0
ETHUSDT,1667894400001,-0.00011539,1490.22478715,MARK_PRICE_PREVIOUS_FALLBACK,1667894400000,1
ETHUSDT,1667923200005,0.00007883,1463.96202331,MARK_PRICE_PREVIOUS_FALLBACK,1667923200000,5
ETHUSDT,1667952000000,-0.00038496,1333.58,MARK_PRICE_EXACT_OPEN,1667952000000,0
ETHUSDT,1667980800013,-0.00012169,1275.23,MARK_PRICE_PREVIOUS_FALLBACK,1667980800000,13
ETHUSDT,1668009600004,-0.00054682,1160.15,MARK_PRICE_PREVIOUS_FALLBACK,1668009600000,4
ETHUSDT,1668038400006,-0.00060149,1098.09433137,MARK_PRICE_PREVIOUS_FALLBACK,1668038400000,6
ETHUSDT,1668067200000,-0.000543,1189.66,MARK_PRICE_EXACT_OPEN,1668067200000,0
ETHUSDT,1668096000015,-0.00015464,1318.71,MARK_PRICE_PREVIOUS_FALLBACK,1668096000000,15
ETHUSDT,1668124800000,-0.00016788,1298.76687544,MARK_PRICE_EXACT_OPEN,1668124800000,0
ETHUSDT,1668153600015,-0.00013634,1276,MARK_PRICE_PREVIOUS_FALLBACK,1668153600000,15
ETHUSDT,1668182400027,0.00002873,1262.38,MARK_PRICE_PREVIOUS_FALLBACK,1668182400000,27
ETHUSDT,1668211200007,0.00009985,1286.14,MARK_PRICE_PREVIOUS_FALLBACK,1668211200000,7
ETHUSDT,1668240000016,0.00004863,1265.85,MARK_PRICE_PREVIOUS_FALLBACK,1668240000000,16
ETHUSDT,1668268800000,0.00009984,1274.28,MARK_PRICE_EXACT_OPEN,1668268800000,0
ETHUSDT,1668297600004,-0.00000928,1256.29,MARK_PRICE_PREVIOUS_FALLBACK,1668297600000,4
ETHUSDT,1668326400000,-0.00008449,1250.39,MARK_PRICE_EXACT_OPEN,1668326400000,0
ETHUSDT,1668355200017,-0.00001748,1229.80647783,MARK_PRICE_PREVIOUS_FALLBACK,1668355200000,17
ETHUSDT,1668384000000,0.0000281,1220.99,MARK_PRICE_EXACT_OPEN,1668384000000,0
ETHUSDT,1668412800000,0.00002254,1259.31229526,MARK_PRICE_EXACT_OPEN,1668412800000,0
ETHUSDT,1668441600000,0.00005237,1244.44,MARK_PRICE_EXACT_OPEN,1668441600000,0
ETHUSDT,1668470400014,-0.00008644,1241.86,MARK_PRICE_PREVIOUS_FALLBACK,1668470400000,14
ETHUSDT,1668499200009,0.00004951,1266.20629101,MARK_PRICE_PREVIOUS_FALLBACK,1668499200000,9
ETHUSDT,1668528000010,-0.00004197,1264.41920096,MARK_PRICE_PREVIOUS_FALLBACK,1668528000000,10
ETHUSDT,1668556800011,-0.00009137,1251.86379952,MARK_PRICE_PREVIOUS_FALLBACK,1668556800000,11
ETHUSDT,1668585600004,0.00000119,1240.10903776,MARK_PRICE_PREVIOUS_FALLBACK,1668585600000,4
ETHUSDT,1668614400008,-0.00004556,1190.01909398,MARK_PRICE_PREVIOUS_FALLBACK,1668614400000,8
ETHUSDT,1668643200000,-0.00009394,1215.78,MARK_PRICE_EXACT_OPEN,1668643200000,0
ETHUSDT,1668672000000,0.00002558,1204.21,MARK_PRICE_EXACT_OPEN,1668672000000,0
ETHUSDT,1668700800006,-0.00010849,1193.79,MARK_PRICE_PREVIOUS_FALLBACK,1668700800000,6
ETHUSDT,1668729600004,-0.0000846,1199,MARK_PRICE_PREVIOUS_FALLBACK,1668729600000,4
ETHUSDT,1668758400016,-0.00006951,1213.51,MARK_PRICE_PREVIOUS_FALLBACK,1668758400000,16
ETHUSDT,1668787200000,-0.00005327,1210.55,MARK_PRICE_EXACT_OPEN,1668787200000,0
ETHUSDT,1668816000000,0.00006481,1212.04,MARK_PRICE_EXACT_OPEN,1668816000000,0
ETHUSDT,1668844800004,0.00004413,1206.37,MARK_PRICE_PREVIOUS_FALLBACK,1668844800000,4
ETHUSDT,1668873600024,0.0000599,1209.62,MARK_PRICE_PREVIOUS_FALLBACK,1668873600000,24
ETHUSDT,1668902400015,0.00000377,1216.57,MARK_PRICE_PREVIOUS_FALLBACK,1668902400000,15
ETHUSDT,1668931200004,0.0000573,1219.81861332,MARK_PRICE_PREVIOUS_FALLBACK,1668931200000,4
ETHUSDT,1668960000000,-0.00002008,1176.60076627,MARK_PRICE_EXACT_OPEN,1668960000000,0
ETHUSDT,1668988800006,-0.00020459,1143.36,MARK_PRICE_PREVIOUS_FALLBACK,1668988800000,6
ETHUSDT,1669017600015,-0.0000217,1124.03,MARK_PRICE_PREVIOUS_FALLBACK,1669017600000,15
ETHUSDT,1669046400000,0.00004666,1129.88919377,MARK_PRICE_EXACT_OPEN,1669046400000,0
ETHUSDT,1669075200000,-0.00006623,1107.00654876,MARK_PRICE_EXACT_OPEN,1669075200000,0
ETHUSDT,1669104000000,-0.00002821,1092.95599983,MARK_PRICE_EXACT_OPEN,1669104000000,0
ETHUSDT,1669132800000,0.00006368,1134.84,MARK_PRICE_EXACT_OPEN,1669132800000,0
ETHUSDT,1669161600000,0.00006088,1139,MARK_PRICE_EXACT_OPEN,1669161600000,0
ETHUSDT,1669190400011,-0.00004079,1168.08532964,MARK_PRICE_PREVIOUS_FALLBACK,1669190400000,11
ETHUSDT,1669219200014,-0.00009414,1160.79994584,MARK_PRICE_PREVIOUS_FALLBACK,1669219200000,14
ETHUSDT,1669248000007,0.0000496,1185.04,MARK_PRICE_PREVIOUS_FALLBACK,1669248000000,7
ETHUSDT,1669276800014,-0.00006135,1206.12656799,MARK_PRICE_PREVIOUS_FALLBACK,1669276800000,14
ETHUSDT,1669305600013,0.00003796,1194.89,MARK_PRICE_PREVIOUS_FALLBACK,1669305600000,13
ETHUSDT,1669334400004,0.00005572,1202.9,MARK_PRICE_PREVIOUS_FALLBACK,1669334400000,4
ETHUSDT,1669363200015,0.00005499,1184.24,MARK_PRICE_PREVIOUS_FALLBACK,1669363200000,15
ETHUSDT,1669392000000,-0.00003074,1189.20283507,MARK_PRICE_EXACT_OPEN,1669392000000,0
ETHUSDT,1669420800011,-0.00004472,1198.77862434,MARK_PRICE_PREVIOUS_FALLBACK,1669420800000,11
ETHUSDT,1669449600000,-0.00005666,1218.30258733,MARK_PRICE_EXACT_OPEN,1669449600000,0
ETHUSDT,1669478400000,-0.00006554,1210.33356096,MARK_PRICE_EXACT_OPEN,1669478400000,0
ETHUSDT,1669507200012,-0.00004687,1205.43,MARK_PRICE_PREVIOUS_FALLBACK,1669507200000,12
ETHUSDT,1669536000000,-0.00011497,1216.43990266,MARK_PRICE_EXACT_OPEN,1669536000000,0
ETHUSDT,1669564800003,0.00003854,1217.1334273,MARK_PRICE_PREVIOUS_FALLBACK,1669564800000,3
ETHUSDT,1669593600015,0.00000342,1193.76,MARK_PRICE_PREVIOUS_FALLBACK,1669593600000,15
ETHUSDT,1669622400004,-0.00002557,1172.62907298,MARK_PRICE_PREVIOUS_FALLBACK,1669622400000,4
ETHUSDT,1669651200011,-0.00012317,1162.93332127,MARK_PRICE_PREVIOUS_FALLBACK,1669651200000,11
ETHUSDT,1669680000000,0.00003832,1167.30147095,MARK_PRICE_EXACT_OPEN,1669680000000,0
ETHUSDT,1669708800015,0.00002946,1206.93,MARK_PRICE_PREVIOUS_FALLBACK,1669708800000,15
ETHUSDT,1669737600000,0.0001,1208.28057418,MARK_PRICE_EXACT_OPEN,1669737600000,0
ETHUSDT,1669766400007,0.00009218,1216.1,MARK_PRICE_PREVIOUS_FALLBACK,1669766400000,7
ETHUSDT,1669795200000,0.0001,1272.08635395,MARK_PRICE_EXACT_OPEN,1669795200000,0
ETHUSDT,1669824000015,0.0001,1267.4,MARK_PRICE_PREVIOUS_FALLBACK,1669824000000,15
ETHUSDT,1669852800001,-0.00001967,1294.76396543,MARK_PRICE_PREVIOUS_FALLBACK,1669852800000,1
ETHUSDT,1669881600006,0.00003623,1279.21,MARK_PRICE_PREVIOUS_FALLBACK,1669881600000,6
ETHUSDT,1669910400000,0.0001,1271.16,MARK_PRICE_EXACT_OPEN,1669910400000,0
ETHUSDT,1669939200001,0.0001,1275.56621121,MARK_PRICE_PREVIOUS_FALLBACK,1669939200000,1
ETHUSDT,1669968000016,-0.00000244,1274.49713271,MARK_PRICE_PREVIOUS_FALLBACK,1669968000000,16
ETHUSDT,1669996800017,0.0000487,1277.25,MARK_PRICE_PREVIOUS_FALLBACK,1669996800000,17
ETHUSDT,1670025600006,-0.00000481,1295.63,MARK_PRICE_PREVIOUS_FALLBACK,1670025600000,6
ETHUSDT,1670054400000,-0.00002779,1275.3,MARK_PRICE_EXACT_OPEN,1670054400000,0
ETHUSDT,1670083200011,-0.00002251,1269.74818283,MARK_PRICE_PREVIOUS_FALLBACK,1670083200000,11
ETHUSDT,1670112000006,-0.00004991,1239.46572354,MARK_PRICE_PREVIOUS_FALLBACK,1670112000000,6
ETHUSDT,1670140800000,-0.00000149,1256.45075932,MARK_PRICE_EXACT_OPEN,1670140800000,0
ETHUSDT,1670169600006,0.00003593,1261.11188595,MARK_PRICE_PREVIOUS_FALLBACK,1670169600000,6
ETHUSDT,1670198400002,0.00005566,1277.95490563,MARK_PRICE_PREVIOUS_FALLBACK,1670198400000,2
ETHUSDT,1670227200011,-0.00002459,1297.43,MARK_PRICE_PREVIOUS_FALLBACK,1670227200000,11
ETHUSDT,1670256000008,0.00005578,1264.10739452,MARK_PRICE_PREVIOUS_FALLBACK,1670256000000,8
ETHUSDT,1670284800014,0.00004181,1258.82,MARK_PRICE_PREVIOUS_FALLBACK,1670284800000,14
ETHUSDT,1670313600027,0.00001389,1259.62891266,MARK_PRICE_PREVIOUS_FALLBACK,1670313600000,27
ETHUSDT,1670342400009,0.00004364,1254.81,MARK_PRICE_PREVIOUS_FALLBACK,1670342400000,9
ETHUSDT,1670371200000,0.00008029,1270.79,MARK_PRICE_EXACT_OPEN,1670371200000,0
ETHUSDT,1670400000000,0.00000595,1223.80601104,MARK_PRICE_EXACT_OPEN,1670400000000,0
ETHUSDT,1670428800000,-0.00000233,1233.30740312,MARK_PRICE_EXACT_OPEN,1670428800000,0
ETHUSDT,1670457600006,6.3e-7,1231.39,MARK_PRICE_PREVIOUS_FALLBACK,1670457600000,6
ETHUSDT,1670486400000,0.00001744,1232.15130461,MARK_PRICE_EXACT_OPEN,1670486400000,0
ETHUSDT,1670515200014,-9.2e-7,1249.75454538,MARK_PRICE_PREVIOUS_FALLBACK,1670515200000,14
ETHUSDT,1670544000017,0.0001,1279.71,MARK_PRICE_PREVIOUS_FALLBACK,1670544000000,17
ETHUSDT,1670572800005,0.00006855,1281.51386165,MARK_PRICE_PREVIOUS_FALLBACK,1670572800000,5
ETHUSDT,1670601600000,0.000049,1277,MARK_PRICE_EXACT_OPEN,1670601600000,0
ETHUSDT,1670630400009,-0.00001674,1262.53,MARK_PRICE_PREVIOUS_FALLBACK,1670630400000,9
ETHUSDT,1670659200010,0.00006407,1263.95218431,MARK_PRICE_PREVIOUS_FALLBACK,1670659200000,10
ETHUSDT,1670688000001,0.00006841,1278.43,MARK_PRICE_PREVIOUS_FALLBACK,1670688000000,1
ETHUSDT,1670716800011,-0.00002288,1266.05,MARK_PRICE_PREVIOUS_FALLBACK,1670716800000,11
ETHUSDT,1670745600007,0.00001946,1275.86,MARK_PRICE_PREVIOUS_FALLBACK,1670745600000,7
ETHUSDT,1670774400011,0.00001359,1272.9,MARK_PRICE_PREVIOUS_FALLBACK,1670774400000,11
ETHUSDT,1670803200000,0.00003843,1262.82295596,MARK_PRICE_EXACT_OPEN,1670803200000,0
ETHUSDT,1670832000004,-0.00002359,1245.67202491,MARK_PRICE_PREVIOUS_FALLBACK,1670832000000,4
ETHUSDT,1670860800000,-0.00002692,1248.37206056,MARK_PRICE_EXACT_OPEN,1670860800000,0
ETHUSDT,1670889600000,0.00008949,1274.86,MARK_PRICE_EXACT_OPEN,1670889600000,0
ETHUSDT,1670918400018,0.0001,1266.24,MARK_PRICE_PREVIOUS_FALLBACK,1670918400000,18
ETHUSDT,1670947200011,0.0001,1325.65592663,MARK_PRICE_PREVIOUS_FALLBACK,1670947200000,11
ETHUSDT,1670976000010,0.0001,1320.21733237,MARK_PRICE_PREVIOUS_FALLBACK,1670976000000,10
ETHUSDT,1671004800015,0.0001,1322.43,MARK_PRICE_PREVIOUS_FALLBACK,1671004800000,15
ETHUSDT,1671033600004,0.0001,1340.51879661,MARK_PRICE_PREVIOUS_FALLBACK,1671033600000,4
ETHUSDT,1671062400000,0.0001,1307.95,MARK_PRICE_EXACT_OPEN,1671062400000,0
ETHUSDT,1671091200023,0.0001,1287.52012674,MARK_PRICE_PREVIOUS_FALLBACK,1671091200000,23
ETHUSDT,1671120000010,0.0001,1269.71927471,MARK_PRICE_PREVIOUS_FALLBACK,1671120000000,10
ETHUSDT,1671148800016,0.0001,1265.8725638,MARK_PRICE_PREVIOUS_FALLBACK,1671148800000,16
ETHUSDT,1671177600011,0.0001,1277.89,MARK_PRICE_PREVIOUS_FALLBACK,1671177600000,11
ETHUSDT,1671206400001,-0.0000378,1203.81105974,MARK_PRICE_PREVIOUS_FALLBACK,1671206400000,1
ETHUSDT,1671235200001,0.00008697,1166.19161757,MARK_PRICE_PREVIOUS_FALLBACK,1671235200000,1
ETHUSDT,1671264000011,-0.00006429,1182.33668632,MARK_PRICE_PREVIOUS_FALLBACK,1671264000000,11
ETHUSDT,1671292800011,0.00003413,1179.01,MARK_PRICE_PREVIOUS_FALLBACK,1671292800000,11
ETHUSDT,1671321600008,0.00005955,1187.54,MARK_PRICE_PREVIOUS_FALLBACK,1671321600000,8
ETHUSDT,1671350400001,0.000079,1185.9,MARK_PRICE_PREVIOUS_FALLBACK,1671350400000,1
ETHUSDT,1671379200012,0.00004105,1173.55,MARK_PRICE_PREVIOUS_FALLBACK,1671379200000,12
ETHUSDT,1671408000000,-0.00003395,1182.38,MARK_PRICE_EXACT_OPEN,1671408000000,0
ETHUSDT,1671436800000,0.0000057,1179.25608559,MARK_PRICE_EXACT_OPEN,1671436800000,0
ETHUSDT,1671465600000,-0.00000601,1179.13845172,MARK_PRICE_EXACT_OPEN,1671465600000,0
ETHUSDT,1671494400005,0.00008479,1168.16,MARK_PRICE_PREVIOUS_FALLBACK,1671494400000,5
ETHUSDT,1671523200016,0.00004111,1206.67297668,MARK_PRICE_PREVIOUS_FALLBACK,1671523200000,16
ETHUSDT,1671552000000,0.00009832,1216.54416451,MARK_PRICE_EXACT_OPEN,1671552000000,0
ETHUSDT,1671580800007,0.00004626,1216.30363301,MARK_PRICE_PREVIOUS_FALLBACK,1671580800000,7
ETHUSDT,1671609600012,0.00008575,1209.94206238,MARK_PRICE_PREVIOUS_FALLBACK,1671609600000,12
ETHUSDT,1671638400017,0.00006565,1215.34,MARK_PRICE_PREVIOUS_FALLBACK,1671638400000,17
ETHUSDT,1671667200004,0.00008923,1213,MARK_PRICE_PREVIOUS_FALLBACK,1671667200000,4
ETHUSDT,1671696000000,0.00009813,1213.55,MARK_PRICE_EXACT_OPEN,1671696000000,0
ETHUSDT,1671724800001,0.00007887,1185.42,MARK_PRICE_PREVIOUS_FALLBACK,1671724800000,1
ETHUSDT,1671753600018,0.00007468,1217.68060291,MARK_PRICE_PREVIOUS_FALLBACK,1671753600000,18
ETHUSDT,1671782400000,0.0001,1221.47070927,MARK_PRICE_EXACT_OPEN,1671782400000,0
ETHUSDT,1671811200000,-0.00000728,1218.54,MARK_PRICE_EXACT_OPEN,1671811200000,0
ETHUSDT,1671840000001,0.00006767,1219.48865438,MARK_PRICE_PREVIOUS_FALLBACK,1671840000000,1
ETHUSDT,1671868800007,0.0001,1219.70535409,MARK_PRICE_PREVIOUS_FALLBACK,1671868800000,7
ETHUSDT,1671897600008,0.00000527,1218.54,MARK_PRICE_PREVIOUS_FALLBACK,1671897600000,8
ETHUSDT,1671926400000,-0.00000384,1219.96,MARK_PRICE_EXACT_OPEN,1671926400000,0
ETHUSDT,1671955200013,4.1e-7,1219.29130511,MARK_PRICE_PREVIOUS_FALLBACK,1671955200000,13
ETHUSDT,1671984000000,0.00001343,1210.32,MARK_PRICE_EXACT_OPEN,1671984000000,0
ETHUSDT,1672012800001,0.00006962,1218.57,MARK_PRICE_PREVIOUS_FALLBACK,1672012800000,1
ETHUSDT,1672041600000,0.00001023,1219.93868717,MARK_PRICE_EXACT_OPEN,1672041600000,0
ETHUSDT,1672070400005,0.00002594,1213.8964841,MARK_PRICE_PREVIOUS_FALLBACK,1672070400000,5
ETHUSDT,1672099200005,0.0001,1231.53,MARK_PRICE_PREVIOUS_FALLBACK,1672099200000,5
ETHUSDT,1672128000010,0.00002226,1221.39513449,MARK_PRICE_PREVIOUS_FALLBACK,1672128000000,10
ETHUSDT,1672156800006,0.00007546,1209.48225934,MARK_PRICE_PREVIOUS_FALLBACK,1672156800000,6
ETHUSDT,1672185600010,0.0001,1211.51,MARK_PRICE_PREVIOUS_FALLBACK,1672185600000,10
ETHUSDT,1672214400010,0.00006253,1194,MARK_PRICE_PREVIOUS_FALLBACK,1672214400000,10
ETHUSDT,1672243200010,-0.00002352,1188,MARK_PRICE_PREVIOUS_FALLBACK,1672243200000,10
ETHUSDT,1672272000011,0.0001,1190.34,MARK_PRICE_PREVIOUS_FALLBACK,1672272000000,11
ETHUSDT,1672300800000,0.00005835,1194.57,MARK_PRICE_EXACT_OPEN,1672300800000,0
ETHUSDT,1672329600008,0.0001,1200.75,MARK_PRICE_PREVIOUS_FALLBACK,1672329600000,8
ETHUSDT,1672358400000,0.0001,1200.37950567,MARK_PRICE_EXACT_OPEN,1672358400000,0
ETHUSDT,1672387200000,0.0001,1187.99757844,MARK_PRICE_EXACT_OPEN,1672387200000,0
ETHUSDT,1672416000000,0.0001,1194.82,MARK_PRICE_EXACT_OPEN,1672416000000,0
ETHUSDT,1672444800014,0.0001,1199.93786841,MARK_PRICE_PREVIOUS_FALLBACK,1672444800000,14
ETHUSDT,1672473600000,0.0001,1196.96091692,MARK_PRICE_EXACT_OPEN,1672473600000,0
ETHUSDT,1672502400000,0.0001,1202.65855586,MARK_PRICE_EXACT_OPEN,1672502400000,0
ETHUSDT,1672531200000,0.0001,1196.1,MARK_PRICE_EXACT_OPEN,1672531200000,0
ETHUSDT,1672560000008,0.0001,1195.12323814,MARK_PRICE_PREVIOUS_FALLBACK,1672560000000,8
ETHUSDT,1672588800000,0.0001,1196.63698705,MARK_PRICE_EXACT_OPEN,1672588800000,0
ETHUSDT,1672617600000,0.0001,1200.07098536,MARK_PRICE_EXACT_OPEN,1672617600000,0
ETHUSDT,1672646400008,0.00008878,1213.1,MARK_PRICE_PREVIOUS_FALLBACK,1672646400000,8
ETHUSDT,1672675200015,0.00007464,1219.11,MARK_PRICE_PREVIOUS_FALLBACK,1672675200000,15
ETHUSDT,1672704000003,0.0000089,1213.03,MARK_PRICE_PREVIOUS_FALLBACK,1672704000000,3
ETHUSDT,1672732800018,0.00005228,1216.34,MARK_PRICE_PREVIOUS_FALLBACK,1672732800000,18
ETHUSDT,1672761600000,0.00002948,1211.42,MARK_PRICE_EXACT_OPEN,1672761600000,0
ETHUSDT,1672790400000,0.00007609,1214.23,MARK_PRICE_EXACT_OPEN,1672790400000,0
ETHUSDT,1672819200016,0.0001,1252.43800632,MARK_PRICE_PREVIOUS_FALLBACK,1672819200000,16
ETHUSDT,1672848000011,0.0001,1254.74650166,MARK_PRICE_PREVIOUS_FALLBACK,1672848000000,11
ETHUSDT,1672876800009,0.0001,1256.5555697,MARK_PRICE_PREVIOUS_FALLBACK,1672876800000,9
ETHUSDT,1672905600011,0.0001,1250.27207073,MARK_PRICE_PREVIOUS_FALLBACK,1672905600000,11
ETHUSDT,1672934400000,0.0001,1248.81986124,MARK_PRICE_EXACT_OPEN,1672934400000,0
ETHUSDT,1672963200005,0.0001,1251.43,MARK_PRICE_PREVIOUS_FALLBACK,1672963200000,5
ETHUSDT,1672992000001,0.0001,1247.51,MARK_PRICE_PREVIOUS_FALLBACK,1672992000000,1
ETHUSDT,1673020800000,0.0001,1262.82773017,MARK_PRICE_EXACT_OPEN,1673020800000,0
ETHUSDT,1673049600006,0.00005444,1268.32874916,MARK_PRICE_PREVIOUS_FALLBACK,1673049600000,6
ETHUSDT,1673078400017,0.00004199,1265.9699293,MARK_PRICE_PREVIOUS_FALLBACK,1673078400000,17
ETHUSDT,1673107200000,0.0000719,1264.54707281,MARK_PRICE_EXACT_OPEN,1673107200000,0
ETHUSDT,1673136000015,0.00002131,1263.72226256,MARK_PRICE_PREVIOUS_FALLBACK,1673136000000,15
ETHUSDT,1673164800000,0.00008826,1262.91489497,MARK_PRICE_EXACT_OPEN,1673164800000,0
ETHUSDT,1673193600010,0.00008657,1275.7462947,MARK_PRICE_PREVIOUS_FALLBACK,1673193600000,10
ETHUSDT,1673222400003,0.00004312,1289.33043454,MARK_PRICE_PREVIOUS_FALLBACK,1673222400000,3
ETHUSDT,1673251200000,0.00007617,1311.42756925,MARK_PRICE_EXACT_OPEN,1673251200000,0
ETHUSDT,1673280000006,0.0001,1336.85,MARK_PRICE_PREVIOUS_FALLBACK,1673280000000,6
ETHUSDT,1673308800003,0.0001,1320.5,MARK_PRICE_PREVIOUS_FALLBACK,1673308800000,3
ETHUSDT,1673337600021,0.0001,1322.89767612,MARK_PRICE_PREVIOUS_FALLBACK,1673337600000,21
ETHUSDT,1673366400000,0.0001,1333.79146802,MARK_PRICE_EXACT_OPEN,1673366400000,0
ETHUSDT,1673395200011,0.0001,1335.28,MARK_PRICE_PREVIOUS_FALLBACK,1673395200000,11
ETHUSDT,1673424000006,0.0001,1335.17,MARK_PRICE_PREVIOUS_FALLBACK,1673424000000,6
ETHUSDT,1673452800004,0.00002778,1322.06896827,MARK_PRICE_PREVIOUS_FALLBACK,1673452800000,4
ETHUSDT,1673481600000,0.0001,1389.2623362,MARK_PRICE_EXACT_OPEN,1673481600000,0
ETHUSDT,1673510400000,0.0001,1398.6,MARK_PRICE_EXACT_OPEN,1673510400000,0
ETHUSDT,1673539200000,0.0001,1386.0454435,MARK_PRICE_EXACT_OPEN,1673539200000,0
ETHUSDT,1673568000004,0.0001,1415.91681743,MARK_PRICE_PREVIOUS_FALLBACK,1673568000000,4
ETHUSDT,1673596800000,0.0001,1408.08143951,MARK_PRICE_EXACT_OPEN,1673596800000,0
ETHUSDT,1673625600018,0.0001,1421.0218755,MARK_PRICE_PREVIOUS_FALLBACK,1673625600000,18
ETHUSDT,1673654400000,0.0001,1450.77785022,MARK_PRICE_EXACT_OPEN,1673654400000,0
ETHUSDT,1673683200001,0.00061643,1555.04,MARK_PRICE_PREVIOUS_FALLBACK,1673683200000,1
ETHUSDT,1673712000000,0.00045951,1526.24,MARK_PRICE_EXACT_OPEN,1673712000000,0
ETHUSDT,1673740800010,0.00012412,1549.9317078,MARK_PRICE_PREVIOUS_FALLBACK,1673740800000,10
ETHUSDT,1673769600002,0.00030426,1530,MARK_PRICE_PREVIOUS_FALLBACK,1673769600000,2
ETHUSDT,1673798400000,0.00018878,1557.57472118,MARK_PRICE_EXACT_OPEN,1673798400000,0
ETHUSDT,1673827200010,0.00014183,1553.38,MARK_PRICE_PREVIOUS_FALLBACK,1673827200000,10
ETHUSDT,1673856000007,0.0001,1566.35,MARK_PRICE_PREVIOUS_FALLBACK,1673856000000,7
ETHUSDT,1673884800000,0.0001,1550.39189052,MARK_PRICE_EXACT_OPEN,1673884800000,0
ETHUSDT,1673913600004,0.0001,1575.63,MARK_PRICE_PREVIOUS_FALLBACK,1673913600000,4
ETHUSDT,1673942400005,0.0001,1563.3,MARK_PRICE_PREVIOUS_FALLBACK,1673942400000,5
ETHUSDT,1673971200001,0.0001,1569.70431365,MARK_PRICE_PREVIOUS_FALLBACK,1673971200000,1
ETHUSDT,1674000000008,0.0001,1567.48502673,MARK_PRICE_PREVIOUS_FALLBACK,1674000000000,8
ETHUSDT,1674028800009,0.0001,1583.60611829,MARK_PRICE_PREVIOUS_FALLBACK,1674028800000,9
ETHUSDT,1674057600017,0.0001,1545.65786246,MARK_PRICE_PREVIOUS_FALLBACK,1674057600000,17
ETHUSDT,1674086400000,0.0001,1512.02540783,MARK_PRICE_EXACT_OPEN,1674086400000,0
ETHUSDT,1674115200015,0.0001,1529.63,MARK_PRICE_PREVIOUS_FALLBACK,1674115200000,15
ETHUSDT,1674144000012,0.0001,1533.63576543,MARK_PRICE_PREVIOUS_FALLBACK,1674144000000,12
ETHUSDT,1674172800000,0.0001,1551.29342815,MARK_PRICE_EXACT_OPEN,1674172800000,0
ETHUSDT,1674201600000,0.0001,1550.11,MARK_PRICE_EXACT_OPEN,1674201600000,0
ETHUSDT,1674230400000,0.0001,1563.3,MARK_PRICE_EXACT_OPEN,1674230400000,0
ETHUSDT,1674259200013,0.0001,1659.52,MARK_PRICE_PREVIOUS_FALLBACK,1674259200000,13
ETHUSDT,1674288000001,0.0001,1652.11397778,MARK_PRICE_PREVIOUS_FALLBACK,1674288000000,1
ETHUSDT,1674316800016,0.0001,1649.02493968,MARK_PRICE_PREVIOUS_FALLBACK,1674316800000,16
ETHUSDT,1674345600000,0.0001,1627.25995192,MARK_PRICE_EXACT_OPEN,1674345600000,0
ETHUSDT,1674374400000,0.0001,1627.42,MARK_PRICE_EXACT_OPEN,1674374400000,0
ETHUSDT,1674403200023,0.0001,1637.23467178,MARK_PRICE_PREVIOUS_FALLBACK,1674403200000,23
ETHUSDT,1674432000014,0.00010356,1627.89,MARK_PRICE_PREVIOUS_FALLBACK,1674432000000,14
ETHUSDT,1674460800014,0.0001,1633.92,MARK_PRICE_PREVIOUS_FALLBACK,1674460800000,14
ETHUSDT,1674489600016,0.0001,1622.34043734,MARK_PRICE_PREVIOUS_FALLBACK,1674489600000,16
ETHUSDT,1674518400008,0.0001,1626.47,MARK_PRICE_PREVIOUS_FALLBACK,1674518400000,8
ETHUSDT,1674547200008,0.0001,1636.55993438,MARK_PRICE_PREVIOUS_FALLBACK,1674547200000,8
ETHUSDT,1674576000000,0.0001,1620.81783141,MARK_PRICE_EXACT_OPEN,1674576000000,0
ETHUSDT,1674604800012,0.0001,1554.14346441,MARK_PRICE_PREVIOUS_FALLBACK,1674604800000,12
ETHUSDT,1674633600000,0.0001,1553.11595791,MARK_PRICE_EXACT_OPEN,1674633600000,0
ETHUSDT,1674662400010,0.0001,1543.315188,MARK_PRICE_PREVIOUS_FALLBACK,1674662400000,10
ETHUSDT,1674691200010,0.0001,1612.56008683,MARK_PRICE_PREVIOUS_FALLBACK,1674691200000,10
ETHUSDT,1674720000003,0.0001,1605.12389574,MARK_PRICE_PREVIOUS_FALLBACK,1674720000000,3
ETHUSDT,1674748800020,0.0001,1590.9,MARK_PRICE_PREVIOUS_FALLBACK,1674748800000,20
ETHUSDT,1674777600008,0.0001,1601.75373326,MARK_PRICE_PREVIOUS_FALLBACK,1674777600000,8
ETHUSDT,1674806400000,0.0001,1585.0523235,MARK_PRICE_EXACT_OPEN,1674806400000,0
ETHUSDT,1674835200000,0.0001,1576.26664565,MARK_PRICE_EXACT_OPEN,1674835200000,0
ETHUSDT,1674864000009,0.0001,1596.67254269,MARK_PRICE_PREVIOUS_FALLBACK,1674864000000,9
ETHUSDT,1674892800018,0.0001,1591.24561254,MARK_PRICE_PREVIOUS_FALLBACK,1674892800000,18
ETHUSDT,1674921600005,0.0001,1578.55,MARK_PRICE_PREVIOUS_FALLBACK,1674921600000,5
ETHUSDT,1674950400011,0.0001,1572.11,MARK_PRICE_PREVIOUS_FALLBACK,1674950400000,11
ETHUSDT,1674979200000,0.0001,1592.03259003,MARK_PRICE_EXACT_OPEN,1674979200000,0
ETHUSDT,1675008000008,0.0001,1611.66,MARK_PRICE_PREVIOUS_FALLBACK,1675008000000,8
ETHUSDT,1675036800001,0.0001,1644.68,MARK_PRICE_PREVIOUS_FALLBACK,1675036800000,1
ETHUSDT,1675065600000,0.0001,1628.11,MARK_PRICE_EXACT_OPEN,1675065600000,0
ETHUSDT,1675094400000,0.0001,1584.96971966,MARK_PRICE_EXACT_OPEN,1675094400000,0
ETHUSDT,1675123200005,0.0001,1566.16921011,MARK_PRICE_PREVIOUS_FALLBACK,1675123200000,5
ETHUSDT,1675152000000,0.0001,1579.9,MARK_PRICE_EXACT_OPEN,1675152000000,0
ETHUSDT,1675180800007,0.0001,1589.74,MARK_PRICE_PREVIOUS_FALLBACK,1675180800000,7
ETHUSDT,1675209600013,0.0001,1585.88,MARK_PRICE_PREVIOUS_FALLBACK,1675209600000,13
ETHUSDT,1675238400000,0.0001,1575.13640093,MARK_PRICE_EXACT_OPEN,1675238400000,0
ETHUSDT,1675267200012,0.0001,1574.56,MARK_PRICE_PREVIOUS_FALLBACK,1675267200000,12
ETHUSDT,1675296000004,0.0001,1643.47,MARK_PRICE_PREVIOUS_FALLBACK,1675296000000,4
ETHUSDT,1675324800023,0.0001,1665.11017248,MARK_PRICE_PREVIOUS_FALLBACK,1675324800000,23
ETHUSDT,1675353600003,0.0001,1678.28886779,MARK_PRICE_PREVIOUS_FALLBACK,1675353600000,3
ETHUSDT,1675382400010,0.0001,1645.36,MARK_PRICE_PREVIOUS_FALLBACK,1675382400000,10
ETHUSDT,1675411200000,0.0001,1637.85137984,MARK_PRICE_EXACT_OPEN,1675411200000,0
ETHUSDT,1675440000000,0.0001,1663.50736937,MARK_PRICE_EXACT_OPEN,1675440000000,0
ETHUSDT,1675468800010,0.0001,1663.96411604,MARK_PRICE_PREVIOUS_FALLBACK,1675468800000,10
ETHUSDT,1675497600000,0.0001,1658.26682199,MARK_PRICE_EXACT_OPEN,1675497600000,0
ETHUSDT,1675526400000,0.0001,1680.23799144,MARK_PRICE_EXACT_OPEN,1675526400000,0
ETHUSDT,1675555200016,0.0001,1665.01477995,MARK_PRICE_PREVIOUS_FALLBACK,1675555200000,16
ETHUSDT,1675584000009,0.0001,1668.30973715,MARK_PRICE_PREVIOUS_FALLBACK,1675584000000,9
ETHUSDT,1675612800018,0.0001,1643.34886868,MARK_PRICE_PREVIOUS_FALLBACK,1675612800000,18
ETHUSDT,1675641600001,0.0001,1629.15,MARK_PRICE_PREVIOUS_FALLBACK,1675641600000,1
ETHUSDT,1675670400000,0.0001,1635.08,MARK_PRICE_EXACT_OPEN,1675670400000,0
ETHUSDT,1675699200012,0.0001,1647.31620677,MARK_PRICE_PREVIOUS_FALLBACK,1675699200000,12
ETHUSDT,1675728000004,0.0001,1612.6549072,MARK_PRICE_PREVIOUS_FALLBACK,1675728000000,4
ETHUSDT,1675756800011,0.0001,1631.72,MARK_PRICE_PREVIOUS_FALLBACK,1675756800000,11
ETHUSDT,1675785600018,0.0001,1630.94,MARK_PRICE_PREVIOUS_FALLBACK,1675785600000,18
ETHUSDT,1675814400009,0.0001,1672.05,MARK_PRICE_PREVIOUS_FALLBACK,1675814400000,9
ETHUSDT,1675843200010,0.0001,1677.61713559,MARK_PRICE_PREVIOUS_FALLBACK,1675843200000,10
ETHUSDT,1675872000000,0.0001,1653.69,MARK_PRICE_EXACT_OPEN,1675872000000,0
ETHUSDT,1675900800014,0.0001,1650.78,MARK_PRICE_PREVIOUS_FALLBACK,1675900800000,14
ETHUSDT,1675929600006,0.0001,1631.57,MARK_PRICE_PREVIOUS_FALLBACK,1675929600000,6
ETHUSDT,1675958400001,0.0001,1631.72686959,MARK_PRICE_PREVIOUS_FALLBACK,1675958400000,1
ETHUSDT,1675987200012,0.0001,1544.66,MARK_PRICE_PREVIOUS_FALLBACK,1675987200000,12
ETHUSDT,1676016000005,0.00006828,1552.18,MARK_PRICE_PREVIOUS_FALLBACK,1676016000000,5
ETHUSDT,1676044800020,0.0001,1521.41,MARK_PRICE_PREVIOUS_FALLBACK,1676044800000,20
ETHUSDT,1676073600007,0.0000647,1513.15,MARK_PRICE_PREVIOUS_FALLBACK,1676073600000,7
ETHUSDT,1676102400002,0.00003345,1520.69558413,MARK_PRICE_PREVIOUS_FALLBACK,1676102400000,2
ETHUSDT,1676131200021,-0.00002491,1521.83888379,MARK_PRICE_PREVIOUS_FALLBACK,1676131200000,21
ETHUSDT,1676160000004,0.00008869,1537.26974628,MARK_PRICE_PREVIOUS_FALLBACK,1676160000000,4
ETHUSDT,1676188800000,0.00003225,1530.16069929,MARK_PRICE_EXACT_OPEN,1676188800000,0
ETHUSDT,1676217600002,0.00004579,1535.77567592,MARK_PRICE_PREVIOUS_FALLBACK,1676217600000,2
ETHUSDT,1676246400006,0.00002555,1513.55421513,MARK_PRICE_PREVIOUS_FALLBACK,1676246400000,6
ETHUSDT,1676275200008,0.00005994,1521.40852307,MARK_PRICE_PREVIOUS_FALLBACK,1676275200000,8
ETHUSDT,1676304000002,0.0001,1475.84653947,MARK_PRICE_PREVIOUS_FALLBACK,1676304000000,2
ETHUSDT,1676332800013,-0.00000454,1505.48,MARK_PRICE_PREVIOUS_FALLBACK,1676332800000,13
ETHUSDT,1676361600014,0.00004405,1504.73334353,MARK_PRICE_PREVIOUS_FALLBACK,1676361600000,14
ETHUSDT,1676390400016,0.00005311,1546.49,MARK_PRICE_PREVIOUS_FALLBACK,1676390400000,16
ETHUSDT,1676419200011,0.0000291,1555.60571857,MARK_PRICE_PREVIOUS_FALLBACK,1676419200000,11
ETHUSDT,1676448000000,0.0000281,1546.625935,MARK_PRICE_EXACT_OPEN,1676448000000,0
ETHUSDT,1676476800005,0.00005715,1579.42662698,MARK_PRICE_PREVIOUS_FALLBACK,1676476800000,5
ETHUSDT,1676505600019,0.0001,1675.69,MARK_PRICE_PREVIOUS_FALLBACK,1676505600000,19
ETHUSDT,1676534400000,0.0001,1683.11551888,MARK_PRICE_EXACT_OPEN,1676534400000,0
ETHUSDT,1676563200001,0.00014101,1728.37838458,MARK_PRICE_PREVIOUS_FALLBACK,1676563200000,1
ETHUSDT,1676592000003,0.0001,1636.9,MARK_PRICE_PREVIOUS_FALLBACK,1676592000000,3
ETHUSDT,1676620800016,0.0001,1653.24881279,MARK_PRICE_PREVIOUS_FALLBACK,1676620800000,16
ETHUSDT,1676649600000,0.0001,1673.35,MARK_PRICE_EXACT_OPEN,1676649600000,0
ETHUSDT,1676678400011,0.0001,1693.91554423,MARK_PRICE_PREVIOUS_FALLBACK,1676678400000,11
ETHUSDT,1676707200000,0.0001,1690.86665851,MARK_PRICE_EXACT_OPEN,1676707200000,0
ETHUSDT,1676736000007,0.0001,1695.6253491,MARK_PRICE_PREVIOUS_FALLBACK,1676736000000,7
ETHUSDT,1676764800019,0.0001,1691.35363746,MARK_PRICE_PREVIOUS_FALLBACK,1676764800000,19
ETHUSDT,1676793600005,0.0001,1692.89,MARK_PRICE_PREVIOUS_FALLBACK,1676793600000,5
ETHUSDT,1676822400003,0.0001,1713.56304674,MARK_PRICE_PREVIOUS_FALLBACK,1676822400000,3
ETHUSDT,1676851200006,0.0001,1680.47191667,MARK_PRICE_PREVIOUS_FALLBACK,1676851200000,6
ETHUSDT,1676880000008,0.0001,1695.6,MARK_PRICE_PREVIOUS_FALLBACK,1676880000000,8
ETHUSDT,1676908800006,0.0001,1707.69147957,MARK_PRICE_PREVIOUS_FALLBACK,1676908800000,6
ETHUSDT,1676937600001,0.0001,1703.6,MARK_PRICE_PREVIOUS_FALLBACK,1676937600000,1
ETHUSDT,1676966400004,0.0001,1703.21510509,MARK_PRICE_PREVIOUS_FALLBACK,1676966400000,4
ETHUSDT,1676995200011,0.0001,1672.11,MARK_PRICE_PREVIOUS_FALLBACK,1676995200000,11
ETHUSDT,1677024000009,0.0001,1658.63482809,MARK_PRICE_PREVIOUS_FALLBACK,1677024000000,9
ETHUSDT,1677052800010,0.0001,1643.46587203,MARK_PRICE_PREVIOUS_FALLBACK,1677052800000,10
ETHUSDT,1677081600000,0.0001,1612.90738662,MARK_PRICE_EXACT_OPEN,1677081600000,0
ETHUSDT,1677110400006,0.00007072,1642.36375689,MARK_PRICE_PREVIOUS_FALLBACK,1677110400000,6
ETHUSDT,1677139200005,0.00009829,1665.66,MARK_PRICE_PREVIOUS_FALLBACK,1677139200000,5
ETHUSDT,1677168000002,0.00004374,1656.43,MARK_PRICE_PREVIOUS_FALLBACK,1677168000000,2
ETHUSDT,1677196800015,0.00003804,1649.64,MARK_PRICE_PREVIOUS_FALLBACK,1677196740000,60015
ETHUSDT,1677225600011,0.00006414,,MARK_PRICE_TOO_STALE,1677196740000,28860011
ETHUSDT,1677254400014,0.0000838,,MARK_PRICE_TOO_STALE,1677196740000,57660014
ETHUSDT,1677283200015,0.00007921,1607.3,MARK_PRICE_PREVIOUS_FALLBACK,1677283200000,15
ETHUSDT,1677312000015,0.00009641,1602.84,MARK_PRICE_PREVIOUS_FALLBACK,1677312000000,15
ETHUSDT,1677340800015,0.00005498,1596.50043868,MARK_PRICE_PREVIOUS_FALLBACK,1677340800000,15
ETHUSDT,1677369600007,0.00001266,1593.18423478,MARK_PRICE_PREVIOUS_FALLBACK,1677369600000,7
ETHUSDT,1677398400012,0.00004684,1599.11,MARK_PRICE_PREVIOUS_FALLBACK,1677398400000,12
ETHUSDT,1677427200000,0.00001098,1604.64,MARK_PRICE_EXACT_OPEN,1677427200000,0
ETHUSDT,1677456000011,0.0001,1640.89426344,MARK_PRICE_PREVIOUS_FALLBACK,1677456000000,11
ETHUSDT,1677484800003,0.00008633,1636.52,MARK_PRICE_PREVIOUS_FALLBACK,1677484800000,3
ETHUSDT,1677513600000,0.00006025,1643.44985338,MARK_PRICE_EXACT_OPEN,1677513600000,0
ETHUSDT,1677542400011,0.00003555,1632.42263218,MARK_PRICE_PREVIOUS_FALLBACK,1677542400000,11
ETHUSDT,1677571200018,0.00003626,1617.62,MARK_PRICE_PREVIOUS_FALLBACK,1677571200000,18
ETHUSDT,1677600000005,0.00008565,1641.52708501,MARK_PRICE_PREVIOUS_FALLBACK,1677600000000,5
ETHUSDT,1677628800016,0.00000342,1605.16,MARK_PRICE_PREVIOUS_FALLBACK,1677628800000,16
ETHUSDT,1677657600000,0.0001,1650.39309091,MARK_PRICE_EXACT_OPEN,1677657600000,0
ETHUSDT,1677686400008,0.0001,1656.04253205,MARK_PRICE_PREVIOUS_FALLBACK,1677686400000,8
ETHUSDT,1677715200009,0.0001,1664.96241698,MARK_PRICE_PREVIOUS_FALLBACK,1677715200000,9
ETHUSDT,1677744000013,0.0001,1643.49,MARK_PRICE_PREVIOUS_FALLBACK,1677744000000,13
ETHUSDT,1677772800000,0.00007746,1627.53794644,MARK_PRICE_EXACT_OPEN,1677772800000,0
ETHUSDT,1677801600000,0.00003967,1647.30081589,MARK_PRICE_EXACT_OPEN,1677801600000,0
ETHUSDT,1677830400013,-0.00000917,1566.89112775,MARK_PRICE_PREVIOUS_FALLBACK,1677830400000,13
ETHUSDT,1677859200000,0.00002284,1566.09094114,MARK_PRICE_EXACT_OPEN,1677859200000,0
ETHUSDT,1677888000001,0.00008491,1568.19,MARK_PRICE_PREVIOUS_FALLBACK,1677888000000,1
ETHUSDT,1677916800008,0.00000126,1568.25,MARK_PRICE_PREVIOUS_FALLBACK,1677916800000,8
ETHUSDT,1677945600012,0.00002121,1561.73,MARK_PRICE_PREVIOUS_FALLBACK,1677945600000,12
ETHUSDT,1677974400000,0.00005372,1566.05324815,MARK_PRICE_EXACT_OPEN,1677974400000,0
ETHUSDT,1678003200000,0.00003555,1567.91396243,MARK_PRICE_EXACT_OPEN,1678003200000,0
ETHUSDT,1678032000015,0.00004841,1568.4959878,MARK_PRICE_PREVIOUS_FALLBACK,1678032000000,15
ETHUSDT,1678060800007,0.00004583,1563.5,MARK_PRICE_PREVIOUS_FALLBACK,1678060800000,7
ETHUSDT,1678089600017,0.00007122,1560.65,MARK_PRICE_PREVIOUS_FALLBACK,1678089600000,17
ETHUSDT,1678118400000,0.00003604,1577.28051102,MARK_PRICE_EXACT_OPEN,1678118400000,0
ETHUSDT,1678147200009,0.00005296,1565.43,MARK_PRICE_PREVIOUS_FALLBACK,1678147200000,9
ETHUSDT,1678176000016,0.00007563,1570.45,MARK_PRICE_PREVIOUS_FALLBACK,1678176000000,16
ETHUSDT,1678204800017,0.00001011,1559.58953929,MARK_PRICE_PREVIOUS_FALLBACK,1678204800000,17
ETHUSDT,1678233600000,0.00008208,1561.33453632,MARK_PRICE_EXACT_OPEN,1678233600000,0
ETHUSDT,1678262400014,0.00006665,1550.61,MARK_PRICE_PREVIOUS_FALLBACK,1678262400000,14
ETHUSDT,1678291200021,0.00008786,1560.33,MARK_PRICE_PREVIOUS_FALLBACK,1678291200000,21
ETHUSDT,1678320000010,0.00009084,1533.3,MARK_PRICE_PREVIOUS_FALLBACK,1678320000000,10
ETHUSDT,1678348800013,0.00007599,1535.72229087,MARK_PRICE_PREVIOUS_FALLBACK,1678348800000,13
ETHUSDT,1678377600002,0.00003643,1533.57,MARK_PRICE_PREVIOUS_FALLBACK,1678377600000,2
ETHUSDT,1678406400000,-0.00008306,1436.59772878,MARK_PRICE_EXACT_OPEN,1678406400000,0
ETHUSDT,1678435200000,-9.7e-7,1411.39048507,MARK_PRICE_EXACT_OPEN,1678435200000,0
ETHUSDT,1678464000005,-0.00000512,1414.4044253,MARK_PRICE_PREVIOUS_FALLBACK,1678464000000,5
ETHUSDT,1678492800011,0.00002796,1425.55881672,MARK_PRICE_PREVIOUS_FALLBACK,1678492800000,11
ETHUSDT,1678521600003,-0.00005766,1419.14,MARK_PRICE_PREVIOUS_FALLBACK,1678521600000,3
ETHUSDT,1678550400011,0.00004677,1427.75,MARK_PRICE_PREVIOUS_FALLBACK,1678550400000,11
ETHUSDT,1678579200001,-0.00001066,1470.00970104,MARK_PRICE_PREVIOUS_FALLBACK,1678579200000,1
ETHUSDT,1678608000000,0.0000867,1459,MARK_PRICE_EXACT_OPEN,1678608000000,0
ETHUSDT,1678636800005,-0.00004286,1454.35422966,MARK_PRICE_PREVIOUS_FALLBACK,1678636800000,5
ETHUSDT,1678665600010,0.0001,1581.20830223,MARK_PRICE_PREVIOUS_FALLBACK,1678665600000,10
ETHUSDT,1678694400018,0.0001,1606.88088347,MARK_PRICE_PREVIOUS_FALLBACK,1678694400000,18
ETHUSDT,1678723200003,0.0001,1669.45,MARK_PRICE_PREVIOUS_FALLBACK,1678723200000,3
ETHUSDT,1678752000010,0.0001,1674.61,MARK_PRICE_PREVIOUS_FALLBACK,1678752000000,10
ETHUSDT,1678780800009,0.0001,1666.95,MARK_PRICE_PREVIOUS_FALLBACK,1678780800000,9
ETHUSDT,1678809600010,0.0001,1768.48,MARK_PRICE_PREVIOUS_FALLBACK,1678809600000,10
ETHUSDT,1678838400011,0.00031728,1700.69016151,MARK_PRICE_PREVIOUS_FALLBACK,1678838400000,11
ETHUSDT,1678867200000,0.00018366,1706.18,MARK_PRICE_EXACT_OPEN,1678867200000,0
ETHUSDT,1678896000012,0.0001,1632.83688705,MARK_PRICE_PREVIOUS_FALLBACK,1678896000000,12
ETHUSDT,1678924800004,0.0001,1649.45702429,MARK_PRICE_PREVIOUS_FALLBACK,1678924800000,4
ETHUSDT,1678953600018,0.0001,1655.53,MARK_PRICE_PREVIOUS_FALLBACK,1678953600000,18
ETHUSDT,1678982400005,0.0001,1661.92259012,MARK_PRICE_PREVIOUS_FALLBACK,1678982400000,5
ETHUSDT,1679011200017,0.00005964,1672.4,MARK_PRICE_PREVIOUS_FALLBACK,1679011200000,17
ETHUSDT,1679040000010,0.00005941,1715.22,MARK_PRICE_PREVIOUS_FALLBACK,1679040000000,10
ETHUSDT,1679068800003,0.0001,1716.51,MARK_PRICE_PREVIOUS_FALLBACK,1679068800000,3
ETHUSDT,1679097600012,0.0001,1788.32374024,MARK_PRICE_PREVIOUS_FALLBACK,1679097600000,12
ETHUSDT,1679126400000,0.0001,1814.05096711,MARK_PRICE_EXACT_OPEN,1679126400000,0
ETHUSDT,1679155200016,0.0001,1784.37045558,MARK_PRICE_PREVIOUS_FALLBACK,1679155200000,16
ETHUSDT,1679184000013,0.0001,1759.32,MARK_PRICE_PREVIOUS_FALLBACK,1679184000000,13
ETHUSDT,1679212800024,0.0001,1774.71548882,MARK_PRICE_PREVIOUS_FALLBACK,1679212800000,24
ETHUSDT,1679241600000,0.0001,1794.17554672,MARK_PRICE_EXACT_OPEN,1679241600000,0
ETHUSDT,1679270400005,0.0001,1780.79,MARK_PRICE_PREVIOUS_FALLBACK,1679270400000,5
ETHUSDT,1679299200012,0.0001,1795.31000397,MARK_PRICE_PREVIOUS_FALLBACK,1679299200000,12
ETHUSDT,1679328000015,0.00008194,1763.94,MARK_PRICE_PREVIOUS_FALLBACK,1679328000000,15
ETHUSDT,1679356800006,0.00007106,1731.5785964,MARK_PRICE_PREVIOUS_FALLBACK,1679356800000,6
ETHUSDT,1679385600004,0.00004611,1728.70166037,MARK_PRICE_PREVIOUS_FALLBACK,1679385600000,4
ETHUSDT,1679414400003,0.0000899,1812.62,MARK_PRICE_PREVIOUS_FALLBACK,1679414400000,3
ETHUSDT,1679443200000,0.00005146,1800.38576282,MARK_PRICE_EXACT_OPEN,1679443200000,0
ETHUSDT,1679472000003,0.00001267,1789.35411752,MARK_PRICE_PREVIOUS_FALLBACK,1679472000000,3
ETHUSDT,1679500800000,0.0000554,1805.27,MARK_PRICE_EXACT_OPEN,1679500800000,0
ETHUSDT,1679529600016,0.00001123,1733.61,MARK_PRICE_PREVIOUS_FALLBACK,1679529600000,16
ETHUSDT,1679558400001,0.0000686,1750.95022461,MARK_PRICE_PREVIOUS_FALLBACK,1679558400000,1
ETHUSDT,1679587200013,0.0001,1840.6,MARK_PRICE_PREVIOUS_FALLBACK,1679587200000,13
ETHUSDT,1679616000013,0.0001,1813.93,MARK_PRICE_PREVIOUS_FALLBACK,1679616000000,13
ETHUSDT,1679644800012,0.0001,1814.54751282,MARK_PRICE_PREVIOUS_FALLBACK,1679644800000,12
ETHUSDT,1679673600027,0.0001,1766.47411966,MARK_PRICE_PREVIOUS_FALLBACK,1679673600000,27
ETHUSDT,1679702400015,0.00001992,1749.15,MARK_PRICE_PREVIOUS_FALLBACK,1679702400000,15
ETHUSDT,1679731200011,0.0000146,1747.38,MARK_PRICE_PREVIOUS_FALLBACK,1679731200000,11
ETHUSDT,1679760000011,-0.00000795,1754.87126389,MARK_PRICE_PREVIOUS_FALLBACK,1679760000000,11
ETHUSDT,1679788800000,0.00000829,1741.131825,MARK_PRICE_EXACT_OPEN,1679788800000,0
ETHUSDT,1679817600015,0.00000997,1751.9,MARK_PRICE_PREVIOUS_FALLBACK,1679817600000,15
ETHUSDT,1679846400000,0.00004383,1762.35515152,MARK_PRICE_EXACT_OPEN,1679846400000,0
ETHUSDT,1679875200019,0.00001635,1773.18,MARK_PRICE_PREVIOUS_FALLBACK,1679875200000,19
ETHUSDT,1679904000009,-0.00000385,1751.04,MARK_PRICE_PREVIOUS_FALLBACK,1679904000000,9
ETHUSDT,1679932800000,-0.00000171,1710.39,MARK_PRICE_EXACT_OPEN,1679932800000,0
ETHUSDT,1679961600007,-0.00001478,1714.07,MARK_PRICE_PREVIOUS_FALLBACK,1679961600000,7
ETHUSDT,1679990400000,0.00003473,1723.50922009,MARK_PRICE_EXACT_OPEN,1679990400000,0
ETHUSDT,1680019200013,0.00006578,1742.77516667,MARK_PRICE_PREVIOUS_FALLBACK,1680019200000,13
ETHUSDT,1680048000010,0.0001,1772.21,MARK_PRICE_PREVIOUS_FALLBACK,1680048000000,10
ETHUSDT,1680076800006,0.00007584,1804.82,MARK_PRICE_PREVIOUS_FALLBACK,1680076800000,6
ETHUSDT,1680105600014,0.0001,1807.39704701,MARK_PRICE_PREVIOUS_FALLBACK,1680105600000,14
ETHUSDT,1680134400000,0.00005756,1792.15676068,MARK_PRICE_EXACT_OPEN,1680134400000,0
ETHUSDT,1680163200000,0.00000286,1805.71375427,MARK_PRICE_EXACT_OPEN,1680163200000,0
ETHUSDT,1680192000006,0.00005025,1787.89579965,MARK_PRICE_PREVIOUS_FALLBACK,1680192000000,6
ETHUSDT,1680220800003,0.00007203,1793.76,MARK_PRICE_PREVIOUS_FALLBACK,1680220800000,3
ETHUSDT,1680249600006,0.00006982,1794.36155556,MARK_PRICE_PREVIOUS_FALLBACK,1680249600000,6
ETHUSDT,1680278400011,0.0001,1829.58806019,MARK_PRICE_PREVIOUS_FALLBACK,1680278400000,11
ETHUSDT,1680307200000,0.0001,1821.18763714,MARK_PRICE_EXACT_OPEN,1680307200000,0
ETHUSDT,1680336000000,0.0001,1823.28,MARK_PRICE_EXACT_OPEN,1680336000000,0
ETHUSDT,1680364800018,0.00006306,1819.73181877,MARK_PRICE_PREVIOUS_FALLBACK,1680364800000,18
ETHUSDT,1680393600013,0.00003987,1819.87,MARK_PRICE_PREVIOUS_FALLBACK,1680393600000,13
ETHUSDT,1680422400014,0.00005018,1819.89258974,MARK_PRICE_PREVIOUS_FALLBACK,1680422400000,14
ETHUSDT,1680451200001,0.00003503,1796.06206993,MARK_PRICE_PREVIOUS_FALLBACK,1680451200000,1
ETHUSDT,1680480000000,-0.00002938,1793.55,MARK_PRICE_EXACT_OPEN,1680480000000,0
ETHUSDT,1680508800013,-0.0000196,1794.64,MARK_PRICE_PREVIOUS_FALLBACK,1680508800000,13
ETHUSDT,1680537600011,-0.00000471,1795.75103846,MARK_PRICE_PREVIOUS_FALLBACK,1680537600000,11
ETHUSDT,1680566400002,0.0000636,1810.40563675,MARK_PRICE_PREVIOUS_FALLBACK,1680566400000,2
ETHUSDT,1680595200017,0.00003238,1811.88907692,MARK_PRICE_PREVIOUS_FALLBACK,1680595200000,17
ETHUSDT,1680624000008,0.0001,1860.86,MARK_PRICE_PREVIOUS_FALLBACK,1680624000000,8
ETHUSDT,1680652800000,0.00006853,1869.28132479,MARK_PRICE_EXACT_OPEN,1680652800000,0
ETHUSDT,1680681600016,0.0001,1909.74367094,MARK_PRICE_PREVIOUS_FALLBACK,1680681600000,16
ETHUSDT,1680710400004,0.0001,1896.55,MARK_PRICE_PREVIOUS_FALLBACK,1680710400000,4
ETHUSDT,1680739200000,0.00005011,1907.6315812,MARK_PRICE_EXACT_OPEN,1680739200000,0
ETHUSDT,1680768000011,0.00006251,1872.47,MARK_PRICE_PREVIOUS_FALLBACK,1680768000000,11
ETHUSDT,1680796800000,0.00000217,1873.5326713,MARK_PRICE_EXACT_OPEN,1680796800000,0
ETHUSDT,1680825600006,0.00002088,1871.46,MARK_PRICE_PREVIOUS_FALLBACK,1680825600000,6
ETHUSDT,1680854400005,0.00007093,1849.14753241,MARK_PRICE_PREVIOUS_FALLBACK,1680854400000,5
ETHUSDT,1680883200000,0.00003638,1859.36408333,MARK_PRICE_EXACT_OPEN,1680883200000,0
ETHUSDT,1680912000000,0.00003725,1862.88,MARK_PRICE_EXACT_OPEN,1680912000000,0
ETHUSDT,1680940800014,0.00001046,1870.94380833,MARK_PRICE_PREVIOUS_FALLBACK,1680940800000,14
ETHUSDT,1680969600018,0.0000221,1866.26512222,MARK_PRICE_PREVIOUS_FALLBACK,1680969600000,18
ETHUSDT,1680998400013,0.00000821,1848.01,MARK_PRICE_PREVIOUS_FALLBACK,1680998400000,13
ETHUSDT,1681027200024,-0.00001908,1834.97,MARK_PRICE_PREVIOUS_FALLBACK,1681027200000,24
ETHUSDT,1681056000010,0.00003067,1836.32341667,MARK_PRICE_PREVIOUS_FALLBACK,1681056000000,10
ETHUSDT,1681084800000,0.00003359,1858.01572222,MARK_PRICE_EXACT_OPEN,1681084800000,0
ETHUSDT,1681113600010,-0.00004969,1859.86,MARK_PRICE_PREVIOUS_FALLBACK,1681113600000,10
ETHUSDT,1681142400006,0.00002062,1860.33,MARK_PRICE_PREVIOUS_FALLBACK,1681142400000,6
ETHUSDT,1681171200008,0.00002648,1909.1472906,MARK_PRICE_PREVIOUS_FALLBACK,1681171200000,8
ETHUSDT,1681200000007,0.00008648,1921.68361538,MARK_PRICE_PREVIOUS_FALLBACK,1681200000000,7
ETHUSDT,1681228800016,0.00006716,1912.8,MARK_PRICE_PREVIOUS_FALLBACK,1681228800000,16
ETHUSDT,1681257600006,0.00001041,1889.43,MARK_PRICE_PREVIOUS_FALLBACK,1681257600000,6
ETHUSDT,1681286400008,0.0000129,1868.88,MARK_PRICE_PREVIOUS_FALLBACK,1681286400000,8
ETHUSDT,1681315200014,0.00003624,1912.96,MARK_PRICE_PREVIOUS_FALLBACK,1681315200000,14
ETHUSDT,1681344000027,0.0001,1916.58209402,MARK_PRICE_PREVIOUS_FALLBACK,1681344000000,27
ETHUSDT,1681372800010,0.0001,1923.87,MARK_PRICE_PREVIOUS_FALLBACK,1681372800000,10
ETHUSDT,1681401600000,0.0001,1996.88614352,MARK_PRICE_EXACT_OPEN,1681401600000,0
ETHUSDT,1681430400001,0.0001,2011.60590741,MARK_PRICE_PREVIOUS_FALLBACK,1681430400000,1
ETHUSDT,1681459200008,0.0001,2108.09664385,MARK_PRICE_PREVIOUS_FALLBACK,1681459200000,8
ETHUSDT,1681488000007,0.0001,2060.50735115,MARK_PRICE_PREVIOUS_FALLBACK,1681488000000,7
ETHUSDT,1681516800007,0.0001,2099.93091482,MARK_PRICE_PREVIOUS_FALLBACK,1681516800000,7
ETHUSDT,1681545600007,0.0001,2099.73,MARK_PRICE_PREVIOUS_FALLBACK,1681545600000,7
ETHUSDT,1681574400011,0.0001,2096.68845726,MARK_PRICE_PREVIOUS_FALLBACK,1681574400000,11
ETHUSDT,1681603200014,0.0001,2089.85725473,MARK_PRICE_PREVIOUS_FALLBACK,1681603200000,14
ETHUSDT,1681632000007,0.0001,2097.61,MARK_PRICE_PREVIOUS_FALLBACK,1681632000000,7
ETHUSDT,1681660800002,0.0001,2093.89,MARK_PRICE_PREVIOUS_FALLBACK,1681660800000,2
ETHUSDT,1681689600017,0.0001,2118.22198211,MARK_PRICE_PREVIOUS_FALLBACK,1681689600000,17
ETHUSDT,1681718400006,0.0001,2090.90780828,MARK_PRICE_PREVIOUS_FALLBACK,1681718400000,6
ETHUSDT,1681747200000,0.0001,2071.36995833,MARK_PRICE_EXACT_OPEN,1681747200000,0
ETHUSDT,1681776000013,0.0001,2074.2,MARK_PRICE_PREVIOUS_FALLBACK,1681776000000,13
ETHUSDT,1681804800017,0.0001,2101.03548554,MARK_PRICE_PREVIOUS_FALLBACK,1681804800000,17
ETHUSDT,1681833600000,0.0001,2095.5,MARK_PRICE_EXACT_OPEN,1681833600000,0
ETHUSDT,1681862400022,0.0001,2102.63363426,MARK_PRICE_PREVIOUS_FALLBACK,1681862400000,22
ETHUSDT,1681891200014,0.0001,2072.00905093,MARK_PRICE_PREVIOUS_FALLBACK,1681891200000,14
ETHUSDT,1681920000000,-0.00001015,1982.2,MARK_PRICE_EXACT_OPEN,1681920000000,0
ETHUSDT,1681948800010,0.00006419,1933.15623291,MARK_PRICE_PREVIOUS_FALLBACK,1681948800000,10
ETHUSDT,1681977600012,3.2e-7,1947.8,MARK_PRICE_PREVIOUS_FALLBACK,1681977600000,12
ETHUSDT,1682006400012,0.00002269,1945.94,MARK_PRICE_PREVIOUS_FALLBACK,1682006400000,12
ETHUSDT,1682035200009,0.0000862,1941.59944589,MARK_PRICE_PREVIOUS_FALLBACK,1682035200000,9
ETHUSDT,1682064000009,0.00006903,1926.84,MARK_PRICE_PREVIOUS_FALLBACK,1682064000000,9
ETHUSDT,1682092800003,0.00008488,1903.62,MARK_PRICE_PREVIOUS_FALLBACK,1682092800000,3
ETHUSDT,1682121600000,0.00005467,1848.03346795,MARK_PRICE_EXACT_OPEN,1682121600000,0
ETHUSDT,1682150400000,-0.00000562,1849.99573077,MARK_PRICE_EXACT_OPEN,1682150400000,0
ETHUSDT,1682179200016,0.00002848,1865.46,MARK_PRICE_PREVIOUS_FALLBACK,1682179200000,16
ETHUSDT,1682208000009,-0.00006991,1872.86234463,MARK_PRICE_PREVIOUS_FALLBACK,1682208000000,9
ETHUSDT,1682236800020,0.00001032,1872.9416047,MARK_PRICE_PREVIOUS_FALLBACK,1682236800000,20
ETHUSDT,1682265600007,0.00004969,1857.39001282,MARK_PRICE_PREVIOUS_FALLBACK,1682265600000,7
ETHUSDT,1682294400000,0.00009041,1861.3,MARK_PRICE_EXACT_OPEN,1682294400000,0
ETHUSDT,1682323200008,0.00001238,1845.61,MARK_PRICE_PREVIOUS_FALLBACK,1682323200000,8
ETHUSDT,1682352000006,0.00005112,1833.43408974,MARK_PRICE_PREVIOUS_FALLBACK,1682352000000,6
ETHUSDT,1682380800014,0.00008411,1841.02,MARK_PRICE_PREVIOUS_FALLBACK,1682380800000,14
ETHUSDT,1682409600009,0.00008034,1814.77,MARK_PRICE_PREVIOUS_FALLBACK,1682409600000,9
ETHUSDT,1682438400015,0.00006892,1813.9075641,MARK_PRICE_PREVIOUS_FALLBACK,1682438400000,15
ETHUSDT,1682467200015,0.0000384,1865.56,MARK_PRICE_PREVIOUS_FALLBACK,1682467200000,15
ETHUSDT,1682496000013,0.00001253,1861.54297863,MARK_PRICE_PREVIOUS_FALLBACK,1682496000000,13
ETHUSDT,1682524800001,0.000087,1953.0907735,MARK_PRICE_PREVIOUS_FALLBACK,1682524800000,1
ETHUSDT,1682553600014,-0.00002203,1862.68515812,MARK_PRICE_PREVIOUS_FALLBACK,1682553600000,14
ETHUSDT,1682582400008,0.0000585,1884.29850855,MARK_PRICE_PREVIOUS_FALLBACK,1682582400000,8
ETHUSDT,1682611200005,0.00003408,1900.60115385,MARK_PRICE_PREVIOUS_FALLBACK,1682611200000,5
ETHUSDT,1682640000011,0.0000867,1908.32,MARK_PRICE_PREVIOUS_FALLBACK,1682640000000,11
ETHUSDT,1682668800007,0.00008037,1917.77515994,MARK_PRICE_PREVIOUS_FALLBACK,1682668800000,7
ETHUSDT,1682697600006,0.00008463,1885.71,MARK_PRICE_PREVIOUS_FALLBACK,1682697600000,6
ETHUSDT,1682726400004,0.00004382,1890.49052137,MARK_PRICE_PREVIOUS_FALLBACK,1682726400000,4
ETHUSDT,1682755200016,0.00007125,1902.21,MARK_PRICE_PREVIOUS_FALLBACK,1682755200000,16
ETHUSDT,1682784000001,0.00005044,1905.58218609,MARK_PRICE_PREVIOUS_FALLBACK,1682784000000,1
ETHUSDT,1682812800008,0.00006303,1906.76,MARK_PRICE_PREVIOUS_FALLBACK,1682812800000,8
ETHUSDT,1682841600000,-0.00000213,1902.03423232,MARK_PRICE_EXACT_OPEN,1682841600000,0
ETHUSDT,1682870400010,0.00008291,1922.39,MARK_PRICE_PREVIOUS_FALLBACK,1682870400000,10
ETHUSDT,1682899200004,-0.00002629,1869.41,MARK_PRICE_PREVIOUS_FALLBACK,1682899200000,4
ETHUSDT,1682928000008,0.00002338,1848.27448718,MARK_PRICE_PREVIOUS_FALLBACK,1682928000000,8
ETHUSDT,1682956800014,0.00000846,1833.66,MARK_PRICE_PREVIOUS_FALLBACK,1682956800000,14
ETHUSDT,1682985600015,0.00009917,1829.50239316,MARK_PRICE_PREVIOUS_FALLBACK,1682985600000,15
ETHUSDT,1683014400018,0.00002555,1834.95992308,MARK_PRICE_PREVIOUS_FALLBACK,1683014400000,18
ETHUSDT,1683043200000,0.00008146,1857.83,MARK_PRICE_EXACT_OPEN,1683043200000,0
ETHUSDT,1683072000009,0.00009799,1868.79,MARK_PRICE_PREVIOUS_FALLBACK,1683072000000,9
ETHUSDT,1683100800003,0.00006273,1864.39,MARK_PRICE_PREVIOUS_FALLBACK,1683100800000,3
ETHUSDT,1683129600011,0.0001,1852.22059829,MARK_PRICE_PREVIOUS_FALLBACK,1683129600000,11
ETHUSDT,1683158400000,0.0001,1904.16301709,MARK_PRICE_EXACT_OPEN,1683158400000,0
ETHUSDT,1683187200000,0.0001,1897.94,MARK_PRICE_EXACT_OPEN,1683187200000,0
ETHUSDT,1683216000011,0.000099,1882.87,MARK_PRICE_PREVIOUS_FALLBACK,1683216000000,11
ETHUSDT,1683244800002,0.00003555,1876.20575185,MARK_PRICE_PREVIOUS_FALLBACK,1683244800000,2
ETHUSDT,1683273600000,0.0000568,1894.27,MARK_PRICE_EXACT_OPEN,1683273600000,0
ETHUSDT,1683302400000,0.0001,1953.06539474,MARK_PRICE_EXACT_OPEN,1683302400000,0
ETHUSDT,1683331200009,0.0001,1992.84425,MARK_PRICE_PREVIOUS_FALLBACK,1683331200000,9
ETHUSDT,1683360000000,0.0001,1958.22084896,MARK_PRICE_EXACT_OPEN,1683360000000,0
ETHUSDT,1683388800000,0.00000694,1876.50750855,MARK_PRICE_EXACT_OPEN,1683388800000,0
ETHUSDT,1683417600000,0.00001519,1895.48610684,MARK_PRICE_EXACT_OPEN,1683417600000,0
ETHUSDT,1683446400000,0.00002257,1904.49226641,MARK_PRICE_EXACT_OPEN,1683446400000,0
ETHUSDT,1683475200006,0.00004724,1917.62,MARK_PRICE_PREVIOUS_FALLBACK,1683475200000,6
ETHUSDT,1683504000000,0.00005356,1869.86251923,MARK_PRICE_EXACT_OPEN,1683504000000,0
ETHUSDT,1683532800007,0.00001131,1850.26,MARK_PRICE_PREVIOUS_FALLBACK,1683532800000,7
ETHUSDT,1683561600015,0.00003803,1864.21,MARK_PRICE_PREVIOUS_FALLBACK,1683561600000,15
ETHUSDT,1683590400015,0.00009627,1845.90682479,MARK_PRICE_PREVIOUS_FALLBACK,1683590400000,15
ETHUSDT,1683619200000,0.0001,1848.15063477,MARK_PRICE_EXACT_OPEN,1683619200000,0
ETHUSDT,1683648000000,0.00005218,1838.91,MARK_PRICE_EXACT_OPEN,1683648000000,0
ETHUSDT,1683676800007,0.00002199,1845.84,MARK_PRICE_PREVIOUS_FALLBACK,1683676800000,7
ETHUSDT,1683705600003,0.00006916,1838.4,MARK_PRICE_PREVIOUS_FALLBACK,1683705600000,3
ETHUSDT,1683734400000,0.00004334,1871.88735196,MARK_PRICE_EXACT_OPEN,1683734400000,0
ETHUSDT,1683763200011,-0.00000399,1839.38121569,MARK_PRICE_PREVIOUS_FALLBACK,1683763200000,11
ETHUSDT,1683792000000,0.00002198,1828.72518824,MARK_PRICE_EXACT_OPEN,1683792000000,0
ETHUSDT,1683820800005,0.00005429,1806.89714314,MARK_PRICE_PREVIOUS_FALLBACK,1683820800000,5
ETHUSDT,1683849600020,0.0000183,1794.77,MARK_PRICE_PREVIOUS_FALLBACK,1683849600000,20
ETHUSDT,1683878400001,0.00000454,1759.62,MARK_PRICE_PREVIOUS_FALLBACK,1683878400000,1
ETHUSDT,1683907200010,-0.00000917,1764.67,MARK_PRICE_PREVIOUS_FALLBACK,1683907200000,10
ETHUSDT,1683936000000,0.00002858,1806.57058431,MARK_PRICE_EXACT_OPEN,1683936000000,0
ETHUSDT,1683964800000,0.00002366,1802.23699412,MARK_PRICE_EXACT_OPEN,1683964800000,0
ETHUSDT,1683993600026,0.00000857,1792.87939412,MARK_PRICE_PREVIOUS_FALLBACK,1683993600000,26
ETHUSDT,1684022400029,-0.0000048,1794.01,MARK_PRICE_PREVIOUS_FALLBACK,1684022400000,29
ETHUSDT,1684051200010,0.00005487,1803.89673431,MARK_PRICE_PREVIOUS_FALLBACK,1684051200000,10
ETHUSDT,1684080000008,0.00003797,1818.58044902,MARK_PRICE_PREVIOUS_FALLBACK,1684080000000,8
ETHUSDT,1684108800006,-0.00001849,1798.3,MARK_PRICE_PREVIOUS_FALLBACK,1684108800000,6
ETHUSDT,1684137600005,-0.00000295,1828.68206863,MARK_PRICE_PREVIOUS_FALLBACK,1684137600000,5
ETHUSDT,1684166400008,-0.00001988,1827.17434706,MARK_PRICE_PREVIOUS_FALLBACK,1684166400000,8
ETHUSDT,1684195200021,-0.0000156,1817.06,MARK_PRICE_PREVIOUS_FALLBACK,1684195200000,21
ETHUSDT,1684224000000,0.00001255,1821.68,MARK_PRICE_EXACT_OPEN,1684224000000,0
ETHUSDT,1684252800000,0.00006009,1819.37,MARK_PRICE_EXACT_OPEN,1684252800000,0
ETHUSDT,1684281600010,0.0000876,1823.14046664,MARK_PRICE_PREVIOUS_FALLBACK,1684281600000,10
ETHUSDT,1684310400000,-0.0000153,1806.99950457,MARK_PRICE_EXACT_OPEN,1684310400000,0
ETHUSDT,1684339200001,0.00003984,1796.22,MARK_PRICE_PREVIOUS_FALLBACK,1684339200000,1
ETHUSDT,1684368000000,0.00007696,1821.64,MARK_PRICE_EXACT_OPEN,1684368000000,0
ETHUSDT,1684396800026,0.00006739,1828.96,MARK_PRICE_PREVIOUS_FALLBACK,1684396800000,26
ETHUSDT,1684425600019,0.00005135,1807.53,MARK_PRICE_PREVIOUS_FALLBACK,1684425600000,19
ETHUSDT,1684454400000,0.00004796,1799.69,MARK_PRICE_EXACT_OPEN,1684454400000,0
ETHUSDT,1684483200002,0.00002782,1805.35,MARK_PRICE_PREVIOUS_FALLBACK,1684483200000,2
ETHUSDT,1684512000000,0.0001,1814.81566239,MARK_PRICE_EXACT_OPEN,1684512000000,0
ETHUSDT,1684540800005,0.00007933,1811.33074786,MARK_PRICE_PREVIOUS_FALLBACK,1684540800000,5
ETHUSDT,1684569600014,0.00000788,1810.45,MARK_PRICE_PREVIOUS_FALLBACK,1684569600000,14
ETHUSDT,1684598400020,-0.00000176,1816.49154274,MARK_PRICE_PREVIOUS_FALLBACK,1684598400000,20
ETHUSDT,1684627200014,0.0000422,1818.99390598,MARK_PRICE_PREVIOUS_FALLBACK,1684627200000,14
ETHUSDT,1684656000001,-0.00000159,1814.79,MARK_PRICE_PREVIOUS_FALLBACK,1684656000000,1
ETHUSDT,1684684800015,0.00002497,1806.51660684,MARK_PRICE_PREVIOUS_FALLBACK,1684684800000,15
ETHUSDT,1684713600028,0.00002428,1803.77,MARK_PRICE_PREVIOUS_FALLBACK,1684713600000,28
ETHUSDT,1684742400000,0.00005518,1810.30436325,MARK_PRICE_EXACT_OPEN,1684742400000,0
ETHUSDT,1684771200012,0.00009003,1816.12905476,MARK_PRICE_PREVIOUS_FALLBACK,1684771200000,12
ETHUSDT,1684800000006,0.0000279,1817.26,MARK_PRICE_PREVIOUS_FALLBACK,1684800000000,6
ETHUSDT,1684828800014,0.0001,1853.39358547,MARK_PRICE_PREVIOUS_FALLBACK,1684828800000,14
ETHUSDT,1684857600008,0.00007379,1856.31480878,MARK_PRICE_PREVIOUS_FALLBACK,1684857600000,8
ETHUSDT,1684886400000,0.00009078,1853.37,MARK_PRICE_EXACT_OPEN,1684886400000,0
ETHUSDT,1684915200025,0.00001006,1813.61,MARK_PRICE_PREVIOUS_FALLBACK,1684915200000,25
ETHUSDT,1684944000008,0.00004917,1791.66,MARK_PRICE_PREVIOUS_FALLBACK,1684944000000,8
ETHUSDT,1684972800000,0.00001449,1798.84,MARK_PRICE_EXACT_OPEN,1684972800000,0
ETHUSDT,1685001600025,0.00000148,1779.00116471,MARK_PRICE_PREVIOUS_FALLBACK,1685001600000,25
ETHUSDT,1685030400016,0.00006605,1790.69465873,MARK_PRICE_PREVIOUS_FALLBACK,1685030400000,16
ETHUSDT,1685059200000,0.0001,1804.89515079,MARK_PRICE_EXACT_OPEN,1685059200000,0
ETHUSDT,1685088000024,0.00006574,1815.8670754,MARK_PRICE_PREVIOUS_FALLBACK,1685088000000,24
ETHUSDT,1685116800012,0.00003794,1829.9,MARK_PRICE_PREVIOUS_FALLBACK,1685116800000,12
ETHUSDT,1685145600012,0.00006425,1827.34,MARK_PRICE_PREVIOUS_FALLBACK,1685145600000,12
ETHUSDT,1685174400018,0.00004565,1828.89,MARK_PRICE_PREVIOUS_FALLBACK,1685174400000,18
ETHUSDT,1685203200008,-0.0000323,1822.82748679,MARK_PRICE_PREVIOUS_FALLBACK,1685203200000,8
ETHUSDT,1685232000017,-0.0000012,1829.14,MARK_PRICE_PREVIOUS_FALLBACK,1685232000000,17
ETHUSDT,1685260800015,-0.00001086,1846.24088034,MARK_PRICE_PREVIOUS_FALLBACK,1685260800000,15
ETHUSDT,1685289600000,0.00002481,1843.18,MARK_PRICE_EXACT_OPEN,1685289600000,0
ETHUSDT,1685318400000,0.0001,1908.36,MARK_PRICE_EXACT_OPEN,1685318400000,0
ETHUSDT,1685347200020,0.0001,1900.41,MARK_PRICE_PREVIOUS_FALLBACK,1685347200000,20
ETHUSDT,1685376000011,0.0001,1887.9035119,MARK_PRICE_PREVIOUS_FALLBACK,1685376000000,11
ETHUSDT,1685404800003,0.0001,1892.24,MARK_PRICE_PREVIOUS_FALLBACK,1685404800000,3
ETHUSDT,1685433600000,0.0001,1897.75793382,MARK_PRICE_EXACT_OPEN,1685433600000,0
ETHUSDT,1685462400003,0.00004386,1899.24667063,MARK_PRICE_PREVIOUS_FALLBACK,1685462400000,3
ETHUSDT,1685491200013,0.00007951,1899.18131349,MARK_PRICE_PREVIOUS_FALLBACK,1685491200000,13
ETHUSDT,1685520000000,0.00000535,1868.70763095,MARK_PRICE_EXACT_OPEN,1685520000000,0
ETHUSDT,1685548800000,0.00004873,1857.31,MARK_PRICE_EXACT_OPEN,1685548800000,0
ETHUSDT,1685577600008,0.00006731,1874.04878846,MARK_PRICE_PREVIOUS_FALLBACK,1685577600000,8
ETHUSDT,1685606400012,0.00009125,1853.48549573,MARK_PRICE_PREVIOUS_FALLBACK,1685606400000,12
ETHUSDT,1685635200000,0.0001,1862.8,MARK_PRICE_EXACT_OPEN,1685635200000,0
ETHUSDT,1685664000000,0.0000467,1860.68983333,MARK_PRICE_EXACT_OPEN,1685664000000,0
ETHUSDT,1685692800006,0.0001,1885.85,MARK_PRICE_PREVIOUS_FALLBACK,1685692800000,6
ETHUSDT,1685721600012,0.00008252,1891.60498413,MARK_PRICE_PREVIOUS_FALLBACK,1685721600000,12
ETHUSDT,1685750400000,0.0001,1905.7005873,MARK_PRICE_EXACT_OPEN,1685750400000,0
ETHUSDT,1685779200011,0.00007857,1901.6656918,MARK_PRICE_PREVIOUS_FALLBACK,1685779200000,11
ETHUSDT,1685808000003,0.0000095,1902.66508071,MARK_PRICE_PREVIOUS_FALLBACK,1685808000000,3
ETHUSDT,1685836800000,0.00002827,1891.27739683,MARK_PRICE_EXACT_OPEN,1685836800000,0
ETHUSDT,1685865600000,0.00004801,1899.08695635,MARK_PRICE_EXACT_OPEN,1685865600000,0
ETHUSDT,1685894400000,0.00008077,1901.04263492,MARK_PRICE_EXACT_OPEN,1685894400000,0
ETHUSDT,1685923200005,0.00000294,1887.39,MARK_PRICE_PREVIOUS_FALLBACK,1685923200000,5
ETHUSDT,1685952000000,0.00002308,1872.41458547,MARK_PRICE_EXACT_OPEN,1685952000000,0
ETHUSDT,1685980800000,0.00007505,1822.15459127,MARK_PRICE_EXACT_OPEN,1685980800000,0
ETHUSDT,1686009600000,-0.00004896,1809.74703793,MARK_PRICE_EXACT_OPEN,1686009600000,0
ETHUSDT,1686038400009,0.00000199,1813.09,MARK_PRICE_PREVIOUS_FALLBACK,1686038400000,9
ETHUSDT,1686067200013,0.00008581,1843.08,MARK_PRICE_PREVIOUS_FALLBACK,1686067200000,13
ETHUSDT,1686096000000,0.0001,1883.54682002,MARK_PRICE_EXACT_OPEN,1686096000000,0
ETHUSDT,1686124800016,0.0001,1874.99,MARK_PRICE_PREVIOUS_FALLBACK,1686124800000,16
ETHUSDT,1686153600000,0.00002658,1838.28,MARK_PRICE_EXACT_OPEN,1686153600000,0
ETHUSDT,1686182400006,0.00006055,1831.93,MARK_PRICE_PREVIOUS_FALLBACK,1686182400000,6
ETHUSDT,1686211200000,0.00005971,1841.13399112,MARK_PRICE_EXACT_OPEN,1686211200000,0
ETHUSDT,1686240000000,0.0000627,1854.77,MARK_PRICE_EXACT_OPEN,1686240000000,0
ETHUSDT,1686268800000,0.00007287,1844.94,MARK_PRICE_EXACT_OPEN,1686268800000,0
ETHUSDT,1686297600000,0.00000972,1835.3584549,MARK_PRICE_EXACT_OPEN,1686297600000,0
ETHUSDT,1686326400000,0.00007382,1840.78000196,MARK_PRICE_EXACT_OPEN,1686326400000,0
ETHUSDT,1686355200000,0.0000601,1839.65196112,MARK_PRICE_EXACT_OPEN,1686355200000,0
ETHUSDT,1686384000000,0.00005325,1731.41,MARK_PRICE_EXACT_OPEN,1686384000000,0
ETHUSDT,1686412800000,0.00001875,1736.68,MARK_PRICE_EXACT_OPEN,1686412800000,0
ETHUSDT,1686441600001,0.00001783,1749.31,MARK_PRICE_PREVIOUS_FALLBACK,1686441600000,1
ETHUSDT,1686470400000,0.00006332,1752.23,MARK_PRICE_EXACT_OPEN,1686470400000,0
ETHUSDT,1686499200000,0.00002351,1740.15821941,MARK_PRICE_EXACT_OPEN,1686499200000,0
ETHUSDT,1686528000000,0.00007802,1752.08695992,MARK_PRICE_EXACT_OPEN,1686528000000,0
ETHUSDT,1686556800000,0.00009417,1736,MARK_PRICE_EXACT_OPEN,1686556800000,0
ETHUSDT,1686585600001,0.00002839,1731.5,MARK_PRICE_PREVIOUS_FALLBACK,1686585600000,1
ETHUSDT,1686614400000,0.00007468,1741.75168431,MARK_PRICE_EXACT_OPEN,1686614400000,0
ETHUSDT,1686643200000,0.00004944,1747.41074727,MARK_PRICE_EXACT_OPEN,1686643200000,0
ETHUSDT,1686672000000,0.00005417,1729.59,MARK_PRICE_EXACT_OPEN,1686672000000,0
ETHUSDT,1686700800000,0.00009312,1739.4064951,MARK_PRICE_EXACT_OPEN,1686700800000,0
ETHUSDT,1686729600000,0.00001378,1740.52287745,MARK_PRICE_EXACT_OPEN,1686729600000,0
ETHUSDT,1686758400000,0.00002759,1740.1608098,MARK_PRICE_EXACT_OPEN,1686758400000,0
ETHUSDT,1686787200000,-0.00007479,1650.18,MARK_PRICE_EXACT_OPEN,1686787200000,0
ETHUSDT,1686816000000,-0.00008236,1639.31,MARK_PRICE_EXACT_OPEN,1686816000000,0
ETHUSDT,1686844800000,0.00003041,1641.64,MARK_PRICE_EXACT_OPEN,1686844800000,0
ETHUSDT,1686873600000,-0.00008034,1665.76569412,MARK_PRICE_EXACT_OPEN,1686873600000,0
ETHUSDT,1686902400000,-0.0000517,1670.31,MARK_PRICE_EXACT_OPEN,1686902400000,0
ETHUSDT,1686931200000,-0.00001294,1681.64,MARK_PRICE_EXACT_OPEN,1686931200000,0
ETHUSDT,1686960000000,0.00006711,1717.31,MARK_PRICE_EXACT_OPEN,1686960000000,0
ETHUSDT,1686988800000,0.0001,1743.96671569,MARK_PRICE_EXACT_OPEN,1686988800000,0
ETHUSDT,1687017600000,-0.00000145,1727.0303,MARK_PRICE_EXACT_OPEN,1687017600000,0
ETHUSDT,1687046400000,-0.00000719,1727.19,MARK_PRICE_EXACT_OPEN,1687046400000,0
ETHUSDT,1687075200000,-0.00000865,1729.5,MARK_PRICE_EXACT_OPEN,1687075200000,0
ETHUSDT,1687104000000,0.00005296,1737.16,MARK_PRICE_EXACT_OPEN,1687104000000,0
ETHUSDT,1687132800000,0.00003436,1720.17538285,MARK_PRICE_EXACT_OPEN,1687132800000,0
ETHUSDT,1687161600000,0.00005597,1723.7,MARK_PRICE_EXACT_OPEN,1687161600000,0
ETHUSDT,1687190400000,0.00002962,1720.81,MARK_PRICE_EXACT_OPEN,1687190400000,0
ETHUSDT,1687219200001,0.0000335,1736.27040588,MARK_PRICE_PREVIOUS_FALLBACK,1687219200000,1
ETHUSDT,1687248000000,-0.00002167,1729.11,MARK_PRICE_EXACT_OPEN,1687248000000,0
ETHUSDT,1687276800000,0.00002359,1731.76,MARK_PRICE_EXACT_OPEN,1687276800000,0
ETHUSDT,1687305600000,0.0001,1791.38,MARK_PRICE_EXACT_OPEN,1687305600000,0
ETHUSDT,1687334400000,0.00001018,1812.08294616,MARK_PRICE_EXACT_OPEN,1687334400000,0
ETHUSDT,1687363200000,-0.00000236,1849.15669118,MARK_PRICE_EXACT_OPEN,1687363200000,0
ETHUSDT,1687392000000,0.0001,1888.64618824,MARK_PRICE_EXACT_OPEN,1687392000000,0
ETHUSDT,1687420800001,0.0001,1910.6,MARK_PRICE_PREVIOUS_FALLBACK,1687420800000,1
ETHUSDT,1687449600000,0.0001,1876.59,MARK_PRICE_EXACT_OPEN,1687449600000,0
ETHUSDT,1687478400000,0.0001,1871.36,MARK_PRICE_EXACT_OPEN,1687478400000,0
ETHUSDT,1687507200000,0.0001,1879.92500588,MARK_PRICE_EXACT_OPEN,1687507200000,0
ETHUSDT,1687536000000,0.00004288,1917.09,MARK_PRICE_EXACT_OPEN,1687536000000,0
ETHUSDT,1687564800000,0.0001,1892.2,MARK_PRICE_EXACT_OPEN,1687564800000,0
ETHUSDT,1687593600000,0.0001,1882.24,MARK_PRICE_EXACT_OPEN,1687593600000,0
ETHUSDT,1687622400000,0.00003414,1873.34171078,MARK_PRICE_EXACT_OPEN,1687622400000,0
ETHUSDT,1687651200000,0.0001,1874.48,MARK_PRICE_EXACT_OPEN,1687651200000,0
ETHUSDT,1687680000000,0.0001,1910.93066275,MARK_PRICE_EXACT_OPEN,1687680000000,0
ETHUSDT,1687708800000,0.0001,1885.58303431,MARK_PRICE_EXACT_OPEN,1687708800000,0
ETHUSDT,1687737600000,0.0001,1898.08,MARK_PRICE_EXACT_OPEN,1687737600000,0
ETHUSDT,1687766400000,0.00007153,1891.58109608,MARK_PRICE_EXACT_OPEN,1687766400000,0
ETHUSDT,1687795200000,0.00007038,1888.59,MARK_PRICE_EXACT_OPEN,1687795200000,0
ETHUSDT,1687824000000,0.00004477,1858.14,MARK_PRICE_EXACT_OPEN,1687824000000,0
ETHUSDT,1687852800000,0.00006237,1875.01,MARK_PRICE_EXACT_OPEN,1687852800000,0
ETHUSDT,1687881600000,0.00001184,1870.4,MARK_PRICE_EXACT_OPEN,1687881600000,0
ETHUSDT,1687910400000,0.0001,1889.05,MARK_PRICE_EXACT_OPEN,1687910400000,0
ETHUSDT,1687939200000,0.00002202,1849.91206751,MARK_PRICE_EXACT_OPEN,1687939200000,0
ETHUSDT,1687968000000,0.00003873,1858.79,MARK_PRICE_EXACT_OPEN,1687968000000,0
ETHUSDT,1687996800000,0.00001497,1827.26,MARK_PRICE_EXACT_OPEN,1687996800000,0
ETHUSDT,1688025600000,0.00001188,1846.53528431,MARK_PRICE_EXACT_OPEN,1688025600000,0
ETHUSDT,1688054400000,0.0001,1851.29,MARK_PRICE_EXACT_OPEN,1688054400000,0
ETHUSDT,1688083200000,0.00003965,1851.19,MARK_PRICE_EXACT_OPEN,1688083200000,0
ETHUSDT,1688112000000,0.0001,1886.84,MARK_PRICE_EXACT_OPEN,1688112000000,0
ETHUSDT,1688140800001,0.0001,1850.96435021,MARK_PRICE_PREVIOUS_FALLBACK,1688140800000,1
ETHUSDT,1688169600000,0.0001,1933.42,MARK_PRICE_EXACT_OPEN,1688169600000,0
ETHUSDT,1688198400000,0.0001,1919.7677616,MARK_PRICE_EXACT_OPEN,1688198400000,0
ETHUSDT,1688227200000,0.0001,1922.19809494,MARK_PRICE_EXACT_OPEN,1688227200000,0
ETHUSDT,1688256000000,0.0001,1924.08,MARK_PRICE_EXACT_OPEN,1688256000000,0
ETHUSDT,1688284800000,0.0001,1914.24079104,MARK_PRICE_EXACT_OPEN,1688284800000,0
ETHUSDT,1688313600001,0.0001,1918,MARK_PRICE_PREVIOUS_FALLBACK,1688313600000,1
ETHUSDT,1688342400000,0.0001,1937.69,MARK_PRICE_EXACT_OPEN,1688342400000,0
ETHUSDT,1688371200000,0.0001,1967.82237059,MARK_PRICE_EXACT_OPEN,1688371200000,0
ETHUSDT,1688400000000,0.0001,1968.10810338,MARK_PRICE_EXACT_OPEN,1688400000000,0
ETHUSDT,1688428800001,0.0001,1954.16273744,MARK_PRICE_PREVIOUS_FALLBACK,1688428800000,1
ETHUSDT,1688457600000,0.0001,1948.44580696,MARK_PRICE_EXACT_OPEN,1688457600000,0
ETHUSDT,1688486400000,0.0001,1953.88,MARK_PRICE_EXACT_OPEN,1688486400000,0
ETHUSDT,1688515200000,0.0001,1935.72,MARK_PRICE_EXACT_OPEN,1688515200000,0
ETHUSDT,1688544000000,0.0001,1936.13,MARK_PRICE_EXACT_OPEN,1688544000000,0
ETHUSDT,1688572800000,0.0001,1902.02,MARK_PRICE_EXACT_OPEN,1688572800000,0
ETHUSDT,1688601600000,0.0001,1909.88,MARK_PRICE_EXACT_OPEN,1688601600000,0
ETHUSDT,1688630400000,0.0001,1924.31005882,MARK_PRICE_EXACT_OPEN,1688630400000,0
ETHUSDT,1688659200000,0.00002778,1887.71158431,MARK_PRICE_EXACT_OPEN,1688659200000,0
ETHUSDT,1688688000000,0.00007449,1845.05401373,MARK_PRICE_EXACT_OPEN,1688688000000,0
ETHUSDT,1688716800000,0.00003362,1855.57136709,MARK_PRICE_EXACT_OPEN,1688716800000,0
ETHUSDT,1688745600000,0.00002585,1871.28,MARK_PRICE_EXACT_OPEN,1688745600000,0
ETHUSDT,1688774400000,0.00003796,1870.00878039,MARK_PRICE_EXACT_OPEN,1688774400000,0
ETHUSDT,1688803200000,0.00001339,1860.76801569,MARK_PRICE_EXACT_OPEN,1688803200000,0
ETHUSDT,1688832000000,-0.00000417,1858.37648961,MARK_PRICE_EXACT_OPEN,1688832000000,0
ETHUSDT,1688860800000,0.00003226,1864.55808039,MARK_PRICE_EXACT_OPEN,1688860800000,0
ETHUSDT,1688889600000,0.00002878,1866.48429412,MARK_PRICE_EXACT_OPEN,1688889600000,0
ETHUSDT,1688918400000,0.0000318,1865.52,MARK_PRICE_EXACT_OPEN,1688918400000,0
ETHUSDT,1688947200000,0.00002726,1862.01276371,MARK_PRICE_EXACT_OPEN,1688947200000,0
ETHUSDT,1688976000000,0.00004524,1855.42,MARK_PRICE_EXACT_OPEN,1688976000000,0
ETHUSDT,1689004800000,0.00007179,1870.26276667,MARK_PRICE_EXACT_OPEN,1689004800000,0
ETHUSDT,1689033600000,0.00009527,1879.49236498,MARK_PRICE_EXACT_OPEN,1689033600000,0
ETHUSDT,1689062400000,0.00007653,1882.39,MARK_PRICE_EXACT_OPEN,1689062400000,0
ETHUSDT,1689091200000,0.00002549,1871.12,MARK_PRICE_EXACT_OPEN,1689091200000,0
ETHUSDT,1689120000000,0.0000829,1877.65,MARK_PRICE_EXACT_OPEN,1689120000000,0
ETHUSDT,1689148800000,0.0001,1890,MARK_PRICE_EXACT_OPEN,1689148800000,0
ETHUSDT,1689177600000,0.0000732,1882.73303376,MARK_PRICE_EXACT_OPEN,1689177600000,0
ETHUSDT,1689206400000,-0.00000822,1870.92170886,MARK_PRICE_EXACT_OPEN,1689206400000,0
ETHUSDT,1689235200000,0.00005591,1869.71,MARK_PRICE_EXACT_OPEN,1689235200000,0
ETHUSDT,1689264000000,-0.0000455,1931,MARK_PRICE_EXACT_OPEN,1689264000000,0
ETHUSDT,1689292800000,0.0001,2004.55356275,MARK_PRICE_EXACT_OPEN,1689292800000,0
ETHUSDT,1689321600000,0.0001,1991.49,MARK_PRICE_EXACT_OPEN,1689321600000,0
ETHUSDT,1689350400000,0.0001,1998.32483922,MARK_PRICE_EXACT_OPEN,1689350400000,0
ETHUSDT,1689379200000,-0.00000131,1936.66636078,MARK_PRICE_EXACT_OPEN,1689379200000,0
ETHUSDT,1689408000000,0.0000811,1940.82948431,MARK_PRICE_EXACT_OPEN,1689408000000,0
ETHUSDT,1689436800000,0.00008792,1933.85809412,MARK_PRICE_EXACT_OPEN,1689436800000,0
ETHUSDT,1689465600001,0.00005641,1930.55403255,MARK_PRICE_PREVIOUS_FALLBACK,1689465600000,1
ETHUSDT,1689494400000,0.00004632,1924.55313683,MARK_PRICE_EXACT_OPEN,1689494400000,0
ETHUSDT,1689523200000,0.00004081,1936.06336078,MARK_PRICE_EXACT_OPEN,1689523200000,0
ETHUSDT,1689552000000,0.00002809,1921.13,MARK_PRICE_EXACT_OPEN,1689552000000,0
ETHUSDT,1689580800000,0.00002313,1927.99,MARK_PRICE_EXACT_OPEN,1689580800000,0
ETHUSDT,1689609600000,0.00003963,1907.79726275,MARK_PRICE_EXACT_OPEN,1689609600000,0
ETHUSDT,1689638400000,0.00006696,1910.36,MARK_PRICE_EXACT_OPEN,1689638400000,0
ETHUSDT,1689667200000,0.00008539,1897.95,MARK_PRICE_EXACT_OPEN,1689667200000,0
ETHUSDT,1689696000000,0.00007161,1896.53060588,MARK_PRICE_EXACT_OPEN,1689696000000,0
ETHUSDT,1689724800000,0.00006538,1896.64911569,MARK_PRICE_EXACT_OPEN,1689724800000,0
ETHUSDT,1689753600000,0.0001,1908.00768431,MARK_PRICE_EXACT_OPEN,1689753600000,0
ETHUSDT,1689782400001,0.00009161,1905.85,MARK_PRICE_PREVIOUS_FALLBACK,1689782400000,1
ETHUSDT,1689811200000,-0.00000241,1887.61338627,MARK_PRICE_EXACT_OPEN,1689811200000,0
ETHUSDT,1689840000000,0.00009217,1911.69,MARK_PRICE_EXACT_OPEN,1689840000000,0
ETHUSDT,1689868800000,0.0001,1887.47794706,MARK_PRICE_EXACT_OPEN,1689868800000,0
ETHUSDT,1689897600001,0.00001798,1890.75,MARK_PRICE_PREVIOUS_FALLBACK,1689897600000,1
ETHUSDT,1689926400000,0.00000473,1888.34,MARK_PRICE_EXACT_OPEN,1689926400000,0
ETHUSDT,1689955200000,0.00007376,1890.16215294,MARK_PRICE_EXACT_OPEN,1689955200000,0
ETHUSDT,1689984000000,0.00005769,1890.84,MARK_PRICE_EXACT_OPEN,1689984000000,0
ETHUSDT,1690012800000,-0.00000415,1890.79612063,MARK_PRICE_EXACT_OPEN,1690012800000,0
ETHUSDT,1690041600000,0.00001649,1888.07,MARK_PRICE_EXACT_OPEN,1690041600000,0
ETHUSDT,1690070400000,0.00001578,1865.6,MARK_PRICE_EXACT_OPEN,1690070400000,0
ETHUSDT,1690099200000,0.00003411,1874.12198431,MARK_PRICE_EXACT_OPEN,1690099200000,0
ETHUSDT,1690128000000,0.00005404,1873.25,MARK_PRICE_EXACT_OPEN,1690128000000,0
ETHUSDT,1690156800000,0.0001,1887.92033529,MARK_PRICE_EXACT_OPEN,1690156800000,0
ETHUSDT,1690185600000,-8e-7,1874.18,MARK_PRICE_EXACT_OPEN,1690185600000,0
ETHUSDT,1690214400000,0.00007167,1842.43093529,MARK_PRICE_EXACT_OPEN,1690214400000,0
ETHUSDT,1690243200000,0.00008389,1849.03,MARK_PRICE_EXACT_OPEN,1690243200000,0
ETHUSDT,1690272000000,0.0001,1849.89,MARK_PRICE_EXACT_OPEN,1690272000000,0
ETHUSDT,1690300800000,0.0000749,1856.93227059,MARK_PRICE_EXACT_OPEN,1690300800000,0
ETHUSDT,1690329600000,0.00009056,1856.9,MARK_PRICE_EXACT_OPEN,1690329600000,0
ETHUSDT,1690358400001,0.00006753,1852.51,MARK_PRICE_PREVIOUS_FALLBACK,1690358400000,1
ETHUSDT,1690387200000,0.00009889,1859.89358039,MARK_PRICE_EXACT_OPEN,1690387200000,0
ETHUSDT,1690416000000,0.0001,1871.16138824,MARK_PRICE_EXACT_OPEN,1690416000000,0
ETHUSDT,1690444800000,0.00008145,1871.10643038,MARK_PRICE_EXACT_OPEN,1690444800000,0
ETHUSDT,1690473600001,0.00003967,1867.8,MARK_PRICE_PREVIOUS_FALLBACK,1690473600000,1
ETHUSDT,1690502400000,0.0000495,1860.51801939,MARK_PRICE_EXACT_OPEN,1690502400000,0
ETHUSDT,1690531200000,0.0000536,1858.55239241,MARK_PRICE_EXACT_OPEN,1690531200000,0
ETHUSDT,1690560000000,0.00009408,1874.74,MARK_PRICE_EXACT_OPEN,1690560000000,0
ETHUSDT,1690588800000,0.0001,1873.48255696,MARK_PRICE_EXACT_OPEN,1690588800000,0
ETHUSDT,1690617600000,0.00001485,1871.40543553,MARK_PRICE_EXACT_OPEN,1690617600000,0
ETHUSDT,1690646400001,0.0001,1872.16,MARK_PRICE_PREVIOUS_FALLBACK,1690646400000,1
ETHUSDT,1690675200000,0.0001,1879.86,MARK_PRICE_EXACT_OPEN,1690675200000,0
ETHUSDT,1690704000000,0.00001949,1874.41670709,MARK_PRICE_EXACT_OPEN,1690704000000,0
ETHUSDT,1690732800000,0.00003686,1875.40972353,MARK_PRICE_EXACT_OPEN,1690732800000,0
ETHUSDT,1690761600000,4.9e-7,1860.76,MARK_PRICE_EXACT_OPEN,1690761600000,0
ETHUSDT,1690790400000,0.0000017,1864.24716078,MARK_PRICE_EXACT_OPEN,1690790400000,0
ETHUSDT,1690819200001,0.00004221,1856.1695098,MARK_PRICE_PREVIOUS_FALLBACK,1690819200000,1
ETHUSDT,1690848000000,0.00008008,1855.39,MARK_PRICE_EXACT_OPEN,1690848000000,0
ETHUSDT,1690876800000,0.0000303,1833.25835394,MARK_PRICE_EXACT_OPEN,1690876800000,0
ETHUSDT,1690905600000,0.0001,1834.24,MARK_PRICE_EXACT_OPEN,1690905600000,0
ETHUSDT,1690934400000,0.0001,1873.18729118,MARK_PRICE_EXACT_OPEN,1690934400000,0
ETHUSDT,1690963200000,0.0001,1856.30092549,MARK_PRICE_EXACT_OPEN,1690963200000,0
ETHUSDT,1690992000000,0.0001,1841.9638098,MARK_PRICE_EXACT_OPEN,1690992000000,0
ETHUSDT,1691020800000,0.0001,1839.28853922,MARK_PRICE_EXACT_OPEN,1691020800000,0
ETHUSDT,1691049600000,0.0001,1831.601,MARK_PRICE_EXACT_OPEN,1691049600000,0
ETHUSDT,1691078400001,0.0001,1839.6,MARK_PRICE_PREVIOUS_FALLBACK,1691078400000,1
ETHUSDT,1691107200000,0.0001,1834.8783998,MARK_PRICE_EXACT_OPEN,1691107200000,0
ETHUSDT,1691136000000,0.0000483,1836.98294616,MARK_PRICE_EXACT_OPEN,1691136000000,0
ETHUSDT,1691164800000,0.0001,1846.6,MARK_PRICE_EXACT_OPEN,1691164800000,0
ETHUSDT,1691193600000,0.00006861,1829.6086989,MARK_PRICE_EXACT_OPEN,1691193600000,0
ETHUSDT,1691222400000,0.0000922,1830.29,MARK_PRICE_EXACT_OPEN,1691222400000,0
ETHUSDT,1691251200001,0.0001,1832.95494314,MARK_PRICE_PREVIOUS_FALLBACK,1691251200000,1
ETHUSDT,1691280000000,0.0001,1835.60966594,MARK_PRICE_EXACT_OPEN,1691280000000,0
ETHUSDT,1691308800001,0.00006951,1833.72176671,MARK_PRICE_PREVIOUS_FALLBACK,1691308800000,1
ETHUSDT,1691337600005,0.00004934,1828.46,MARK_PRICE_PREVIOUS_FALLBACK,1691337600000,5
ETHUSDT,1691366400000,0.0001,1829.4883787,MARK_PRICE_EXACT_OPEN,1691366400000,0
ETHUSDT,1691395200000,0.00009331,1836.23182745,MARK_PRICE_EXACT_OPEN,1691395200000,0
ETHUSDT,1691424000000,0.0001,1817.66,MARK_PRICE_EXACT_OPEN,1691424000000,0
ETHUSDT,1691452800000,0.00006695,1828.39127795,MARK_PRICE_EXACT_OPEN,1691452800000,0
ETHUSDT,1691481600000,0.0001,1829.82401373,MARK_PRICE_EXACT_OPEN,1691481600000,0
ETHUSDT,1691510400000,0.00004942,1842.51193922,MARK_PRICE_EXACT_OPEN,1691510400000,0
ETHUSDT,1691539200000,0.0001,1855.44786275,MARK_PRICE_EXACT_OPEN,1691539200000,0
ETHUSDT,1691568000000,0.00001575,1860.69291765,MARK_PRICE_EXACT_OPEN,1691568000000,0
ETHUSDT,1691596800000,0.00006699,1852.24175294,MARK_PRICE_EXACT_OPEN,1691596800000,0
ETHUSDT,1691625600001,0.00008799,1854.60629212,MARK_PRICE_PREVIOUS_FALLBACK,1691625600000,1
ETHUSDT,1691654400000,0.00009807,1850.42,MARK_PRICE_EXACT_OPEN,1691654400000,0
ETHUSDT,1691683200000,0.00008989,1853.16,MARK_PRICE_EXACT_OPEN,1691683200000,0
ETHUSDT,1691712000000,0.00003796,1851.58343336,MARK_PRICE_EXACT_OPEN,1691712000000,0
ETHUSDT,1691740800000,0.00000702,1848.22,MARK_PRICE_EXACT_OPEN,1691740800000,0
ETHUSDT,1691769600000,0.00004072,1845.03,MARK_PRICE_EXACT_OPEN,1691769600000,0
ETHUSDT,1691798400000,0.00006253,1848.06285294,MARK_PRICE_EXACT_OPEN,1691798400000,0
ETHUSDT,1691827200000,0.00004437,1849.76,MARK_PRICE_EXACT_OPEN,1691827200000,0
ETHUSDT,1691856000000,0.00006868,1850.12,MARK_PRICE_EXACT_OPEN,1691856000000,0
ETHUSDT,1691884800000,0.0000565,1849.14,MARK_PRICE_EXACT_OPEN,1691884800000,0
ETHUSDT,1691913600000,0.00003083,1848.95,MARK_PRICE_EXACT_OPEN,1691913600000,0
ETHUSDT,1691942400000,0.00009458,1847.41559701,MARK_PRICE_EXACT_OPEN,1691942400000,0
ETHUSDT,1691971200001,0.0001,1839.54028002,MARK_PRICE_PREVIOUS_FALLBACK,1691971200000,1
ETHUSDT,1692000000000,0.0001,1849.04555251,MARK_PRICE_EXACT_OPEN,1692000000000,0
ETHUSDT,1692028800000,0.00009882,1852.69,MARK_PRICE_EXACT_OPEN,1692028800000,0
ETHUSDT,1692057600001,0.00007579,1844.47787439,MARK_PRICE_PREVIOUS_FALLBACK,1692057600000,1
ETHUSDT,1692086400000,0.00009894,1843.01235963,MARK_PRICE_EXACT_OPEN,1692086400000,0
ETHUSDT,1692115200000,0.00008909,1839.60858431,MARK_PRICE_EXACT_OPEN,1692115200000,0
ETHUSDT,1692144000000,0.00007286,1828.29659901,MARK_PRICE_EXACT_OPEN,1692144000000,0
ETHUSDT,1692172800001,0.00009487,1826.61045098,MARK_PRICE_PREVIOUS_FALLBACK,1692172800000,1
ETHUSDT,1692201600000,0.0001,1819.96224118,MARK_PRICE_EXACT_OPEN,1692201600000,0
ETHUSDT,1692230400000,0.0001,1807.19,MARK_PRICE_EXACT_OPEN,1692230400000,0
ETHUSDT,1692259200000,0.00007426,1799.40189804,MARK_PRICE_EXACT_OPEN,1692259200000,0
ETHUSDT,1692288000000,0.00007146,1738.41352745,MARK_PRICE_EXACT_OPEN,1692288000000,0
ETHUSDT,1692316800000,-0.00017498,1681.11232941,MARK_PRICE_EXACT_OPEN,1692316800000,0
ETHUSDT,1692345600000,0.00008602,1689.68,MARK_PRICE_EXACT_OPEN,1692345600000,0
ETHUSDT,1692374400000,0.00002951,1660.12391176,MARK_PRICE_EXACT_OPEN,1692374400000,0
ETHUSDT,1692403200000,-0.0000458,1660.76,MARK_PRICE_EXACT_OPEN,1692403200000,0
ETHUSDT,1692432000000,-0.00007861,1660.29,MARK_PRICE_EXACT_OPEN,1692432000000,0
ETHUSDT,1692460800000,-0.00008349,1682.39,MARK_PRICE_EXACT_OPEN,1692460800000,0
ETHUSDT,1692489600000,-0.00011445,1668.72638738,MARK_PRICE_EXACT_OPEN,1692489600000,0
ETHUSDT,1692518400000,-0.00009092,1664.99096078,MARK_PRICE_EXACT_OPEN,1692518400000,0
ETHUSDT,1692547200000,-0.00001625,1670.45,MARK_PRICE_EXACT_OPEN,1692547200000,0
ETHUSDT,1692576000000,-0.0000401,1684.15,MARK_PRICE_EXACT_OPEN,1692576000000,0
ETHUSDT,1692604800000,-0.00004365,1670.96,MARK_PRICE_EXACT_OPEN,1692604800000,0
ETHUSDT,1692633600000,0.00000592,1656.81660784,MARK_PRICE_EXACT_OPEN,1692633600000,0
ETHUSDT,1692662400000,0.00003645,1666.79289631,MARK_PRICE_EXACT_OPEN,1692662400000,0
ETHUSDT,1692691200000,-0.00006552,1665.72162589,MARK_PRICE_EXACT_OPEN,1692691200000,0
ETHUSDT,1692720000000,-0.00003757,1649.28476863,MARK_PRICE_EXACT_OPEN,1692720000000,0
ETHUSDT,1692748800000,-0.00002059,1634.32,MARK_PRICE_EXACT_OPEN,1692748800000,0
ETHUSDT,1692777600000,-0.0000016,1644.54,MARK_PRICE_EXACT_OPEN,1692777600000,0
ETHUSDT,1692806400000,0.00000334,1656.54,MARK_PRICE_EXACT_OPEN,1692806400000,0
ETHUSDT,1692835200000,0.00002659,1679.10039873,MARK_PRICE_EXACT_OPEN,1692835200000,0
ETHUSDT,1692864000000,-0.00000957,1673.82491042,MARK_PRICE_EXACT_OPEN,1692864000000,0
ETHUSDT,1692892800000,-0.00001897,1642.77,MARK_PRICE_EXACT_OPEN,1692892800000,0
ETHUSDT,1692921600000,-0.00002692,1660.23863137,MARK_PRICE_EXACT_OPEN,1692921600000,0
ETHUSDT,1692950400000,-0.00001529,1650.54,MARK_PRICE_EXACT_OPEN,1692950400000,0
ETHUSDT,1692979200000,0.00000498,1645.50068431,MARK_PRICE_EXACT_OPEN,1692979200000,0
ETHUSDT,1693008000000,0.0000356,1653.25,MARK_PRICE_EXACT_OPEN,1693008000000,0
ETHUSDT,1693036800000,-5.5e-7,1652.12,MARK_PRICE_EXACT_OPEN,1693036800000,0
ETHUSDT,1693065600000,-0.00006303,1650.66960655,MARK_PRICE_EXACT_OPEN,1693065600000,0
ETHUSDT,1693094400000,0.00000399,1646.29,MARK_PRICE_EXACT_OPEN,1693094400000,0
ETHUSDT,1693123200000,0.00001535,1647.81,MARK_PRICE_EXACT_OPEN,1693123200000,0
ETHUSDT,1693152000000,0.00002696,1654.67,MARK_PRICE_EXACT_OPEN,1693152000000,0
ETHUSDT,1693180800000,-0.00000176,1657.60694314,MARK_PRICE_EXACT_OPEN,1693180800000,0
ETHUSDT,1693209600001,-0.0000485,1640.78727843,MARK_PRICE_PREVIOUS_FALLBACK,1693209600000,1
ETHUSDT,1693238400001,0.00005739,1647.03762745,MARK_PRICE_PREVIOUS_FALLBACK,1693238400000,1
ETHUSDT,1693267200000,0.00003145,1652.5,MARK_PRICE_EXACT_OPEN,1693267200000,0
ETHUSDT,1693296000000,0.00001139,1646.76393235,MARK_PRICE_EXACT_OPEN,1693296000000,0
ETHUSDT,1693324800000,-0.0001273,1715.44223529,MARK_PRICE_EXACT_OPEN,1693324800000,0
ETHUSDT,1693353600000,0.00007488,1728.79752954,MARK_PRICE_EXACT_OPEN,1693353600000,0
ETHUSDT,1693382400000,0.00007249,1716.91,MARK_PRICE_EXACT_OPEN,1693382400000,0
ETHUSDT,1693411200000,0.00004644,1703.01682941,MARK_PRICE_EXACT_OPEN,1693411200000,0
ETHUSDT,1693440000000,0.00003628,1704.38,MARK_PRICE_EXACT_OPEN,1693440000000,0
ETHUSDT,1693468800000,0.00005955,1705.74081961,MARK_PRICE_EXACT_OPEN,1693468800000,0
ETHUSDT,1693497600000,0.00002375,1688.23,MARK_PRICE_EXACT_OPEN,1693497600000,0
ETHUSDT,1693526400000,0.00003532,1645.27,MARK_PRICE_EXACT_OPEN,1693526400000,0
ETHUSDT,1693555200000,-0.00001812,1645.44,MARK_PRICE_EXACT_OPEN,1693555200000,0
ETHUSDT,1693584000001,0.00002457,1634.11,MARK_PRICE_PREVIOUS_FALLBACK,1693584000000,1
ETHUSDT,1693612800000,0.00000805,1628.19,MARK_PRICE_EXACT_OPEN,1693612800000,0
ETHUSDT,1693641600000,-0.00001621,1630.70872656,MARK_PRICE_EXACT_OPEN,1693641600000,0
ETHUSDT,1693670400000,0.00000605,1637.96,MARK_PRICE_EXACT_OPEN,1693670400000,0
ETHUSDT,1693699200000,0.0000139,1636.32415401,MARK_PRICE_EXACT_OPEN,1693699200000,0
ETHUSDT,1693728000000,-0.00002475,1634.95,MARK_PRICE_EXACT_OPEN,1693728000000,0
ETHUSDT,1693756800000,-0.00000621,1632.23953122,MARK_PRICE_EXACT_OPEN,1693756800000,0
ETHUSDT,1693785600000,-7.5e-7,1635.02,MARK_PRICE_EXACT_OPEN,1693785600000,0
ETHUSDT,1693814400000,-0.00007752,1638.07,MARK_PRICE_EXACT_OPEN,1693814400000,0
ETHUSDT,1693843200000,0.0000098,1625.33,MARK_PRICE_EXACT_OPEN,1693843200000,0
ETHUSDT,1693872000000,0.00003126,1630.09,MARK_PRICE_EXACT_OPEN,1693872000000,0
ETHUSDT,1693900800000,0.0000029,1624.33,MARK_PRICE_EXACT_OPEN,1693900800000,0
ETHUSDT,1693929600000,0.00000977,1636.04,MARK_PRICE_EXACT_OPEN,1693929600000,0
ETHUSDT,1693958400000,0.0000288,1633.64651055,MARK_PRICE_EXACT_OPEN,1693958400000,0
ETHUSDT,1693987200000,-0.00003144,1628.42,MARK_PRICE_EXACT_OPEN,1693987200000,0
ETHUSDT,1694016000001,0.00005701,1622.00037009,MARK_PRICE_PREVIOUS_FALLBACK,1694016000000,1
ETHUSDT,1694044800000,0.00004502,1632.33,MARK_PRICE_EXACT_OPEN,1694044800000,0
ETHUSDT,1694073600000,0.00007831,1635.18426863,MARK_PRICE_EXACT_OPEN,1694073600000,0
ETHUSDT,1694102400000,0.00004354,1629.82271765,MARK_PRICE_EXACT_OPEN,1694102400000,0
ETHUSDT,1694131200000,0.00005596,1647.32015098,MARK_PRICE_EXACT_OPEN,1694131200000,0
ETHUSDT,1694160000000,0.00002685,1646.09,MARK_PRICE_EXACT_OPEN,1694160000000,0
ETHUSDT,1694188800000,0.00002497,1627.89,MARK_PRICE_EXACT_OPEN,1694188800000,0
ETHUSDT,1694217600000,0.00005008,1635.78,MARK_PRICE_EXACT_OPEN,1694217600000,0
ETHUSDT,1694246400000,0.00002832,1633.73,MARK_PRICE_EXACT_OPEN,1694246400000,0
ETHUSDT,1694275200000,0.00004629,1634.47,MARK_PRICE_EXACT_OPEN,1694275200000,0
ETHUSDT,1694304000000,0.00003947,1634.8,MARK_PRICE_EXACT_OPEN,1694304000000,0
ETHUSDT,1694332800000,0.00001527,1624.16532941,MARK_PRICE_EXACT_OPEN,1694332800000,0
ETHUSDT,1694361600000,0.00000775,1619.04154923,MARK_PRICE_EXACT_OPEN,1694361600000,0
ETHUSDT,1694390400000,0.00004838,1616.63353529,MARK_PRICE_EXACT_OPEN,1694390400000,0
ETHUSDT,1694419200000,0.00005747,1611.56713161,MARK_PRICE_EXACT_OPEN,1694419200000,0
ETHUSDT,1694448000001,-0.00000625,1562.06891373,MARK_PRICE_PREVIOUS_FALLBACK,1694448000000,1
ETHUSDT,1694476800000,-0.00004991,1551.16731961,MARK_PRICE_EXACT_OPEN,1694476800000,0
ETHUSDT,1694505600000,-0.00002671,1579.25001176,MARK_PRICE_EXACT_OPEN,1694505600000,0
ETHUSDT,1694534400000,-0.00000144,1602.99,MARK_PRICE_EXACT_OPEN,1694534400000,0
ETHUSDT,1694563200000,0.00002004,1592.29,MARK_PRICE_EXACT_OPEN,1694563200000,0
ETHUSDT,1694592000000,-0.0000326,1583.76533529,MARK_PRICE_EXACT_OPEN,1694592000000,0
ETHUSDT,1694620800000,0.0000387,1607.34053922,MARK_PRICE_EXACT_OPEN,1694620800000,0
ETHUSDT,1694649600000,-0.0000364,1606.68,MARK_PRICE_EXACT_OPEN,1694649600000,0
ETHUSDT,1694678400001,0.00003172,1619.64581275,MARK_PRICE_PREVIOUS_FALLBACK,1694678400000,1
ETHUSDT,1694707200000,-0.0000056,1634.02,MARK_PRICE_EXACT_OPEN,1694707200000,0
ETHUSDT,1694736000000,0.00000726,1625.66,MARK_PRICE_EXACT_OPEN,1694736000000,0
ETHUSDT,1694764800000,-0.00002473,1627.18,MARK_PRICE_EXACT_OPEN,1694764800000,0
ETHUSDT,1694793600000,0.00003877,1618.63461765,MARK_PRICE_EXACT_OPEN,1694793600000,0
ETHUSDT,1694822400000,0.0001,1640.69,MARK_PRICE_EXACT_OPEN,1694822400000,0
ETHUSDT,1694851200000,0.0000093,1636.21,MARK_PRICE_EXACT_OPEN,1694851200000,0
ETHUSDT,1694880000000,0.00000224,1633.66205997,MARK_PRICE_EXACT_OPEN,1694880000000,0
ETHUSDT,1694908800000,0.00002272,1633.71556471,MARK_PRICE_EXACT_OPEN,1694908800000,0
ETHUSDT,1694937600000,-0.00000941,1627.04491176,MARK_PRICE_EXACT_OPEN,1694937600000,0
ETHUSDT,1694966400000,0.00004182,1628.71440588,MARK_PRICE_EXACT_OPEN,1694966400000,0
ETHUSDT,1694995200000,0.00000622,1621.70757451,MARK_PRICE_EXACT_OPEN,1694995200000,0
ETHUSDT,1695024000000,0.00001365,1633.2527384,MARK_PRICE_EXACT_OPEN,1695024000000,0
ETHUSDT,1695052800000,0.00002976,1654.69,MARK_PRICE_EXACT_OPEN,1695052800000,0
ETHUSDT,1695081600000,-0.00001298,1635.93802954,MARK_PRICE_EXACT_OPEN,1695081600000,0
ETHUSDT,1695110400001,-0.00001248,1636.05193038,MARK_PRICE_PREVIOUS_FALLBACK,1695110400000,1
ETHUSDT,1695139200000,0.00001153,1656.33,MARK_PRICE_EXACT_OPEN,1695139200000,0
ETHUSDT,1695168000000,0.00004614,1642.49,MARK_PRICE_EXACT_OPEN,1695168000000,0
ETHUSDT,1695196800000,0.00002387,1633.84,MARK_PRICE_EXACT_OPEN,1695196800000,0
ETHUSDT,1695225600000,0.00002909,1628.41,MARK_PRICE_EXACT_OPEN,1695225600000,0
ETHUSDT,1695254400001,0.00003804,1621.24,MARK_PRICE_PREVIOUS_FALLBACK,1695254400000,1
ETHUSDT,1695283200000,0.00007655,1617.56566471,MARK_PRICE_EXACT_OPEN,1695283200000,0
ETHUSDT,1695312000000,-0.00000638,1583,MARK_PRICE_EXACT_OPEN,1695312000000,0
ETHUSDT,1695340800000,0.00002241,1583.23782157,MARK_PRICE_EXACT_OPEN,1695340800000,0
ETHUSDT,1695369600000,0.00002865,1594.99,MARK_PRICE_EXACT_OPEN,1695369600000,0
ETHUSDT,1695398400000,0.00003523,1592.65,MARK_PRICE_EXACT_OPEN,1695398400000,0
ETHUSDT,1695427200000,0.00002817,1592.28,MARK_PRICE_EXACT_OPEN,1695427200000,0
ETHUSDT,1695456000000,0.00002963,1593.73,MARK_PRICE_EXACT_OPEN,1695456000000,0
ETHUSDT,1695484800000,0.00002321,1589.77463922,MARK_PRICE_EXACT_OPEN,1695484800000,0
ETHUSDT,1695513600000,0.00002991,1593.11225753,MARK_PRICE_EXACT_OPEN,1695513600000,0
ETHUSDT,1695542400000,-0.00000558,1591,MARK_PRICE_EXACT_OPEN,1695542400000,0
ETHUSDT,1695571200000,0.00004671,1589.87,MARK_PRICE_EXACT_OPEN,1695571200000,0
ETHUSDT,1695600000000,0.00002857,1579.99,MARK_PRICE_EXACT_OPEN,1695600000000,0
ETHUSDT,1695628800000,0.00004305,1580.51,MARK_PRICE_EXACT_OPEN,1695628800000,0
ETHUSDT,1695657600000,0.0000513,1583.8,MARK_PRICE_EXACT_OPEN,1695657600000,0
ETHUSDT,1695686400000,0.00006471,1587.69,MARK_PRICE_EXACT_OPEN,1695686400000,0
ETHUSDT,1695715200000,0.00001558,1588.21,MARK_PRICE_EXACT_OPEN,1695715200000,0
ETHUSDT,1695744000000,0.00005673,1582.25880196,MARK_PRICE_EXACT_OPEN,1695744000000,0
ETHUSDT,1695772800000,0.0001,1593.3285902,MARK_PRICE_EXACT_OPEN,1695772800000,0
ETHUSDT,1695801600001,0.00000667,1591.28683333,MARK_PRICE_PREVIOUS_FALLBACK,1695801600000,1
ETHUSDT,1695830400000,0.00004982,1600.98,MARK_PRICE_EXACT_OPEN,1695830400000,0
ETHUSDT,1695859200000,0.00000817,1597.89,MARK_PRICE_EXACT_OPEN,1695859200000,0
ETHUSDT,1695888000000,0.00004301,1618.43,MARK_PRICE_EXACT_OPEN,1695888000000,0
ETHUSDT,1695916800000,0.00002239,1651.76,MARK_PRICE_EXACT_OPEN,1695916800000,0
ETHUSDT,1695945600000,-0.00000393,1652.1666,MARK_PRICE_EXACT_OPEN,1695945600000,0
ETHUSDT,1695974400000,0.00004429,1685.59,MARK_PRICE_EXACT_OPEN,1695974400000,0
ETHUSDT,1696003200000,1.2e-7,1671.42505098,MARK_PRICE_EXACT_OPEN,1696003200000,0
ETHUSDT,1696032000000,0.00000907,1666.72512157,MARK_PRICE_EXACT_OPEN,1696032000000,0
ETHUSDT,1696060800000,-0.00002413,1671.28277462,MARK_PRICE_EXACT_OPEN,1696060800000,0
ETHUSDT,1696089600000,0.00001168,1682.53,MARK_PRICE_EXACT_OPEN,1696089600000,0
ETHUSDT,1696118400000,-0.00001276,1670.17,MARK_PRICE_EXACT_OPEN,1696118400000,0
ETHUSDT,1696147200000,0.00000822,1677.5703874,MARK_PRICE_EXACT_OPEN,1696147200000,0
ETHUSDT,1696176000000,0.00003599,1683.18455882,MARK_PRICE_EXACT_OPEN,1696176000000,0
ETHUSDT,1696204800000,0.0001,1733.39,MARK_PRICE_EXACT_OPEN,1696204800000,0
ETHUSDT,1696233600000,0.00006308,1729.47,MARK_PRICE_EXACT_OPEN,1696233600000,0
ETHUSDT,1696262400000,0.00006372,1691.12755696,MARK_PRICE_EXACT_OPEN,1696262400000,0
ETHUSDT,1696291200000,3.9e-7,1661.51213819,MARK_PRICE_EXACT_OPEN,1696291200000,0
ETHUSDT,1696320000000,0.00001728,1661.64,MARK_PRICE_EXACT_OPEN,1696320000000,0
ETHUSDT,1696348800000,0.00007087,1647.77153824,MARK_PRICE_EXACT_OPEN,1696348800000,0
ETHUSDT,1696377600000,0.0000462,1656.21853333,MARK_PRICE_EXACT_OPEN,1696377600000,0
ETHUSDT,1696406400000,0.00000738,1644.26,MARK_PRICE_EXACT_OPEN,1696406400000,0
ETHUSDT,1696435200000,0.00002618,1631.9,MARK_PRICE_EXACT_OPEN,1696435200000,0
ETHUSDT,1696464000000,0.00002065,1645.85467722,MARK_PRICE_EXACT_OPEN,1696464000000,0
ETHUSDT,1696492800000,0.00002685,1635.37,MARK_PRICE_EXACT_OPEN,1696492800000,0
ETHUSDT,1696521600001,0.00002072,1617.9,MARK_PRICE_PREVIOUS_FALLBACK,1696521600000,1
ETHUSDT,1696550400000,0.0001,1611.13,MARK_PRICE_EXACT_OPEN,1696550400000,0
ETHUSDT,1696579200000,0.00008473,1630.34,MARK_PRICE_EXACT_OPEN,1696579200000,0
ETHUSDT,1696608000000,0.00005905,1642.16,MARK_PRICE_EXACT_OPEN,1696608000000,0
ETHUSDT,1696636800000,0.00008468,1644.44656863,MARK_PRICE_EXACT_OPEN,1696636800000,0
ETHUSDT,1696665600000,0.00003736,1636.07024311,MARK_PRICE_EXACT_OPEN,1696665600000,0
ETHUSDT,1696694400000,0.00003615,1637.83,MARK_PRICE_EXACT_OPEN,1696694400000,0
ETHUSDT,1696723200000,0.00009048,1633.17,MARK_PRICE_EXACT_OPEN,1696723200000,0
ETHUSDT,1696752000001,0.00009246,1627.65800236,MARK_PRICE_PREVIOUS_FALLBACK,1696752000000,1
ETHUSDT,1696780800000,0.00009791,1630.63,MARK_PRICE_EXACT_OPEN,1696780800000,0
ETHUSDT,1696809600000,0.0001,1632.171173,MARK_PRICE_EXACT_OPEN,1696809600000,0
ETHUSDT,1696838400000,0.00006572,1619.99,MARK_PRICE_EXACT_OPEN,1696838400000,0
ETHUSDT,1696867200000,0.00003935,1585.64,MARK_PRICE_EXACT_OPEN,1696867200000,0
ETHUSDT,1696896000000,0.00006268,1579.39,MARK_PRICE_EXACT_OPEN,1696896000000,0
ETHUSDT,1696924800000,0.00008857,1589.52070196,MARK_PRICE_EXACT_OPEN,1696924800000,0
ETHUSDT,1696953600000,0.00005511,1567.25,MARK_PRICE_EXACT_OPEN,1696953600000,0
ETHUSDT,1696982400000,0.00002257,1566.9,MARK_PRICE_EXACT_OPEN,1696982400000,0
ETHUSDT,1697011200000,0.00005392,1556.22506667,MARK_PRICE_EXACT_OPEN,1697011200000,0
ETHUSDT,1697040000000,0.00004725,1558.83087059,MARK_PRICE_EXACT_OPEN,1697040000000,0
ETHUSDT,1697068800000,0.00004026,1566.07,MARK_PRICE_EXACT_OPEN,1697068800000,0
ETHUSDT,1697097600000,0.0000269,1558.64,MARK_PRICE_EXACT_OPEN,1697097600000,0
ETHUSDT,1697126400000,0.00007112,1540.96,MARK_PRICE_EXACT_OPEN,1697126400000,0
ETHUSDT,1697155200000,0.0000369,1539.03020784,MARK_PRICE_EXACT_OPEN,1697155200000,0
ETHUSDT,1697184000000,0.00003476,1548.74617647,MARK_PRICE_EXACT_OPEN,1697184000000,0
ETHUSDT,1697212800000,0.00002693,1538.96023235,MARK_PRICE_EXACT_OPEN,1697212800000,0
ETHUSDT,1697241600000,0.00001068,1551.58,MARK_PRICE_EXACT_OPEN,1697241600000,0
ETHUSDT,1697270400000,0.00003108,1547.35,MARK_PRICE_EXACT_OPEN,1697270400000,0
ETHUSDT,1697299200000,0.0000665,1555.66847996,MARK_PRICE_EXACT_OPEN,1697299200000,0
ETHUSDT,1697328000000,0.00007083,1554.18029876,MARK_PRICE_EXACT_OPEN,1697328000000,0
ETHUSDT,1697356800000,0.00005253,1554.33657349,MARK_PRICE_EXACT_OPEN,1697356800000,0
ETHUSDT,1697385600000,0.00002062,1553.19637451,MARK_PRICE_EXACT_OPEN,1697385600000,0
ETHUSDT,1697414400000,0.0000518,1557.25,MARK_PRICE_EXACT_OPEN,1697414400000,0
ETHUSDT,1697443200000,0.00004393,1578.02,MARK_PRICE_EXACT_OPEN,1697443200000,0
ETHUSDT,1697472000000,0.00008412,1577.02,MARK_PRICE_EXACT_OPEN,1697472000000,0
ETHUSDT,1697500800000,0.00001957,1598.62,MARK_PRICE_EXACT_OPEN,1697500800000,0
ETHUSDT,1697529600000,0.00002557,1589.66,MARK_PRICE_EXACT_OPEN,1697529600000,0
ETHUSDT,1697558400000,0.00006742,1574.76217956,MARK_PRICE_EXACT_OPEN,1697558400000,0
ETHUSDT,1697587200000,0.00005947,1563.99,MARK_PRICE_EXACT_OPEN,1697587200000,0
ETHUSDT,1697616000000,0.00001385,1571.65106667,MARK_PRICE_EXACT_OPEN,1697616000000,0
ETHUSDT,1697644800000,0.00006495,1569.48,MARK_PRICE_EXACT_OPEN,1697644800000,0
ETHUSDT,1697673600000,0.00004251,1562.65,MARK_PRICE_EXACT_OPEN,1697673600000,0
ETHUSDT,1697702400001,0.00002988,1551.05,MARK_PRICE_PREVIOUS_FALLBACK,1697702400000,1
ETHUSDT,1697731200000,0.00005842,1560.39151055,MARK_PRICE_EXACT_OPEN,1697731200000,0
ETHUSDT,1697760000000,0.00003868,1565.91092289,MARK_PRICE_EXACT_OPEN,1697760000000,0
ETHUSDT,1697788800005,0.00005912,1582.86,MARK_PRICE_PREVIOUS_FALLBACK,1697788800000,5
ETHUSDT,1697817600000,0.00007072,1604.82,MARK_PRICE_EXACT_OPEN,1697817600000,0
ETHUSDT,1697846400000,0.00004902,1603.15,MARK_PRICE_EXACT_OPEN,1697846400000,0
ETHUSDT,1697875200000,0.00001735,1605.77066078,MARK_PRICE_EXACT_OPEN,1697875200000,0
ETHUSDT,1697904000000,0.00003771,1628.00411863,MARK_PRICE_EXACT_OPEN,1697904000000,0
ETHUSDT,1697932800000,0.00007554,1628.3247,MARK_PRICE_EXACT_OPEN,1697932800000,0
ETHUSDT,1697961600000,0.00002649,1629.54472549,MARK_PRICE_EXACT_OPEN,1697961600000,0
ETHUSDT,1697990400000,0.00000603,1625.04,MARK_PRICE_EXACT_OPEN,1697990400000,0
ETHUSDT,1698019200000,0.00009262,1662.83,MARK_PRICE_EXACT_OPEN,1698019200000,0
ETHUSDT,1698048000001,0.00001593,1676.65,MARK_PRICE_PREVIOUS_FALLBACK,1698048000000,1
ETHUSDT,1698076800001,0.00001883,1675.59,MARK_PRICE_PREVIOUS_FALLBACK,1698076800000,1
ETHUSDT,1698105600000,0.0001,1766.35,MARK_PRICE_EXACT_OPEN,1698105600000,0
ETHUSDT,1698134400000,0.0001,1809.48440295,MARK_PRICE_EXACT_OPEN,1698134400000,0
ETHUSDT,1698163200000,0.0001,1777.67,MARK_PRICE_EXACT_OPEN,1698163200000,0
ETHUSDT,1698192000000,0.0001,1784.46745294,MARK_PRICE_EXACT_OPEN,1698192000000,0
ETHUSDT,1698220800000,0.0001,1768.88433725,MARK_PRICE_EXACT_OPEN,1698220800000,0
ETHUSDT,1698249600001,0.0001,1805.69677001,MARK_PRICE_PREVIOUS_FALLBACK,1698249600000,1
ETHUSDT,1698278400001,0.0001,1786.43685643,MARK_PRICE_PREVIOUS_FALLBACK,1698278400000,1
ETHUSDT,1698307200000,0.0001,1850.20071078,MARK_PRICE_EXACT_OPEN,1698307200000,0
ETHUSDT,1698336000000,0.0001,1778.01788235,MARK_PRICE_EXACT_OPEN,1698336000000,0
ETHUSDT,1698364800000,0.0001,1803.31788235,MARK_PRICE_EXACT_OPEN,1698364800000,0
ETHUSDT,1698393600000,0.0001,1776.80682353,MARK_PRICE_EXACT_OPEN,1698393600000,0
ETHUSDT,1698422400000,0.0001,1783.27333137,MARK_PRICE_EXACT_OPEN,1698422400000,0
ETHUSDT,1698451200000,0.0001,1779.9672062,MARK_PRICE_EXACT_OPEN,1698451200000,0
ETHUSDT,1698480000001,0.0001,1787.98161976,MARK_PRICE_PREVIOUS_FALLBACK,1698480000000,1
ETHUSDT,1698508800000,0.0001,1791.28562839,MARK_PRICE_EXACT_OPEN,1698508800000,0
ETHUSDT,1698537600000,0.0001,1776.75703725,MARK_PRICE_EXACT_OPEN,1698537600000,0
ETHUSDT,1698566400000,0.0001,1783.465597,MARK_PRICE_EXACT_OPEN,1698566400000,0
ETHUSDT,1698595200000,0.0001,1792.62,MARK_PRICE_EXACT_OPEN,1698595200000,0
ETHUSDT,1698624000000,0.0001,1795.49,MARK_PRICE_EXACT_OPEN,1698624000000,0
ETHUSDT,1698652800000,0.0001,1787.39873922,MARK_PRICE_EXACT_OPEN,1698652800000,0
ETHUSDT,1698681600000,0.0001,1820.75756863,MARK_PRICE_EXACT_OPEN,1698681600000,0
ETHUSDT,1698710400001,0.0001,1809.65,MARK_PRICE_PREVIOUS_FALLBACK,1698710400000,1
ETHUSDT,1698739200000,0.0001,1791.03990329,MARK_PRICE_EXACT_OPEN,1698739200000,0
ETHUSDT,1698768000000,0.0001,1792.26,MARK_PRICE_EXACT_OPEN,1698768000000,0
ETHUSDT,1698796800000,0.0001,1815.68,MARK_PRICE_EXACT_OPEN,1698796800000,0
ETHUSDT,1698825600000,0.0001,1805.10087255,MARK_PRICE_EXACT_OPEN,1698825600000,0
ETHUSDT,1698854400000,0.0001,1792.96073137,MARK_PRICE_EXACT_OPEN,1698854400000,0
ETHUSDT,1698883200001,0.00026784,1849.3959635,MARK_PRICE_PREVIOUS_FALLBACK,1698883200000,1
ETHUSDT,1698912000000,0.00020558,1836.13,MARK_PRICE_EXACT_OPEN,1698912000000,0
ETHUSDT,1698940800000,0.0001,1803.52,MARK_PRICE_EXACT_OPEN,1698940800000,0
ETHUSDT,1698969600000,0.0001,1800.57006471,MARK_PRICE_EXACT_OPEN,1698969600000,0
ETHUSDT,1698998400000,0.0001,1798.73,MARK_PRICE_EXACT_OPEN,1698998400000,0
ETHUSDT,1699027200000,0.0001,1812.01,MARK_PRICE_EXACT_OPEN,1699027200000,0
ETHUSDT,1699056000000,0.0001,1832.47252747,MARK_PRICE_EXACT_OPEN,1699056000000,0
ETHUSDT,1699084800000,0.0001,1833.63447176,MARK_PRICE_EXACT_OPEN,1699084800000,0
ETHUSDT,1699113600000,0.0001,1831.73721185,MARK_PRICE_EXACT_OPEN,1699113600000,0
ETHUSDT,1699142400000,0.0001,1856.08,MARK_PRICE_EXACT_OPEN,1699142400000,0
ETHUSDT,1699171200000,0.0001,1885.79966078,MARK_PRICE_EXACT_OPEN,1699171200000,0
ETHUSDT,1699200000000,0.0001,1874.83,MARK_PRICE_EXACT_OPEN,1699200000000,0
ETHUSDT,1699228800000,0.0001,1892.49,MARK_PRICE_EXACT_OPEN,1699228800000,0
ETHUSDT,1699257600001,0.0001,1878.4980345,MARK_PRICE_PREVIOUS_FALLBACK,1699257600000,1
ETHUSDT,1699286400000,0.0001,1901.59677255,MARK_PRICE_EXACT_OPEN,1699286400000,0
ETHUSDT,1699315200001,0.0001,1901.92,MARK_PRICE_PREVIOUS_FALLBACK,1699315200000,1
ETHUSDT,1699344000000,0.0001,1892.59,MARK_PRICE_EXACT_OPEN,1699344000000,0
ETHUSDT,1699372800000,0.0001,1863.57040928,MARK_PRICE_EXACT_OPEN,1699372800000,0
ETHUSDT,1699401600000,0.0001,1885.79,MARK_PRICE_EXACT_OPEN,1699401600000,0
ETHUSDT,1699430400000,0.0001,1875.34123516,MARK_PRICE_EXACT_OPEN,1699430400000,0
ETHUSDT,1699459200000,0.0001,1889.62,MARK_PRICE_EXACT_OPEN,1699459200000,0
ETHUSDT,1699488000000,0.0001,1888.71,MARK_PRICE_EXACT_OPEN,1699488000000,0
ETHUSDT,1699516800000,0.0001,1912.43154852,MARK_PRICE_EXACT_OPEN,1699516800000,0
ETHUSDT,1699545600000,0.00071131,2039.55,MARK_PRICE_EXACT_OPEN,1699545600000,0
ETHUSDT,1699574400000,0.00027525,2122.87090717,MARK_PRICE_EXACT_OPEN,1699574400000,0
ETHUSDT,1699603200000,0.00041432,2104.639379,MARK_PRICE_EXACT_OPEN,1699603200000,0
ETHUSDT,1699632000000,0.00012656,2090.93946624,MARK_PRICE_EXACT_OPEN,1699632000000,0
ETHUSDT,1699660800000,0.00013604,2078.972423,MARK_PRICE_EXACT_OPEN,1699660800000,0
ETHUSDT,1699689600000,0.00013371,2056.41260274,MARK_PRICE_EXACT_OPEN,1699689600000,0
ETHUSDT,1699718400000,0.00027449,2069.3,MARK_PRICE_EXACT_OPEN,1699718400000,0
ETHUSDT,1699747200000,0.00016325,2054.53,MARK_PRICE_EXACT_OPEN,1699747200000,0
ETHUSDT,1699776000000,0.0001,2058.9,MARK_PRICE_EXACT_OPEN,1699776000000,0
ETHUSDT,1699804800001,0.00024299,2059.29346414,MARK_PRICE_PREVIOUS_FALLBACK,1699804800000,1
ETHUSDT,1699833600000,0.0003299,2046.01099578,MARK_PRICE_EXACT_OPEN,1699833600000,0
ETHUSDT,1699862400000,0.00022787,2049.37,MARK_PRICE_EXACT_OPEN,1699862400000,0
ETHUSDT,1699891200000,0.00022833,2106.88,MARK_PRICE_EXACT_OPEN,1699891200000,0
ETHUSDT,1699920000000,0.00018828,2054.99,MARK_PRICE_EXACT_OPEN,1699920000000,0
ETHUSDT,1699948800000,0.00013623,2061.59,MARK_PRICE_EXACT_OPEN,1699948800000,0
ETHUSDT,1699977600001,0.0001,2039.5974557,MARK_PRICE_PREVIOUS_FALLBACK,1699977600000,1
ETHUSDT,1700006400000,0.0001,1980.02529536,MARK_PRICE_EXACT_OPEN,1700006400000,0
ETHUSDT,1700035200000,0.0001,1983.98,MARK_PRICE_EXACT_OPEN,1700035200000,0
ETHUSDT,1700064000000,0.0001,2022.15,MARK_PRICE_EXACT_OPEN,1700064000000,0
ETHUSDT,1700092800000,0.0001,2059.29,MARK_PRICE_EXACT_OPEN,1700092800000,0
ETHUSDT,1700121600000,0.0001,2054.32087179,MARK_PRICE_EXACT_OPEN,1700121600000,0
ETHUSDT,1700150400001,0.0001,1997.21,MARK_PRICE_PREVIOUS_FALLBACK,1700150400000,1
ETHUSDT,1700179200000,0.0001,1962.07922344,MARK_PRICE_EXACT_OPEN,1700179200000,0
ETHUSDT,1700208000001,0.0001,1971.20127119,MARK_PRICE_PREVIOUS_FALLBACK,1700208000000,1
ETHUSDT,1700236800001,0.0001,1920.7335989,MARK_PRICE_PREVIOUS_FALLBACK,1700236800000,1
ETHUSDT,1700265600000,0.0001,1961.21,MARK_PRICE_EXACT_OPEN,1700265600000,0
ETHUSDT,1700294400000,0.0001,1936.47534066,MARK_PRICE_EXACT_OPEN,1700294400000,0
ETHUSDT,1700323200000,0.0001,1953.16900549,MARK_PRICE_EXACT_OPEN,1700323200000,0
ETHUSDT,1700352000000,0.0001,1963.03469597,MARK_PRICE_EXACT_OPEN,1700352000000,0
ETHUSDT,1700380800000,0.0001,1961.94580495,MARK_PRICE_EXACT_OPEN,1700380800000,0
ETHUSDT,1700409600000,0.0001,1966.83244139,MARK_PRICE_EXACT_OPEN,1700409600000,0
ETHUSDT,1700438400000,0.0001,2012.36017033,MARK_PRICE_EXACT_OPEN,1700438400000,0
ETHUSDT,1700467200000,0.0001,2019.69,MARK_PRICE_EXACT_OPEN,1700467200000,0
ETHUSDT,1700496000000,0.0001,2043.11663287,MARK_PRICE_EXACT_OPEN,1700496000000,0
ETHUSDT,1700524800000,0.0001,2022.53,MARK_PRICE_EXACT_OPEN,1700524800000,0
ETHUSDT,1700553600000,0.0001,2004.84465211,MARK_PRICE_EXACT_OPEN,1700553600000,0
ETHUSDT,1700582400000,0.0001,1988.80779853,MARK_PRICE_EXACT_OPEN,1700582400000,0
ETHUSDT,1700611200000,0.0001,1933.53839927,MARK_PRICE_EXACT_OPEN,1700611200000,0
ETHUSDT,1700640000000,0.0001,1993.97,MARK_PRICE_EXACT_OPEN,1700640000000,0
ETHUSDT,1700668800000,0.0001,2033.87,MARK_PRICE_EXACT_OPEN,1700668800000,0
ETHUSDT,1700697600000,0.0001,2063.89630769,MARK_PRICE_EXACT_OPEN,1700697600000,0
ETHUSDT,1700726400000,0.0001,2066.5,MARK_PRICE_EXACT_OPEN,1700726400000,0
ETHUSDT,1700755200001,0.0001,2041.71,MARK_PRICE_PREVIOUS_FALLBACK,1700755200000,1
ETHUSDT,1700784000000,0.0001,2062.58200366,MARK_PRICE_EXACT_OPEN,1700784000000,0
ETHUSDT,1700812800000,0.0001,2080.5,MARK_PRICE_EXACT_OPEN,1700812800000,0
ETHUSDT,1700841600000,0.0001,2117.40266667,MARK_PRICE_EXACT_OPEN,1700841600000,0
ETHUSDT,1700870400000,0.0001,2081.12042178,MARK_PRICE_EXACT_OPEN,1700870400000,0
ETHUSDT,1700899200000,0.0001,2088.47,MARK_PRICE_EXACT_OPEN,1700899200000,0
ETHUSDT,1700928000000,0.0001,2078,MARK_PRICE_EXACT_OPEN,1700928000000,0
ETHUSDT,1700956800000,0.0001,2083.02922894,MARK_PRICE_EXACT_OPEN,1700956800000,0
ETHUSDT,1700985600000,0.0001,2089.19,MARK_PRICE_EXACT_OPEN,1700985600000,0
ETHUSDT,1701014400000,0.0001,2064.72824176,MARK_PRICE_EXACT_OPEN,1701014400000,0
ETHUSDT,1701043200000,0.0001,2061.97,MARK_PRICE_EXACT_OPEN,1701043200000,0
ETHUSDT,1701072000001,0.0001,2044.54152198,MARK_PRICE_PREVIOUS_FALLBACK,1701072000000,1
ETHUSDT,1701100800000,0.0001,2002.77,MARK_PRICE_EXACT_OPEN,1701100800000,0
ETHUSDT,1701129600000,0.0001,2027.47659341,MARK_PRICE_EXACT_OPEN,1701129600000,0
ETHUSDT,1701158400000,0.0001,2014.48906044,MARK_PRICE_EXACT_OPEN,1701158400000,0
ETHUSDT,1701187200000,0.0001,2036.3,MARK_PRICE_EXACT_OPEN,1701187200000,0
ETHUSDT,1701216000001,0.0001,2048.063523,MARK_PRICE_PREVIOUS_FALLBACK,1701216000000,1
ETHUSDT,1701244800000,0.0001,2057.29296703,MARK_PRICE_EXACT_OPEN,1701244800000,0
ETHUSDT,1701273600000,0.0001,2031.31,MARK_PRICE_EXACT_OPEN,1701273600000,0
ETHUSDT,1701302400000,0.0001,2028.57204924,MARK_PRICE_EXACT_OPEN,1701302400000,0
ETHUSDT,1701331200000,0.0001,2035.52,MARK_PRICE_EXACT_OPEN,1701331200000,0
ETHUSDT,1701360000000,0.0001,2032.90660985,MARK_PRICE_EXACT_OPEN,1701360000000,0
ETHUSDT,1701388800000,0.0001,2051.77,MARK_PRICE_EXACT_OPEN,1701388800000,0
ETHUSDT,1701417600000,0.0001,2092.64261742,MARK_PRICE_EXACT_OPEN,1701417600000,0
ETHUSDT,1701446400000,0.0001,2079.57779167,MARK_PRICE_EXACT_OPEN,1701446400000,0
ETHUSDT,1701475200000,0.0001,2087.1210303,MARK_PRICE_EXACT_OPEN,1701475200000,0
ETHUSDT,1701504000000,0.0001,2095.65,MARK_PRICE_EXACT_OPEN,1701504000000,0
ETHUSDT,1701532800000,0.0001,2103.75,MARK_PRICE_EXACT_OPEN,1701532800000,0
ETHUSDT,1701561600000,0.0001,2165.35966872,MARK_PRICE_EXACT_OPEN,1701561600000,0
ETHUSDT,1701590400000,0.0001,2164.73536364,MARK_PRICE_EXACT_OPEN,1701590400000,0
ETHUSDT,1701619200000,0.0001,2160.35,MARK_PRICE_EXACT_OPEN,1701619200000,0
ETHUSDT,1701648000000,0.0001,2193.25,MARK_PRICE_EXACT_OPEN,1701648000000,0
ETHUSDT,1701676800000,0.0001,2247.34961789,MARK_PRICE_EXACT_OPEN,1701676800000,0
ETHUSDT,1701705600000,0.0001,2212.15,MARK_PRICE_EXACT_OPEN,1701705600000,0
ETHUSDT,1701734400000,0.0001,2243.60849242,MARK_PRICE_EXACT_OPEN,1701734400000,0
ETHUSDT,1701763200000,0.0001,2200.19,MARK_PRICE_EXACT_OPEN,1701763200000,0
ETHUSDT,1701792000000,0.0001,2228.84545455,MARK_PRICE_EXACT_OPEN,1701792000000,0
ETHUSDT,1701820800000,0.0001,2293.72126894,MARK_PRICE_EXACT_OPEN,1701820800000,0
ETHUSDT,1701849600000,0.0001,2266.4,MARK_PRICE_EXACT_OPEN,1701849600000,0
ETHUSDT,1701878400000,0.0001,2252.84,MARK_PRICE_EXACT_OPEN,1701878400000,0
ETHUSDT,1701907200000,0.0001,2233.17144697,MARK_PRICE_EXACT_OPEN,1701907200000,0
ETHUSDT,1701936000000,0.0001,2261.96,MARK_PRICE_EXACT_OPEN,1701936000000,0
ETHUSDT,1701964800000,0.0001,2322.45315152,MARK_PRICE_EXACT_OPEN,1701964800000,0
ETHUSDT,1701993600000,0.00022693,2357.04,MARK_PRICE_EXACT_OPEN,1701993600000,0
ETHUSDT,1702022400000,0.00012399,2354.37,MARK_PRICE_EXACT_OPEN,1702022400000,0
ETHUSDT,1702051200000,0.00010417,2347.44,MARK_PRICE_EXACT_OPEN,1702051200000,0
ETHUSDT,1702080000000,0.00022528,2360.37334848,MARK_PRICE_EXACT_OPEN,1702080000000,0
ETHUSDT,1702108800000,0.00031293,2385.42,MARK_PRICE_EXACT_OPEN,1702108800000,0
ETHUSDT,1702137600000,0.00033485,2364.30692989,MARK_PRICE_EXACT_OPEN,1702137600000,0
ETHUSDT,1702166400000,0.00016658,2342.21,MARK_PRICE_EXACT_OPEN,1702166400000,0
ETHUSDT,1702195200000,0.00015944,2355.49,MARK_PRICE_EXACT_OPEN,1702195200000,0
ETHUSDT,1702224000000,0.00022842,2353.53,MARK_PRICE_EXACT_OPEN,1702224000000,0
ETHUSDT,1702252800000,0.00024112,2353.83418293,MARK_PRICE_EXACT_OPEN,1702252800000,0
ETHUSDT,1702281600000,0.0001,2237.15,MARK_PRICE_EXACT_OPEN,1702281600000,0
ETHUSDT,1702310400000,0.0001,2220.05,MARK_PRICE_EXACT_OPEN,1702310400000,0
ETHUSDT,1702339200000,0.0001,2225.56,MARK_PRICE_EXACT_OPEN,1702339200000,0
ETHUSDT,1702368000000,0.0001,2233.91,MARK_PRICE_EXACT_OPEN,1702368000000,0
ETHUSDT,1702396800000,0.0001,2194.72670732,MARK_PRICE_EXACT_OPEN,1702396800000,0
ETHUSDT,1702425600000,0.00012813,2204.45672348,MARK_PRICE_EXACT_OPEN,1702425600000,0
ETHUSDT,1702454400000,0.00015058,2174.28605303,MARK_PRICE_EXACT_OPEN,1702454400000,0
ETHUSDT,1702483200001,0.00010581,2220.19618561,MARK_PRICE_PREVIOUS_FALLBACK,1702483200000,1
ETHUSDT,1702512000000,0.0001,2261.1775303,MARK_PRICE_EXACT_OPEN,1702512000000,0
ETHUSDT,1702540800000,0.0001,2283.2,MARK_PRICE_EXACT_OPEN,1702540800000,0
ETHUSDT,1702569600000,0.0001,2275.96,MARK_PRICE_EXACT_OPEN,1702569600000,0
ETHUSDT,1702598400000,0.0001,2316.53,MARK_PRICE_EXACT_OPEN,1702598400000,0
ETHUSDT,1702627200000,0.0001,2272.49,MARK_PRICE_EXACT_OPEN,1702627200000,0
ETHUSDT,1702656000000,0.00010419,2233.00259091,MARK_PRICE_EXACT_OPEN,1702656000000,0
ETHUSDT,1702684800000,0.0001,2221.42673485,MARK_PRICE_EXACT_OPEN,1702684800000,0
ETHUSDT,1702713600000,0.0001,2242.5092681,MARK_PRICE_EXACT_OPEN,1702713600000,0
ETHUSDT,1702742400001,0.0001,2258.02,MARK_PRICE_PREVIOUS_FALLBACK,1702742400000,1
ETHUSDT,1702771200000,0.0001,2229.64,MARK_PRICE_EXACT_OPEN,1702771200000,0
ETHUSDT,1702800000000,0.0001,2209.78,MARK_PRICE_EXACT_OPEN,1702800000000,0
ETHUSDT,1702828800000,0.00011402,2223.0639053,MARK_PRICE_EXACT_OPEN,1702828800000,0
ETHUSDT,1702857600000,0.00015083,2197.34822348,MARK_PRICE_EXACT_OPEN,1702857600000,0
ETHUSDT,1702886400001,0.0001,2170.3260303,MARK_PRICE_PREVIOUS_FALLBACK,1702886400000,1
ETHUSDT,1702915200000,0.0001,2156.12584848,MARK_PRICE_EXACT_OPEN,1702915200000,0
ETHUSDT,1702944000000,0.0001,2220.52,MARK_PRICE_EXACT_OPEN,1702944000000,0
ETHUSDT,1702972800000,0.0001,2248.57,MARK_PRICE_EXACT_OPEN,1702972800000,0
ETHUSDT,1703001600000,0.0001,2192.86,MARK_PRICE_EXACT_OPEN,1703001600000,0
ETHUSDT,1703030400000,0.0001,2178.71327812,MARK_PRICE_EXACT_OPEN,1703030400000,0
ETHUSDT,1703059200000,0.0001,2217.69,MARK_PRICE_EXACT_OPEN,1703059200000,0
ETHUSDT,1703088000000,0.00023154,2248.59913636,MARK_PRICE_EXACT_OPEN,1703088000000,0
ETHUSDT,1703116800000,0.00026163,2203.87649002,MARK_PRICE_EXACT_OPEN,1703116800000,0
ETHUSDT,1703145600000,0.0002655,2216.76559091,MARK_PRICE_EXACT_OPEN,1703145600000,0
ETHUSDT,1703174400000,0.00042074,2234.5,MARK_PRICE_EXACT_OPEN,1703174400000,0
ETHUSDT,1703203200000,0.00044152,2241.35,MARK_PRICE_EXACT_OPEN,1703203200000,0
ETHUSDT,1703232000000,0.00043341,2275.26,MARK_PRICE_EXACT_OPEN,1703232000000,0
ETHUSDT,1703260800000,0.00051141,2321.73,MARK_PRICE_EXACT_OPEN,1703260800000,0
ETHUSDT,1703289600000,0.0001854,2326.23723106,MARK_PRICE_EXACT_OPEN,1703289600000,0
ETHUSDT,1703318400001,0.00012586,2285.55206061,MARK_PRICE_PREVIOUS_FALLBACK,1703318400000,1
ETHUSDT,1703347200000,0.00017945,2286.91570514,MARK_PRICE_EXACT_OPEN,1703347200000,0
ETHUSDT,1703376000000,0.00013318,2310.11271572,MARK_PRICE_EXACT_OPEN,1703376000000,0
ETHUSDT,1703404800000,0.00021857,2296.15,MARK_PRICE_EXACT_OPEN,1703404800000,0
ETHUSDT,1703433600000,0.00019769,2294.45451236,MARK_PRICE_EXACT_OPEN,1703433600000,0
ETHUSDT,1703462400000,0.00013827,2265.43,MARK_PRICE_EXACT_OPEN,1703462400000,0
ETHUSDT,1703491200000,0.00021479,2282.03294697,MARK_PRICE_EXACT_OPEN,1703491200000,0
ETHUSDT,1703520000000,0.0004388,2288.44595833,MARK_PRICE_EXACT_OPEN,1703520000000,0
ETHUSDT,1703548800000,0.00050051,2273.21,MARK_PRICE_EXACT_OPEN,1703548800000,0
ETHUSDT,1703577600000,0.00029501,2242.49,MARK_PRICE_EXACT_OPEN,1703577600000,0
ETHUSDT,1703606400000,0.00036888,2230.50707197,MARK_PRICE_EXACT_OPEN,1703606400000,0
ETHUSDT,1703635200000,0.0003153,2232.44,MARK_PRICE_EXACT_OPEN,1703635200000,0
ETHUSDT,1703664000000,0.00040955,2230.44007562,MARK_PRICE_EXACT_OPEN,1703664000000,0
ETHUSDT,1703692800000,0.00049072,2344.92428788,MARK_PRICE_EXACT_OPEN,1703692800000,0
ETHUSDT,1703721600000,0.00027263,2380.28011742,MARK_PRICE_EXACT_OPEN,1703721600000,0
ETHUSDT,1703750400000,0.00057135,2383.06,MARK_PRICE_EXACT_OPEN,1703750400000,0
ETHUSDT,1703779200000,0.00049862,2360.89514394,MARK_PRICE_EXACT_OPEN,1703779200000,0
ETHUSDT,1703808000001,0.00044508,2347.95,MARK_PRICE_PREVIOUS_FALLBACK,1703808000000,1
ETHUSDT,1703836800000,0.00049499,2334.99907197,MARK_PRICE_EXACT_OPEN,1703836800000,0
ETHUSDT,1703865600000,0.00047123,2328.83,MARK_PRICE_EXACT_OPEN,1703865600000,0
ETHUSDT,1703894400001,0.00027255,2298.93,MARK_PRICE_PREVIOUS_FALLBACK,1703894400000,1
ETHUSDT,1703923200000,0.00031443,2297.61817065,MARK_PRICE_EXACT_OPEN,1703923200000,0
ETHUSDT,1703952000000,0.00026513,2314.57,MARK_PRICE_EXACT_OPEN,1703952000000,0
ETHUSDT,1703980800000,0.00021714,2293.0779697,MARK_PRICE_EXACT_OPEN,1703980800000,0
ETHUSDT,1704009600001,0.00027824,2297.46,MARK_PRICE_PREVIOUS_FALLBACK,1704009600000,1
ETHUSDT,1704038400000,0.00031621,2300.6,MARK_PRICE_EXACT_OPEN,1704038400000,0
ETHUSDT,1704067200000,0.00027858,2283.75151515,MARK_PRICE_EXACT_OPEN,1704067200000,0
ETHUSDT,1704096000000,0.00031096,2286.35660167,MARK_PRICE_EXACT_OPEN,1704096000000,0
ETHUSDT,1704124800000,0.00043011,2316.73945076,MARK_PRICE_EXACT_OPEN,1704124800000,0
ETHUSDT,1704153600000,0.00053505,2354.62,MARK_PRICE_EXACT_OPEN,1704153600000,0
ETHUSDT,1704182400000,0.0005124,2387.83,MARK_PRICE_EXACT_OPEN,1704182400000,0
ETHUSDT,1704211200000,0.00063801,2359.18379545,MARK_PRICE_EXACT_OPEN,1704211200000,0
ETHUSDT,1704240000000,0.00028538,2356.81500379,MARK_PRICE_EXACT_OPEN,1704240000000,0
ETHUSDT,1704268800000,0.00024384,2362.82,MARK_PRICE_EXACT_OPEN,1704268800000,0
ETHUSDT,1704297600000,0.0001,2240.81591288,MARK_PRICE_EXACT_OPEN,1704297600000,0
ETHUSDT,1704326400000,0.0001,2210.33935985,MARK_PRICE_EXACT_OPEN,1704326400000,0
ETHUSDT,1704355200000,0.0001,2222.63372348,MARK_PRICE_EXACT_OPEN,1704355200000,0
ETHUSDT,1704384000000,0.0001,2277.70839015,MARK_PRICE_EXACT_OPEN,1704384000000,0
ETHUSDT,1704412800001,0.0001,2268.56,MARK_PRICE_PREVIOUS_FALLBACK,1704412800000,1
ETHUSDT,1704441600000,0.0001,2252.67449242,MARK_PRICE_EXACT_OPEN,1704441600000,0
ETHUSDT,1704470400000,0.0001,2225.09448106,MARK_PRICE_EXACT_OPEN,1704470400000,0
ETHUSDT,1704499200000,0.0001,2268.55259756,MARK_PRICE_EXACT_OPEN,1704499200000,0
ETHUSDT,1704528000000,0.0001,2233.09,MARK_PRICE_EXACT_OPEN,1704528000000,0
ETHUSDT,1704556800000,0.0001,2246.27,MARK_PRICE_EXACT_OPEN,1704556800000,0
ETHUSDT,1704585600000,0.0001,2240.434625,MARK_PRICE_EXACT_OPEN,1704585600000,0
ETHUSDT,1704614400001,0.0001,2248.81230303,MARK_PRICE_PREVIOUS_FALLBACK,1704614400000,1
ETHUSDT,1704643200001,0.0001,2231.41,MARK_PRICE_PREVIOUS_FALLBACK,1704643200000,1
ETHUSDT,1704672000000,0.0001,2220.87,MARK_PRICE_EXACT_OPEN,1704672000000,0
ETHUSDT,1704700800000,0.0001,2223.6850963,MARK_PRICE_EXACT_OPEN,1704700800000,0
ETHUSDT,1704729600000,0.0001,2269.52795076,MARK_PRICE_EXACT_OPEN,1704729600000,0
ETHUSDT,1704758400001,0.0001,2331.24506273,MARK_PRICE_PREVIOUS_FALLBACK,1704758400000,1
ETHUSDT,1704787200000,0.0001,2306.09,MARK_PRICE_EXACT_OPEN,1704787200000,0
ETHUSDT,1704816000000,0.0001,2257.03263258,MARK_PRICE_EXACT_OPEN,1704816000000,0
ETHUSDT,1704844800000,0.0001,2344.44,MARK_PRICE_EXACT_OPEN,1704844800000,0
ETHUSDT,1704873600000,0.0001,2369.33025039,MARK_PRICE_EXACT_OPEN,1704873600000,0
ETHUSDT,1704902400000,0.0001,2450.35364773,MARK_PRICE_EXACT_OPEN,1704902400000,0
ETHUSDT,1704931200000,0.0001,2584.4290303,MARK_PRICE_EXACT_OPEN,1704931200000,0
ETHUSDT,1704960000000,0.0001,2589.40712879,MARK_PRICE_EXACT_OPEN,1704960000000,0
ETHUSDT,1704988800000,0.0001,2614.23185606,MARK_PRICE_EXACT_OPEN,1704988800000,0
ETHUSDT,1705017600001,0.0001,2621.02359848,MARK_PRICE_PREVIOUS_FALLBACK,1705017600000,1
ETHUSDT,1705046400000,0.0001,2597.21351515,MARK_PRICE_EXACT_OPEN,1705046400000,0
ETHUSDT,1705075200000,0.0001,2648.56,MARK_PRICE_EXACT_OPEN,1705075200000,0
ETHUSDT,1705104000000,0.0001,2523.12903409,MARK_PRICE_EXACT_OPEN,1705104000000,0
ETHUSDT,1705132800000,0.0001,2550.91017803,MARK_PRICE_EXACT_OPEN,1705132800000,0
ETHUSDT,1705161600001,0.0001,2564.47748776,MARK_PRICE_PREVIOUS_FALLBACK,1705161600000,1
ETHUSDT,1705190400000,0.0001,2578.43028788,MARK_PRICE_EXACT_OPEN,1705190400000,0
ETHUSDT,1705219200000,0.0001,2551.43753409,MARK_PRICE_EXACT_OPEN,1705219200000,0
ETHUSDT,1705248000001,0.0001,2539.31440909,MARK_PRICE_PREVIOUS_FALLBACK,1705248000000,1
ETHUSDT,1705276800000,0.0001,2474.13,MARK_PRICE_EXACT_OPEN,1705276800000,0
ETHUSDT,1705305600000,0.0001,2514.25229167,MARK_PRICE_EXACT_OPEN,1705305600000,0
ETHUSDT,1705334400000,0.0001,2515.37,MARK_PRICE_EXACT_OPEN,1705334400000,0
ETHUSDT,1705363200000,0.0001,2512.15629924,MARK_PRICE_EXACT_OPEN,1705363200000,0
ETHUSDT,1705392000000,0.0001,2527.99743939,MARK_PRICE_EXACT_OPEN,1705392000000,0
ETHUSDT,1705420800001,0.0001,2559.25696591,MARK_PRICE_PREVIOUS_FALLBACK,1705420800000,1
ETHUSDT,1705449600000,0.0001,2587.57931818,MARK_PRICE_EXACT_OPEN,1705449600000,0
ETHUSDT,1705478400000,0.0001,2552.39384091,MARK_PRICE_EXACT_OPEN,1705478400000,0
ETHUSDT,1705507200000,0.0001,2539.47984977,MARK_PRICE_EXACT_OPEN,1705507200000,0
ETHUSDT,1705536000001,0.0001,2530.01640909,MARK_PRICE_PREVIOUS_FALLBACK,1705536000000,1
ETHUSDT,1705564800000,0.0001,2538.88,MARK_PRICE_EXACT_OPEN,1705564800000,0
ETHUSDT,1705593600000,0.0001,2526.12,MARK_PRICE_EXACT_OPEN,1705593600000,0
ETHUSDT,1705622400000,0.0001,2470.64731061,MARK_PRICE_EXACT_OPEN,1705622400000,0
ETHUSDT,1705651200000,0.0001,2465.61903409,MARK_PRICE_EXACT_OPEN,1705651200000,0
ETHUSDT,1705680000002,0.0001,2464.03803788,MARK_PRICE_PREVIOUS_FALLBACK,1705680000000,2
ETHUSDT,1705708800000,0.0001,2492.2176849,MARK_PRICE_EXACT_OPEN,1705708800000,0
ETHUSDT,1705737600003,0.0001,2478.9017479,MARK_PRICE_PREVIOUS_FALLBACK,1705737600000,3
ETHUSDT,1705766400000,0.0001,2464.20482955,MARK_PRICE_EXACT_OPEN,1705766400000,0
ETHUSDT,1705795200000,0.0001,2472.24386483,MARK_PRICE_EXACT_OPEN,1705795200000,0
ETHUSDT,1705824000000,0.0001,2475.83113636,MARK_PRICE_EXACT_OPEN,1705824000000,0
ETHUSDT,1705852800000,0.0001,2468.1,MARK_PRICE_EXACT_OPEN,1705852800000,0
ETHUSDT,1705881600000,0.0001,2456.79434848,MARK_PRICE_EXACT_OPEN,1705881600000,0
ETHUSDT,1705910400000,0.0001,2420.75290152,MARK_PRICE_EXACT_OPEN,1705910400000,0
ETHUSDT,1705939200000,0.0001,2379.05630682,MARK_PRICE_EXACT_OPEN,1705939200000,0
ETHUSDT,1705968000000,0.0001,2314.33,MARK_PRICE_EXACT_OPEN,1705968000000,0
ETHUSDT,1705996800000,0.0001,2323.485625,MARK_PRICE_EXACT_OPEN,1705996800000,0
ETHUSDT,1706025600000,0.0001,2219.42948864,MARK_PRICE_EXACT_OPEN,1706025600000,0
ETHUSDT,1706054400000,0.0001,2241.92282927,MARK_PRICE_EXACT_OPEN,1706054400000,0
ETHUSDT,1706083200000,0.0001,2233.63273864,MARK_PRICE_EXACT_OPEN,1706083200000,0
ETHUSDT,1706112000000,0.0001,2234.18850539,MARK_PRICE_EXACT_OPEN,1706112000000,0
ETHUSDT,1706140800000,0.0001,2234.62,MARK_PRICE_EXACT_OPEN,1706140800000,0
ETHUSDT,1706169600001,0.0001,2228.1987561,MARK_PRICE_PREVIOUS_FALLBACK,1706169600000,1
ETHUSDT,1706198400000,0.0001,2187.71114773,MARK_PRICE_EXACT_OPEN,1706198400000,0
ETHUSDT,1706227200001,0.0001,2218.01,MARK_PRICE_PREVIOUS_FALLBACK,1706227200000,1
ETHUSDT,1706256000000,0.0001,2196.99,MARK_PRICE_EXACT_OPEN,1706256000000,0
ETHUSDT,1706284800000,0.0001,2256.71795122,MARK_PRICE_EXACT_OPEN,1706284800000,0
ETHUSDT,1706313600000,0.00006877,2266.73,MARK_PRICE_EXACT_OPEN,1706313600000,0
ETHUSDT,1706342400000,0.0001,2257.79,MARK_PRICE_EXACT_OPEN,1706342400000,0
ETHUSDT,1706371200000,0.0001,2269.29,MARK_PRICE_EXACT_OPEN,1706371200000,0
ETHUSDT,1706400000000,0.00006557,2266.99,MARK_PRICE_EXACT_OPEN,1706400000000,0
ETHUSDT,1706428800000,0.00006135,2281.84,MARK_PRICE_EXACT_OPEN,1706428800000,0
ETHUSDT,1706457600000,0.00008266,2269.16,MARK_PRICE_EXACT_OPEN,1706457600000,0
ETHUSDT,1706486400000,0.0001,2256.11057011,MARK_PRICE_EXACT_OPEN,1706486400000,0
ETHUSDT,1706515200001,0.0001,2259.86566587,MARK_PRICE_PREVIOUS_FALLBACK,1706515200000,1
ETHUSDT,1706544000000,0.0001,2275.164,MARK_PRICE_EXACT_OPEN,1706544000000,0
ETHUSDT,1706572800000,0.0001,2316.79295076,MARK_PRICE_EXACT_OPEN,1706572800000,0
ETHUSDT,1706601600000,0.00006195,2308.27,MARK_PRICE_EXACT_OPEN,1706601600000,0
ETHUSDT,1706630400001,0.0001,2344.08,MARK_PRICE_PREVIOUS_FALLBACK,1706630400000,1
ETHUSDT,1706659200000,0.0001,2342.25398864,MARK_PRICE_EXACT_OPEN,1706659200000,0
ETHUSDT,1706688000000,0.0001,2340.24780303,MARK_PRICE_EXACT_OPEN,1706688000000,0
ETHUSDT,1706716800000,0.0001,2328.82088258,MARK_PRICE_EXACT_OPEN,1706716800000,0
ETHUSDT,1706745600000,0.00005527,2282.1538447,MARK_PRICE_EXACT_OPEN,1706745600000,0
ETHUSDT,1706774400000,0.00007871,2270.91404545,MARK_PRICE_EXACT_OPEN,1706774400000,0
ETHUSDT,1706803200002,0.0001,2289.83,MARK_PRICE_PREVIOUS_FALLBACK,1706803200000,2
ETHUSDT,1706832000000,0.0001,2303.55129231,MARK_PRICE_EXACT_OPEN,1706832000000,0
ETHUSDT,1706860800000,0.00003678,2312.6005014,MARK_PRICE_EXACT_OPEN,1706860800000,0
ETHUSDT,1706889600000,0.0001,2313.09896591,MARK_PRICE_EXACT_OPEN,1706889600000,0
ETHUSDT,1706918400000,0.0000815,2308.21922729,MARK_PRICE_EXACT_OPEN,1706918400000,0
ETHUSDT,1706947200000,0.0001,2313.44,MARK_PRICE_EXACT_OPEN,1706947200000,0
ETHUSDT,1706976000001,0.00004476,2304.12,MARK_PRICE_PREVIOUS_FALLBACK,1706976000000,1
ETHUSDT,1707004800000,0.0000318,2295.43796013,MARK_PRICE_EXACT_OPEN,1707004800000,0
ETHUSDT,1707033600004,0.00009094,2289.32945295,MARK_PRICE_PREVIOUS_FALLBACK,1707033600000,4
ETHUSDT,1707062400000,0.0001,2300.98432317,MARK_PRICE_EXACT_OPEN,1707062400000,0
ETHUSDT,1707091200000,0.0001,2288.76719557,MARK_PRICE_EXACT_OPEN,1707091200000,0
ETHUSDT,1707120000000,0.0001,2309.74,MARK_PRICE_EXACT_OPEN,1707120000000,0
ETHUSDT,1707148800000,0.0001,2297.67969697,MARK_PRICE_EXACT_OPEN,1707148800000,0
ETHUSDT,1707177600000,0.00005691,2300.83,MARK_PRICE_EXACT_OPEN,1707177600000,0
ETHUSDT,1707206400001,0.0001,2327.80751136,MARK_PRICE_PREVIOUS_FALLBACK,1707206400000,1
ETHUSDT,1707235200000,0.0001,2342.8633447,MARK_PRICE_EXACT_OPEN,1707235200000,0
ETHUSDT,1707264000000,0.00007659,2371.74,MARK_PRICE_EXACT_OPEN,1707264000000,0
ETHUSDT,1707292800000,0.00004883,2362.07,MARK_PRICE_EXACT_OPEN,1707292800000,0
ETHUSDT,1707321600000,0.00004309,2368.69,MARK_PRICE_EXACT_OPEN,1707321600000,0
ETHUSDT,1707350400000,0.0001,2424.22,MARK_PRICE_EXACT_OPEN,1707350400000,0
ETHUSDT,1707379200000,0.00007523,2420.3278423,MARK_PRICE_EXACT_OPEN,1707379200000,0
ETHUSDT,1707408000000,0.00009802,2452.60423106,MARK_PRICE_EXACT_OPEN,1707408000000,0
ETHUSDT,1707436800000,0.00007752,2418.76,MARK_PRICE_EXACT_OPEN,1707436800000,0
ETHUSDT,1707465600000,0.0001,2452.86,MARK_PRICE_EXACT_OPEN,1707465600000,0
ETHUSDT,1707494400001,0.0001,2494.17253659,MARK_PRICE_PREVIOUS_FALLBACK,1707494400000,1
ETHUSDT,1707523200001,0.00007838,2487.82,MARK_PRICE_PREVIOUS_FALLBACK,1707523200000,1
ETHUSDT,1707552000000,0.00009615,2494.18473171,MARK_PRICE_EXACT_OPEN,1707552000000,0
ETHUSDT,1707580800000,0.00009995,2489.7492561,MARK_PRICE_EXACT_OPEN,1707580800000,0
ETHUSDT,1707609600000,0.0001,2499.41170383,MARK_PRICE_EXACT_OPEN,1707609600000,0
ETHUSDT,1707638400001,0.0001,2527.83,MARK_PRICE_PREVIOUS_FALLBACK,1707638400000,1
ETHUSDT,1707667200000,0.00004792,2507.80204564,MARK_PRICE_EXACT_OPEN,1707667200000,0
ETHUSDT,1707696000000,0.00005076,2506.11,MARK_PRICE_EXACT_OPEN,1707696000000,0
ETHUSDT,1707724800000,0.00009971,2500.9,MARK_PRICE_EXACT_OPEN,1707724800000,0
ETHUSDT,1707753600000,0.0001,2557.33,MARK_PRICE_EXACT_OPEN,1707753600000,0
ETHUSDT,1707782400000,0.0001,2660.11561382,MARK_PRICE_EXACT_OPEN,1707782400000,0
ETHUSDT,1707811200000,0.0001,2650.26,MARK_PRICE_EXACT_OPEN,1707811200000,0
ETHUSDT,1707840000000,0.0001,2632.47865909,MARK_PRICE_EXACT_OPEN,1707840000000,0
ETHUSDT,1707868800000,0.0001,2640.72,MARK_PRICE_EXACT_OPEN,1707868800000,0
ETHUSDT,1707897600000,0.0001,2653.62,MARK_PRICE_EXACT_OPEN,1707897600000,0
ETHUSDT,1707926400000,0.00013082,2750.43993939,MARK_PRICE_EXACT_OPEN,1707926400000,0
ETHUSDT,1707955200000,0.0001,2776.15,MARK_PRICE_EXACT_OPEN,1707955200000,0
ETHUSDT,1707984000000,0.00012136,2773.76693182,MARK_PRICE_EXACT_OPEN,1707984000000,0
ETHUSDT,1708012800000,0.00015412,2827.47406061,MARK_PRICE_EXACT_OPEN,1708012800000,0
ETHUSDT,1708041600000,0.00011125,2824.38874621,MARK_PRICE_EXACT_OPEN,1708041600000,0
ETHUSDT,1708070400000,0.00011597,2817.08,MARK_PRICE_EXACT_OPEN,1708070400000,0
ETHUSDT,1708099200000,0.0001,2776.94585227,MARK_PRICE_EXACT_OPEN,1708099200000,0
ETHUSDT,1708128000000,0.0001,2803.3795303,MARK_PRICE_EXACT_OPEN,1708128000000,0
ETHUSDT,1708156800000,0.0001,2797.20009091,MARK_PRICE_EXACT_OPEN,1708156800000,0
ETHUSDT,1708185600000,0.00013519,2756.34,MARK_PRICE_EXACT_OPEN,1708185600000,0
ETHUSDT,1708214400000,0.0001,2787.41532509,MARK_PRICE_EXACT_OPEN,1708214400000,0
ETHUSDT,1708243200000,0.0001114,2802.28,MARK_PRICE_EXACT_OPEN,1708243200000,0
ETHUSDT,1708272000000,0.0001,2808.47803659,MARK_PRICE_EXACT_OPEN,1708272000000,0
ETHUSDT,1708300800000,0.0001,2882.59928788,MARK_PRICE_EXACT_OPEN,1708300800000,0
ETHUSDT,1708329600000,0.0001,2927.87375379,MARK_PRICE_EXACT_OPEN,1708329600000,0
ETHUSDT,1708358400000,0.0001,2910.37,MARK_PRICE_EXACT_OPEN,1708358400000,0
ETHUSDT,1708387200000,0.000265,2946.7417439,MARK_PRICE_EXACT_OPEN,1708387200000,0
ETHUSDT,1708416000000,0.0001,2923.08121591,MARK_PRICE_EXACT_OPEN,1708416000000,0
ETHUSDT,1708444800000,0.00025431,2926.88707955,MARK_PRICE_EXACT_OPEN,1708444800000,0
ETHUSDT,1708473600000,0.00020319,3017.13858333,MARK_PRICE_EXACT_OPEN,1708473600000,0
ETHUSDT,1708502400000,0.00011802,2941.49182955,MARK_PRICE_EXACT_OPEN,1708502400000,0
ETHUSDT,1708531200000,0.0001,2915.43171212,MARK_PRICE_EXACT_OPEN,1708531200000,0
ETHUSDT,1708560000001,0.0001,2966.17681818,MARK_PRICE_PREVIOUS_FALLBACK,1708560000000,1
ETHUSDT,1708588800001,0.0001,2993.29239015,MARK_PRICE_PREVIOUS_FALLBACK,1708588800000,1
ETHUSDT,1708617600000,0.0001,2988.32,MARK_PRICE_EXACT_OPEN,1708617600000,0
ETHUSDT,1708646400000,0.0001,2972.68395455,MARK_PRICE_EXACT_OPEN,1708646400000,0
ETHUSDT,1708675200000,0.0001,2934.99580894,MARK_PRICE_EXACT_OPEN,1708675200000,0
ETHUSDT,1708704000000,0.0001,2916.8,MARK_PRICE_EXACT_OPEN,1708704000000,0
ETHUSDT,1708732800000,0.0001,2922.82679924,MARK_PRICE_EXACT_OPEN,1708732800000,0
ETHUSDT,1708761600001,0.0001,2965.24,MARK_PRICE_PREVIOUS_FALLBACK,1708761600000,1
ETHUSDT,1708790400000,0.0001,2956.51,MARK_PRICE_EXACT_OPEN,1708790400000,0
ETHUSDT,1708819200001,0.0001,2993.67,MARK_PRICE_PREVIOUS_FALLBACK,1708819200000,1
ETHUSDT,1708848000000,0.00025856,3032.26183537,MARK_PRICE_EXACT_OPEN,1708848000000,0
ETHUSDT,1708876800000,0.0002111,3045.49,MARK_PRICE_EXACT_OPEN,1708876800000,0
ETHUSDT,1708905600000,0.00059496,3115.0844187,MARK_PRICE_EXACT_OPEN,1708905600000,0
ETHUSDT,1708934400000,0.00018258,3089.23470325,MARK_PRICE_EXACT_OPEN,1708934400000,0
ETHUSDT,1708963200000,0.00020172,3146.94853862,MARK_PRICE_EXACT_OPEN,1708963200000,0
ETHUSDT,1708992000000,0.00028561,3178.6,MARK_PRICE_EXACT_OPEN,1708992000000,0
ETHUSDT,1709020800000,0.00066751,3219.38048106,MARK_PRICE_EXACT_OPEN,1709020800000,0
ETHUSDT,1709049600000,0.00029666,3231.53806061,MARK_PRICE_EXACT_OPEN,1709049600000,0
ETHUSDT,1709078400000,0.00033546,3244.82164394,MARK_PRICE_EXACT_OPEN,1709078400000,0
ETHUSDT,1709107200000,0.00032021,3305.89192424,MARK_PRICE_EXACT_OPEN,1709107200000,0
ETHUSDT,1709136000000,0.00043581,3350.69,MARK_PRICE_EXACT_OPEN,1709136000000,0
ETHUSDT,1709164800000,0.00062574,3386.44679167,MARK_PRICE_EXACT_OPEN,1709164800000,0
ETHUSDT,1709193600000,0.00073381,3471.06612879,MARK_PRICE_EXACT_OPEN,1709193600000,0
ETHUSDT,1709222400000,0.00075727,3470.41,MARK_PRICE_EXACT_OPEN,1709222400000,0
ETHUSDT,1709251200000,0.0005304,3343.06492424,MARK_PRICE_EXACT_OPEN,1709251200000,0
ETHUSDT,1709280000000,0.00039096,3367.44962121,MARK_PRICE_EXACT_OPEN,1709280000000,0
ETHUSDT,1709308800000,0.00052446,3393.63,MARK_PRICE_EXACT_OPEN,1709308800000,0
ETHUSDT,1709337600000,0.00048856,3435.82,MARK_PRICE_EXACT_OPEN,1709337600000,0
ETHUSDT,1709366400001,0.00057488,3436.09704326,MARK_PRICE_PREVIOUS_FALLBACK,1709366400000,1
ETHUSDT,1709395200000,0.00055344,3421.37,MARK_PRICE_EXACT_OPEN,1709395200000,0
ETHUSDT,1709424000000,0.00039105,3424.23709091,MARK_PRICE_EXACT_OPEN,1709424000000,0
ETHUSDT,1709452800000,0.00038668,3394.38,MARK_PRICE_EXACT_OPEN,1709452800000,0
ETHUSDT,1709481600000,0.00037021,3424.31,MARK_PRICE_EXACT_OPEN,1709481600000,0
ETHUSDT,1709510400000,0.00041907,3491.58519697,MARK_PRICE_EXACT_OPEN,1709510400000,0
ETHUSDT,1709539200000,0.00028996,3480.37,MARK_PRICE_EXACT_OPEN,1709539200000,0
ETHUSDT,1709568000000,0.00050061,3562.64,MARK_PRICE_EXACT_OPEN,1709568000000,0
ETHUSDT,1709596800000,0.00038776,3629.64509848,MARK_PRICE_EXACT_OPEN,1709596800000,0
ETHUSDT,1709625600000,0.00101724,3678.01,MARK_PRICE_EXACT_OPEN,1709625600000,0
ETHUSDT,1709654400000,0.00082409,3786.7,MARK_PRICE_EXACT_OPEN,1709654400000,0
ETHUSDT,1709683200000,0.0002058,3555.0104697,MARK_PRICE_EXACT_OPEN,1709683200000,0
ETHUSDT,1709712000001,0.00038362,3788.4,MARK_PRICE_PREVIOUS_FALLBACK,1709712000000,1
ETHUSDT,1709740800000,0.00040511,3793.30100758,MARK_PRICE_EXACT_OPEN,1709740800000,0
ETHUSDT,1709769600000,0.00035699,3821.36624797,MARK_PRICE_EXACT_OPEN,1709769600000,0
ETHUSDT,1709798400000,0.00039169,3792.06,MARK_PRICE_EXACT_OPEN,1709798400000,0
ETHUSDT,1709827200000,0.00044218,3840.37,MARK_PRICE_EXACT_OPEN,1709827200000,0
ETHUSDT,1709856000000,0.00042931,3871.69,MARK_PRICE_EXACT_OPEN,1709856000000,0
ETHUSDT,1709884800000,0.00057985,3913.44073577,MARK_PRICE_EXACT_OPEN,1709884800000,0
ETHUSDT,1709913600000,0.00048823,3904.59637602,MARK_PRICE_EXACT_OPEN,1709913600000,0
ETHUSDT,1709942400000,0.00033201,3886.03,MARK_PRICE_EXACT_OPEN,1709942400000,0
ETHUSDT,1709971200001,0.0003653,3932.32,MARK_PRICE_PREVIOUS_FALLBACK,1709971200000,1
ETHUSDT,1710000000000,0.00035498,3920.24,MARK_PRICE_EXACT_OPEN,1710000000000,0
ETHUSDT,1710028800000,0.00034688,3908.15,MARK_PRICE_EXACT_OPEN,1710028800000,0
ETHUSDT,1710057600000,0.00049375,3948.48,MARK_PRICE_EXACT_OPEN,1710057600000,0
ETHUSDT,1710086400000,0.00029818,3886,MARK_PRICE_EXACT_OPEN,1710086400000,0
ETHUSDT,1710115200000,0.00029368,3880.96,MARK_PRICE_EXACT_OPEN,1710115200000,0
ETHUSDT,1710144000000,0.00067235,4013.23932317,MARK_PRICE_EXACT_OPEN,1710144000000,0
ETHUSDT,1710172800000,0.00064296,4020.36,MARK_PRICE_EXACT_OPEN,1710172800000,0
ETHUSDT,1710201600000,0.00068106,4070.52,MARK_PRICE_EXACT_OPEN,1710201600000,0
ETHUSDT,1710230400000,0.00037542,4030.06338258,MARK_PRICE_EXACT_OPEN,1710230400000,0
ETHUSDT,1710259200000,0.00048306,3991.80411017,MARK_PRICE_EXACT_OPEN,1710259200000,0
ETHUSDT,1710288000000,0.00046983,3983.90856818,MARK_PRICE_EXACT_OPEN,1710288000000,0
ETHUSDT,1710316800001,0.00060121,4045.94695833,MARK_PRICE_PREVIOUS_FALLBACK,1710316800000,1
ETHUSDT,1710345600000,0.00044242,3965.67,MARK_PRICE_EXACT_OPEN,1710345600000,0
ETHUSDT,1710374400001,0.00040995,4008.54714773,MARK_PRICE_PREVIOUS_FALLBACK,1710374400000,1
ETHUSDT,1710403200000,0.00050365,3966.67,MARK_PRICE_EXACT_OPEN,1710403200000,0
ETHUSDT,1710432000000,0.00035217,3848.4,MARK_PRICE_EXACT_OPEN,1710432000000,0
ETHUSDT,1710460800000,0.00040271,3885,MARK_PRICE_EXACT_OPEN,1710460800000,0
ETHUSDT,1710489600000,0.00023171,3756.08,MARK_PRICE_EXACT_OPEN,1710489600000,0
ETHUSDT,1710518400000,0.00033557,3691.55970455,MARK_PRICE_EXACT_OPEN,1710518400000,0
ETHUSDT,1710547200000,0.00018856,3743.72145455,MARK_PRICE_EXACT_OPEN,1710547200000,0
ETHUSDT,1710576000000,0.0002749,3742.92765152,MARK_PRICE_EXACT_OPEN,1710576000000,0
ETHUSDT,1710604800000,0.00028914,3681.49,MARK_PRICE_EXACT_OPEN,1710604800000,0
ETHUSDT,1710633600000,0.00013396,3525.57,MARK_PRICE_EXACT_OPEN,1710633600000,0
ETHUSDT,1710662400000,0.00011824,3474.48,MARK_PRICE_EXACT_OPEN,1710662400000,0
ETHUSDT,1710691200000,0.00030376,3629.96,MARK_PRICE_EXACT_OPEN,1710691200000,0
ETHUSDT,1710720000000,0.00017304,3646.99,MARK_PRICE_EXACT_OPEN,1710720000000,0
ETHUSDT,1710748800000,0.00026393,3628.86566667,MARK_PRICE_EXACT_OPEN,1710748800000,0
ETHUSDT,1710777600001,0.00029608,3528.44,MARK_PRICE_PREVIOUS_FALLBACK,1710777600000,1
ETHUSDT,1710806400000,0.00028148,3522.92542045,MARK_PRICE_EXACT_OPEN,1710806400000,0
ETHUSDT,1710835200000,0.00023311,3361.6,MARK_PRICE_EXACT_OPEN,1710835200000,0
ETHUSDT,1710864000001,0.00013469,3305.9976553,MARK_PRICE_PREVIOUS_FALLBACK,1710864000000,1
ETHUSDT,1710892800000,0.00016096,3161.03,MARK_PRICE_EXACT_OPEN,1710892800000,0
ETHUSDT,1710921600004,0.0001,3216.46,MARK_PRICE_PREVIOUS_FALLBACK,1710921600000,4
ETHUSDT,1710950400000,0.0001,3294.73680663,MARK_PRICE_EXACT_OPEN,1710950400000,0
ETHUSDT,1710979200000,0.00019507,3517.8,MARK_PRICE_EXACT_OPEN,1710979200000,0
ETHUSDT,1711008000000,0.00013771,3518.8,MARK_PRICE_EXACT_OPEN,1711008000000,0
ETHUSDT,1711036800000,0.00017743,3499.85541288,MARK_PRICE_EXACT_OPEN,1711036800000,0
ETHUSDT,1711065600000,0.00022775,3495.16,MARK_PRICE_EXACT_OPEN,1711065600000,0
ETHUSDT,1711094400000,0.00023317,3514.12125379,MARK_PRICE_EXACT_OPEN,1711094400000,0
ETHUSDT,1711123200000,0.00016092,3351.01666667,MARK_PRICE_EXACT_OPEN,1711123200000,0
ETHUSDT,1711152000000,0.00010552,3337.93848864,MARK_PRICE_EXACT_OPEN,1711152000000,0
ETHUSDT,1711180800000,0.00012459,3367.62,MARK_PRICE_EXACT_OPEN,1711180800000,0
ETHUSDT,1711209600000,0.00013906,3407.55015152,MARK_PRICE_EXACT_OPEN,1711209600000,0
ETHUSDT,1711238400000,0.00012767,3330.83,MARK_PRICE_EXACT_OPEN,1711238400000,0
ETHUSDT,1711267200000,0.00017907,3344.28415909,MARK_PRICE_EXACT_OPEN,1711267200000,0
ETHUSDT,1711296000000,0.00017171,3399.50544697,MARK_PRICE_EXACT_OPEN,1711296000000,0
ETHUSDT,1711324800000,0.00020242,3456.87156818,MARK_PRICE_EXACT_OPEN,1711324800000,0
ETHUSDT,1711353600001,0.00011009,3446.66889394,MARK_PRICE_PREVIOUS_FALLBACK,1711353600000,1
ETHUSDT,1711382400000,0.00022958,3583.72524242,MARK_PRICE_EXACT_OPEN,1711382400000,0
ETHUSDT,1711411200000,0.00039028,3592.94,MARK_PRICE_EXACT_OPEN,1711411200000,0
ETHUSDT,1711440000000,0.00018,3637.47,MARK_PRICE_EXACT_OPEN,1711440000000,0
ETHUSDT,1711468800000,0.00026242,3595.86615152,MARK_PRICE_EXACT_OPEN,1711468800000,0
ETHUSDT,1711497600000,0.00024667,3589.64,MARK_PRICE_EXACT_OPEN,1711497600000,0
ETHUSDT,1711526400001,0.00021635,3570.94671212,MARK_PRICE_PREVIOUS_FALLBACK,1711526400000,1
ETHUSDT,1711555200000,0.00035332,3517.15614015,MARK_PRICE_EXACT_OPEN,1711555200000,0
ETHUSDT,1711584000000,0.00038952,3504.62737121,MARK_PRICE_EXACT_OPEN,1711584000000,0
ETHUSDT,1711612800000,0.00035672,3576.6429053,MARK_PRICE_EXACT_OPEN,1711612800000,0
ETHUSDT,1711641600000,0.00036879,3580.63596212,MARK_PRICE_EXACT_OPEN,1711641600000,0
ETHUSDT,1711670400000,0.00034117,3563.42986742,MARK_PRICE_EXACT_OPEN,1711670400000,0
ETHUSDT,1711699200000,0.00030332,3522.13951894,MARK_PRICE_EXACT_OPEN,1711699200000,0
ETHUSDT,1711728000000,0.00037327,3489.53121591,MARK_PRICE_EXACT_OPEN,1711728000000,0
ETHUSDT,1711756800000,0.00024188,3512.46,MARK_PRICE_EXACT_OPEN,1711756800000,0
ETHUSDT,1711785600000,0.00024854,3495.00009091,MARK_PRICE_EXACT_OPEN,1711785600000,0
ETHUSDT,1711814400000,0.00045204,3539.97,MARK_PRICE_EXACT_OPEN,1711814400000,0
ETHUSDT,1711843200000,0.00026461,3508.24947348,MARK_PRICE_EXACT_OPEN,1711843200000,0
ETHUSDT,1711872000000,0.00065366,3629.17,MARK_PRICE_EXACT_OPEN,1711872000000,0
ETHUSDT,1711900800001,0.00058292,3623.11045833,MARK_PRICE_PREVIOUS_FALLBACK,1711900800000,1
ETHUSDT,1711929600000,0.00060909,3648.79,MARK_PRICE_EXACT_OPEN,1711929600000,0
ETHUSDT,1711958400000,0.00035798,3548.56691288,MARK_PRICE_EXACT_OPEN,1711958400000,0
ETHUSDT,1711987200000,0.00019362,3445.71054924,MARK_PRICE_EXACT_OPEN,1711987200000,0
ETHUSDT,1712016000007,0.00015034,3506.99,MARK_PRICE_PREVIOUS_FALLBACK,1712016000000,7
ETHUSDT,1712044800015,0.0001,3366.42356818,MARK_PRICE_PREVIOUS_FALLBACK,1712044800000,15
ETHUSDT,1712073600000,0.00012642,3242.13193939,MARK_PRICE_EXACT_OPEN,1712073600000,0
ETHUSDT,1712102400000,0.0001,3280.01081818,MARK_PRICE_EXACT_OPEN,1712102400000,0
ETHUSDT,1712131200000,0.0001,3306.98953762,MARK_PRICE_EXACT_OPEN,1712131200000,0
ETHUSDT,1712160000000,0.0001,3330.77,MARK_PRICE_EXACT_OPEN,1712160000000,0
ETHUSDT,1712188800000,0.0001,3312.84034091,MARK_PRICE_EXACT_OPEN,1712188800000,0
ETHUSDT,1712217600000,0.0001,3324.65300758,MARK_PRICE_EXACT_OPEN,1712217600000,0
ETHUSDT,1712246400000,0.0001,3365.82736364,MARK_PRICE_EXACT_OPEN,1712246400000,0
ETHUSDT,1712275200000,0.0001,3329.66,MARK_PRICE_EXACT_OPEN,1712275200000,0
ETHUSDT,1712304000000,0.0001,3289.18,MARK_PRICE_EXACT_OPEN,1712304000000,0
ETHUSDT,1712332800000,0.0001,3328.8,MARK_PRICE_EXACT_OPEN,1712332800000,0
ETHUSDT,1712361600000,0.00016732,3319.65,MARK_PRICE_EXACT_OPEN,1712361600000,0
ETHUSDT,1712390400000,0.0001,3331.72,MARK_PRICE_EXACT_OPEN,1712390400000,0
ETHUSDT,1712419200000,0.0001,3336.7,MARK_PRICE_EXACT_OPEN,1712419200000,0
ETHUSDT,1712448000000,0.0001,3352.94715152,MARK_PRICE_EXACT_OPEN,1712448000000,0
ETHUSDT,1712476800000,0.0001,3386.99,MARK_PRICE_EXACT_OPEN,1712476800000,0
ETHUSDT,1712505600000,0.0001,3390.77987879,MARK_PRICE_EXACT_OPEN,1712505600000,0
ETHUSDT,1712534400001,0.0001,3452.18,MARK_PRICE_PREVIOUS_FALLBACK,1712534400000,1
ETHUSDT,1712563200000,0.0001,3475.2790674,MARK_PRICE_EXACT_OPEN,1712563200000,0
ETHUSDT,1712592000006,0.00031896,3635.29471787,MARK_PRICE_PREVIOUS_FALLBACK,1712592000000,6
ETHUSDT,1712620800000,0.00024848,3697.25112879,MARK_PRICE_EXACT_OPEN,1712620800000,0
ETHUSDT,1712649600001,0.00010159,3632.81,MARK_PRICE_PREVIOUS_FALLBACK,1712649600000,1
ETHUSDT,1712678400001,0.00015222,3533.86,MARK_PRICE_PREVIOUS_FALLBACK,1712678400000,1
ETHUSDT,1712707200000,0.00018733,3508.45,MARK_PRICE_EXACT_OPEN,1712707200000,0
ETHUSDT,1712736000001,0.00015363,3536.56,MARK_PRICE_PREVIOUS_FALLBACK,1712736000000,1
ETHUSDT,1712764800000,0.00013253,3481.08,MARK_PRICE_EXACT_OPEN,1712764800000,0
ETHUSDT,1712793600000,0.0001,3547.08987461,MARK_PRICE_EXACT_OPEN,1712793600000,0
ETHUSDT,1712822400000,0.00015483,3585.20656818,MARK_PRICE_EXACT_OPEN,1712822400000,0
ETHUSDT,1712851200000,0.0001,3509.94,MARK_PRICE_EXACT_OPEN,1712851200000,0
ETHUSDT,1712880000000,0.0001,3503.71525,MARK_PRICE_EXACT_OPEN,1712880000000,0
ETHUSDT,1712908800001,0.0001,3519.96,MARK_PRICE_PREVIOUS_FALLBACK,1712908800000,1
ETHUSDT,1712937600000,0.0001,3442.42,MARK_PRICE_EXACT_OPEN,1712937600000,0
ETHUSDT,1712966400000,0.0001,3238.48,MARK_PRICE_EXACT_OPEN,1712966400000,0
ETHUSDT,1712995200000,0.0001,3258.56,MARK_PRICE_EXACT_OPEN,1712995200000,0
ETHUSDT,1713024000001,0.0001,3273.55190152,MARK_PRICE_PREVIOUS_FALLBACK,1713024000000,1
ETHUSDT,1713052800000,0.0001,3005.46,MARK_PRICE_EXACT_OPEN,1713052800000,0
ETHUSDT,1713081600000,0.0001,3083.33,MARK_PRICE_EXACT_OPEN,1713081600000,0
ETHUSDT,1713110400000,0.0001,3055.18,MARK_PRICE_EXACT_OPEN,1713110400000,0
ETHUSDT,1713139200000,0.0001,3153.43,MARK_PRICE_EXACT_OPEN,1713139200000,0
ETHUSDT,1713168000001,0.00005422,3244.77,MARK_PRICE_PREVIOUS_FALLBACK,1713168000000,1
ETHUSDT,1713196800000,0.00008871,3162.27,MARK_PRICE_EXACT_OPEN,1713196800000,0
ETHUSDT,1713225600001,0.00007898,3095.26239394,MARK_PRICE_PREVIOUS_FALLBACK,1713225600000,1
ETHUSDT,1713254400000,0.00008536,3105.88,MARK_PRICE_EXACT_OPEN,1713254400000,0
ETHUSDT,1713283200000,0.00005787,3008.14,MARK_PRICE_EXACT_OPEN,1713283200000,0
ETHUSDT,1713312000000,0.00009805,3082.96285606,MARK_PRICE_EXACT_OPEN,1713312000000,0
ETHUSDT,1713340800000,0.00000511,3074.97742424,MARK_PRICE_EXACT_OPEN,1713340800000,0
ETHUSDT,1713369600000,0.00000492,2945.72559848,MARK_PRICE_EXACT_OPEN,1713369600000,0
ETHUSDT,1713398400000,0.00003509,2983.63953788,MARK_PRICE_EXACT_OPEN,1713398400000,0
ETHUSDT,1713427200000,0.00002246,2974.11651515,MARK_PRICE_EXACT_OPEN,1713427200000,0
ETHUSDT,1713456000000,0.00006353,3067.13127273,MARK_PRICE_EXACT_OPEN,1713456000000,0
ETHUSDT,1713484800001,0.00003973,3059.66965909,MARK_PRICE_PREVIOUS_FALLBACK,1713484800000,1
ETHUSDT,1713513600000,0.00008503,3082.57,MARK_PRICE_EXACT_OPEN,1713513600000,0
ETHUSDT,1713542400000,0.00005417,3079.54848485,MARK_PRICE_EXACT_OPEN,1713542400000,0
ETHUSDT,1713571200000,0.0001,3055.10238636,MARK_PRICE_EXACT_OPEN,1713571200000,0
ETHUSDT,1713600000000,0.00002386,3059.77,MARK_PRICE_EXACT_OPEN,1713600000000,0
ETHUSDT,1713628800000,0.00005114,3108.82762121,MARK_PRICE_EXACT_OPEN,1713628800000,0
ETHUSDT,1713657600000,0.00005559,3154.37176515,MARK_PRICE_EXACT_OPEN,1713657600000,0
ETHUSDT,1713686400000,-0.00000627,3177.91,MARK_PRICE_EXACT_OPEN,1713686400000,0
ETHUSDT,1713715200000,0.00004395,3158.23,MARK_PRICE_EXACT_OPEN,1713715200000,0
ETHUSDT,1713744000000,0.00003417,3145.95092504,MARK_PRICE_EXACT_OPEN,1713744000000,0
ETHUSDT,1713772800000,0.00004908,3202.57,MARK_PRICE_EXACT_OPEN,1713772800000,0
ETHUSDT,1713801600000,-0.00001974,3182.05,MARK_PRICE_EXACT_OPEN,1713801600000,0
ETHUSDT,1713830400000,0.00000674,3198.66105303,MARK_PRICE_EXACT_OPEN,1713830400000,0
ETHUSDT,1713859200000,0.00001147,3158.94,MARK_PRICE_EXACT_OPEN,1713859200000,0
ETHUSDT,1713888000001,0.00006979,3224.83,MARK_PRICE_PREVIOUS_FALLBACK,1713888000000,1
ETHUSDT,1713916800000,0.00004713,3218.18430024,MARK_PRICE_EXACT_OPEN,1713916800000,0
ETHUSDT,1713945600000,0.00001937,3248.57907576,MARK_PRICE_EXACT_OPEN,1713945600000,0
ETHUSDT,1713974400000,0.00004804,3174.65882576,MARK_PRICE_EXACT_OPEN,1713974400000,0
ETHUSDT,1714003200000,0.00000466,3138.87962121,MARK_PRICE_EXACT_OPEN,1714003200000,0
ETHUSDT,1714032000000,0.00001706,3134.87,MARK_PRICE_EXACT_OPEN,1714032000000,0
ETHUSDT,1714060800010,0.0001,3159.39,MARK_PRICE_PREVIOUS_FALLBACK,1714060800000,10
ETHUSDT,1714089600001,0.00001631,3155.88,MARK_PRICE_PREVIOUS_FALLBACK,1714089600000,1
ETHUSDT,1714118400000,0.00003847,3133.56897727,MARK_PRICE_EXACT_OPEN,1714118400000,0
ETHUSDT,1714147200000,0.00004582,3116.44,MARK_PRICE_EXACT_OPEN,1714147200000,0
ETHUSDT,1714176000000,0.0001,3129.98,MARK_PRICE_EXACT_OPEN,1714176000000,0
ETHUSDT,1714204800001,0.00007026,3120.99,MARK_PRICE_PREVIOUS_FALLBACK,1714204800000,1
ETHUSDT,1714233600000,0.00002355,3143.3,MARK_PRICE_EXACT_OPEN,1714233600000,0
ETHUSDT,1714262400000,0.00009322,3254.12254545,MARK_PRICE_EXACT_OPEN,1714262400000,0
ETHUSDT,1714291200000,0.000083,3316.27,MARK_PRICE_EXACT_OPEN,1714291200000,0
ETHUSDT,1714320000000,0.00008272,3319.43587774,MARK_PRICE_EXACT_OPEN,1714320000000,0
ETHUSDT,1714348800000,0.00008816,3262.28,MARK_PRICE_EXACT_OPEN,1714348800000,0
ETHUSDT,1714377600000,0.0001,3186.93,MARK_PRICE_EXACT_OPEN,1714377600000,0
ETHUSDT,1714406400000,0.00005981,3180.59,MARK_PRICE_EXACT_OPEN,1714406400000,0
ETHUSDT,1714435200000,0.00007518,3215.18,MARK_PRICE_EXACT_OPEN,1714435200000,0
ETHUSDT,1714464000000,0.00007389,3155.76212879,MARK_PRICE_EXACT_OPEN,1714464000000,0
ETHUSDT,1714492800000,0.00003887,2992.76,MARK_PRICE_EXACT_OPEN,1714492800000,0
ETHUSDT,1714521600000,0.00001865,3012.57,MARK_PRICE_EXACT_OPEN,1714521600000,0
ETHUSDT,1714550400000,0.0000489,2868.23,MARK_PRICE_EXACT_OPEN,1714550400000,0
ETHUSDT,1714579200000,0.00007347,2884.56229545,MARK_PRICE_EXACT_OPEN,1714579200000,0
ETHUSDT,1714608000000,-8.6e-7,2970.90318182,MARK_PRICE_EXACT_OPEN,1714608000000,0
ETHUSDT,1714636800000,0.00009579,2920.03863636,MARK_PRICE_EXACT_OPEN,1714636800000,0
ETHUSDT,1714665600002,0.00007757,2986.8,MARK_PRICE_PREVIOUS_FALLBACK,1714665600000,2
ETHUSDT,1714694400000,0.00004044,2984.8,MARK_PRICE_EXACT_OPEN,1714694400000,0
ETHUSDT,1714723200000,0.00002157,2967.68443939,MARK_PRICE_EXACT_OPEN,1714723200000,0
ETHUSDT,1714752000000,0.00003457,3074.11,MARK_PRICE_EXACT_OPEN,1714752000000,0
ETHUSDT,1714780800000,0.0000429,3101.51019098,MARK_PRICE_EXACT_OPEN,1714780800000,0
ETHUSDT,1714809600000,0.00008465,3094.8,MARK_PRICE_EXACT_OPEN,1714809600000,0
ETHUSDT,1714838400000,0.00007001,3125.48252273,MARK_PRICE_EXACT_OPEN,1714838400000,0
ETHUSDT,1714867200000,0.00008848,3115.58824242,MARK_PRICE_EXACT_OPEN,1714867200000,0
ETHUSDT,1714896000000,0.00009394,3103.99340191,MARK_PRICE_EXACT_OPEN,1714896000000,0
ETHUSDT,1714924800000,0.00005578,3159.07,MARK_PRICE_EXACT_OPEN,1714924800000,0
ETHUSDT,1714953600000,0.00005569,3135.24,MARK_PRICE_EXACT_OPEN,1714953600000,0
ETHUSDT,1714982400000,0.0001,3179.65906818,MARK_PRICE_EXACT_OPEN,1714982400000,0
ETHUSDT,1715011200000,0.00009025,3088.39880303,MARK_PRICE_EXACT_OPEN,1715011200000,0
ETHUSDT,1715040000000,0.00007342,3061.51,MARK_PRICE_EXACT_OPEN,1715040000000,0
ETHUSDT,1715068800000,0.00004028,3076.2289697,MARK_PRICE_EXACT_OPEN,1715068800000,0
ETHUSDT,1715097600000,0.00006978,3070.2,MARK_PRICE_EXACT_OPEN,1715097600000,0
ETHUSDT,1715126400000,0.00007764,3004.9509697,MARK_PRICE_EXACT_OPEN,1715126400000,0
ETHUSDT,1715155200000,0.00007236,2994.23,MARK_PRICE_EXACT_OPEN,1715155200000,0
ETHUSDT,1715184000000,0.0001,3006,MARK_PRICE_EXACT_OPEN,1715184000000,0
ETHUSDT,1715212800000,0.0001,2973.26194697,MARK_PRICE_EXACT_OPEN,1715212800000,0
ETHUSDT,1715241600000,0.0001,2982.44537121,MARK_PRICE_EXACT_OPEN,1715241600000,0
ETHUSDT,1715270400000,0.0001,3004.95351515,MARK_PRICE_EXACT_OPEN,1715270400000,0
ETHUSDT,1715299200000,0.0000904,3034.84137121,MARK_PRICE_EXACT_OPEN,1715299200000,0
ETHUSDT,1715328000000,0.0001,3040.50732576,MARK_PRICE_EXACT_OPEN,1715328000000,0
ETHUSDT,1715356800000,0.00005137,2917.03,MARK_PRICE_EXACT_OPEN,1715356800000,0
ETHUSDT,1715385600000,0.00007578,2908.85,MARK_PRICE_EXACT_OPEN,1715385600000,0
ETHUSDT,1715414400000,0.0000669,2920.9,MARK_PRICE_EXACT_OPEN,1715414400000,0
ETHUSDT,1715443200000,0.00008517,2924.5,MARK_PRICE_EXACT_OPEN,1715443200000,0
ETHUSDT,1715472000000,0.0000801,2911.54623485,MARK_PRICE_EXACT_OPEN,1715472000000,0
ETHUSDT,1715500800000,0.00007264,2906.54,MARK_PRICE_EXACT_OPEN,1715500800000,0
ETHUSDT,1715529600000,0.00006269,2936.83,MARK_PRICE_EXACT_OPEN,1715529600000,0
ETHUSDT,1715558400001,0.00005829,2929.23,MARK_PRICE_PREVIOUS_FALLBACK,1715558400000,1
ETHUSDT,1715587200001,0.0001,2965.59,MARK_PRICE_PREVIOUS_FALLBACK,1715587200000,1
ETHUSDT,1715616000000,0.0001,2960.2,MARK_PRICE_EXACT_OPEN,1715616000000,0
ETHUSDT,1715644800000,0.0001,2949.86293182,MARK_PRICE_EXACT_OPEN,1715644800000,0
ETHUSDT,1715673600000,0.0000814,2918.84685606,MARK_PRICE_EXACT_OPEN,1715673600000,0
ETHUSDT,1715702400000,0.00009124,2897.53,MARK_PRICE_EXACT_OPEN,1715702400000,0
ETHUSDT,1715731200000,0.0001,2880.87,MARK_PRICE_EXACT_OPEN,1715731200000,0
ETHUSDT,1715760000000,0.00008171,2914.65082576,MARK_PRICE_EXACT_OPEN,1715760000000,0
ETHUSDT,1715788800000,0.00009162,2976.66,MARK_PRICE_EXACT_OPEN,1715788800000,0
ETHUSDT,1715817600004,0.0001,3030.94,MARK_PRICE_PREVIOUS_FALLBACK,1715817600000,4
ETHUSDT,1715846400000,0.00006453,3015.12305303,MARK_PRICE_EXACT_OPEN,1715846400000,0
ETHUSDT,1715875200000,0.00005401,2955.53,MARK_PRICE_EXACT_OPEN,1715875200000,0
ETHUSDT,1715904000000,0.00005324,2943.22,MARK_PRICE_EXACT_OPEN,1715904000000,0
ETHUSDT,1715932800000,0.00008531,3023.84131661,MARK_PRICE_EXACT_OPEN,1715932800000,0
ETHUSDT,1715961600000,0.00004333,3109.84,MARK_PRICE_EXACT_OPEN,1715961600000,0
ETHUSDT,1715990400000,0.00007513,3090.65673197,MARK_PRICE_EXACT_OPEN,1715990400000,0
ETHUSDT,1716019200000,0.00003431,3100.25,MARK_PRICE_EXACT_OPEN,1716019200000,0
ETHUSDT,1716048000000,0.00007815,3109.42340909,MARK_PRICE_EXACT_OPEN,1716048000000,0
ETHUSDT,1716076800000,0.00007388,3121.61511404,MARK_PRICE_EXACT_OPEN,1716076800000,0
ETHUSDT,1716105600000,0.00003451,3114.49316667,MARK_PRICE_EXACT_OPEN,1716105600000,0
ETHUSDT,1716134400000,0.00008825,3076.34246212,MARK_PRICE_EXACT_OPEN,1716134400000,0
ETHUSDT,1716163200000,0.00009672,3069.99,MARK_PRICE_EXACT_OPEN,1716163200000,0
ETHUSDT,1716192000000,0.00001916,3091.0555,MARK_PRICE_EXACT_OPEN,1716192000000,0
ETHUSDT,1716220800003,0.00004643,3118.33812121,MARK_PRICE_PREVIOUS_FALLBACK,1716220800000,3
ETHUSDT,1716249600000,0.0001,3664.24743182,MARK_PRICE_EXACT_OPEN,1716249600000,0
ETHUSDT,1716278400001,0.00019404,3661.64797727,MARK_PRICE_PREVIOUS_FALLBACK,1716278400000,1
ETHUSDT,1716307200000,0.0001,3779.13625758,MARK_PRICE_EXACT_OPEN,1716307200000,0
ETHUSDT,1716336000000,0.00012452,3792.16673485,MARK_PRICE_EXACT_OPEN,1716336000000,0
ETHUSDT,1716364800000,0.00015189,3748.84596212,MARK_PRICE_EXACT_OPEN,1716364800000,0
ETHUSDT,1716393600000,0.0001,3763.31,MARK_PRICE_EXACT_OPEN,1716393600000,0
ETHUSDT,1716422400000,0.0001,3740.25,MARK_PRICE_EXACT_OPEN,1716422400000,0
ETHUSDT,1716451200000,0.0001,3815.69087879,MARK_PRICE_EXACT_OPEN,1716451200000,0
ETHUSDT,1716480000000,0.0001,3815.08,MARK_PRICE_EXACT_OPEN,1716480000000,0
ETHUSDT,1716508800000,0.0001,3784.8,MARK_PRICE_EXACT_OPEN,1716508800000,0
ETHUSDT,1716537600000,0.0001,3681.26,MARK_PRICE_EXACT_OPEN,1716537600000,0
ETHUSDT,1716566400000,0.0001,3695.60718182,MARK_PRICE_EXACT_OPEN,1716566400000,0
ETHUSDT,1716595200000,0.0001,3729.62,MARK_PRICE_EXACT_OPEN,1716595200000,0
ETHUSDT,1716624000000,0.0001,3747.9,MARK_PRICE_EXACT_OPEN,1716624000000,0
ETHUSDT,1716652800000,0.0001,3745.57623485,MARK_PRICE_EXACT_OPEN,1716652800000,0
ETHUSDT,1716681600000,0.0001,3751.15,MARK_PRICE_EXACT_OPEN,1716681600000,0
ETHUSDT,1716710400000,0.0001,3787.58,MARK_PRICE_EXACT_OPEN,1716710400000,0
ETHUSDT,1716739200000,0.0001,3834.53,MARK_PRICE_EXACT_OPEN,1716739200000,0
ETHUSDT,1716768000000,0.0001,3827.53,MARK_PRICE_EXACT_OPEN,1716768000000,0
ETHUSDT,1716796800000,0.0001,3915.42,MARK_PRICE_EXACT_OPEN,1716796800000,0
ETHUSDT,1716825600000,0.0001,3965.83840909,MARK_PRICE_EXACT_OPEN,1716825600000,0
ETHUSDT,1716854400000,0.0001,3896.09,MARK_PRICE_EXACT_OPEN,1716854400000,0
ETHUSDT,1716883200000,0.0001,3850.32068939,MARK_PRICE_EXACT_OPEN,1716883200000,0
ETHUSDT,1716912000000,0.0001219,3863.33,MARK_PRICE_EXACT_OPEN,1716912000000,0
ETHUSDT,1716940800001,0.00017485,3847.29,MARK_PRICE_PREVIOUS_FALLBACK,1716940800000,1
ETHUSDT,1716969600000,0.0001,3823.40307576,MARK_PRICE_EXACT_OPEN,1716969600000,0
ETHUSDT,1716998400000,0.000177,3762.03720455,MARK_PRICE_EXACT_OPEN,1716998400000,0
ETHUSDT,1717027200000,0.00025357,3770,MARK_PRICE_EXACT_OPEN,1717027200000,0
ETHUSDT,1717056000000,0.00014202,3722.16,MARK_PRICE_EXACT_OPEN,1717056000000,0
ETHUSDT,1717084800000,0.00018706,3778.23030303,MARK_PRICE_EXACT_OPEN,1717084800000,0
ETHUSDT,1717113600000,0.0001,3749.90932576,MARK_PRICE_EXACT_OPEN,1717113600000,0
ETHUSDT,1717142400000,0.00010793,3731.75440152,MARK_PRICE_EXACT_OPEN,1717142400000,0
ETHUSDT,1717171200000,0.00012319,3747.25,MARK_PRICE_EXACT_OPEN,1717171200000,0
ETHUSDT,1717200000000,0.00017131,3764.04343182,MARK_PRICE_EXACT_OPEN,1717200000000,0
ETHUSDT,1717228800000,0.00013009,3775.304,MARK_PRICE_EXACT_OPEN,1717228800000,0
ETHUSDT,1717257600001,0.00011557,3804.11613636,MARK_PRICE_PREVIOUS_FALLBACK,1717257600000,1
ETHUSDT,1717286400000,0.00015695,3817.5,MARK_PRICE_EXACT_OPEN,1717286400000,0
ETHUSDT,1717315200000,0.0001,3795.13,MARK_PRICE_EXACT_OPEN,1717315200000,0
ETHUSDT,1717344000000,0.0001,3801.12573166,MARK_PRICE_EXACT_OPEN,1717344000000,0
ETHUSDT,1717372800000,0.00012702,3783.61568939,MARK_PRICE_EXACT_OPEN,1717372800000,0
ETHUSDT,1717401600000,0.00015803,3819.99,MARK_PRICE_EXACT_OPEN,1717401600000,0
ETHUSDT,1717430400000,0.00012815,3797.88131818,MARK_PRICE_EXACT_OPEN,1717430400000,0
ETHUSDT,1717459200000,0.0001,3769.15,MARK_PRICE_EXACT_OPEN,1717459200000,0
ETHUSDT,1717488000000,0.0001,3776.79,MARK_PRICE_EXACT_OPEN,1717488000000,0
ETHUSDT,1717516800000,0.000108,3813.09632576,MARK_PRICE_EXACT_OPEN,1717516800000,0
ETHUSDT,1717545600000,0.00016969,3813.02937121,MARK_PRICE_EXACT_OPEN,1717545600000,0
ETHUSDT,1717574400000,0.0001,3811.35,MARK_PRICE_EXACT_OPEN,1717574400000,0
ETHUSDT,1717603200000,0.00010659,3816.56893182,MARK_PRICE_EXACT_OPEN,1717603200000,0
ETHUSDT,1717632000000,0.00019461,3867.99527273,MARK_PRICE_EXACT_OPEN,1717632000000,0
ETHUSDT,1717660800008,0.00020328,3853.89,MARK_PRICE_PREVIOUS_FALLBACK,1717660800000,8
ETHUSDT,1717689600000,0.00014989,3847.09508333,MARK_PRICE_EXACT_OPEN,1717689600000,0
ETHUSDT,1717718400000,0.00016105,3815.77,MARK_PRICE_EXACT_OPEN,1717718400000,0
ETHUSDT,1717747200000,0.00013228,3819.0117803,MARK_PRICE_EXACT_OPEN,1717747200000,0
ETHUSDT,1717776000000,0.00017029,3802.93818182,MARK_PRICE_EXACT_OPEN,1717776000000,0
ETHUSDT,1717804800000,0.0001,3679.82,MARK_PRICE_EXACT_OPEN,1717804800000,0
ETHUSDT,1717833600000,0.0001,3710.26,MARK_PRICE_EXACT_OPEN,1717833600000,0
ETHUSDT,1717862400000,0.0001,3689.33,MARK_PRICE_EXACT_OPEN,1717862400000,0
ETHUSDT,1717891200000,0.0001,3682.11,MARK_PRICE_EXACT_OPEN,1717891200000,0
ETHUSDT,1717920000000,0.0001,3687.1,MARK_PRICE_EXACT_OPEN,1717920000000,0
ETHUSDT,1717948800001,0.0001,3692.43757576,MARK_PRICE_PREVIOUS_FALLBACK,1717948800000,1
ETHUSDT,1717977600000,0.0001,3707.55763278,MARK_PRICE_EXACT_OPEN,1717977600000,0
ETHUSDT,1718006400000,0.0001,3650.44409091,MARK_PRICE_EXACT_OPEN,1718006400000,0
ETHUSDT,1718035200001,0.0001,3702.72970483,MARK_PRICE_PREVIOUS_FALLBACK,1718035200000,1
ETHUSDT,1718064000001,0.0001,3667.67142384,MARK_PRICE_PREVIOUS_FALLBACK,1718064000000,1
ETHUSDT,1718092800000,0.0001,3535.23,MARK_PRICE_EXACT_OPEN,1718092800000,0
ETHUSDT,1718121600000,0.0001,3448.27999242,MARK_PRICE_EXACT_OPEN,1718121600000,0
ETHUSDT,1718150400000,0.0001,3497.97481061,MARK_PRICE_EXACT_OPEN,1718150400000,0
ETHUSDT,1718179200000,0.0001,3526.99,MARK_PRICE_EXACT_OPEN,1718179200000,0
ETHUSDT,1718208000000,0.0001,3617.95952273,MARK_PRICE_EXACT_OPEN,1718208000000,0
ETHUSDT,1718236800000,0.0001,3560.35896212,MARK_PRICE_EXACT_OPEN,1718236800000,0
ETHUSDT,1718265600001,0.0001,3506.35685606,MARK_PRICE_PREVIOUS_FALLBACK,1718265600000,1
ETHUSDT,1718294400000,0.0001,3442.72704545,MARK_PRICE_EXACT_OPEN,1718294400000,0
ETHUSDT,1718323200000,0.0001,3469.19,MARK_PRICE_EXACT_OPEN,1718323200000,0
ETHUSDT,1718352000000,0.0001,3515.97947727,MARK_PRICE_EXACT_OPEN,1718352000000,0
ETHUSDT,1718380800000,0.0001,3461.87205303,MARK_PRICE_EXACT_OPEN,1718380800000,0
ETHUSDT,1718409600000,0.0001,3480.85369697,MARK_PRICE_EXACT_OPEN,1718409600000,0
ETHUSDT,1718438400000,0.0001,3529.34816667,MARK_PRICE_EXACT_OPEN,1718438400000,0
ETHUSDT,1718467200000,0.0001,3565.31,MARK_PRICE_EXACT_OPEN,1718467200000,0
ETHUSDT,1718496000001,0.0001,3567.85527273,MARK_PRICE_PREVIOUS_FALLBACK,1718496000000,1
ETHUSDT,1718524800000,0.0001,3561.37,MARK_PRICE_EXACT_OPEN,1718524800000,0
ETHUSDT,1718553600000,0.0001,3591.36355303,MARK_PRICE_EXACT_OPEN,1718553600000,0
ETHUSDT,1718582400000,0.0001,3623.16491188,MARK_PRICE_EXACT_OPEN,1718582400000,0
ETHUSDT,1718611200000,0.0001,3551.57,MARK_PRICE_EXACT_OPEN,1718611200000,0
ETHUSDT,1718640000000,0.00009137,3495.8,MARK_PRICE_EXACT_OPEN,1718640000000,0
ETHUSDT,1718668800000,0.00006649,3509.76769697,MARK_PRICE_EXACT_OPEN,1718668800000,0
ETHUSDT,1718697600000,0.00007836,3442.5,MARK_PRICE_EXACT_OPEN,1718697600000,0
ETHUSDT,1718726400000,0.00006211,3422.71162879,MARK_PRICE_EXACT_OPEN,1718726400000,0
ETHUSDT,1718755200001,0.0001,3481.69541667,MARK_PRICE_PREVIOUS_FALLBACK,1718755200000,1
ETHUSDT,1718784000001,0.0001,3547,MARK_PRICE_PREVIOUS_FALLBACK,1718784000000,1
ETHUSDT,1718812800000,0.00006122,3527.99,MARK_PRICE_EXACT_OPEN,1718812800000,0
ETHUSDT,1718841600000,0.0001,3559.10481851,MARK_PRICE_EXACT_OPEN,1718841600000,0
ETHUSDT,1718870400000,0.00006409,3606.12040909,MARK_PRICE_EXACT_OPEN,1718870400000,0
ETHUSDT,1718899200000,0.00003148,3505.36793182,MARK_PRICE_EXACT_OPEN,1718899200000,0
ETHUSDT,1718928000000,0.00000746,3511.40310606,MARK_PRICE_EXACT_OPEN,1718928000000,0
ETHUSDT,1718956800000,0.00002103,3473.58,MARK_PRICE_EXACT_OPEN,1718956800000,0
ETHUSDT,1718985600000,0.0001,3491.39,MARK_PRICE_EXACT_OPEN,1718985600000,0
ETHUSDT,1719014400000,0.00004564,3517.18,MARK_PRICE_EXACT_OPEN,1719014400000,0
ETHUSDT,1719043200000,0.00005837,3492.53,MARK_PRICE_EXACT_OPEN,1719043200000,0
ETHUSDT,1719072000000,0.00003914,3504.6,MARK_PRICE_EXACT_OPEN,1719072000000,0
ETHUSDT,1719100800000,0.0000671,3494.26,MARK_PRICE_EXACT_OPEN,1719100800000,0
ETHUSDT,1719129600000,0.00004594,3510.92535606,MARK_PRICE_EXACT_OPEN,1719129600000,0
ETHUSDT,1719158400000,0.00003591,3473.1275303,MARK_PRICE_EXACT_OPEN,1719158400000,0
ETHUSDT,1719187200002,0.00007672,3422.24,MARK_PRICE_PREVIOUS_FALLBACK,1719187200000,2
ETHUSDT,1719216000000,0.0001,3367.68,MARK_PRICE_EXACT_OPEN,1719216000000,0
ETHUSDT,1719244800000,0.0000741,3278.79,MARK_PRICE_EXACT_OPEN,1719244800000,0
ETHUSDT,1719273600000,0.0001,3352,MARK_PRICE_EXACT_OPEN,1719273600000,0
ETHUSDT,1719302400000,0.0001,3360.18204545,MARK_PRICE_EXACT_OPEN,1719302400000,0
ETHUSDT,1719331200000,0.0001,3418.83318182,MARK_PRICE_EXACT_OPEN,1719331200000,0
ETHUSDT,1719360000002,0.0001,3394.07,MARK_PRICE_PREVIOUS_FALLBACK,1719360000000,2
ETHUSDT,1719388800000,0.0001,3400.60412879,MARK_PRICE_EXACT_OPEN,1719388800000,0
ETHUSDT,1719417600000,0.0001,3360.8,MARK_PRICE_EXACT_OPEN,1719417600000,0
ETHUSDT,1719446400000,0.0001,3370.70614394,MARK_PRICE_EXACT_OPEN,1719446400000,0
ETHUSDT,1719475200001,0.0001,3376.46,MARK_PRICE_PREVIOUS_FALLBACK,1719475200000,1
ETHUSDT,1719504000000,0.0001,3452.00560606,MARK_PRICE_EXACT_OPEN,1719504000000,0
ETHUSDT,1719532800000,0.0001,3450.33018025,MARK_PRICE_EXACT_OPEN,1719532800000,0
ETHUSDT,1719561600000,0.0001,3431.27,MARK_PRICE_EXACT_OPEN,1719561600000,0
ETHUSDT,1719590400000,0.0001,3412.13582576,MARK_PRICE_EXACT_OPEN,1719590400000,0
ETHUSDT,1719619200001,0.0001,3380.25888636,MARK_PRICE_PREVIOUS_FALLBACK,1719619200000,1
ETHUSDT,1719648000000,0.0001,3398.18,MARK_PRICE_EXACT_OPEN,1719648000000,0
ETHUSDT,1719676800000,0.0001,3393.45,MARK_PRICE_EXACT_OPEN,1719676800000,0
ETHUSDT,1719705600000,0.0001,3377.62159848,MARK_PRICE_EXACT_OPEN,1719705600000,0
ETHUSDT,1719734400000,0.0001,3393.06,MARK_PRICE_EXACT_OPEN,1719734400000,0
ETHUSDT,1719763200000,0.0001,3398.87,MARK_PRICE_EXACT_OPEN,1719763200000,0
ETHUSDT,1719792000000,0.0001,3436.73,MARK_PRICE_EXACT_OPEN,1719792000000,0
ETHUSDT,1719820800000,0.0001,3489.25,MARK_PRICE_EXACT_OPEN,1719820800000,0
ETHUSDT,1719849600001,0.0001,3473.82316667,MARK_PRICE_PREVIOUS_FALLBACK,1719849600000,1
ETHUSDT,1719878400000,0.0001,3441.12724242,MARK_PRICE_EXACT_OPEN,1719878400000,0
ETHUSDT,1719907200000,0.0001,3438.50177273,MARK_PRICE_EXACT_OPEN,1719907200000,0
ETHUSDT,1719936000000,0.0001,3414.68,MARK_PRICE_EXACT_OPEN,1719936000000,0
ETHUSDT,1719964800000,0.0001,3420.43,MARK_PRICE_EXACT_OPEN,1719964800000,0
ETHUSDT,1719993600001,0.0001,3352.12,MARK_PRICE_PREVIOUS_FALLBACK,1719993600000,1
ETHUSDT,1720022400000,0.0001,3302.94937121,MARK_PRICE_EXACT_OPEN,1720022400000,0
ETHUSDT,1720051200000,0.0001,3294.76,MARK_PRICE_EXACT_OPEN,1720051200000,0
ETHUSDT,1720080000000,0.0001,3181.5572197,MARK_PRICE_EXACT_OPEN,1720080000000,0
ETHUSDT,1720108800000,0.0001,3137.87,MARK_PRICE_EXACT_OPEN,1720108800000,0
ETHUSDT,1720137600000,0.0001,3059.23636364,MARK_PRICE_EXACT_OPEN,1720137600000,0
ETHUSDT,1720166400000,0.0000955,2881.26,MARK_PRICE_EXACT_OPEN,1720166400000,0
ETHUSDT,1720195200000,0.00004923,2990.22177273,MARK_PRICE_EXACT_OPEN,1720195200000,0
ETHUSDT,1720224000000,0.00009007,2980.67,MARK_PRICE_EXACT_OPEN,1720224000000,0
ETHUSDT,1720252800000,0.00006597,3003.19540909,MARK_PRICE_EXACT_OPEN,1720252800000,0
ETHUSDT,1720281600000,0.00005847,3018.48308777,MARK_PRICE_EXACT_OPEN,1720281600000,0
ETHUSDT,1720310400001,0.00003941,3065.48,MARK_PRICE_PREVIOUS_FALLBACK,1720310400000,1
ETHUSDT,1720339200000,0.00008938,3002.98278947,MARK_PRICE_EXACT_OPEN,1720339200000,0
ETHUSDT,1720368000000,0.00005389,2969.63110606,MARK_PRICE_EXACT_OPEN,1720368000000,0
ETHUSDT,1720396800000,0.0001,2930.23,MARK_PRICE_EXACT_OPEN,1720396800000,0
ETHUSDT,1720425600000,0.00003423,2925.58,MARK_PRICE_EXACT_OPEN,1720425600000,0
ETHUSDT,1720454400000,0.00009357,2968.46153788,MARK_PRICE_EXACT_OPEN,1720454400000,0
ETHUSDT,1720483200000,0.00005681,3017.9332803,MARK_PRICE_EXACT_OPEN,1720483200000,0
ETHUSDT,1720512000001,0.00001078,3064.32,MARK_PRICE_PREVIOUS_FALLBACK,1720512000000,1
ETHUSDT,1720540800000,0.00007754,3066.14312879,MARK_PRICE_EXACT_OPEN,1720540800000,0
ETHUSDT,1720569600000,0.00003746,3065.07350758,MARK_PRICE_EXACT_OPEN,1720569600000,0
ETHUSDT,1720598400000,0.00001713,3095.87054075,MARK_PRICE_EXACT_OPEN,1720598400000,0
ETHUSDT,1720627200000,0.0001,3121.15187121,MARK_PRICE_EXACT_OPEN,1720627200000,0
ETHUSDT,1720656000002,0.00004282,3098.02,MARK_PRICE_PREVIOUS_FALLBACK,1720656000000,2
ETHUSDT,1720684800002,0.00008656,3118.34,MARK_PRICE_PREVIOUS_FALLBACK,1720684800000,2
ETHUSDT,1720713600004,0.00005603,3114.63,MARK_PRICE_PREVIOUS_FALLBACK,1720713600000,4
ETHUSDT,1720742400000,0.0001,3098.24,MARK_PRICE_EXACT_OPEN,1720742400000,0
ETHUSDT,1720771200000,0.0000473,3070.88693182,MARK_PRICE_EXACT_OPEN,1720771200000,0
ETHUSDT,1720800000000,0.00007154,3130.18,MARK_PRICE_EXACT_OPEN,1720800000000,0
ETHUSDT,1720828800000,0.0001,3133.24,MARK_PRICE_EXACT_OPEN,1720828800000,0
ETHUSDT,1720857600000,0.0001,3139.09,MARK_PRICE_EXACT_OPEN,1720857600000,0
ETHUSDT,1720886400000,0.00007584,3153.75693182,MARK_PRICE_EXACT_OPEN,1720886400000,0
ETHUSDT,1720915200000,0.0001,3174.03778213,MARK_PRICE_EXACT_OPEN,1720915200000,0
ETHUSDT,1720944000000,0.00006352,3194.34,MARK_PRICE_EXACT_OPEN,1720944000000,0
ETHUSDT,1720972800000,0.00003194,3188.72962382,MARK_PRICE_EXACT_OPEN,1720972800000,0
ETHUSDT,1721001600000,0.00009653,3244.1,MARK_PRICE_EXACT_OPEN,1721001600000,0
ETHUSDT,1721030400000,0.00004043,3354.38,MARK_PRICE_EXACT_OPEN,1721030400000,0
ETHUSDT,1721059200000,0.0000469,3366.10097727,MARK_PRICE_EXACT_OPEN,1721059200000,0
ETHUSDT,1721088000000,0.00002643,3481.75328788,MARK_PRICE_EXACT_OPEN,1721088000000,0
ETHUSDT,1721116800000,0.00009799,3375.73594697,MARK_PRICE_EXACT_OPEN,1721116800000,0
ETHUSDT,1721145600000,0.00006395,3474.87973485,MARK_PRICE_EXACT_OPEN,1721145600000,0
ETHUSDT,1721174400000,0.00005824,3442.84,MARK_PRICE_EXACT_OPEN,1721174400000,0
ETHUSDT,1721203200001,0.00008064,3485.25985606,MARK_PRICE_PREVIOUS_FALLBACK,1721203200000,1
ETHUSDT,1721232000000,0.00006113,3436.30719697,MARK_PRICE_EXACT_OPEN,1721232000000,0
ETHUSDT,1721260800000,0.0001,3386.04,MARK_PRICE_EXACT_OPEN,1721260800000,0
ETHUSDT,1721289600000,0.00006727,3431.72,MARK_PRICE_EXACT_OPEN,1721289600000,0
ETHUSDT,1721318400000,0.00003237,3387.6712803,MARK_PRICE_EXACT_OPEN,1721318400000,0
ETHUSDT,1721347200000,0.00004387,3424.99,MARK_PRICE_EXACT_OPEN,1721347200000,0
ETHUSDT,1721376000000,0.00008153,3390.58,MARK_PRICE_EXACT_OPEN,1721376000000,0
ETHUSDT,1721404800000,0.0001,3463.6,MARK_PRICE_EXACT_OPEN,1721404800000,0
ETHUSDT,1721433600001,0.00005271,3504.28,MARK_PRICE_PREVIOUS_FALLBACK,1721433600000,1
ETHUSDT,1721462400000,0.00008573,3485.99,MARK_PRICE_EXACT_OPEN,1721462400000,0
ETHUSDT,1721491200000,0.00002468,3501.81,MARK_PRICE_EXACT_OPEN,1721491200000,0
ETHUSDT,1721520000000,0.0001,3515.94156061,MARK_PRICE_EXACT_OPEN,1721520000000,0
ETHUSDT,1721548800000,0.00001524,3482.90283333,MARK_PRICE_EXACT_OPEN,1721548800000,0
ETHUSDT,1721577600000,0.00006721,3498.66479545,MARK_PRICE_EXACT_OPEN,1721577600000,0
ETHUSDT,1721606400000,0.00009867,3534.26,MARK_PRICE_EXACT_OPEN,1721606400000,0
ETHUSDT,1721635200000,0.00007749,3477.02,MARK_PRICE_EXACT_OPEN,1721635200000,0
ETHUSDT,1721664000000,0.0000282,3455.7,MARK_PRICE_EXACT_OPEN,1721664000000,0
ETHUSDT,1721692800000,0.00007792,3438.32969697,MARK_PRICE_EXACT_OPEN,1721692800000,0
ETHUSDT,1721721600000,0.0001,3453.3,MARK_PRICE_EXACT_OPEN,1721721600000,0
ETHUSDT,1721750400000,0.00009013,3453.5592803,MARK_PRICE_EXACT_OPEN,1721750400000,0
ETHUSDT,1721779200000,0.00007865,3481.01,MARK_PRICE_EXACT_OPEN,1721779200000,0
ETHUSDT,1721808000000,0.00008396,3445.74,MARK_PRICE_EXACT_OPEN,1721808000000,0
ETHUSDT,1721836800000,0.00006706,3413.49,MARK_PRICE_EXACT_OPEN,1721836800000,0
ETHUSDT,1721865600000,0.0000946,3334.25,MARK_PRICE_EXACT_OPEN,1721865600000,0
ETHUSDT,1721894400000,0.00000204,3170.41348485,MARK_PRICE_EXACT_OPEN,1721894400000,0
ETHUSDT,1721923200000,0.0000372,3140.81,MARK_PRICE_EXACT_OPEN,1721923200000,0
ETHUSDT,1721952000000,0.00003903,3173.67,MARK_PRICE_EXACT_OPEN,1721952000000,0
ETHUSDT,1721980800000,0.00004196,3249.62,MARK_PRICE_EXACT_OPEN,1721980800000,0
ETHUSDT,1722009600000,0.00004001,3253.84,MARK_PRICE_EXACT_OPEN,1722009600000,0
ETHUSDT,1722038400000,0.0000305,3272.9557803,MARK_PRICE_EXACT_OPEN,1722038400000,0
ETHUSDT,1722067200000,0.00007422,3270.41,MARK_PRICE_EXACT_OPEN,1722067200000,0
ETHUSDT,1722096000000,0.0000178,3279.78,MARK_PRICE_EXACT_OPEN,1722096000000,0
ETHUSDT,1722124800000,0.0001,3248.17,MARK_PRICE_EXACT_OPEN,1722124800000,0
ETHUSDT,1722153600000,0.0001,3226.68,MARK_PRICE_EXACT_OPEN,1722153600000,0
ETHUSDT,1722182400001,0.0001,3268.08,MARK_PRICE_PREVIOUS_FALLBACK,1722182400000,1
ETHUSDT,1722211200001,0.00008174,3269.31,MARK_PRICE_PREVIOUS_FALLBACK,1722211200000,1
ETHUSDT,1722240000000,0.0001,3366.02474242,MARK_PRICE_EXACT_OPEN,1722240000000,0
ETHUSDT,1722268800001,0.0001,3304.69282576,MARK_PRICE_PREVIOUS_FALLBACK,1722268800000,1
ETHUSDT,1722297600000,0.0001,3316.62,MARK_PRICE_EXACT_OPEN,1722297600000,0
ETHUSDT,1722326400001,0.0001,3339.97037879,MARK_PRICE_PREVIOUS_FALLBACK,1722326400000,1
ETHUSDT,1722355200000,0.0001,3319.79452273,MARK_PRICE_EXACT_OPEN,1722355200000,0
ETHUSDT,1722384000000,0.0001,3278.18,MARK_PRICE_EXACT_OPEN,1722384000000,0
ETHUSDT,1722412800000,0.0001,3316.5177803,MARK_PRICE_EXACT_OPEN,1722412800000,0
ETHUSDT,1722441600000,0.0001,3301.2,MARK_PRICE_EXACT_OPEN,1722441600000,0
ETHUSDT,1722470400000,0.0001,3231.48,MARK_PRICE_EXACT_OPEN,1722470400000,0
ETHUSDT,1722499200000,0.00005973,3165.59420455,MARK_PRICE_EXACT_OPEN,1722499200000,0
ETHUSDT,1722528000000,0.0001,3115.41645455,MARK_PRICE_EXACT_OPEN,1722528000000,0
ETHUSDT,1722556800000,0.00007641,3201.93043182,MARK_PRICE_EXACT_OPEN,1722556800000,0
ETHUSDT,1722585600001,0.00007771,3147.48,MARK_PRICE_PREVIOUS_FALLBACK,1722585600000,1
ETHUSDT,1722614400000,0.00003785,3037.91004545,MARK_PRICE_EXACT_OPEN,1722614400000,0
ETHUSDT,1722643200000,0.00008493,2988.52112121,MARK_PRICE_EXACT_OPEN,1722643200000,0
ETHUSDT,1722672000000,0.0000292,2983,MARK_PRICE_EXACT_OPEN,1722672000000,0
ETHUSDT,1722700800001,0.0000482,2941.63109848,MARK_PRICE_PREVIOUS_FALLBACK,1722700800000,1
ETHUSDT,1722729600000,0.00004181,2902.08109848,MARK_PRICE_EXACT_OPEN,1722729600000,0
ETHUSDT,1722758400000,0.00001635,2892,MARK_PRICE_EXACT_OPEN,1722758400000,0
ETHUSDT,1722787200000,0.00006815,2826.07,MARK_PRICE_EXACT_OPEN,1722787200000,0
ETHUSDT,1722816000000,-0.000017,2687.6,MARK_PRICE_EXACT_OPEN,1722816000000,0
ETHUSDT,1722844800000,-0.00000458,2357.15874242,MARK_PRICE_EXACT_OPEN,1722844800000,0
ETHUSDT,1722873600000,-0.00005766,2448.97,MARK_PRICE_EXACT_OPEN,1722873600000,0
ETHUSDT,1722902400000,-0.00002276,2417.88,MARK_PRICE_EXACT_OPEN,1722902400000,0
ETHUSDT,1722931200000,-0.00010667,2522.35415909,MARK_PRICE_EXACT_OPEN,1722931200000,0
ETHUSDT,1722960000000,-0.0000111,2526.39305303,MARK_PRICE_EXACT_OPEN,1722960000000,0
ETHUSDT,1722988800000,-0.0000425,2460.19070455,MARK_PRICE_EXACT_OPEN,1722988800000,0
ETHUSDT,1723017600001,-0.00000616,2510.3,MARK_PRICE_PREVIOUS_FALLBACK,1723017600000,1
ETHUSDT,1723046400000,-0.00004478,2411.71,MARK_PRICE_EXACT_OPEN,1723046400000,0
ETHUSDT,1723075200001,-0.00004377,2337.96505303,MARK_PRICE_PREVIOUS_FALLBACK,1723075200000,1
ETHUSDT,1723104000000,-0.00001083,2412.92,MARK_PRICE_EXACT_OPEN,1723104000000,0
ETHUSDT,1723132800000,-0.00003437,2505.85,MARK_PRICE_EXACT_OPEN,1723132800000,0
ETHUSDT,1723161600000,0.00001139,2681.90268182,MARK_PRICE_EXACT_OPEN,1723161600000,0
ETHUSDT,1723190400000,0.00004212,2668.97,MARK_PRICE_EXACT_OPEN,1723190400000,0
ETHUSDT,1723219200000,-0.00002753,2557.33112121,MARK_PRICE_EXACT_OPEN,1723219200000,0
ETHUSDT,1723248000000,-0.00004249,2597.89,MARK_PRICE_EXACT_OPEN,1723248000000,0
ETHUSDT,1723276800000,0.00003504,2633.07,MARK_PRICE_EXACT_OPEN,1723276800000,0
ETHUSDT,1723305600000,0.00001614,2598.24,MARK_PRICE_EXACT_OPEN,1723305600000,0
ETHUSDT,1723334400000,-0.00000882,2608.77,MARK_PRICE_EXACT_OPEN,1723334400000,0
ETHUSDT,1723363200000,0.00000973,2676,MARK_PRICE_EXACT_OPEN,1723363200000,0
ETHUSDT,1723392000001,0.00000346,2610.31,MARK_PRICE_PREVIOUS_FALLBACK,1723392000000,1
ETHUSDT,1723420800000,0.00001047,2554.65,MARK_PRICE_EXACT_OPEN,1723420800000,0
ETHUSDT,1723449600000,0.00006766,2566.03856061,MARK_PRICE_EXACT_OPEN,1723449600000,0
ETHUSDT,1723478400000,0.00006424,2687.88237879,MARK_PRICE_EXACT_OPEN,1723478400000,0
ETHUSDT,1723507200000,0.00007892,2721.15,MARK_PRICE_EXACT_OPEN,1723507200000,0
ETHUSDT,1723536000000,-0.00006036,2647.14,MARK_PRICE_EXACT_OPEN,1723536000000,0
ETHUSDT,1723564800000,-0.00004532,2650.88137121,MARK_PRICE_EXACT_OPEN,1723564800000,0
ETHUSDT,1723593600000,0.00000555,2701.01,MARK_PRICE_EXACT_OPEN,1723593600000,0
ETHUSDT,1723622400000,0.00003166,2726.46,MARK_PRICE_EXACT_OPEN,1723622400000,0
ETHUSDT,1723651200000,-0.00003462,2672.89318182,MARK_PRICE_EXACT_OPEN,1723651200000,0
ETHUSDT,1723680000000,0.00005044,2659.92410606,MARK_PRICE_EXACT_OPEN,1723680000000,0
ETHUSDT,1723708800000,0.00007775,2613.84,MARK_PRICE_EXACT_OPEN,1723708800000,0
ETHUSDT,1723737600000,0.00000662,2667.19,MARK_PRICE_EXACT_OPEN,1723737600000,0
ETHUSDT,1723766400000,-0.00001182,2568.81935606,MARK_PRICE_EXACT_OPEN,1723766400000,0
ETHUSDT,1723795200000,0.00002105,2616.02889394,MARK_PRICE_EXACT_OPEN,1723795200000,0
ETHUSDT,1723824000000,0.00003363,2568.34188636,MARK_PRICE_EXACT_OPEN,1723824000000,0
ETHUSDT,1723852800000,0.00002448,2591.52,MARK_PRICE_EXACT_OPEN,1723852800000,0
ETHUSDT,1723881600000,-0.00002485,2599.02025,MARK_PRICE_EXACT_OPEN,1723881600000,0
ETHUSDT,1723910400000,-0.00003471,2605.56,MARK_PRICE_EXACT_OPEN,1723910400000,0
ETHUSDT,1723939200000,0.00000782,2613.18,MARK_PRICE_EXACT_OPEN,1723939200000,0
ETHUSDT,1723968000000,-0.00004706,2606.84133333,MARK_PRICE_EXACT_OPEN,1723968000000,0
ETHUSDT,1723996800000,-0.00000142,2671,MARK_PRICE_EXACT_OPEN,1723996800000,0
ETHUSDT,1724025600000,-0.0000366,2610.67,MARK_PRICE_EXACT_OPEN,1724025600000,0
ETHUSDT,1724054400000,0.00000859,2612.86021212,MARK_PRICE_EXACT_OPEN,1724054400000,0
ETHUSDT,1724083200002,-0.0000153,2581.27477273,MARK_PRICE_PREVIOUS_FALLBACK,1724083200000,2
ETHUSDT,1724112000000,0.00000969,2635.29,MARK_PRICE_EXACT_OPEN,1724112000000,0
ETHUSDT,1724140800000,0.00001977,2673.63,MARK_PRICE_EXACT_OPEN,1724140800000,0
ETHUSDT,1724169600001,-0.00002726,2571.27,MARK_PRICE_PREVIOUS_FALLBACK,1724169600000,1
ETHUSDT,1724198400001,0.0000133,2573.37,MARK_PRICE_PREVIOUS_FALLBACK,1724198400000,1
ETHUSDT,1724227200000,0.00002306,2599.22,MARK_PRICE_EXACT_OPEN,1724227200000,0
ETHUSDT,1724256000001,0.00004139,2600.14,MARK_PRICE_PREVIOUS_FALLBACK,1724256000000,1
ETHUSDT,1724284800000,-0.00000946,2629.38,MARK_PRICE_EXACT_OPEN,1724284800000,0
ETHUSDT,1724313600000,0.00003544,2635.00064394,MARK_PRICE_EXACT_OPEN,1724313600000,0
ETHUSDT,1724342400008,0.0000201,2596.94506818,MARK_PRICE_PREVIOUS_FALLBACK,1724342400000,8
ETHUSDT,1724371200000,0.00006601,2622,MARK_PRICE_EXACT_OPEN,1724371200000,0
ETHUSDT,1724400000000,0.00006071,2668.07,MARK_PRICE_EXACT_OPEN,1724400000000,0
ETHUSDT,1724428800000,-0.00000172,2669.8,MARK_PRICE_EXACT_OPEN,1724428800000,0
ETHUSDT,1724457600000,-0.00001504,2761.58,MARK_PRICE_EXACT_OPEN,1724457600000,0
ETHUSDT,1724486400005,0.0000097,2754.32,MARK_PRICE_PREVIOUS_FALLBACK,1724486400000,5
ETHUSDT,1724515200000,0.00000581,2759.62441667,MARK_PRICE_EXACT_OPEN,1724515200000,0
ETHUSDT,1724544000000,-0.00003389,2767.26575758,MARK_PRICE_EXACT_OPEN,1724544000000,0
ETHUSDT,1724572800000,0.00003311,2742.47151515,MARK_PRICE_EXACT_OPEN,1724572800000,0
ETHUSDT,1724601600000,0.00002579,2762.79,MARK_PRICE_EXACT_OPEN,1724601600000,0
ETHUSDT,1724630400000,0.00002145,2744.90300758,MARK_PRICE_EXACT_OPEN,1724630400000,0
ETHUSDT,1724659200001,0.00005677,2730.55090152,MARK_PRICE_PREVIOUS_FALLBACK,1724659200000,1
ETHUSDT,1724688000000,0.00006339,2720.54414577,MARK_PRICE_EXACT_OPEN,1724688000000,0
ETHUSDT,1724716800001,0.00009438,2680.14984091,MARK_PRICE_PREVIOUS_FALLBACK,1724716800000,1
ETHUSDT,1724745600000,0.00005093,2686.91,MARK_PRICE_EXACT_OPEN,1724745600000,0
ETHUSDT,1724774400000,0.00007429,2578.2780303,MARK_PRICE_EXACT_OPEN,1724774400000,0
ETHUSDT,1724803200000,-0.00006098,2455.98,MARK_PRICE_EXACT_OPEN,1724803200000,0
ETHUSDT,1724832000000,-0.00000762,2435.86,MARK_PRICE_EXACT_OPEN,1724832000000,0
ETHUSDT,1724860800001,0.00001459,2489.54,MARK_PRICE_PREVIOUS_FALLBACK,1724860800000,1
ETHUSDT,1724889600000,0.0000116,2527.32,MARK_PRICE_EXACT_OPEN,1724889600000,0
ETHUSDT,1724918400001,0.00000212,2546.6597884,MARK_PRICE_PREVIOUS_FALLBACK,1724918400000,1
ETHUSDT,1724947200000,-0.00000409,2574.59443182,MARK_PRICE_EXACT_OPEN,1724947200000,0
ETHUSDT,1724976000000,0.0000549,2526.63606061,MARK_PRICE_EXACT_OPEN,1724976000000,0
ETHUSDT,1725004800000,0.00003483,2516.10362121,MARK_PRICE_EXACT_OPEN,1725004800000,0
ETHUSDT,1725033600000,0.00001032,2448.03,MARK_PRICE_EXACT_OPEN,1725033600000,0
ETHUSDT,1725062400000,0.00007976,2524.99,MARK_PRICE_EXACT_OPEN,1725062400000,0
ETHUSDT,1725091200000,0.00007237,2519.81360606,MARK_PRICE_EXACT_OPEN,1725091200000,0
ETHUSDT,1725120000000,0.00007811,2518.01,MARK_PRICE_EXACT_OPEN,1725120000000,0
ETHUSDT,1725148800000,0.00004499,2512.10891667,MARK_PRICE_EXACT_OPEN,1725148800000,0
ETHUSDT,1725177600001,0.00005272,2487.46012879,MARK_PRICE_PREVIOUS_FALLBACK,1725177600000,1
ETHUSDT,1725206400000,0.00004183,2479.54416667,MARK_PRICE_EXACT_OPEN,1725206400000,0
ETHUSDT,1725235200001,-0.00002406,2427.37,MARK_PRICE_PREVIOUS_FALLBACK,1725235200000,1
ETHUSDT,1725264000001,0.00003904,2441.06990152,MARK_PRICE_PREVIOUS_FALLBACK,1725264000000,1
ETHUSDT,1725292800000,0.00007064,2512.29,MARK_PRICE_EXACT_OPEN,1725292800000,0
ETHUSDT,1725321600000,0.0000567,2536.94014394,MARK_PRICE_EXACT_OPEN,1725321600000,0
ETHUSDT,1725350400001,0.00004883,2517.96,MARK_PRICE_PREVIOUS_FALLBACK,1725350400000,1
ETHUSDT,1725379200000,0.00005216,2443.31346212,MARK_PRICE_EXACT_OPEN,1725379200000,0
ETHUSDT,1725408000000,0.00008054,2424.20011364,MARK_PRICE_EXACT_OPEN,1725408000000,0
ETHUSDT,1725436800000,-0.00001109,2399.98940909,MARK_PRICE_EXACT_OPEN,1725436800000,0
ETHUSDT,1725465600000,0.00005833,2454.17973485,MARK_PRICE_EXACT_OPEN,1725465600000,0
ETHUSDT,1725494400000,0.00004539,2449.69385606,MARK_PRICE_EXACT_OPEN,1725494400000,0
ETHUSDT,1725523200000,0.0000241,2411.5,MARK_PRICE_EXACT_OPEN,1725523200000,0
ETHUSDT,1725552000005,0.00003166,2370.59109091,MARK_PRICE_PREVIOUS_FALLBACK,1725552000000,5
ETHUSDT,1725580800000,0.00003662,2367.47462121,MARK_PRICE_EXACT_OPEN,1725580800000,0
ETHUSDT,1725609600001,0.00004871,2344.51,MARK_PRICE_PREVIOUS_FALLBACK,1725609600000,1
ETHUSDT,1725638400000,0.00004007,2289.37494697,MARK_PRICE_EXACT_OPEN,1725638400000,0
ETHUSDT,1725667200000,0.00000241,2224.00120455,MARK_PRICE_EXACT_OPEN,1725667200000,0
ETHUSDT,1725696000000,-0.00000537,2287.29786364,MARK_PRICE_EXACT_OPEN,1725696000000,0
ETHUSDT,1725724800000,0.00002652,2299.3,MARK_PRICE_EXACT_OPEN,1725724800000,0
ETHUSDT,1725753600000,0.00005363,2272.62170455,MARK_PRICE_EXACT_OPEN,1725753600000,0
ETHUSDT,1725782400000,0.00003089,2293.69532576,MARK_PRICE_EXACT_OPEN,1725782400000,0
ETHUSDT,1725811200000,0.00001827,2244.47,MARK_PRICE_EXACT_OPEN,1725811200000,0
ETHUSDT,1725840000000,0.00000767,2296.19725,MARK_PRICE_EXACT_OPEN,1725840000000,0
ETHUSDT,1725868800000,0.00003085,2313.2867197,MARK_PRICE_EXACT_OPEN,1725868800000,0
ETHUSDT,1725897600001,-0.00001156,2291.56,MARK_PRICE_PREVIOUS_FALLBACK,1725897600000,1
ETHUSDT,1725926400000,0.00001082,2358.24305303,MARK_PRICE_EXACT_OPEN,1725926400000,0
ETHUSDT,1725955200000,-0.00003453,2362.34147727,MARK_PRICE_EXACT_OPEN,1725955200000,0
ETHUSDT,1725984000000,0.00000228,2323.63,MARK_PRICE_EXACT_OPEN,1725984000000,0
ETHUSDT,1726012800000,0.00002484,2387.63,MARK_PRICE_EXACT_OPEN,1726012800000,0
ETHUSDT,1726041600000,0.00001804,2340.47,MARK_PRICE_EXACT_OPEN,1726041600000,0
ETHUSDT,1726070400000,-0.00001796,2325.06861364,MARK_PRICE_EXACT_OPEN,1726070400000,0
ETHUSDT,1726099200000,0.00002592,2339.49270455,MARK_PRICE_EXACT_OPEN,1726099200000,0
ETHUSDT,1726128000000,0.00002496,2358.5222803,MARK_PRICE_EXACT_OPEN,1726128000000,0
ETHUSDT,1726156800000,0.00001134,2321.92468182,MARK_PRICE_EXACT_OPEN,1726156800000,0
ETHUSDT,1726185600000,0.00004291,2360.79,MARK_PRICE_EXACT_OPEN,1726185600000,0
ETHUSDT,1726214400001,0.00005003,2348.11881061,MARK_PRICE_PREVIOUS_FALLBACK,1726214400000,1
ETHUSDT,1726243200001,0.00005073,2408.38113636,MARK_PRICE_PREVIOUS_FALLBACK,1726243200000,1
ETHUSDT,1726272000000,0.00000845,2438.15,MARK_PRICE_EXACT_OPEN,1726272000000,0
ETHUSDT,1726300800000,-0.00000415,2419.30301724,MARK_PRICE_EXACT_OPEN,1726300800000,0
ETHUSDT,1726329600001,0.00000135,2417.14,MARK_PRICE_PREVIOUS_FALLBACK,1726329600000,1
ETHUSDT,1726358400000,-0.00000267,2416.65,MARK_PRICE_EXACT_OPEN,1726358400000,0
ETHUSDT,1726387200000,0.00001355,2421.6,MARK_PRICE_EXACT_OPEN,1726387200000,0
ETHUSDT,1726416000000,0.00002131,2407.59,MARK_PRICE_EXACT_OPEN,1726416000000,0
ETHUSDT,1726444800000,0.00003228,2314.86,MARK_PRICE_EXACT_OPEN,1726444800000,0
ETHUSDT,1726473600001,-0.00006942,2308.67,MARK_PRICE_PREVIOUS_FALLBACK,1726473600000,1
ETHUSDT,1726502400000,-0.00001149,2286.71,MARK_PRICE_EXACT_OPEN,1726502400000,0
ETHUSDT,1726531200001,0.00007742,2293.87,MARK_PRICE_PREVIOUS_FALLBACK,1726531200000,1
ETHUSDT,1726560000000,0.00002423,2308.11487121,MARK_PRICE_EXACT_OPEN,1726560000000,0
ETHUSDT,1726588800000,0.0000573,2382.87,MARK_PRICE_EXACT_OPEN,1726588800000,0
ETHUSDT,1726617600000,0.00004792,2340.61881061,MARK_PRICE_EXACT_OPEN,1726617600000,0
ETHUSDT,1726646400000,0.00003074,2328.79163793,MARK_PRICE_EXACT_OPEN,1726646400000,0
ETHUSDT,1726675200004,0.00002329,2295.79,MARK_PRICE_PREVIOUS_FALLBACK,1726675200000,4
ETHUSDT,1726704000000,0.00007727,2373.54655303,MARK_PRICE_EXACT_OPEN,1726704000000,0
ETHUSDT,1726732800000,0.00008266,2436.398221,MARK_PRICE_EXACT_OPEN,1726732800000,0
ETHUSDT,1726761600001,0.00002391,2439.78,MARK_PRICE_PREVIOUS_FALLBACK,1726761600000,1
ETHUSDT,1726790400000,0.0001,2464.55,MARK_PRICE_EXACT_OPEN,1726790400000,0
ETHUSDT,1726819200001,0.00009734,2561.31,MARK_PRICE_PREVIOUS_FALLBACK,1726819200000,1
ETHUSDT,1726848000000,0.0001,2559.17,MARK_PRICE_EXACT_OPEN,1726848000000,0
ETHUSDT,1726876800001,0.00006668,2560.96,MARK_PRICE_PREVIOUS_FALLBACK,1726876800000,1
ETHUSDT,1726905600000,0.00006665,2554.64264394,MARK_PRICE_EXACT_OPEN,1726905600000,0
ETHUSDT,1726934400000,0.00004536,2558.54,MARK_PRICE_EXACT_OPEN,1726934400000,0
ETHUSDT,1726963200000,0.00004896,2611.63898119,MARK_PRICE_EXACT_OPEN,1726963200000,0
ETHUSDT,1726992000000,0.00005198,2586.73,MARK_PRICE_EXACT_OPEN,1726992000000,0
ETHUSDT,1727020800000,0.0001,2569.74405303,MARK_PRICE_EXACT_OPEN,1727020800000,0
ETHUSDT,1727049600000,0.00002548,2580.14708333,MARK_PRICE_EXACT_OPEN,1727049600000,0
ETHUSDT,1727078400000,0.00006821,2645.28,MARK_PRICE_EXACT_OPEN,1727078400000,0
ETHUSDT,1727107200000,0.00006476,2674.07,MARK_PRICE_EXACT_OPEN,1727107200000,0
ETHUSDT,1727136000000,0.0000385,2645.99311364,MARK_PRICE_EXACT_OPEN,1727136000000,0
ETHUSDT,1727164800000,0.00004791,2645.98,MARK_PRICE_EXACT_OPEN,1727164800000,0
ETHUSDT,1727193600001,0.00004739,2613.70815047,MARK_PRICE_PREVIOUS_FALLBACK,1727193600000,1
ETHUSDT,1727222400000,0.00002445,2652,MARK_PRICE_EXACT_OPEN,1727222400000,0
ETHUSDT,1727251200003,0.00005722,2620.25519697,MARK_PRICE_PREVIOUS_FALLBACK,1727251200000,3
ETHUSDT,1727280000000,0.00003538,2599.91,MARK_PRICE_EXACT_OPEN,1727280000000,0
ETHUSDT,1727308800005,0.00007493,2578.6,MARK_PRICE_PREVIOUS_FALLBACK,1727308800000,5
ETHUSDT,1727337600000,0.00008119,2628.87275862,MARK_PRICE_EXACT_OPEN,1727337600000,0
ETHUSDT,1727366400000,0.0001,2651.06203788,MARK_PRICE_EXACT_OPEN,1727366400000,0
ETHUSDT,1727395200000,0.00009625,2631.21520455,MARK_PRICE_EXACT_OPEN,1727395200000,0
ETHUSDT,1727424000000,0.00007694,2656.06,MARK_PRICE_EXACT_OPEN,1727424000000,0
ETHUSDT,1727452800000,0.00006276,2682.35957576,MARK_PRICE_EXACT_OPEN,1727452800000,0
ETHUSDT,1727481600000,0.0001,2693.53,MARK_PRICE_EXACT_OPEN,1727481600000,0
ETHUSDT,1727510400001,0.00006231,2676.98142305,MARK_PRICE_PREVIOUS_FALLBACK,1727510400000,1
ETHUSDT,1727539200000,0.00007162,2668.81135088,MARK_PRICE_EXACT_OPEN,1727539200000,0
ETHUSDT,1727568000001,0.00003315,2674.58,MARK_PRICE_PREVIOUS_FALLBACK,1727568000000,1
ETHUSDT,1727596800000,0.00006785,2639.59,MARK_PRICE_EXACT_OPEN,1727596800000,0
ETHUSDT,1727625600000,0.00008854,2664.95,MARK_PRICE_EXACT_OPEN,1727625600000,0
ETHUSDT,1727654400000,0.00006161,2656.53223485,MARK_PRICE_EXACT_OPEN,1727654400000,0
ETHUSDT,1727683200001,0.0000862,2636.34,MARK_PRICE_PREVIOUS_FALLBACK,1727683200000,1
ETHUSDT,1727712000000,0.0001,2595.04,MARK_PRICE_EXACT_OPEN,1727712000000,0
ETHUSDT,1727740800000,0.0001,2601.50855303,MARK_PRICE_EXACT_OPEN,1727740800000,0
ETHUSDT,1727769600000,0.0001,2644.79,MARK_PRICE_EXACT_OPEN,1727769600000,0
ETHUSDT,1727798400001,0.00008397,2520.83,MARK_PRICE_PREVIOUS_FALLBACK,1727798400000,1
ETHUSDT,1727827200000,0.0001,2447.0380303,MARK_PRICE_EXACT_OPEN,1727827200000,0
ETHUSDT,1727856000000,0.00006859,2480.92850758,MARK_PRICE_EXACT_OPEN,1727856000000,0
ETHUSDT,1727884800000,0.0001,2459.79402273,MARK_PRICE_EXACT_OPEN,1727884800000,0
ETHUSDT,1727913600000,0.00002418,2363.06124242,MARK_PRICE_EXACT_OPEN,1727913600000,0
ETHUSDT,1727942400000,0.00004124,2363.74407576,MARK_PRICE_EXACT_OPEN,1727942400000,0
ETHUSDT,1727971200000,0.00004621,2339.54,MARK_PRICE_EXACT_OPEN,1727971200000,0
ETHUSDT,1728000000000,0.00005138,2348.73,MARK_PRICE_EXACT_OPEN,1728000000000,0
ETHUSDT,1728028800000,0.00003739,2380.55,MARK_PRICE_EXACT_OPEN,1728028800000,0
ETHUSDT,1728057600001,0.000039,2419.61,MARK_PRICE_PREVIOUS_FALLBACK,1728057600000,1
ETHUSDT,1728086400000,0.0001,2413.38,MARK_PRICE_EXACT_OPEN,1728086400000,0
ETHUSDT,1728115200000,0.00007909,2414.26390909,MARK_PRICE_EXACT_OPEN,1728115200000,0
ETHUSDT,1728144000000,0.00005458,2414.17883333,MARK_PRICE_EXACT_OPEN,1728144000000,0
ETHUSDT,1728172800000,0.00009056,2413.62195141,MARK_PRICE_EXACT_OPEN,1728172800000,0
ETHUSDT,1728201600001,0.00005234,2417.06063636,MARK_PRICE_PREVIOUS_FALLBACK,1728201600000,1
ETHUSDT,1728230400000,0.00003309,2445.67,MARK_PRICE_EXACT_OPEN,1728230400000,0
ETHUSDT,1728259200000,0.0000336,2439.00566667,MARK_PRICE_EXACT_OPEN,1728259200000,0
ETHUSDT,1728288000000,0.00009258,2479.56,MARK_PRICE_EXACT_OPEN,1728288000000,0
ETHUSDT,1728316800001,0.00002612,2475.2,MARK_PRICE_PREVIOUS_FALLBACK,1728316800000,1
ETHUSDT,1728345600000,0.00006592,2421.75,MARK_PRICE_EXACT_OPEN,1728345600000,0
ETHUSDT,1728374400000,0.0001,2427.54,MARK_PRICE_EXACT_OPEN,1728374400000,0
ETHUSDT,1728403200000,0.00008377,2418.45706061,MARK_PRICE_EXACT_OPEN,1728403200000,0
ETHUSDT,1728432000000,0.0001,2439.9455303,MARK_PRICE_EXACT_OPEN,1728432000000,0
ETHUSDT,1728460800000,0.0000364,2434.91465909,MARK_PRICE_EXACT_OPEN,1728460800000,0
ETHUSDT,1728489600000,0.0001,2460.34,MARK_PRICE_EXACT_OPEN,1728489600000,0
ETHUSDT,1728518400000,0.00006663,2369.61,MARK_PRICE_EXACT_OPEN,1728518400000,0
ETHUSDT,1728547200000,0.0001,2394.70969697,MARK_PRICE_EXACT_OPEN,1728547200000,0
ETHUSDT,1728576000000,0.0001,2403.95,MARK_PRICE_EXACT_OPEN,1728576000000,0
ETHUSDT,1728604800000,0.0001,2385.24,MARK_PRICE_EXACT_OPEN,1728604800000,0
ETHUSDT,1728633600000,0.00009474,2406.74793939,MARK_PRICE_EXACT_OPEN,1728633600000,0
ETHUSDT,1728662400001,0.00005977,2445.24127273,MARK_PRICE_PREVIOUS_FALLBACK,1728662400000,1
ETHUSDT,1728691200000,0.00004445,2438.46,MARK_PRICE_EXACT_OPEN,1728691200000,0
ETHUSDT,1728720000001,0.0001,2445.03437879,MARK_PRICE_PREVIOUS_FALLBACK,1728720000000,1
ETHUSDT,1728748800000,0.0000735,2471.79351515,MARK_PRICE_EXACT_OPEN,1728748800000,0
ETHUSDT,1728777600000,0.00007928,2475.09,MARK_PRICE_EXACT_OPEN,1728777600000,0
ETHUSDT,1728806400000,0.00003958,2463.98,MARK_PRICE_EXACT_OPEN,1728806400000,0
ETHUSDT,1728835200000,0.00001763,2439.3092803,MARK_PRICE_EXACT_OPEN,1728835200000,0
ETHUSDT,1728864000000,0.00006559,2467.88007576,MARK_PRICE_EXACT_OPEN,1728864000000,0
ETHUSDT,1728892800000,0.0001,2534.76807576,MARK_PRICE_EXACT_OPEN,1728892800000,0
ETHUSDT,1728921600000,0.0001,2634.95,MARK_PRICE_EXACT_OPEN,1728921600000,0
ETHUSDT,1728950400000,0.0001,2629.02475,MARK_PRICE_EXACT_OPEN,1728950400000,0
ETHUSDT,1728979200000,0.0001,2615.2,MARK_PRICE_EXACT_OPEN,1728979200000,0
ETHUSDT,1729008000000,0.0001,2572.58,MARK_PRICE_EXACT_OPEN,1729008000000,0
ETHUSDT,1729036800000,0.0001,2606.73940909,MARK_PRICE_EXACT_OPEN,1729036800000,0
ETHUSDT,1729065600001,0.0001,2606.73,MARK_PRICE_PREVIOUS_FALLBACK,1729065600000,1
ETHUSDT,1729094400000,0.0001,2606.71,MARK_PRICE_EXACT_OPEN,1729094400000,0
ETHUSDT,1729123200000,0.0001,2610.39,MARK_PRICE_EXACT_OPEN,1729123200000,0
ETHUSDT,1729152000000,0.0001,2627.87587879,MARK_PRICE_EXACT_OPEN,1729152000000,0
ETHUSDT,1729180800001,0.0001,2629.086,MARK_PRICE_PREVIOUS_FALLBACK,1729180800000,1
ETHUSDT,1729209600010,0.0001,2602.99804545,MARK_PRICE_PREVIOUS_FALLBACK,1729209600000,10
ETHUSDT,1729238400001,0.0001,2641.56870455,MARK_PRICE_PREVIOUS_FALLBACK,1729238400000,1
ETHUSDT,1729267200000,0.0001,2652.12,MARK_PRICE_EXACT_OPEN,1729267200000,0
ETHUSDT,1729296000000,0.0001,2641.11,MARK_PRICE_EXACT_OPEN,1729296000000,0
ETHUSDT,1729324800000,0.0001,2640.05901996,MARK_PRICE_EXACT_OPEN,1729324800000,0
ETHUSDT,1729353600000,0.0001,2644.9637931,MARK_PRICE_EXACT_OPEN,1729353600000,0
ETHUSDT,1729382400000,0.0001,2647.45,MARK_PRICE_EXACT_OPEN,1729382400000,0
ETHUSDT,1729411200000,0.0001,2645.39,MARK_PRICE_EXACT_OPEN,1729411200000,0
ETHUSDT,1729440000000,0.0001,2705.90487879,MARK_PRICE_EXACT_OPEN,1729440000000,0
ETHUSDT,1729468800000,0.0001,2746.98590909,MARK_PRICE_EXACT_OPEN,1729468800000,0
ETHUSDT,1729497600000,0.0001,2722.69,MARK_PRICE_EXACT_OPEN,1729497600000,0
ETHUSDT,1729526400000,0.0001,2680.2,MARK_PRICE_EXACT_OPEN,1729526400000,0
ETHUSDT,1729555200000,0.0001,2666.60318182,MARK_PRICE_EXACT_OPEN,1729555200000,0
ETHUSDT,1729584000000,0.0001,2646.60909091,MARK_PRICE_EXACT_OPEN,1729584000000,0
ETHUSDT,1729612800000,0.0001,2623.97418182,MARK_PRICE_EXACT_OPEN,1729612800000,0
ETHUSDT,1729641600000,0.0001,2621.79301515,MARK_PRICE_EXACT_OPEN,1729641600000,0
ETHUSDT,1729670400000,0.0001,2602.15659875,MARK_PRICE_EXACT_OPEN,1729670400000,0
ETHUSDT,1729699200000,0.0001,2539.59960606,MARK_PRICE_EXACT_OPEN,1729699200000,0
ETHUSDT,1729728000000,0.0001,2523.84,MARK_PRICE_EXACT_OPEN,1729728000000,0
ETHUSDT,1729756800000,0.0001,2544.08450627,MARK_PRICE_EXACT_OPEN,1729756800000,0
ETHUSDT,1729785600000,0.0001,2525.30682576,MARK_PRICE_EXACT_OPEN,1729785600000,0
ETHUSDT,1729814400000,0.0001,2535.40438636,MARK_PRICE_EXACT_OPEN,1729814400000,0
ETHUSDT,1729843200000,0.0001,2483.3,MARK_PRICE_EXACT_OPEN,1729843200000,0
ETHUSDT,1729872000000,0.0001,2524.57518182,MARK_PRICE_EXACT_OPEN,1729872000000,0
ETHUSDT,1729900800000,0.0001,2440.20455329,MARK_PRICE_EXACT_OPEN,1729900800000,0
ETHUSDT,1729929600001,0.0001,2464.22,MARK_PRICE_PREVIOUS_FALLBACK,1729929600000,1
ETHUSDT,1729958400000,0.0001,2456.86,MARK_PRICE_EXACT_OPEN,1729958400000,0
ETHUSDT,1729987200000,0.0001,2482.04,MARK_PRICE_EXACT_OPEN,1729987200000,0
ETHUSDT,1730016000000,0.0001,2480.12640909,MARK_PRICE_EXACT_OPEN,1730016000000,0
ETHUSDT,1730044800000,0.0001,2501.10514394,MARK_PRICE_EXACT_OPEN,1730044800000,0
ETHUSDT,1730073600000,0.0001,2507.43,MARK_PRICE_EXACT_OPEN,1730073600000,0
ETHUSDT,1730102400001,0.0001,2511.89751515,MARK_PRICE_PREVIOUS_FALLBACK,1730102400000,1
ETHUSDT,1730131200000,0.0001,2500.3,MARK_PRICE_EXACT_OPEN,1730131200000,0
ETHUSDT,1730160000000,0.0001,2566.49,MARK_PRICE_EXACT_OPEN,1730160000000,0
ETHUSDT,1730188800000,0.0001,2612.70363636,MARK_PRICE_EXACT_OPEN,1730188800000,0
ETHUSDT,1730217600004,0.0001,2649.04925,MARK_PRICE_PREVIOUS_FALLBACK,1730217600000,4
ETHUSDT,1730246400000,0.0001,2639.28,MARK_PRICE_EXACT_OPEN,1730246400000,0
ETHUSDT,1730275200000,0.0001,2669.43,MARK_PRICE_EXACT_OPEN,1730275200000,0
ETHUSDT,1730304000013,0.0001,2682.79747616,MARK_PRICE_PREVIOUS_FALLBACK,1730304000000,13
ETHUSDT,1730332800000,0.0001,2659.36,MARK_PRICE_EXACT_OPEN,1730332800000,0
ETHUSDT,1730361600000,0.0001,2647.04,MARK_PRICE_EXACT_OPEN,1730361600000,0
ETHUSDT,1730390400000,0.0001,2562.90262539,MARK_PRICE_EXACT_OPEN,1730390400000,0
ETHUSDT,1730419200000,0.0001,2518.60607576,MARK_PRICE_EXACT_OPEN,1730419200000,0
ETHUSDT,1730448000000,0.0001,2504.21331061,MARK_PRICE_EXACT_OPEN,1730448000000,0
ETHUSDT,1730476800000,0.0001,2500.03,MARK_PRICE_EXACT_OPEN,1730476800000,0
ETHUSDT,1730505600000,0.0001,2511.6423433,MARK_PRICE_EXACT_OPEN,1730505600000,0
ETHUSDT,1730534400000,0.0001,2507.47431818,MARK_PRICE_EXACT_OPEN,1730534400000,0
ETHUSDT,1730563200000,0.0001,2488.35234848,MARK_PRICE_EXACT_OPEN,1730563200000,0
ETHUSDT,1730592000000,0.0001,2493.72247727,MARK_PRICE_EXACT_OPEN,1730592000000,0
ETHUSDT,1730620800000,0.0001,2449.70875439,MARK_PRICE_EXACT_OPEN,1730620800000,0
ETHUSDT,1730649600000,0.0001,2442.84556818,MARK_PRICE_EXACT_OPEN,1730649600000,0
ETHUSDT,1730678400000,0.0001,2457.33609848,MARK_PRICE_EXACT_OPEN,1730678400000,0
ETHUSDT,1730707200000,0.0001,2458.97773171,MARK_PRICE_EXACT_OPEN,1730707200000,0
ETHUSDT,1730736000000,0.0001,2442.03068939,MARK_PRICE_EXACT_OPEN,1730736000000,0
ETHUSDT,1730764800000,0.0001,2397.59971212,MARK_PRICE_EXACT_OPEN,1730764800000,0
ETHUSDT,1730793600003,0.0001,2441.47151254,MARK_PRICE_PREVIOUS_FALLBACK,1730793600000,3
ETHUSDT,1730822400001,0.0001,2439.03750758,MARK_PRICE_PREVIOUS_FALLBACK,1730822400000,1
ETHUSDT,1730851200000,0.00009511,2421.41,MARK_PRICE_EXACT_OPEN,1730851200000,0
ETHUSDT,1730880000000,0.0001,2594.65202273,MARK_PRICE_EXACT_OPEN,1730880000000,0
ETHUSDT,1730908800000,0.0001,2634.30515909,MARK_PRICE_EXACT_OPEN,1730908800000,0
ETHUSDT,1730937600000,0.0001,2722.47218939,MARK_PRICE_EXACT_OPEN,1730937600000,0
ETHUSDT,1730966400000,0.00014885,2821.57419697,MARK_PRICE_EXACT_OPEN,1730966400000,0
ETHUSDT,1730995200000,0.0001,2848.17,MARK_PRICE_EXACT_OPEN,1730995200000,0
ETHUSDT,1731024000000,0.0001,2895.42,MARK_PRICE_EXACT_OPEN,1731024000000,0
ETHUSDT,1731052800000,0.0001,2912.82103788,MARK_PRICE_EXACT_OPEN,1731052800000,0
ETHUSDT,1731081600000,0.0001,2937.42669279,MARK_PRICE_EXACT_OPEN,1731081600000,0
ETHUSDT,1731110400000,0.0001,2961.99611364,MARK_PRICE_EXACT_OPEN,1731110400000,0
ETHUSDT,1731139200000,0.0001,3030.61,MARK_PRICE_EXACT_OPEN,1731139200000,0
ETHUSDT,1731168000000,0.0001,3041.29,MARK_PRICE_EXACT_OPEN,1731168000000,0
ETHUSDT,1731196800000,0.0001,3127.02,MARK_PRICE_EXACT_OPEN,1731196800000,0
ETHUSDT,1731225600000,0.0001,3186.9485303,MARK_PRICE_EXACT_OPEN,1731225600000,0
ETHUSDT,1731254400000,0.00026708,3212.10528788,MARK_PRICE_EXACT_OPEN,1731254400000,0
ETHUSDT,1731283200001,0.00028976,3183.58349242,MARK_PRICE_PREVIOUS_FALLBACK,1731283200000,1
ETHUSDT,1731312000000,0.0001881,3141.41,MARK_PRICE_EXACT_OPEN,1731312000000,0
ETHUSDT,1731340800000,0.00017298,3239.58012121,MARK_PRICE_EXACT_OPEN,1731340800000,0
ETHUSDT,1731369600002,0.00017687,3374.01,MARK_PRICE_PREVIOUS_FALLBACK,1731369600000,2
ETHUSDT,1731398400000,0.0005762,3371.20585606,MARK_PRICE_EXACT_OPEN,1731398400000,0
ETHUSDT,1731427200000,0.00046001,3262.92742947,MARK_PRICE_EXACT_OPEN,1731427200000,0
ETHUSDT,1731456000000,0.00013607,3245.40404545,MARK_PRICE_EXACT_OPEN,1731456000000,0
ETHUSDT,1731484800010,0.00033556,3158.19,MARK_PRICE_PREVIOUS_FALLBACK,1731484800000,10
ETHUSDT,1731513600000,0.00012894,3312.0555935,MARK_PRICE_EXACT_OPEN,1731513600000,0
ETHUSDT,1731542400001,0.0001058,3187.24,MARK_PRICE_PREVIOUS_FALLBACK,1731542400000,1
ETHUSDT,1731571200000,0.0001,3219.52860163,MARK_PRICE_EXACT_OPEN,1731571200000,0
ETHUSDT,1731600000000,0.0001,3079.25,MARK_PRICE_EXACT_OPEN,1731600000000,0
ETHUSDT,1731628800000,0.00013133,3061.03,MARK_PRICE_EXACT_OPEN,1731628800000,0
ETHUSDT,1731657600000,0.00013108,3041.09,MARK_PRICE_EXACT_OPEN,1731657600000,0
ETHUSDT,1731686400000,0.0001,3025,MARK_PRICE_EXACT_OPEN,1731686400000,0
ETHUSDT,1731715200001,0.00018215,3089.85,MARK_PRICE_PREVIOUS_FALLBACK,1731715200000,1
ETHUSDT,1731744000001,0.0001,3110.17176423,MARK_PRICE_PREVIOUS_FALLBACK,1731744000000,1
ETHUSDT,1731772800000,0.00011351,3143.18,MARK_PRICE_EXACT_OPEN,1731772800000,0
ETHUSDT,1731801600000,0.0001,3134.10103659,MARK_PRICE_EXACT_OPEN,1731801600000,0
ETHUSDT,1731830400000,0.0001,3138.79301626,MARK_PRICE_EXACT_OPEN,1731830400000,0
ETHUSDT,1731859200001,0.00019685,3087.81,MARK_PRICE_PREVIOUS_FALLBACK,1731859200000,1
ETHUSDT,1731888000000,0.00019865,3077.95489431,MARK_PRICE_EXACT_OPEN,1731888000000,0
ETHUSDT,1731916800000,0.00031651,3133.17667368,MARK_PRICE_EXACT_OPEN,1731916800000,0
ETHUSDT,1731945600000,0.00019762,3146.4,MARK_PRICE_EXACT_OPEN,1731945600000,0
ETHUSDT,1731974400000,0.00040458,3210.48,MARK_PRICE_EXACT_OPEN,1731974400000,0
ETHUSDT,1732003200000,0.00021234,3120.42,MARK_PRICE_EXACT_OPEN,1732003200000,0
ETHUSDT,1732032000000,0.00015353,3106.47,MARK_PRICE_EXACT_OPEN,1732032000000,0
ETHUSDT,1732060800003,0.00017369,3108.01,MARK_PRICE_PREVIOUS_FALLBACK,1732060800000,3
ETHUSDT,1732089600000,0.00019505,3111.12,MARK_PRICE_EXACT_OPEN,1732089600000,0
ETHUSDT,1732118400000,0.00013619,3131.98,MARK_PRICE_EXACT_OPEN,1732118400000,0
ETHUSDT,1732147200001,0.0001,3068.63,MARK_PRICE_PREVIOUS_FALLBACK,1732147200000,1
ETHUSDT,1732176000000,0.0001,3139.03,MARK_PRICE_EXACT_OPEN,1732176000000,0
ETHUSDT,1732204800001,0.00020146,3283.49784553,MARK_PRICE_PREVIOUS_FALLBACK,1732204800000,1
ETHUSDT,1732233600000,0.0003418,3358.68,MARK_PRICE_EXACT_OPEN,1732233600000,0
ETHUSDT,1732262400000,0.00029201,3365.51656818,MARK_PRICE_EXACT_OPEN,1732262400000,0
ETHUSDT,1732291200001,0.00022123,3312,MARK_PRICE_PREVIOUS_FALLBACK,1732291200000,1
ETHUSDT,1732320000000,0.00015103,3329.61233333,MARK_PRICE_EXACT_OPEN,1732320000000,0
ETHUSDT,1732348800000,0.00032558,3343.93906818,MARK_PRICE_EXACT_OPEN,1732348800000,0
ETHUSDT,1732377600000,0.00037006,3463.00318182,MARK_PRICE_EXACT_OPEN,1732377600000,0
ETHUSDT,1732406400001,0.00027011,3394.1579697,MARK_PRICE_PREVIOUS_FALLBACK,1732406400000,1
ETHUSDT,1732435200000,0.00023721,3424.98,MARK_PRICE_EXACT_OPEN,1732435200000,0
ETHUSDT,1732464000000,0.00027264,3296.86402821,MARK_PRICE_EXACT_OPEN,1732464000000,0
ETHUSDT,1732492800000,0.00017259,3362.97,MARK_PRICE_EXACT_OPEN,1732492800000,0
ETHUSDT,1732521600000,0.00023935,3401.66,MARK_PRICE_EXACT_OPEN,1732521600000,0
ETHUSDT,1732550400000,0.00031797,3521.34,MARK_PRICE_EXACT_OPEN,1732550400000,0
ETHUSDT,1732579200000,0.0002448,3416.15532576,MARK_PRICE_EXACT_OPEN,1732579200000,0
ETHUSDT,1732608000000,0.0001227,3396.99,MARK_PRICE_EXACT_OPEN,1732608000000,0
ETHUSDT,1732636800000,0.0001819,3298.08,MARK_PRICE_EXACT_OPEN,1732636800000,0
ETHUSDT,1732665600000,0.00021068,3327.17,MARK_PRICE_EXACT_OPEN,1732665600000,0
ETHUSDT,1732694400000,0.00020895,3425.76962879,MARK_PRICE_EXACT_OPEN,1732694400000,0
ETHUSDT,1732723200001,0.00015706,3561.58,MARK_PRICE_PREVIOUS_FALLBACK,1732723200000,1
ETHUSDT,1732752000000,0.00015948,3655.55018939,MARK_PRICE_EXACT_OPEN,1732752000000,0
ETHUSDT,1732780800000,0.0001647,3594.47405303,MARK_PRICE_EXACT_OPEN,1732780800000,0
ETHUSDT,1732809600000,0.0001,3542.64016667,MARK_PRICE_EXACT_OPEN,1732809600000,0
ETHUSDT,1732838400000,0.0001,3581.44333072,MARK_PRICE_EXACT_OPEN,1732838400000,0
ETHUSDT,1732867200000,0.00015354,3547.15862879,MARK_PRICE_EXACT_OPEN,1732867200000,0
ETHUSDT,1732896000000,0.0001,3615.2,MARK_PRICE_EXACT_OPEN,1732896000000,0
ETHUSDT,1732924800000,0.00017097,3594.51,MARK_PRICE_EXACT_OPEN,1732924800000,0
ETHUSDT,1732953600000,0.0002474,3705.28774242,MARK_PRICE_EXACT_OPEN,1732953600000,0
ETHUSDT,1732982400000,0.00012425,3676.6,MARK_PRICE_EXACT_OPEN,1732982400000,0
ETHUSDT,1733011200000,0.00011863,3705.40536364,MARK_PRICE_EXACT_OPEN,1733011200000,0
ETHUSDT,1733040000000,0.00013737,3704.67394697,MARK_PRICE_EXACT_OPEN,1733040000000,0
ETHUSDT,1733068800000,0.00015064,3730.99,MARK_PRICE_EXACT_OPEN,1733068800000,0
ETHUSDT,1733097600001,0.00036131,3716.45508333,MARK_PRICE_PREVIOUS_FALLBACK,1733097600000,1
ETHUSDT,1733126400001,0.0002931,3665.65,MARK_PRICE_PREVIOUS_FALLBACK,1733126400000,1
ETHUSDT,1733155200000,0.00028383,3674.54,MARK_PRICE_EXACT_OPEN,1733155200000,0
ETHUSDT,1733184000000,0.00026464,3646.27,MARK_PRICE_EXACT_OPEN,1733184000000,0
ETHUSDT,1733212800000,0.00034689,3619.6,MARK_PRICE_EXACT_OPEN,1733212800000,0
ETHUSDT,1733241600000,0.00014297,3573.62015909,MARK_PRICE_EXACT_OPEN,1733241600000,0
ETHUSDT,1733270400000,0.00018732,3616.79697727,MARK_PRICE_EXACT_OPEN,1733270400000,0
ETHUSDT,1733299200000,0.00015899,3717.78,MARK_PRICE_EXACT_OPEN,1733299200000,0
ETHUSDT,1733328000000,0.00019842,3824.37810606,MARK_PRICE_EXACT_OPEN,1733328000000,0
ETHUSDT,1733356800001,0.00023652,3836.33,MARK_PRICE_PREVIOUS_FALLBACK,1733356800000,1
ETHUSDT,1733385600000,0.00049482,3852.79,MARK_PRICE_EXACT_OPEN,1733385600000,0
ETHUSDT,1733414400000,0.00031177,3890.4,MARK_PRICE_EXACT_OPEN,1733414400000,0
ETHUSDT,1733443200000,0.00014294,3787.3,MARK_PRICE_EXACT_OPEN,1733443200000,0
ETHUSDT,1733472000000,0.0002554,3896.67972727,MARK_PRICE_EXACT_OPEN,1733472000000,0
ETHUSDT,1733500800000,0.0002635,3996.27962121,MARK_PRICE_EXACT_OPEN,1733500800000,0
ETHUSDT,1733529600000,0.0003059,4001.74218182,MARK_PRICE_EXACT_OPEN,1733529600000,0
ETHUSDT,1733558400000,0.00024299,3989.09,MARK_PRICE_EXACT_OPEN,1733558400000,0
ETHUSDT,1733587200000,0.00023099,4007.67,MARK_PRICE_EXACT_OPEN,1733587200000,0
ETHUSDT,1733616000000,0.00020864,3999.36495455,MARK_PRICE_EXACT_OPEN,1733616000000,0
ETHUSDT,1733644800000,0.00023941,3983.18,MARK_PRICE_EXACT_OPEN,1733644800000,0
ETHUSDT,1733673600000,0.00018574,3993.83368939,MARK_PRICE_EXACT_OPEN,1733673600000,0
ETHUSDT,1733702400000,0.00020272,4006.47402273,MARK_PRICE_EXACT_OPEN,1733702400000,0
ETHUSDT,1733731200000,0.0001,3919.89340152,MARK_PRICE_EXACT_OPEN,1733731200000,0
ETHUSDT,1733760000001,0.00013421,3827.6889697,MARK_PRICE_PREVIOUS_FALLBACK,1733760000000,1
ETHUSDT,1733788800007,0.0001,3710.59753537,MARK_PRICE_PREVIOUS_FALLBACK,1733788800000,7
ETHUSDT,1733817600000,0.0001,3734.51,MARK_PRICE_EXACT_OPEN,1733817600000,0
ETHUSDT,1733846400000,0.0001,3567.2775,MARK_PRICE_EXACT_OPEN,1733846400000,0
ETHUSDT,1733875200000,0.0001,3628.41,MARK_PRICE_EXACT_OPEN,1733875200000,0
ETHUSDT,1733904000000,0.0001,3652.17,MARK_PRICE_EXACT_OPEN,1733904000000,0
ETHUSDT,1733932800001,0.0001,3789.59803788,MARK_PRICE_PREVIOUS_FALLBACK,1733932800000,1
ETHUSDT,1733961600001,0.0001,3830.85630303,MARK_PRICE_PREVIOUS_FALLBACK,1733961600000,1
ETHUSDT,1733990400000,0.0001,3904.38,MARK_PRICE_EXACT_OPEN,1733990400000,0
ETHUSDT,1734019200001,0.0001,3961.5,MARK_PRICE_PREVIOUS_FALLBACK,1734019200000,1
ETHUSDT,1734048000000,0.0001,3880.57898485,MARK_PRICE_EXACT_OPEN,1734048000000,0
ETHUSDT,1734076800000,0.0001,3884.14,MARK_PRICE_EXACT_OPEN,1734076800000,0
ETHUSDT,1734105600001,0.0001,3898.7,MARK_PRICE_PREVIOUS_FALLBACK,1734105600000,1
ETHUSDT,1734134400000,0.0001,3905.59,MARK_PRICE_EXACT_OPEN,1734134400000,0
ETHUSDT,1734163200000,0.0001,3920.31,MARK_PRICE_EXACT_OPEN,1734163200000,0
ETHUSDT,1734192000000,0.0001,3887.40548485,MARK_PRICE_EXACT_OPEN,1734192000000,0
ETHUSDT,1734220800000,0.0001,3868.90510845,MARK_PRICE_EXACT_OPEN,1734220800000,0
ETHUSDT,1734249600000,0.0001,3843.45,MARK_PRICE_EXACT_OPEN,1734249600000,0
ETHUSDT,1734278400000,0.00009404,3893.85392424,MARK_PRICE_EXACT_OPEN,1734278400000,0
ETHUSDT,1734307200000,0.00008662,3958.27,MARK_PRICE_EXACT_OPEN,1734307200000,0
ETHUSDT,1734336000001,0.0001,3973.6094697,MARK_PRICE_PREVIOUS_FALLBACK,1734336000000,1
ETHUSDT,1734364800000,0.0001,3940.78566667,MARK_PRICE_EXACT_OPEN,1734364800000,0
ETHUSDT,1734393600000,0.0001,3984.98640152,MARK_PRICE_EXACT_OPEN,1734393600000,0
ETHUSDT,1734422400000,0.0001,3993.12712879,MARK_PRICE_EXACT_OPEN,1734422400000,0
ETHUSDT,1734451200000,0.0001,3937.66,MARK_PRICE_EXACT_OPEN,1734451200000,0
ETHUSDT,1734480000000,0.00008046,3890.99670455,MARK_PRICE_EXACT_OPEN,1734480000000,0
ETHUSDT,1734508800000,0.0001,3845.84731061,MARK_PRICE_EXACT_OPEN,1734508800000,0
ETHUSDT,1734537600000,0.0001,3866.99016667,MARK_PRICE_EXACT_OPEN,1734537600000,0
ETHUSDT,1734566400000,0.00006104,3625.59468939,MARK_PRICE_EXACT_OPEN,1734566400000,0
ETHUSDT,1734595200000,0.00007438,3691.68740909,MARK_PRICE_EXACT_OPEN,1734595200000,0
ETHUSDT,1734624000000,0.00007373,3614.08556061,MARK_PRICE_EXACT_OPEN,1734624000000,0
ETHUSDT,1734652800000,0.0001,3416.7,MARK_PRICE_EXACT_OPEN,1734652800000,0
ETHUSDT,1734681600001,0.0001,3385.69935737,MARK_PRICE_PREVIOUS_FALLBACK,1734681600000,1
ETHUSDT,1734710400014,0.0001,3369.8,MARK_PRICE_PREVIOUS_FALLBACK,1734710400000,14
ETHUSDT,1734739200000,0.00006352,3470.94545455,MARK_PRICE_EXACT_OPEN,1734739200000,0
ETHUSDT,1734768000000,0.0001,3521.66,MARK_PRICE_EXACT_OPEN,1734768000000,0
ETHUSDT,1734796800001,0.0001,3386.79498485,MARK_PRICE_PREVIOUS_FALLBACK,1734796800000,1
ETHUSDT,1734825600000,0.0001,3337.53,MARK_PRICE_EXACT_OPEN,1734825600000,0
ETHUSDT,1734854400000,0.0001,3331.32,MARK_PRICE_EXACT_OPEN,1734854400000,0
ETHUSDT,1734883200000,0.0000537,3300.95,MARK_PRICE_EXACT_OPEN,1734883200000,0
ETHUSDT,1734912000000,0.00005686,3280.74,MARK_PRICE_EXACT_OPEN,1734912000000,0
ETHUSDT,1734940800000,0.00005398,3303.43,MARK_PRICE_EXACT_OPEN,1734940800000,0
ETHUSDT,1734969600001,0.00008674,3271.99018182,MARK_PRICE_PREVIOUS_FALLBACK,1734969600000,1
ETHUSDT,1734998400000,0.0001,3420.96433333,MARK_PRICE_EXACT_OPEN,1734998400000,0
ETHUSDT,1735027200000,0.00008121,3399.92,MARK_PRICE_EXACT_OPEN,1735027200000,0
ETHUSDT,1735056000001,0.00002757,3490.41,MARK_PRICE_PREVIOUS_FALLBACK,1735056000000,1
ETHUSDT,1735084800001,0.00004454,3489.27656818,MARK_PRICE_PREVIOUS_FALLBACK,1735084800000,1
ETHUSDT,1735113600000,0.0000655,3488.08760606,MARK_PRICE_EXACT_OPEN,1735113600000,0
ETHUSDT,1735142400000,0.00001254,3471.58,MARK_PRICE_EXACT_OPEN,1735142400000,0
ETHUSDT,1735171200000,0.0001,3495.39,MARK_PRICE_EXACT_OPEN,1735171200000,0
ETHUSDT,1735200000000,0.0001,3420.83,MARK_PRICE_EXACT_OPEN,1735200000000,0
ETHUSDT,1735228800000,0.00006305,3342.43617424,MARK_PRICE_EXACT_OPEN,1735228800000,0
ETHUSDT,1735257600000,0.0001,3333.53222727,MARK_PRICE_EXACT_OPEN,1735257600000,0
ETHUSDT,1735286400000,0.00008428,3324.55045455,MARK_PRICE_EXACT_OPEN,1735286400000,0
ETHUSDT,1735315200000,0.00005349,3325,MARK_PRICE_EXACT_OPEN,1735315200000,0
ETHUSDT,1735344000001,0.0001,3334.18593182,MARK_PRICE_PREVIOUS_FALLBACK,1735344000000,1
ETHUSDT,1735372800000,0.0001,3334.437061,MARK_PRICE_EXACT_OPEN,1735372800000,0
ETHUSDT,1735401600000,0.00009336,3366.7,MARK_PRICE_EXACT_OPEN,1735401600000,0
ETHUSDT,1735430400000,0.00005941,3402.98461364,MARK_PRICE_EXACT_OPEN,1735430400000,0
ETHUSDT,1735459200000,0.00005146,3405.79325235,MARK_PRICE_EXACT_OPEN,1735459200000,0
ETHUSDT,1735488000000,0.00009485,3372.38333333,MARK_PRICE_EXACT_OPEN,1735488000000,0
ETHUSDT,1735516800000,0.0001,3355.47,MARK_PRICE_EXACT_OPEN,1735516800000,0
ETHUSDT,1735545600001,0.0001,3430.16432502,MARK_PRICE_PREVIOUS_FALLBACK,1735545600000,1
ETHUSDT,1735574400000,0.0001,3323.48,MARK_PRICE_EXACT_OPEN,1735574400000,0
ETHUSDT,1735603200000,0.0001,3360.22950758,MARK_PRICE_EXACT_OPEN,1735603200000,0
ETHUSDT,1735632000000,0.00008514,3352.6,MARK_PRICE_EXACT_OPEN,1735632000000,0
ETHUSDT,1735660800000,0.0001,3412.90488636,MARK_PRICE_EXACT_OPEN,1735660800000,0
ETHUSDT,1735689600015,0.0001,3337.25,MARK_PRICE_PREVIOUS_FALLBACK,1735689600000,15
ETHUSDT,1735718400000,0.0001,3345.84,MARK_PRICE_EXACT_OPEN,1735718400000,0
ETHUSDT,1735747200001,0.0001,3354.9709697,MARK_PRICE_PREVIOUS_FALLBACK,1735747200000,1
ETHUSDT,1735776000000,0.0001,3359.36,MARK_PRICE_EXACT_OPEN,1735776000000,0
ETHUSDT,1735804800006,0.0001,3422.99,MARK_PRICE_PREVIOUS_FALLBACK,1735804800000,6
ETHUSDT,1735833600000,0.0001,3462.76,MARK_PRICE_EXACT_OPEN,1735833600000,0
ETHUSDT,1735862400000,0.0001,3455.05594019,MARK_PRICE_EXACT_OPEN,1735862400000,0
ETHUSDT,1735891200000,0.0001,3432.56215517,MARK_PRICE_EXACT_OPEN,1735891200000,0
ETHUSDT,1735920000000,0.0001,3564.4834697,MARK_PRICE_EXACT_OPEN,1735920000000,0
ETHUSDT,1735948800000,0.0001,3607.89,MARK_PRICE_EXACT_OPEN,1735948800000,0
ETHUSDT,1735977600000,0.0001,3593.04,MARK_PRICE_EXACT_OPEN,1735977600000,0
ETHUSDT,1736006400000,0.0001,3606.81199242,MARK_PRICE_EXACT_OPEN,1736006400000,0
ETHUSDT,1736035200000,0.0001,3655.99,MARK_PRICE_EXACT_OPEN,1736035200000,0
ETHUSDT,1736064000000,0.0001,3630.37,MARK_PRICE_EXACT_OPEN,1736064000000,0
ETHUSDT,1736092800000,0.0001,3628.45,MARK_PRICE_EXACT_OPEN,1736092800000,0
ETHUSDT,1736121600000,0.0001,3634.96,MARK_PRICE_EXACT_OPEN,1736121600000,0
ETHUSDT,1736150400001,0.0001,3649.95972727,MARK_PRICE_PREVIOUS_FALLBACK,1736150400000,1
ETHUSDT,1736179200000,0.0001,3712.76099242,MARK_PRICE_EXACT_OPEN,1736179200000,0
ETHUSDT,1736208000000,0.0001,3686.17309091,MARK_PRICE_EXACT_OPEN,1736208000000,0
ETHUSDT,1736236800000,0.0001,3666.62087719,MARK_PRICE_EXACT_OPEN,1736236800000,0
ETHUSDT,1736265600008,0.0001,3451.37304545,MARK_PRICE_PREVIOUS_FALLBACK,1736265600000,8
ETHUSDT,1736294400001,0.00009658,3383.86,MARK_PRICE_PREVIOUS_FALLBACK,1736294400000,1
ETHUSDT,1736323200000,0.0001,3353.51190909,MARK_PRICE_EXACT_OPEN,1736323200000,0
ETHUSDT,1736352000000,0.0001,3345.99,MARK_PRICE_EXACT_OPEN,1736352000000,0
ETHUSDT,1736380800000,0.00006609,3325.60962121,MARK_PRICE_EXACT_OPEN,1736380800000,0
ETHUSDT,1736409600000,0.0001,3288.17,MARK_PRICE_EXACT_OPEN,1736409600000,0
ETHUSDT,1736438400000,0.0001,3318.79,MARK_PRICE_EXACT_OPEN,1736438400000,0
ETHUSDT,1736467200000,0.00007573,3218.24,MARK_PRICE_EXACT_OPEN,1736467200000,0
ETHUSDT,1736496000000,0.00006162,3294.73666928,MARK_PRICE_EXACT_OPEN,1736496000000,0
ETHUSDT,1736524800000,0.0001,3243.7,MARK_PRICE_EXACT_OPEN,1736524800000,0
ETHUSDT,1736553600000,0.00006574,3265.64516667,MARK_PRICE_EXACT_OPEN,1736553600000,0
ETHUSDT,1736582400000,0.0000565,3234.79,MARK_PRICE_EXACT_OPEN,1736582400000,0
ETHUSDT,1736611200000,0.0001,3270.07,MARK_PRICE_EXACT_OPEN,1736611200000,0
ETHUSDT,1736640000000,0.0001,3281.85,MARK_PRICE_EXACT_OPEN,1736640000000,0
ETHUSDT,1736668800000,0.0001,3265.74,MARK_PRICE_EXACT_OPEN,1736668800000,0
ETHUSDT,1736697600000,0.00008134,3284.46685606,MARK_PRICE_EXACT_OPEN,1736697600000,0
ETHUSDT,1736726400000,0.0001,3265.7,MARK_PRICE_EXACT_OPEN,1736726400000,0
ETHUSDT,1736755200000,0.00009353,3200.54,MARK_PRICE_EXACT_OPEN,1736755200000,0
ETHUSDT,1736784000000,0.00003392,3048.0626748,MARK_PRICE_EXACT_OPEN,1736784000000,0
ETHUSDT,1736812800000,0.00005423,3136.13,MARK_PRICE_EXACT_OPEN,1736812800000,0
ETHUSDT,1736841600000,0.00007452,3170.39,MARK_PRICE_EXACT_OPEN,1736841600000,0
ETHUSDT,1736870400000,0.00007652,3197.87,MARK_PRICE_EXACT_OPEN,1736870400000,0
ETHUSDT,1736899200000,0.00004503,3223.99,MARK_PRICE_EXACT_OPEN,1736899200000,0
ETHUSDT,1736928000000,0.00005924,3231.31,MARK_PRICE_EXACT_OPEN,1736928000000,0
ETHUSDT,1736956800000,0.00005443,3333.19,MARK_PRICE_EXACT_OPEN,1736956800000,0
ETHUSDT,1736985600000,0.0001,3449.8,MARK_PRICE_EXACT_OPEN,1736985600000,0
ETHUSDT,1737014400000,0.00008311,3382.61535772,MARK_PRICE_EXACT_OPEN,1737014400000,0
ETHUSDT,1737043200000,0.00005275,3332.0535813,MARK_PRICE_EXACT_OPEN,1737043200000,0
ETHUSDT,1737072000004,0.0001,3308.31,MARK_PRICE_PREVIOUS_FALLBACK,1737072000000,4
ETHUSDT,1737100800000,0.0001,3371.64284693,MARK_PRICE_EXACT_OPEN,1737100800000,0
ETHUSDT,1737129600008,0.0001,3421.09925203,MARK_PRICE_PREVIOUS_FALLBACK,1737129600000,8
ETHUSDT,1737158400000,0.0001,3472.37,MARK_PRICE_EXACT_OPEN,1737158400000,0
ETHUSDT,1737187200007,0.0001,3282.3196005,MARK_PRICE_PREVIOUS_FALLBACK,1737187200000,7
ETHUSDT,1737216000000,0.0001,3305.47,MARK_PRICE_EXACT_OPEN,1737216000000,0
ETHUSDT,1737244800000,0.0001,3306.79597561,MARK_PRICE_EXACT_OPEN,1737244800000,0
ETHUSDT,1737273600000,0.0001,3275.02,MARK_PRICE_EXACT_OPEN,1737273600000,0
ETHUSDT,1737302400000,0.0001,3383.98005046,MARK_PRICE_EXACT_OPEN,1737302400000,0
ETHUSDT,1737331200000,0.0001,3213.98,MARK_PRICE_EXACT_OPEN,1737331200000,0
ETHUSDT,1737360000009,0.0001,3387.64,MARK_PRICE_PREVIOUS_FALLBACK,1737360000000,9
ETHUSDT,1737388800000,0.0001,3336.16365854,MARK_PRICE_EXACT_OPEN,1737388800000,0
ETHUSDT,1737417600000,0.0001,3283.2,MARK_PRICE_EXACT_OPEN,1737417600000,0
ETHUSDT,1737446400000,0.0001,3254.31536179,MARK_PRICE_EXACT_OPEN,1737446400000,0
ETHUSDT,1737475200000,0.0001,3294.29238211,MARK_PRICE_EXACT_OPEN,1737475200000,0
ETHUSDT,1737504000000,0.0001,3326.9129058,MARK_PRICE_EXACT_OPEN,1737504000000,0
ETHUSDT,1737532800000,0.0001,3286.92,MARK_PRICE_EXACT_OPEN,1737532800000,0
ETHUSDT,1737561600000,0.0001,3277.47,MARK_PRICE_EXACT_OPEN,1737561600000,0
ETHUSDT,1737590400001,0.0001,3240.41,MARK_PRICE_PREVIOUS_FALLBACK,1737590400000,1
ETHUSDT,1737619200000,0.0001,3232.07,MARK_PRICE_EXACT_OPEN,1737619200000,0
ETHUSDT,1737648000000,0.0001,3258.51,MARK_PRICE_EXACT_OPEN,1737648000000,0
ETHUSDT,1737676800000,0.0001,3337.88,MARK_PRICE_EXACT_OPEN,1737676800000,0
ETHUSDT,1737705600000,0.0001,3380.59,MARK_PRICE_EXACT_OPEN,1737705600000,0
ETHUSDT,1737734400000,0.0001,3382.95525397,MARK_PRICE_EXACT_OPEN,1737734400000,0
ETHUSDT,1737763200000,0.00006904,3308.71874603,MARK_PRICE_EXACT_OPEN,1737763200000,0
ETHUSDT,1737792000000,0.00007065,3289.99,MARK_PRICE_EXACT_OPEN,1737792000000,0
ETHUSDT,1737820800001,0.0000841,3331.45931034,MARK_PRICE_PREVIOUS_FALLBACK,1737820800000,1
ETHUSDT,1737849600000,0.00009663,3317.9,MARK_PRICE_EXACT_OPEN,1737849600000,0
ETHUSDT,1737878400000,0.00009725,3337.73907937,MARK_PRICE_EXACT_OPEN,1737878400000,0
ETHUSDT,1737907200000,0.00003849,3313.92919841,MARK_PRICE_EXACT_OPEN,1737907200000,0
ETHUSDT,1737936000000,-0.00000276,3231.86504762,MARK_PRICE_EXACT_OPEN,1737936000000,0
ETHUSDT,1737964800000,0.00003922,3069.2219127,MARK_PRICE_EXACT_OPEN,1737964800000,0
ETHUSDT,1737993600000,0.00003069,3131.06,MARK_PRICE_EXACT_OPEN,1737993600000,0
ETHUSDT,1738022400000,0.0001,3181.0002381,MARK_PRICE_EXACT_OPEN,1738022400000,0
ETHUSDT,1738051200000,0.00004046,3194.66340476,MARK_PRICE_EXACT_OPEN,1738051200000,0
ETHUSDT,1738080000000,0.00005904,3180.16,MARK_PRICE_EXACT_OPEN,1738080000000,0
ETHUSDT,1738108800000,0.0001,3075.95,MARK_PRICE_EXACT_OPEN,1738108800000,0
ETHUSDT,1738137600000,0.00006567,3155.64,MARK_PRICE_EXACT_OPEN,1738137600000,0
ETHUSDT,1738166400000,0.00008686,3099.82631746,MARK_PRICE_EXACT_OPEN,1738166400000,0
ETHUSDT,1738195200000,0.00002287,3112.54,MARK_PRICE_EXACT_OPEN,1738195200000,0
ETHUSDT,1738224000000,0.0001,3189.70955556,MARK_PRICE_EXACT_OPEN,1738224000000,0
ETHUSDT,1738252800000,0.00007055,3254,MARK_PRICE_EXACT_OPEN,1738252800000,0
ETHUSDT,1738281600000,0.00009386,3245.86,MARK_PRICE_EXACT_OPEN,1738281600000,0
ETHUSDT,1738310400000,0.00007998,3240.69694444,MARK_PRICE_EXACT_OPEN,1738310400000,0
ETHUSDT,1738339200000,0.0001,3427,MARK_PRICE_EXACT_OPEN,1738339200000,0
ETHUSDT,1738368000000,0.00008432,3299.5,MARK_PRICE_EXACT_OPEN,1738368000000,0
ETHUSDT,1738396800000,0.00009742,3279,MARK_PRICE_EXACT_OPEN,1738396800000,0
ETHUSDT,1738425600000,0.00003573,3249.4,MARK_PRICE_EXACT_OPEN,1738425600000,0
ETHUSDT,1738454400001,0.00007609,3116.80392857,MARK_PRICE_PREVIOUS_FALLBACK,1738454400000,1
ETHUSDT,1738483200000,0.0001,3100.08,MARK_PRICE_EXACT_OPEN,1738483200000,0
ETHUSDT,1738512000000,0.000026,3079.50553175,MARK_PRICE_EXACT_OPEN,1738512000000,0
ETHUSDT,1738540800000,0.00003237,2868.2776746,MARK_PRICE_EXACT_OPEN,1738540800000,0
ETHUSDT,1738569600000,-0.00016657,2619.54513492,MARK_PRICE_EXACT_OPEN,1738569600000,0
ETHUSDT,1738598400000,-0.00025121,2699.12,MARK_PRICE_EXACT_OPEN,1738598400000,0
ETHUSDT,1738627200000,-0.00010653,2878.83714286,MARK_PRICE_EXACT_OPEN,1738627200000,0
ETHUSDT,1738656000001,0.0000107,2700.63773016,MARK_PRICE_PREVIOUS_FALLBACK,1738656000000,1
ETHUSDT,1738684800000,-0.00008177,2775.6,MARK_PRICE_EXACT_OPEN,1738684800000,0
ETHUSDT,1738713600001,-0.00008329,2736.46,MARK_PRICE_PREVIOUS_FALLBACK,1738713600000,1
ETHUSDT,1738742400001,0.00005754,2760.53,MARK_PRICE_PREVIOUS_FALLBACK,1738742400000,1
ETHUSDT,1738771200000,-0.00002404,2772.15,MARK_PRICE_EXACT_OPEN,1738771200000,0
ETHUSDT,1738800000001,0.00004939,2793.1,MARK_PRICE_PREVIOUS_FALLBACK,1738800000000,1
ETHUSDT,1738828800001,-0.00000535,2830.29,MARK_PRICE_PREVIOUS_FALLBACK,1738828800000,1
ETHUSDT,1738857600000,-0.00007747,2704.38,MARK_PRICE_EXACT_OPEN,1738857600000,0
ETHUSDT,1738886400000,0.00002439,2685.47194444,MARK_PRICE_EXACT_OPEN,1738886400000,0
ETHUSDT,1738915200000,0.00002905,2711.75472085,MARK_PRICE_EXACT_OPEN,1738915200000,0
ETHUSDT,1738944000000,-0.00001197,2720.30671429,MARK_PRICE_EXACT_OPEN,1738944000000,0
ETHUSDT,1738972800000,-0.00001894,2620.66,MARK_PRICE_EXACT_OPEN,1738972800000,0
ETHUSDT,1739001600000,0.00009532,2628.33,MARK_PRICE_EXACT_OPEN,1739001600000,0
ETHUSDT,1739030400000,0.0000693,2604.13990476,MARK_PRICE_EXACT_OPEN,1739030400000,0
ETHUSDT,1739059200000,-0.00000364,2631,MARK_PRICE_EXACT_OPEN,1739059200000,0
ETHUSDT,1739088000000,0.00005479,2661.3,MARK_PRICE_EXACT_OPEN,1739088000000,0
ETHUSDT,1739116800000,0.0000502,2651.97135714,MARK_PRICE_EXACT_OPEN,1739116800000,0
ETHUSDT,1739145600000,0.00000911,2626,MARK_PRICE_EXACT_OPEN,1739145600000,0
ETHUSDT,1739174400000,0.00007074,2636.11,MARK_PRICE_EXACT_OPEN,1739174400000,0
ETHUSDT,1739203200000,0.00005396,2657.38649206,MARK_PRICE_EXACT_OPEN,1739203200000,0
ETHUSDT,1739232000000,-0.00000572,2660.0522381,MARK_PRICE_EXACT_OPEN,1739232000000,0
ETHUSDT,1739260800000,0.0000426,2711.27518254,MARK_PRICE_EXACT_OPEN,1739260800000,0
ETHUSDT,1739289600000,-0.00001236,2661.42,MARK_PRICE_EXACT_OPEN,1739289600000,0
ETHUSDT,1739318400000,0.00006151,2601.52231746,MARK_PRICE_EXACT_OPEN,1739318400000,0
ETHUSDT,1739347200000,0.0000335,2617.51,MARK_PRICE_EXACT_OPEN,1739347200000,0
ETHUSDT,1739376000001,0.00008407,2602.14063492,MARK_PRICE_PREVIOUS_FALLBACK,1739376000000,1
ETHUSDT,1739404800001,0.0000954,2735.49220033,MARK_PRICE_PREVIOUS_FALLBACK,1739404800000,1
ETHUSDT,1739433600000,0.0001,2680.13,MARK_PRICE_EXACT_OPEN,1739433600000,0
ETHUSDT,1739462400001,0.00001027,2643.92,MARK_PRICE_PREVIOUS_FALLBACK,1739462400000,1
ETHUSDT,1739491200000,0.00000239,2674.52,MARK_PRICE_EXACT_OPEN,1739491200000,0
ETHUSDT,1739520000001,0.00008242,2699.73,MARK_PRICE_PREVIOUS_FALLBACK,1739520000000,1
ETHUSDT,1739548800000,0.00007834,2733.36,MARK_PRICE_EXACT_OPEN,1739548800000,0
ETHUSDT,1739577600000,0.00004385,2724.41,MARK_PRICE_EXACT_OPEN,1739577600000,0
ETHUSDT,1739606400000,0.00003822,2696.89234921,MARK_PRICE_EXACT_OPEN,1739606400000,0
ETHUSDT,1739635200000,0.00000844,2689.85,MARK_PRICE_EXACT_OPEN,1739635200000,0
ETHUSDT,1739664000000,0.00003859,2691.90181746,MARK_PRICE_EXACT_OPEN,1739664000000,0
ETHUSDT,1739692800000,0.00005945,2694.55437302,MARK_PRICE_EXACT_OPEN,1739692800000,0
ETHUSDT,1739721600000,0.00003775,2693.10178571,MARK_PRICE_EXACT_OPEN,1739721600000,0
ETHUSDT,1739750400000,0.00003649,2660.37730952,MARK_PRICE_EXACT_OPEN,1739750400000,0
ETHUSDT,1739779200000,0.0000561,2680.76096032,MARK_PRICE_EXACT_OPEN,1739779200000,0
ETHUSDT,1739808000000,0.0001,2755.01133333,MARK_PRICE_EXACT_OPEN,1739808000000,0
ETHUSDT,1739836800000,0.00004742,2742.9967619,MARK_PRICE_EXACT_OPEN,1739836800000,0
ETHUSDT,1739865600000,-0.00001595,2671.01,MARK_PRICE_EXACT_OPEN,1739865600000,0
ETHUSDT,1739894400000,0.00005441,2672.38,MARK_PRICE_EXACT_OPEN,1739894400000,0
ETHUSDT,1739923200000,0.00004964,2670.57,MARK_PRICE_EXACT_OPEN,1739923200000,0
ETHUSDT,1739952000000,0.00007273,2707.07629721,MARK_PRICE_EXACT_OPEN,1739952000000,0
ETHUSDT,1739980800000,0.00003185,2695.61807143,MARK_PRICE_EXACT_OPEN,1739980800000,0
ETHUSDT,1740009600000,-0.00000207,2714.23487302,MARK_PRICE_EXACT_OPEN,1740009600000,0
ETHUSDT,1740038400000,0.00005629,2729.18799206,MARK_PRICE_EXACT_OPEN,1740038400000,0
ETHUSDT,1740067200000,0.00006405,2711.07693651,MARK_PRICE_EXACT_OPEN,1740067200000,0
ETHUSDT,1740096000001,0.00003574,2737.97,MARK_PRICE_PREVIOUS_FALLBACK,1740096000000,1
ETHUSDT,1740124800000,0.00006624,2754.9,MARK_PRICE_EXACT_OPEN,1740124800000,0
ETHUSDT,1740153600000,0.00004228,2722.25,MARK_PRICE_EXACT_OPEN,1740153600000,0
ETHUSDT,1740182400000,0.00003254,2661.06793651,MARK_PRICE_EXACT_OPEN,1740182400000,0
ETHUSDT,1740211200000,-0.00001427,2682.81,MARK_PRICE_EXACT_OPEN,1740211200000,0
ETHUSDT,1740240000000,0.0000341,2774.99,MARK_PRICE_EXACT_OPEN,1740240000000,0
ETHUSDT,1740268800000,0.00009726,2762.16213492,MARK_PRICE_EXACT_OPEN,1740268800000,0
ETHUSDT,1740297600000,0.00003796,2823.79042857,MARK_PRICE_EXACT_OPEN,1740297600000,0
ETHUSDT,1740326400000,0.00000213,2781.7352619,MARK_PRICE_EXACT_OPEN,1740326400000,0
ETHUSDT,1740355200000,0.00007127,2818.55,MARK_PRICE_EXACT_OPEN,1740355200000,0
ETHUSDT,1740384000000,0.00000924,2720.74501587,MARK_PRICE_EXACT_OPEN,1740384000000,0
ETHUSDT,1740412800000,0.00003082,2657.67107937,MARK_PRICE_EXACT_OPEN,1740412800000,0
ETHUSDT,1740441600000,-0.00003589,2513.088,MARK_PRICE_EXACT_OPEN,1740441600000,0
ETHUSDT,1740470400000,0.00000471,2367.6,MARK_PRICE_EXACT_OPEN,1740470400000,0
ETHUSDT,1740499200000,0.00002913,2408.56378489,MARK_PRICE_EXACT_OPEN,1740499200000,0
ETHUSDT,1740528000000,0.0000186,2494.21,MARK_PRICE_EXACT_OPEN,1740528000000,0
ETHUSDT,1740556800000,0.00006103,2482.67,MARK_PRICE_EXACT_OPEN,1740556800000,0
ETHUSDT,1740585600000,0.00003433,2427.58,MARK_PRICE_EXACT_OPEN,1740585600000,0
ETHUSDT,1740614400001,0.00008515,2339.15638095,MARK_PRICE_PREVIOUS_FALLBACK,1740614400000,1
ETHUSDT,1740643200000,0.0001,2355.38,MARK_PRICE_EXACT_OPEN,1740643200000,0
ETHUSDT,1740672000000,0.00005027,2322.58465079,MARK_PRICE_EXACT_OPEN,1740672000000,0
ETHUSDT,1740700800001,0.00004097,2306.22,MARK_PRICE_PREVIOUS_FALLBACK,1740700800000,1
ETHUSDT,1740729600000,0.00001219,2105.57457937,MARK_PRICE_EXACT_OPEN,1740729600000,0
ETHUSDT,1740758400000,0.00001248,2221.68,MARK_PRICE_EXACT_OPEN,1740758400000,0
ETHUSDT,1740787200000,0.00004855,2236.07630952,MARK_PRICE_EXACT_OPEN,1740787200000,0
ETHUSDT,1740816000000,-0.00001061,2228.15,MARK_PRICE_EXACT_OPEN,1740816000000,0
ETHUSDT,1740844800001,-0.00000931,2173.31,MARK_PRICE_PREVIOUS_FALLBACK,1740844800000,1
ETHUSDT,1740873600000,0.00003173,2216.5,MARK_PRICE_EXACT_OPEN,1740873600000,0
ETHUSDT,1740902400000,0.00006221,2220.24,MARK_PRICE_EXACT_OPEN,1740902400000,0
ETHUSDT,1740931200000,0.00006102,2228.34704762,MARK_PRICE_EXACT_OPEN,1740931200000,0
ETHUSDT,1740960000001,-0.00000788,2518.79336508,MARK_PRICE_PREVIOUS_FALLBACK,1740960000000,1
ETHUSDT,1740988800000,0.00003061,2386.8,MARK_PRICE_EXACT_OPEN,1740988800000,0
ETHUSDT,1741017600000,0.00000625,2286.32,MARK_PRICE_EXACT_OPEN,1741017600000,0
ETHUSDT,1741046400001,-0.00004308,2145.95628571,MARK_PRICE_PREVIOUS_FALLBACK,1741046400000,1
ETHUSDT,1741075200005,-0.00003762,2083.43535717,MARK_PRICE_PREVIOUS_FALLBACK,1741075200000,5
ETHUSDT,1741104000000,0.00000204,2073.64645238,MARK_PRICE_EXACT_OPEN,1741104000000,0
ETHUSDT,1741132800000,0.00006417,2170.51,MARK_PRICE_EXACT_OPEN,1741132800000,0
ETHUSDT,1741161600000,0.00007146,2206.99475397,MARK_PRICE_EXACT_OPEN,1741161600000,0
ETHUSDT,1741190400000,0.00002539,2185.7850873,MARK_PRICE_EXACT_OPEN,1741190400000,0
ETHUSDT,1741219200000,-0.00001037,2240.45,MARK_PRICE_EXACT_OPEN,1741219200000,0
ETHUSDT,1741248000001,0.00001125,2284.15,MARK_PRICE_PREVIOUS_FALLBACK,1741248000000,1
ETHUSDT,1741276800000,0.00002685,2256.59895238,MARK_PRICE_EXACT_OPEN,1741276800000,0
ETHUSDT,1741305600000,-0.00002474,2201.34,MARK_PRICE_EXACT_OPEN,1741305600000,0
ETHUSDT,1741334400001,0.00002874,2189.41,MARK_PRICE_PREVIOUS_FALLBACK,1741334400000,1
ETHUSDT,1741363200000,0.00005628,2208.41312698,MARK_PRICE_EXACT_OPEN,1741363200000,0
ETHUSDT,1741392000000,0.00003124,2140.72,MARK_PRICE_EXACT_OPEN,1741392000000,0
ETHUSDT,1741420800001,0.0000376,2136.65,MARK_PRICE_PREVIOUS_FALLBACK,1741420800000,1
ETHUSDT,1741449600001,0.00006837,2179.28215079,MARK_PRICE_PREVIOUS_FALLBACK,1741449600000,1
ETHUSDT,1741478400001,0.00006871,2201.78124603,MARK_PRICE_PREVIOUS_FALLBACK,1741478400000,1
ETHUSDT,1741507200000,0.00003637,2184.18283333,MARK_PRICE_EXACT_OPEN,1741507200000,0
ETHUSDT,1741536000000,-1.3e-7,2096.15786508,MARK_PRICE_EXACT_OPEN,1741536000000,0
ETHUSDT,1741564800000,-0.00004249,2019.25,MARK_PRICE_EXACT_OPEN,1741564800000,0
ETHUSDT,1741593600000,0.00002575,2074.39986508,MARK_PRICE_EXACT_OPEN,1741593600000,0
ETHUSDT,1741622400000,0.00003433,2016.98484921,MARK_PRICE_EXACT_OPEN,1741622400000,0
ETHUSDT,1741651200000,-0.00004045,1864.36,MARK_PRICE_EXACT_OPEN,1741651200000,0
ETHUSDT,1741680000000,0.00002173,1903.423867,MARK_PRICE_EXACT_OPEN,1741680000000,0
ETHUSDT,1741708800001,0.00007553,1910.21,MARK_PRICE_PREVIOUS_FALLBACK,1741708800000,1
ETHUSDT,1741737600000,0.00001672,1922.6,MARK_PRICE_EXACT_OPEN,1741737600000,0
ETHUSDT,1741766400000,0.00001107,1910.49414286,MARK_PRICE_EXACT_OPEN,1741766400000,0
ETHUSDT,1741795200001,-0.00003413,1867.31355556,MARK_PRICE_PREVIOUS_FALLBACK,1741795200000,1
ETHUSDT,1741824000000,0.00002931,1907.37,MARK_PRICE_EXACT_OPEN,1741824000000,0
ETHUSDT,1741852800000,-5e-8,1871.2,MARK_PRICE_EXACT_OPEN,1741852800000,0
ETHUSDT,1741881600000,0.00004218,1874.72,MARK_PRICE_EXACT_OPEN,1741881600000,0
ETHUSDT,1741910400000,0.00002744,1863.99594417,MARK_PRICE_EXACT_OPEN,1741910400000,0
ETHUSDT,1741939200000,0.00007681,1892.13,MARK_PRICE_EXACT_OPEN,1741939200000,0
ETHUSDT,1741968000000,0.00005537,1921.17,MARK_PRICE_EXACT_OPEN,1741968000000,0
ETHUSDT,1741996800000,0.00002924,1910.98,MARK_PRICE_EXACT_OPEN,1741996800000,0
ETHUSDT,1742025600000,0.00005445,1916.93496825,MARK_PRICE_EXACT_OPEN,1742025600000,0
ETHUSDT,1742054400000,0.0000125,1936.8,MARK_PRICE_EXACT_OPEN,1742054400000,0
ETHUSDT,1742083200000,-0.00003041,1936.27,MARK_PRICE_EXACT_OPEN,1742083200000,0
ETHUSDT,1742112000000,-0.00002357,1925.21,MARK_PRICE_EXACT_OPEN,1742112000000,0
ETHUSDT,1742140800000,-0.00002967,1894.21,MARK_PRICE_EXACT_OPEN,1742140800000,0
ETHUSDT,1742169600000,0.00002057,1886.2012906,MARK_PRICE_EXACT_OPEN,1742169600000,0
ETHUSDT,1742198400000,0.00005669,1900.13,MARK_PRICE_EXACT_OPEN,1742198400000,0
ETHUSDT,1742227200000,0.00003697,1918.5,MARK_PRICE_EXACT_OPEN,1742227200000,0
ETHUSDT,1742256000000,0.00005319,1925.3826601,MARK_PRICE_EXACT_OPEN,1742256000000,0
ETHUSDT,1742284800000,0.00004099,1904.15778571,MARK_PRICE_EXACT_OPEN,1742284800000,0
ETHUSDT,1742313600000,0.00001465,1879.97,MARK_PRICE_EXACT_OPEN,1742313600000,0
ETHUSDT,1742342400000,0.00005983,1930.68346825,MARK_PRICE_EXACT_OPEN,1742342400000,0
ETHUSDT,1742371200000,0.00008986,1930.98,MARK_PRICE_EXACT_OPEN,1742371200000,0
ETHUSDT,1742400000000,0.00006676,2047.87,MARK_PRICE_EXACT_OPEN,1742400000000,0
ETHUSDT,1742428800000,-0.00001704,2055.32530159,MARK_PRICE_EXACT_OPEN,1742428800000,0
ETHUSDT,1742457600000,0.00001553,2006.47,MARK_PRICE_EXACT_OPEN,1742457600000,0
ETHUSDT,1742486400000,-0.00000857,1971.29112698,MARK_PRICE_EXACT_OPEN,1742486400000,0
ETHUSDT,1742515200000,0.00005235,1982.92525397,MARK_PRICE_EXACT_OPEN,1742515200000,0
ETHUSDT,1742544000000,0.00006749,1976,MARK_PRICE_EXACT_OPEN,1742544000000,0
ETHUSDT,1742572800000,0.00002613,1949.78,MARK_PRICE_EXACT_OPEN,1742572800000,0
ETHUSDT,1742601600000,-0.00001402,1964.88800794,MARK_PRICE_EXACT_OPEN,1742601600000,0
ETHUSDT,1742630400004,-0.00002617,1983.25,MARK_PRICE_PREVIOUS_FALLBACK,1742630400000,4
ETHUSDT,1742659200000,0.00002587,1985.42170635,MARK_PRICE_EXACT_OPEN,1742659200000,0
ETHUSDT,1742688000000,0.00001553,1979.84956349,MARK_PRICE_EXACT_OPEN,1742688000000,0
ETHUSDT,1742716800000,0.00006053,2007.2,MARK_PRICE_EXACT_OPEN,1742716800000,0
ETHUSDT,1742745600000,-0.00000336,2006.26000794,MARK_PRICE_EXACT_OPEN,1742745600000,0
ETHUSDT,1742774400000,-0.0000129,2005.03766667,MARK_PRICE_EXACT_OPEN,1742774400000,0
ETHUSDT,1742803200000,0.00009456,2068.45790476,MARK_PRICE_EXACT_OPEN,1742803200000,0
ETHUSDT,1742832000000,0.00003069,2088.8,MARK_PRICE_EXACT_OPEN,1742832000000,0
ETHUSDT,1742860800001,0.00006736,2078.93137302,MARK_PRICE_PREVIOUS_FALLBACK,1742860800000,1
ETHUSDT,1742889600000,0.00001456,2054.8,MARK_PRICE_EXACT_OPEN,1742889600000,0
ETHUSDT,1742918400000,-0.00000475,2066.58113492,MARK_PRICE_EXACT_OPEN,1742918400000,0
ETHUSDT,1742947200000,0.00002976,2065.24313629,MARK_PRICE_EXACT_OPEN,1742947200000,0
ETHUSDT,1742976000000,0.00001074,2068.54503968,MARK_PRICE_EXACT_OPEN,1742976000000,0
ETHUSDT,1743004800001,-0.00002235,2010.14,MARK_PRICE_PREVIOUS_FALLBACK,1743004800000,1
ETHUSDT,1743033600001,0.00004542,2009.73,MARK_PRICE_PREVIOUS_FALLBACK,1743033600000,1
ETHUSDT,1743062400001,0.00007427,2026.05157937,MARK_PRICE_PREVIOUS_FALLBACK,1743062400000,1
ETHUSDT,1743091200002,0.00003127,2004.69,MARK_PRICE_PREVIOUS_FALLBACK,1743091200000,2
ETHUSDT,1743120000001,0.00006551,2002.61,MARK_PRICE_PREVIOUS_FALLBACK,1743120000000,1
ETHUSDT,1743148800001,-0.00002896,1909.61348413,MARK_PRICE_PREVIOUS_FALLBACK,1743148800000,1
ETHUSDT,1743177600000,-0.00001109,1871.49325397,MARK_PRICE_EXACT_OPEN,1743177600000,0
ETHUSDT,1743206400000,0.00000356,1896.03,MARK_PRICE_EXACT_OPEN,1743206400000,0
ETHUSDT,1743235200000,0.00004498,1879.54720635,MARK_PRICE_EXACT_OPEN,1743235200000,0
ETHUSDT,1743264000000,0.00003469,1838.4,MARK_PRICE_EXACT_OPEN,1743264000000,0
ETHUSDT,1743292800000,-0.00001072,1827.32,MARK_PRICE_EXACT_OPEN,1743292800000,0
ETHUSDT,1743321600000,-0.00001999,1836.69,MARK_PRICE_EXACT_OPEN,1743321600000,0
ETHUSDT,1743350400000,0.00001191,1812.81,MARK_PRICE_EXACT_OPEN,1743350400000,0
ETHUSDT,1743379200000,-0.00000326,1807,MARK_PRICE_EXACT_OPEN,1743379200000,0
ETHUSDT,1743408000000,0.00002663,1798.05,MARK_PRICE_EXACT_OPEN,1743408000000,0
ETHUSDT,1743436800000,0.00002009,1841.39123016,MARK_PRICE_EXACT_OPEN,1743436800000,0
ETHUSDT,1743465600000,-0.00000652,1821.59,MARK_PRICE_EXACT_OPEN,1743465600000,0
ETHUSDT,1743494400001,0.00002877,1854.27,MARK_PRICE_PREVIOUS_FALLBACK,1743494400000,1
ETHUSDT,1743523200000,0.00003314,1917.9,MARK_PRICE_EXACT_OPEN,1743523200000,0
ETHUSDT,1743552000001,0.00003676,1902.59,MARK_PRICE_PREVIOUS_FALLBACK,1743552000000,1
ETHUSDT,1743580800000,-4.5e-7,1864.30988889,MARK_PRICE_EXACT_OPEN,1743580800000,0
ETHUSDT,1743609600000,0.00004262,1900.1,MARK_PRICE_EXACT_OPEN,1743609600000,0
ETHUSDT,1743638400000,-0.00000639,1794.26362698,MARK_PRICE_EXACT_OPEN,1743638400000,0
ETHUSDT,1743667200000,0.0000639,1814.69311987,MARK_PRICE_EXACT_OPEN,1743667200000,0
ETHUSDT,1743696000000,-0.00000615,1781.28611658,MARK_PRICE_EXACT_OPEN,1743696000000,0
ETHUSDT,1743724800000,0.00006701,1816.3,MARK_PRICE_EXACT_OPEN,1743724800000,0
ETHUSDT,1743753600000,-0.00002093,1816.87,MARK_PRICE_EXACT_OPEN,1743753600000,0
ETHUSDT,1743782400000,0.0000378,1794.47,MARK_PRICE_EXACT_OPEN,1743782400000,0
ETHUSDT,1743811200000,0.00002181,1816.1850873,MARK_PRICE_EXACT_OPEN,1743811200000,0
ETHUSDT,1743840000000,0.00005939,1812.4,MARK_PRICE_EXACT_OPEN,1743840000000,0
ETHUSDT,1743868800000,-0.00000782,1781.10160317,MARK_PRICE_EXACT_OPEN,1743868800000,0
ETHUSDT,1743897600000,0.00002389,1805.05779365,MARK_PRICE_EXACT_OPEN,1743897600000,0
ETHUSDT,1743926400000,0.0000541,1796.86100794,MARK_PRICE_EXACT_OPEN,1743926400000,0
ETHUSDT,1743955200002,-0.00002372,1759.21,MARK_PRICE_PREVIOUS_FALLBACK,1743955200000,2
ETHUSDT,1743984000000,-0.00003784,1579.98,MARK_PRICE_EXACT_OPEN,1743984000000,0
ETHUSDT,1744012800000,-0.00000965,1459.71,MARK_PRICE_EXACT_OPEN,1744012800000,0
ETHUSDT,1744041600000,-0.00003451,1556.02875397,MARK_PRICE_EXACT_OPEN,1744041600000,0
ETHUSDT,1744070400000,-0.00000438,1552.44,MARK_PRICE_EXACT_OPEN,1744070400000,0
ETHUSDT,1744099200000,0.00001155,1569.98,MARK_PRICE_EXACT_OPEN,1744099200000,0
ETHUSDT,1744128000000,-0.00001429,1530.89,MARK_PRICE_EXACT_OPEN,1744128000000,0
ETHUSDT,1744156800000,-0.0000482,1472.68,MARK_PRICE_EXACT_OPEN,1744156800000,0
ETHUSDT,1744185600001,-0.00006596,1484.68960591,MARK_PRICE_PREVIOUS_FALLBACK,1744185600000,1
ETHUSDT,1744214400000,0.00001591,1484.58,MARK_PRICE_EXACT_OPEN,1744214400000,0
ETHUSDT,1744243200000,0.0001,1668.69,MARK_PRICE_EXACT_OPEN,1744243200000,0
ETHUSDT,1744272000000,0.00003042,1595.02,MARK_PRICE_EXACT_OPEN,1744272000000,0
ETHUSDT,1744300800000,-7.8e-7,1494.94,MARK_PRICE_EXACT_OPEN,1744300800000,0
ETHUSDT,1744329600001,-0.00000918,1520.36461412,MARK_PRICE_PREVIOUS_FALLBACK,1744329600000,1
ETHUSDT,1744358400000,-0.00005857,1551.99,MARK_PRICE_EXACT_OPEN,1744358400000,0
ETHUSDT,1744387200000,-0.00000461,1564.8,MARK_PRICE_EXACT_OPEN,1744387200000,0
ETHUSDT,1744416000000,0.00002511,1565.96,MARK_PRICE_EXACT_OPEN,1744416000000,0
ETHUSDT,1744444800001,-0.000006,1580.69571429,MARK_PRICE_PREVIOUS_FALLBACK,1744444800000,1
ETHUSDT,1744473600000,0.00002416,1655.20279146,MARK_PRICE_EXACT_OPEN,1744473600000,0
ETHUSDT,1744502400000,0.00007676,1643.6,MARK_PRICE_EXACT_OPEN,1744502400000,0
ETHUSDT,1744531200000,0.00005203,1612.9486164,MARK_PRICE_EXACT_OPEN,1744531200000,0
ETHUSDT,1744560000000,0.00005299,1586.15506349,MARK_PRICE_EXACT_OPEN,1744560000000,0
ETHUSDT,1744588800000,0.00007387,1596.93,MARK_PRICE_EXACT_OPEN,1744588800000,0
ETHUSDT,1744617600000,0.00005913,1634.92172222,MARK_PRICE_EXACT_OPEN,1744617600000,0
ETHUSDT,1744646400000,0.00005384,1627.04798851,MARK_PRICE_EXACT_OPEN,1744646400000,0
ETHUSDT,1744675200000,0.0000256,1623.03,MARK_PRICE_EXACT_OPEN,1744675200000,0
ETHUSDT,1744704000000,0.00001812,1644.24902778,MARK_PRICE_EXACT_OPEN,1744704000000,0
ETHUSDT,1744732800001,0.00000335,1619.97711905,MARK_PRICE_PREVIOUS_FALLBACK,1744732800000,1
ETHUSDT,1744761600000,0.00004294,1588.05889163,MARK_PRICE_EXACT_OPEN,1744761600000,0
ETHUSDT,1744790400000,-0.0000296,1563.51116585,MARK_PRICE_EXACT_OPEN,1744790400000,0
ETHUSDT,1744819200000,-0.00002514,1589.76,MARK_PRICE_EXACT_OPEN,1744819200000,0
ETHUSDT,1744848000001,0.00004479,1576.99,MARK_PRICE_PREVIOUS_FALLBACK,1744848000000,1
ETHUSDT,1744876800000,0.00005184,1600.99,MARK_PRICE_EXACT_OPEN,1744876800000,0
ETHUSDT,1744905600001,-0.00001791,1582.61669841,MARK_PRICE_PREVIOUS_FALLBACK,1744905600000,1
ETHUSDT,1744934400000,-0.00003125,1582.88586243,MARK_PRICE_EXACT_OPEN,1744934400000,0
ETHUSDT,1744963200000,0.00002747,1583.45,MARK_PRICE_EXACT_OPEN,1744963200000,0
ETHUSDT,1744992000000,-0.00001492,1582.35561905,MARK_PRICE_EXACT_OPEN,1744992000000,0
ETHUSDT,1745020800000,-0.00002388,1587.92270252,MARK_PRICE_EXACT_OPEN,1745020800000,0
ETHUSDT,1745049600000,0.00008846,1600.28,MARK_PRICE_EXACT_OPEN,1745049600000,0
ETHUSDT,1745078400000,0.00007189,1606.65637762,MARK_PRICE_EXACT_OPEN,1745078400000,0
ETHUSDT,1745107200000,0.00005765,1612.66,MARK_PRICE_EXACT_OPEN,1745107200000,0
ETHUSDT,1745136000000,0.00007724,1596.67526984,MARK_PRICE_EXACT_OPEN,1745136000000,0
ETHUSDT,1745164800000,-0.00005358,1572.81,MARK_PRICE_EXACT_OPEN,1745164800000,0
ETHUSDT,1745193600000,-0.00000124,1586.62694048,MARK_PRICE_EXACT_OPEN,1745193600000,0
ETHUSDT,1745222400005,0.0001,1645.99,MARK_PRICE_PREVIOUS_FALLBACK,1745222400000,5
ETHUSDT,1745251200003,0.00008017,1621.79,MARK_PRICE_PREVIOUS_FALLBACK,1745251200000,3
ETHUSDT,1745280000008,-0.000036,1578.43,MARK_PRICE_PREVIOUS_FALLBACK,1745280000000,8
ETHUSDT,1745308800000,2.2e-7,1618.74385714,MARK_PRICE_EXACT_OPEN,1745308800000,0
ETHUSDT,1745337600000,0.00008105,1702.0647619,MARK_PRICE_EXACT_OPEN,1745337600000,0
ETHUSDT,1745366400000,0.00006679,1755.58,MARK_PRICE_EXACT_OPEN,1745366400000,0
ETHUSDT,1745395200002,0.00009616,1789.88011905,MARK_PRICE_PREVIOUS_FALLBACK,1745395200000,2
ETHUSDT,1745424000000,0.0001,1794.38221127,MARK_PRICE_EXACT_OPEN,1745424000000,0
ETHUSDT,1745452800000,0.0001,1794.46,MARK_PRICE_EXACT_OPEN,1745452800000,0
ETHUSDT,1745481600001,0.00007229,1756.72,MARK_PRICE_PREVIOUS_FALLBACK,1745481600000,1
ETHUSDT,1745510400001,0.0000062,1764.28592958,MARK_PRICE_PREVIOUS_FALLBACK,1745510400000,1
ETHUSDT,1745539200007,0.00005922,1767.19712676,MARK_PRICE_PREVIOUS_FALLBACK,1745539200000,7
ETHUSDT,1745568000002,0.00007829,1777.62370423,MARK_PRICE_PREVIOUS_FALLBACK,1745568000000,2
ETHUSDT,1745596800003,-0.00000965,1807.13,MARK_PRICE_PREVIOUS_FALLBACK,1745596800000,3
ETHUSDT,1745625600002,0.0000083,1785.37,MARK_PRICE_PREVIOUS_FALLBACK,1745625600000,2
ETHUSDT,1745654400000,-0.00002999,1799.44,MARK_PRICE_EXACT_OPEN,1745654400000,0
ETHUSDT,1745683200002,0.00000728,1799.35,MARK_PRICE_PREVIOUS_FALLBACK,1745683200000,2
ETHUSDT,1745712000001,0.00005635,1820.77,MARK_PRICE_PREVIOUS_FALLBACK,1745712000000,1
ETHUSDT,1745740800000,-0.00006737,1802.97,MARK_PRICE_EXACT_OPEN,1745740800000,0
ETHUSDT,1745769600000,-0.00003852,1792.89,MARK_PRICE_EXACT_OPEN,1745769600000,0
ETHUSDT,1745798400001,0.00000132,1790.61817117,MARK_PRICE_PREVIOUS_FALLBACK,1745798400000,1
ETHUSDT,1745827200003,-0.00004703,1805.01,MARK_PRICE_PREVIOUS_FALLBACK,1745827200000,3
ETHUSDT,1745856000005,-0.00008681,1760.99,MARK_PRICE_PREVIOUS_FALLBACK,1745856000000,5
ETHUSDT,1745884800000,0.00008281,1799.17,MARK_PRICE_EXACT_OPEN,1745884800000,0
ETHUSDT,1745913600000,0.0000579,1820.79297674,MARK_PRICE_EXACT_OPEN,1745913600000,0
ETHUSDT,1745942400010,-0.00001396,1815.7590814,MARK_PRICE_PREVIOUS_FALLBACK,1745942400000,10
ETHUSDT,1745971200001,-0.00007371,1797.59139936,MARK_PRICE_PREVIOUS_FALLBACK,1745971200000,1
ETHUSDT,1746000000000,0.00000904,1795.55,MARK_PRICE_EXACT_OPEN,1746000000000,0
ETHUSDT,1746028800003,-0.00006069,1762.35478295,MARK_PRICE_PREVIOUS_FALLBACK,1746028800000,3
ETHUSDT,1746057600000,0.0000543,1792.8135969,MARK_PRICE_EXACT_OPEN,1746057600000,0
ETHUSDT,1746086400000,0.000045,1809.74,MARK_PRICE_EXACT_OPEN,1746086400000,0
ETHUSDT,1746115200001,0.00000723,1853.17,MARK_PRICE_PREVIOUS_FALLBACK,1746115200000,1
ETHUSDT,1746144000000,-0.00000591,1837.35080746,MARK_PRICE_EXACT_OPEN,1746144000000,0
ETHUSDT,1746172800000,-0.00005797,1815.24087597,MARK_PRICE_EXACT_OPEN,1746172800000,0
ETHUSDT,1746201600003,-0.00000588,1841.79274419,MARK_PRICE_PREVIOUS_FALLBACK,1746201600000,3
ETHUSDT,1746230400000,0.00004901,1841.21,MARK_PRICE_EXACT_OPEN,1746230400000,0
ETHUSDT,1746259200000,0.00001565,1825.66213178,MARK_PRICE_EXACT_OPEN,1746259200000,0
ETHUSDT,1746288000000,0.00002092,1833.71244186,MARK_PRICE_EXACT_OPEN,1746288000000,0
ETHUSDT,1746316800001,0.00006708,1831.69835659,MARK_PRICE_PREVIOUS_FALLBACK,1746316800000,1
ETHUSDT,1746345600001,0.00003289,1840.0426124,MARK_PRICE_PREVIOUS_FALLBACK,1746345600000,1
ETHUSDT,1746374400002,-0.0000267,1830.29,MARK_PRICE_PREVIOUS_FALLBACK,1746374400000,2
ETHUSDT,1746403200000,0.00000181,1807.88,MARK_PRICE_EXACT_OPEN,1746403200000,0
ETHUSDT,1746432000000,0.00001998,1825.74,MARK_PRICE_EXACT_OPEN,1746432000000,0
ETHUSDT,1746460800006,0.00001194,1800.66533721,MARK_PRICE_PREVIOUS_FALLBACK,1746460800000,6
ETHUSDT,1746489600002,0.00006899,1819.64,MARK_PRICE_PREVIOUS_FALLBACK,1746489600000,2
ETHUSDT,1746518400005,-0.00001836,1804.36,MARK_PRICE_PREVIOUS_FALLBACK,1746518400000,5
ETHUSDT,1746547200000,-0.00003589,1769.25,MARK_PRICE_EXACT_OPEN,1746547200000,0
ETHUSDT,1746576000002,0.00003273,1816.49411822,MARK_PRICE_PREVIOUS_FALLBACK,1746576000000,2
ETHUSDT,1746604800000,0.00008548,1837.32937984,MARK_PRICE_EXACT_OPEN,1746604800000,0
ETHUSDT,1746633600006,-0.00000648,1816.30504264,MARK_PRICE_PREVIOUS_FALLBACK,1746633600000,6
ETHUSDT,1746662400000,0.00004564,1810.30300775,MARK_PRICE_EXACT_OPEN,1746662400000,0
ETHUSDT,1746691200001,0.0001,1926.9629438,MARK_PRICE_PREVIOUS_FALLBACK,1746691200000,1
ETHUSDT,1746720000002,0.00008717,2055.6,MARK_PRICE_PREVIOUS_FALLBACK,1746720000000,2
ETHUSDT,1746748800001,0.0001,2203.3,MARK_PRICE_PREVIOUS_FALLBACK,1746748800000,1
ETHUSDT,1746777600006,0.0001,2373.22820835,MARK_PRICE_PREVIOUS_FALLBACK,1746777600000,6
ETHUSDT,1746806400000,0.0001,2300.55,MARK_PRICE_EXACT_OPEN,1746806400000,0
ETHUSDT,1746835200001,0.0001,2344.34208527,MARK_PRICE_PREVIOUS_FALLBACK,1746835200000,1
ETHUSDT,1746864000000,0.00009797,2398.56,MARK_PRICE_EXACT_OPEN,1746864000000,0
ETHUSDT,1746892800001,0.00009016,2430.52,MARK_PRICE_PREVIOUS_FALLBACK,1746892800000,1
ETHUSDT,1746921600000,0.0001,2583.07662403,MARK_PRICE_EXACT_OPEN,1746921600000,0
ETHUSDT,1746950400001,0.00007363,2477.84316279,MARK_PRICE_PREVIOUS_FALLBACK,1746950400000,1
ETHUSDT,1746979200001,0.00002438,2463.9,MARK_PRICE_PREVIOUS_FALLBACK,1746979200000,1
ETHUSDT,1747008000004,0.00007088,2514.49643798,MARK_PRICE_PREVIOUS_FALLBACK,1747008000000,4
ETHUSDT,1747036800000,0.0001,2553.45,MARK_PRICE_EXACT_OPEN,1747036800000,0
ETHUSDT,1747065600000,0.00005717,2486.74,MARK_PRICE_EXACT_OPEN,1747065600000,0
ETHUSDT,1747094400000,0.00006233,2494.35227132,MARK_PRICE_EXACT_OPEN,1747094400000,0
ETHUSDT,1747123200008,0.0001,2462.26,MARK_PRICE_PREVIOUS_FALLBACK,1747123200000,8
ETHUSDT,1747152000001,0.0001,2561.54100194,MARK_PRICE_PREVIOUS_FALLBACK,1747152000000,1
ETHUSDT,1747180800007,0.0001,2679.41,MARK_PRICE_PREVIOUS_FALLBACK,1747180800000,7
ETHUSDT,1747209600000,0.0000548,2639.65352132,MARK_PRICE_EXACT_OPEN,1747209600000,0
ETHUSDT,1747238400002,0.00004737,2596.48493605,MARK_PRICE_PREVIOUS_FALLBACK,1747238400000,2
ETHUSDT,1747267200000,0.0001,2608.71,MARK_PRICE_EXACT_OPEN,1747267200000,0
ETHUSDT,1747296000003,0.0001,2532,MARK_PRICE_PREVIOUS_FALLBACK,1747296000000,3
ETHUSDT,1747324800000,0.00005698,2563.11010465,MARK_PRICE_EXACT_OPEN,1747324800000,0
ETHUSDT,1747353600001,0.00006801,2545.75,MARK_PRICE_PREVIOUS_FALLBACK,1747353600000,1
ETHUSDT,1747382400000,0.0001,2600.60682558,MARK_PRICE_EXACT_OPEN,1747382400000,0
ETHUSDT,1747411200000,0.00007202,2594.43856202,MARK_PRICE_EXACT_OPEN,1747411200000,0
ETHUSDT,1747440000000,0.00002543,2536.20335271,MARK_PRICE_EXACT_OPEN,1747440000000,0
ETHUSDT,1747468800001,-0.00001883,2490.26494574,MARK_PRICE_PREVIOUS_FALLBACK,1747468800000,1
ETHUSDT,1747497600004,0.00002339,2472.83787984,MARK_PRICE_PREVIOUS_FALLBACK,1747497600000,4
ETHUSDT,1747526400000,0.00005366,2474.09,MARK_PRICE_EXACT_OPEN,1747526400000,0
ETHUSDT,1747555200000,0.00004909,2507.83256799,MARK_PRICE_EXACT_OPEN,1747555200000,0
ETHUSDT,1747584000000,0.0000013,2577.87,MARK_PRICE_EXACT_OPEN,1747584000000,0
ETHUSDT,1747612800000,-0.00004925,2496.74,MARK_PRICE_EXACT_OPEN,1747612800000,0
ETHUSDT,1747641600006,0.00006531,2402.24,MARK_PRICE_PREVIOUS_FALLBACK,1747641600000,6
ETHUSDT,1747670400010,0.00009181,2464.7138062,MARK_PRICE_PREVIOUS_FALLBACK,1747670400000,10
ETHUSDT,1747699200000,0.00008013,2526.50573643,MARK_PRICE_EXACT_OPEN,1747699200000,0
ETHUSDT,1747728000002,0.00006807,2533.3,MARK_PRICE_PREVIOUS_FALLBACK,1747728000000,2
ETHUSDT,1747756800000,0.00001174,2481.4,MARK_PRICE_EXACT_OPEN,1747756800000,0
ETHUSDT,1747785600000,0.00003663,2523.08,MARK_PRICE_EXACT_OPEN,1747785600000,0
ETHUSDT,1747814400001,0.00009338,2551.29,MARK_PRICE_PREVIOUS_FALLBACK,1747814400000,1
ETHUSDT,1747843200004,0.00000647,2567.88,MARK_PRICE_PREVIOUS_FALLBACK,1747843200000,4
ETHUSDT,1747872000001,0.00001141,2546.69790501,MARK_PRICE_PREVIOUS_FALLBACK,1747872000000,1
ETHUSDT,1747900800000,0.0001,2633.82,MARK_PRICE_EXACT_OPEN,1747900800000,0
ETHUSDT,1747929600002,0.0001,2664.25556008,MARK_PRICE_PREVIOUS_FALLBACK,1747929600000,2
ETHUSDT,1747958400006,0.0001,2662.01,MARK_PRICE_PREVIOUS_FALLBACK,1747958400000,6
ETHUSDT,1747987200000,0.0001,2654.7,MARK_PRICE_EXACT_OPEN,1747987200000,0
ETHUSDT,1748016000007,-0.00000726,2568.0065,MARK_PRICE_PREVIOUS_FALLBACK,1748016000000,7
ETHUSDT,1748044800010,0.0001,2524.81778101,MARK_PRICE_PREVIOUS_FALLBACK,1748044800000,10
ETHUSDT,1748073600000,0.00004033,2545.79,MARK_PRICE_EXACT_OPEN,1748073600000,0
ETHUSDT,1748102400003,0.00002114,2553.52,MARK_PRICE_PREVIOUS_FALLBACK,1748102400000,3
ETHUSDT,1748131200004,0.00006041,2529.54,MARK_PRICE_PREVIOUS_FALLBACK,1748131200000,4
ETHUSDT,1748160000000,0.0000375,2493.29,MARK_PRICE_EXACT_OPEN,1748160000000,0
ETHUSDT,1748188800000,0.00008487,2510.47,MARK_PRICE_EXACT_OPEN,1748188800000,0
ETHUSDT,1748217600000,0.00000385,2549.92378295,MARK_PRICE_EXACT_OPEN,1748217600000,0
ETHUSDT,1748246400000,0.00008047,2579.7,MARK_PRICE_EXACT_OPEN,1748246400000,0
ETHUSDT,1748275200002,0.00004711,2566.45489147,MARK_PRICE_PREVIOUS_FALLBACK,1748275200000,2
ETHUSDT,1748304000003,0.00004026,2561.41237209,MARK_PRICE_PREVIOUS_FALLBACK,1748304000000,3
ETHUSDT,1748332800001,0.0001,2611.09,MARK_PRICE_PREVIOUS_FALLBACK,1748332800000,1
ETHUSDT,1748361600005,0.0001,2667.14363372,MARK_PRICE_PREVIOUS_FALLBACK,1748361600000,5
ETHUSDT,1748390400002,0.0001,2659.82,MARK_PRICE_PREVIOUS_FALLBACK,1748390400000,2
ETHUSDT,1748419200003,0.0001,2635.51,MARK_PRICE_PREVIOUS_FALLBACK,1748419200000,3
ETHUSDT,1748448000002,0.0001,2628.87,MARK_PRICE_PREVIOUS_FALLBACK,1748448000000,2
ETHUSDT,1748476800000,0.0001,2680.5734031,MARK_PRICE_EXACT_OPEN,1748476800000,0
ETHUSDT,1748505600006,0.0001,2727.92762209,MARK_PRICE_PREVIOUS_FALLBACK,1748505600000,6
ETHUSDT,1748534400000,0.00008321,2642.45,MARK_PRICE_EXACT_OPEN,1748534400000,0
ETHUSDT,1748563200003,0.00007477,2632.91,MARK_PRICE_PREVIOUS_FALLBACK,1748563200000,3
ETHUSDT,1748592000003,0.0001,2618.04010465,MARK_PRICE_PREVIOUS_FALLBACK,1748592000000,3
ETHUSDT,1748620800000,0.00005699,2596.91371502,MARK_PRICE_EXACT_OPEN,1748620800000,0
ETHUSDT,1748649600000,0.00003389,2529.90736628,MARK_PRICE_EXACT_OPEN,1748649600000,0
ETHUSDT,1748678400000,0.00008054,2520,MARK_PRICE_EXACT_OPEN,1748678400000,0
ETHUSDT,1748707200000,0.00002739,2535.05310078,MARK_PRICE_EXACT_OPEN,1748707200000,0
ETHUSDT,1748736000001,0.0000752,2527.81,MARK_PRICE_PREVIOUS_FALLBACK,1748736000000,1
ETHUSDT,1748764800002,0.00003946,2507.57,MARK_PRICE_PREVIOUS_FALLBACK,1748764800000,2
ETHUSDT,1748793600000,0.0000337,2522,MARK_PRICE_EXACT_OPEN,1748793600000,0
ETHUSDT,1748822400001,0.00001586,2535.96,MARK_PRICE_PREVIOUS_FALLBACK,1748822400000,1
ETHUSDT,1748851200000,0.00005378,2505.79,MARK_PRICE_EXACT_OPEN,1748851200000,0
ETHUSDT,1748880000000,0.00008588,2543.24,MARK_PRICE_EXACT_OPEN,1748880000000,0
ETHUSDT,1748908800000,0.00003263,2606.48,MARK_PRICE_EXACT_OPEN,1748908800000,0
ETHUSDT,1748937600000,0.00006067,2608.68,MARK_PRICE_EXACT_OPEN,1748937600000,0
ETHUSDT,1748966400001,0.00005397,2620.77364341,MARK_PRICE_PREVIOUS_FALLBACK,1748966400000,1
ETHUSDT,1748995200000,0.0000439,2592.16,MARK_PRICE_EXACT_OPEN,1748995200000,0
ETHUSDT,1749024000000,0.00007623,2626.51640991,MARK_PRICE_EXACT_OPEN,1749024000000,0
ETHUSDT,1749052800000,0.00007897,2666.91,MARK_PRICE_EXACT_OPEN,1749052800000,0
ETHUSDT,1749081600016,0.00002359,2606.89,MARK_PRICE_PREVIOUS_FALLBACK,1749081600000,16
ETHUSDT,1749110400000,0.00008508,2603.21,MARK_PRICE_EXACT_OPEN,1749110400000,0
ETHUSDT,1749139200000,0.00006396,2588.34,MARK_PRICE_EXACT_OPEN,1749139200000,0
ETHUSDT,1749168000002,-0.00001147,2415.05318023,MARK_PRICE_PREVIOUS_FALLBACK,1749168000000,2
ETHUSDT,1749196800000,0.00002643,2454.18,MARK_PRICE_EXACT_OPEN,1749196800000,0
ETHUSDT,1749225600006,0.00002684,2508.2627907,MARK_PRICE_PREVIOUS_FALLBACK,1749225600000,6
ETHUSDT,1749254400000,0.00008699,2475.37,MARK_PRICE_EXACT_OPEN,1749254400000,0
ETHUSDT,1749283200000,0.00005456,2490.21,MARK_PRICE_EXACT_OPEN,1749283200000,0
ETHUSDT,1749312000002,0.00006753,2519.42,MARK_PRICE_PREVIOUS_FALLBACK,1749312000000,2
ETHUSDT,1749340800000,0.0001,2523.68777132,MARK_PRICE_EXACT_OPEN,1749340800000,0
ETHUSDT,1749369600000,0.00009522,2513.55530233,MARK_PRICE_EXACT_OPEN,1749369600000,0
ETHUSDT,1749398400000,0.00004695,2513.39986434,MARK_PRICE_EXACT_OPEN,1749398400000,0
ETHUSDT,1749427200000,0.00002206,2508.49123256,MARK_PRICE_EXACT_OPEN,1749427200000,0
ETHUSDT,1749456000001,0.0000195,2490.01598062,MARK_PRICE_PREVIOUS_FALLBACK,1749456000000,1
ETHUSDT,1749484800001,0.00008643,2533.90633721,MARK_PRICE_PREVIOUS_FALLBACK,1749484800000,1
ETHUSDT,1749513600000,0.0001,2679.23765891,MARK_PRICE_EXACT_OPEN,1749513600000,0
ETHUSDT,1749542400001,0.0001,2678.1324186,MARK_PRICE_PREVIOUS_FALLBACK,1749542400000,1
ETHUSDT,1749571200003,0.0001,2733.44,MARK_PRICE_PREVIOUS_FALLBACK,1749571200000,3
ETHUSDT,1749600000000,0.0001,2815.75,MARK_PRICE_EXACT_OPEN,1749600000000,0
ETHUSDT,1749628800000,0.0001,2790.85,MARK_PRICE_EXACT_OPEN,1749628800000,0
ETHUSDT,1749657600010,0.0001,2862.46,MARK_PRICE_PREVIOUS_FALLBACK,1749657600000,10
ETHUSDT,1749686400002,0.00006036,2770.54,MARK_PRICE_PREVIOUS_FALLBACK,1749686400000,2
ETHUSDT,1749715200003,0.0001,2740.92,MARK_PRICE_PREVIOUS_FALLBACK,1749715200000,3
ETHUSDT,1749744000001,0.00005333,2719.89283527,MARK_PRICE_PREVIOUS_FALLBACK,1749744000000,1
ETHUSDT,1749772800000,-0.00001372,2641.31365116,MARK_PRICE_EXACT_OPEN,1749772800000,0
ETHUSDT,1749801600001,-0.00001069,2524.49330039,MARK_PRICE_PREVIOUS_FALLBACK,1749801600000,1
ETHUSDT,1749830400004,0.00002083,2548.44971423,MARK_PRICE_PREVIOUS_FALLBACK,1749830400000,4
ETHUSDT,1749859200000,0.00004572,2578.08,MARK_PRICE_EXACT_OPEN,1749859200000,0
ETHUSDT,1749888000000,0.00001962,2536.11479109,MARK_PRICE_EXACT_OPEN,1749888000000,0
ETHUSDT,1749916800000,0.0000044,2518.30475581,MARK_PRICE_EXACT_OPEN,1749916800000,0
ETHUSDT,1749945600005,0.00001767,2530.78,MARK_PRICE_PREVIOUS_FALLBACK,1749945600000,5
ETHUSDT,1749974400009,0.00008487,2528.81,MARK_PRICE_PREVIOUS_FALLBACK,1749974400000,9
ETHUSDT,1750003200000,0.00007131,2540.80593023,MARK_PRICE_EXACT_OPEN,1750003200000,0
ETHUSDT,1750032000000,0.00004573,2546.34508915,MARK_PRICE_EXACT_OPEN,1750032000000,0
ETHUSDT,1750060800000,0.0000906,2627.71,MARK_PRICE_EXACT_OPEN,1750060800000,0
ETHUSDT,1750089600003,0.0000396,2633.18,MARK_PRICE_PREVIOUS_FALLBACK,1750089600000,3
ETHUSDT,1750118400000,-0.00000906,2543.27378876,MARK_PRICE_EXACT_OPEN,1750118400000,0
ETHUSDT,1750147200006,0.0001,2582.13,MARK_PRICE_PREVIOUS_FALLBACK,1750147200000,6
ETHUSDT,1750176000001,0.00005558,2497.45725388,MARK_PRICE_PREVIOUS_FALLBACK,1750176000000,1
ETHUSDT,1750204800001,0.0000583,2510.4556686,MARK_PRICE_PREVIOUS_FALLBACK,1750204800000,1
ETHUSDT,1750233600001,0.00006782,2533.11,MARK_PRICE_PREVIOUS_FALLBACK,1750233600000,1
ETHUSDT,1750262400001,0.00002338,2505.83,MARK_PRICE_PREVIOUS_FALLBACK,1750262400000,1
ETHUSDT,1750291200005,0.00005403,2524.72,MARK_PRICE_PREVIOUS_FALLBACK,1750291200000,5
ETHUSDT,1750320000003,0.00004793,2518.65305426,MARK_PRICE_PREVIOUS_FALLBACK,1750320000000,3
ETHUSDT,1750348800000,0.00004883,2491.89,MARK_PRICE_EXACT_OPEN,1750348800000,0
ETHUSDT,1750377600000,0.00008145,2520.18,MARK_PRICE_EXACT_OPEN,1750377600000,0
ETHUSDT,1750406400002,0.00008963,2548.41,MARK_PRICE_PREVIOUS_FALLBACK,1750406400000,2
ETHUSDT,1750435200001,0.0000259,2494.14433721,MARK_PRICE_PREVIOUS_FALLBACK,1750435200000,1
ETHUSDT,1750464000002,-0.0000499,2403.06602713,MARK_PRICE_PREVIOUS_FALLBACK,1750464000000,2
ETHUSDT,1750492800005,-0.00001379,2426.24,MARK_PRICE_PREVIOUS_FALLBACK,1750492800000,5
ETHUSDT,1750521600000,0.00005011,2422.48512791,MARK_PRICE_EXACT_OPEN,1750521600000,0
ETHUSDT,1750550400005,-0.00000798,2305.24747674,MARK_PRICE_PREVIOUS_FALLBACK,1750550400000,5
ETHUSDT,1750579200000,-0.00001761,2269.63,MARK_PRICE_EXACT_OPEN,1750579200000,0
ETHUSDT,1750608000003,0.00004714,2178.6714031,MARK_PRICE_PREVIOUS_FALLBACK,1750608000000,3
ETHUSDT,1750636800000,0.00002289,2226.66781783,MARK_PRICE_EXACT_OPEN,1750636800000,0
ETHUSDT,1750665600004,-0.00001401,2257.97,MARK_PRICE_PREVIOUS_FALLBACK,1750665600000,4
ETHUSDT,1750694400013,0.0000013,2250.21,MARK_PRICE_PREVIOUS_FALLBACK,1750694400000,13
ETHUSDT,1750723200003,0.00002127,2409.61,MARK_PRICE_PREVIOUS_FALLBACK,1750723200000,3
ETHUSDT,1750752000000,0.00001201,2391.9972907,MARK_PRICE_EXACT_OPEN,1750752000000,0
ETHUSDT,1750780800000,0.00000446,2436.85,MARK_PRICE_EXACT_OPEN,1750780800000,0
ETHUSDT,1750809600005,-0.00000833,2445.90534687,MARK_PRICE_PREVIOUS_FALLBACK,1750809600000,5
ETHUSDT,1750838400000,-2.6e-7,2443.44,MARK_PRICE_EXACT_OPEN,1750838400000,0
ETHUSDT,1750867200005,0.00001198,2406.79470349,MARK_PRICE_PREVIOUS_FALLBACK,1750867200000,5
ETHUSDT,1750896000000,0.00002757,2417.27,MARK_PRICE_EXACT_OPEN,1750896000000,0
ETHUSDT,1750924800006,0.00008057,2490.94,MARK_PRICE_PREVIOUS_FALLBACK,1750924800000,6
ETHUSDT,1750953600007,0.00000906,2433.57757171,MARK_PRICE_PREVIOUS_FALLBACK,1750953600000,7
ETHUSDT,1750982400000,0.00000379,2414.93,MARK_PRICE_EXACT_OPEN,1750982400000,0
ETHUSDT,1751011200000,0.00000506,2441.19,MARK_PRICE_EXACT_OPEN,1751011200000,0
ETHUSDT,1751040000009,0.00005546,2436.9256938,MARK_PRICE_PREVIOUS_FALLBACK,1751040000000,9
ETHUSDT,1751068800001,0.00008436,2422.91708915,MARK_PRICE_PREVIOUS_FALLBACK,1751068800000,1
ETHUSDT,1751097600002,0.00000658,2429.17,MARK_PRICE_PREVIOUS_FALLBACK,1751097600000,2
ETHUSDT,1751126400000,0.00004011,2435.08,MARK_PRICE_EXACT_OPEN,1751126400000,0
ETHUSDT,1751155200004,0.00006176,2435.59152703,MARK_PRICE_PREVIOUS_FALLBACK,1751155200000,4
ETHUSDT,1751184000001,0.00008777,2439.55612791,MARK_PRICE_PREVIOUS_FALLBACK,1751184000000,1
ETHUSDT,1751212800001,4.2e-7,2436.49,MARK_PRICE_PREVIOUS_FALLBACK,1751212800000,1
ETHUSDT,1751241600000,0.00005102,2499.38032171,MARK_PRICE_EXACT_OPEN,1751241600000,0
ETHUSDT,1751270400005,0.00009119,2480.99,MARK_PRICE_PREVIOUS_FALLBACK,1751270400000,5
ETHUSDT,1751299200002,0.00000394,2472.3,MARK_PRICE_PREVIOUS_FALLBACK,1751299200000,2
ETHUSDT,1751328000007,0.00008191,2483.76774806,MARK_PRICE_PREVIOUS_FALLBACK,1751328000000,7
ETHUSDT,1751356800002,0.00001541,2462.72910224,MARK_PRICE_PREVIOUS_FALLBACK,1751356800000,2
ETHUSDT,1751385600000,-0.00001429,2422.48,MARK_PRICE_EXACT_OPEN,1751385600000,0
ETHUSDT,1751414400001,0.00001952,2403.48,MARK_PRICE_PREVIOUS_FALLBACK,1751414400000,1
ETHUSDT,1751443200000,0.00004864,2445.88160078,MARK_PRICE_EXACT_OPEN,1751443200000,0
ETHUSDT,1751472000003,0.00005236,2497.21736628,MARK_PRICE_PREVIOUS_FALLBACK,1751472000000,3
ETHUSDT,1751500800006,0.0001,2571.39,MARK_PRICE_PREVIOUS_FALLBACK,1751500800000,6
ETHUSDT,1751529600003,0.0000982,2600.66,MARK_PRICE_PREVIOUS_FALLBACK,1751529600000,3
ETHUSDT,1751558400003,0.00004398,2571.86,MARK_PRICE_PREVIOUS_FALLBACK,1751558400000,3
ETHUSDT,1751587200005,0.00001353,2590.34494186,MARK_PRICE_PREVIOUS_FALLBACK,1751587200000,5
ETHUSDT,1751616000003,0.00006619,2532.94235659,MARK_PRICE_PREVIOUS_FALLBACK,1751616000000,3
ETHUSDT,1751644800001,0.00002691,2498.56738178,MARK_PRICE_PREVIOUS_FALLBACK,1751644800000,1
ETHUSDT,1751673600004,0.00001406,2506.85807844,MARK_PRICE_PREVIOUS_FALLBACK,1751673600000,4
ETHUSDT,1751702400009,0.00003958,2520.94248062,MARK_PRICE_PREVIOUS_FALLBACK,1751702400000,9
ETHUSDT,1751731200006,0.00005542,2507.2,MARK_PRICE_PREVIOUS_FALLBACK,1751731200000,6
ETHUSDT,1751760000001,0.00003909,2515.59160465,MARK_PRICE_PREVIOUS_FALLBACK,1751760000000,1
ETHUSDT,1751788800002,0.00006583,2517.09323256,MARK_PRICE_PREVIOUS_FALLBACK,1751788800000,2
ETHUSDT,1751817600004,0.00008149,2559.92195349,MARK_PRICE_PREVIOUS_FALLBACK,1751817600000,4
ETHUSDT,1751846400000,0.0001,2569.50603101,MARK_PRICE_EXACT_OPEN,1751846400000,0
ETHUSDT,1751875200007,0.0001,2577.33745736,MARK_PRICE_PREVIOUS_FALLBACK,1751875200000,7
ETHUSDT,1751904000000,-0.00003011,2532.61,MARK_PRICE_EXACT_OPEN,1751904000000,0
ETHUSDT,1751932800010,0.00007589,2540.83281395,MARK_PRICE_PREVIOUS_FALLBACK,1751932800000,10
ETHUSDT,1751961600003,0.00002787,2549.92495736,MARK_PRICE_PREVIOUS_FALLBACK,1751961600000,3
ETHUSDT,1751990400000,0.00006466,2563.6,MARK_PRICE_EXACT_OPEN,1751990400000,0
ETHUSDT,1752019200002,0.00004903,2614.23468605,MARK_PRICE_PREVIOUS_FALLBACK,1752019200000,2
ETHUSDT,1752048000006,0.00006771,2623.63,MARK_PRICE_PREVIOUS_FALLBACK,1752048000000,6
ETHUSDT,1752076800001,0.00006268,2656.86080233,MARK_PRICE_PREVIOUS_FALLBACK,1752076800000,1
ETHUSDT,1752105600003,0.0001,2768.36085078,MARK_PRICE_PREVIOUS_FALLBACK,1752105600000,3
ETHUSDT,1752134400000,0.00002808,2789.75650775,MARK_PRICE_EXACT_OPEN,1752134400000,0
ETHUSDT,1752163200004,0.00003187,2769.03555426,MARK_PRICE_PREVIOUS_FALLBACK,1752163200000,4
ETHUSDT,1752192000004,0.0001,2947.6819593,MARK_PRICE_PREVIOUS_FALLBACK,1752192000000,4
ETHUSDT,1752220800007,0.0001,2974.62,MARK_PRICE_PREVIOUS_FALLBACK,1752220800000,7
ETHUSDT,1752249600001,0.0001,2955.79,MARK_PRICE_PREVIOUS_FALLBACK,1752249600000,1
ETHUSDT,1752278400000,0.00008032,2957.03212403,MARK_PRICE_EXACT_OPEN,1752278400000,0
ETHUSDT,1752307200001,0.00007671,2963.69,MARK_PRICE_PREVIOUS_FALLBACK,1752307200000,1
ETHUSDT,1752336000002,0.00006119,2913.76800581,MARK_PRICE_PREVIOUS_FALLBACK,1752336000000,2
ETHUSDT,1752364800006,0.00004151,2941.33586047,MARK_PRICE_PREVIOUS_FALLBACK,1752364800000,6
ETHUSDT,1752393600001,0.00004407,2963.05113566,MARK_PRICE_PREVIOUS_FALLBACK,1752393600000,1
ETHUSDT,1752422400003,0.00007205,2991.10728101,MARK_PRICE_PREVIOUS_FALLBACK,1752422400000,3
ETHUSDT,1752451200000,0.00000998,2970.48246124,MARK_PRICE_EXACT_OPEN,1752451200000,0
ETHUSDT,1752480000000,0.0001,3043.65,MARK_PRICE_EXACT_OPEN,1752480000000,0
ETHUSDT,1752508800000,0.0001,3011.18300388,MARK_PRICE_EXACT_OPEN,1752508800000,0
ETHUSDT,1752537600002,0.00006134,3008.76,MARK_PRICE_PREVIOUS_FALLBACK,1752537600000,2
ETHUSDT,1752566400000,0.0001,2976.35,MARK_PRICE_EXACT_OPEN,1752566400000,0
ETHUSDT,1752595200000,0.0001,3038.99,MARK_PRICE_EXACT_OPEN,1752595200000,0
ETHUSDT,1752624000000,0.0001,3138.47018605,MARK_PRICE_EXACT_OPEN,1752624000000,0
ETHUSDT,1752652800000,0.0001,3160.84107752,MARK_PRICE_EXACT_OPEN,1752652800000,0
ETHUSDT,1752681600008,0.0001,3242.53064729,MARK_PRICE_PREVIOUS_FALLBACK,1752681600000,8
ETHUSDT,1752710400003,0.0001,3372.12037597,MARK_PRICE_PREVIOUS_FALLBACK,1752710400000,3
ETHUSDT,1752739200000,0.0001,3448.192,MARK_PRICE_EXACT_OPEN,1752739200000,0
ETHUSDT,1752768000000,0.0001,3420.15697674,MARK_PRICE_EXACT_OPEN,1752768000000,0
ETHUSDT,1752796800004,0.0001,3477.76918605,MARK_PRICE_PREVIOUS_FALLBACK,1752796800000,4
ETHUSDT,1752825600000,0.0001,3608.01628876,MARK_PRICE_EXACT_OPEN,1752825600000,0
ETHUSDT,1752854400000,0.0001,3565,MARK_PRICE_EXACT_OPEN,1752854400000,0
ETHUSDT,1752883200009,0.0001,3544.3378469,MARK_PRICE_PREVIOUS_FALLBACK,1752883200000,9
ETHUSDT,1752912000000,0.0001,3570.57573643,MARK_PRICE_EXACT_OPEN,1752912000000,0
ETHUSDT,1752940800002,0.0001,3551.75711628,MARK_PRICE_PREVIOUS_FALLBACK,1752940800000,2
ETHUSDT,1752969600000,0.0001,3591.31,MARK_PRICE_EXACT_OPEN,1752969600000,0
ETHUSDT,1752998400000,0.0001,3667.19986434,MARK_PRICE_EXACT_OPEN,1752998400000,0
ETHUSDT,1753027200000,0.0001,3785.38,MARK_PRICE_EXACT_OPEN,1753027200000,0
ETHUSDT,1753056000001,0.0001,3752.56,MARK_PRICE_PREVIOUS_FALLBACK,1753056000000,1
ETHUSDT,1753084800000,0.0001,3786.97,MARK_PRICE_EXACT_OPEN,1753084800000,0
ETHUSDT,1753113600001,0.0001,3811.28,MARK_PRICE_PREVIOUS_FALLBACK,1753113600000,1
ETHUSDT,1753142400000,0.0001,3760.96,MARK_PRICE_EXACT_OPEN,1753142400000,0
ETHUSDT,1753171200010,0.0001,3668.94165116,MARK_PRICE_PREVIOUS_FALLBACK,1753171200000,10
ETHUSDT,1753200000007,0.0001,3715.69822093,MARK_PRICE_PREVIOUS_FALLBACK,1753200000000,7
ETHUSDT,1753228800000,0.0001,3746.14636047,MARK_PRICE_EXACT_OPEN,1753228800000,0
ETHUSDT,1753257600004,0.0001,3671.74881159,MARK_PRICE_PREVIOUS_FALLBACK,1753257600000,4
ETHUSDT,1753286400002,0.0001,3635.9,MARK_PRICE_PREVIOUS_FALLBACK,1753286400000,2
ETHUSDT,1753315200000,0.0001,3627.41,MARK_PRICE_EXACT_OPEN,1753315200000,0
ETHUSDT,1753344000001,0.0001,3585.46659109,MARK_PRICE_PREVIOUS_FALLBACK,1753344000000,1
ETHUSDT,1753372800000,0.0001,3730.4,MARK_PRICE_EXACT_OPEN,1753372800000,0
ETHUSDT,1753401600000,0.0001,3705.61,MARK_PRICE_EXACT_OPEN,1753401600000,0
ETHUSDT,1753430400000,0.0001,3631.52572093,MARK_PRICE_EXACT_OPEN,1753430400000,0
ETHUSDT,1753459200000,0.0001,3632.1,MARK_PRICE_EXACT_OPEN,1753459200000,0
ETHUSDT,1753488000001,0.0001,3722.82216473,MARK_PRICE_PREVIOUS_FALLBACK,1753488000000,1
ETHUSDT,1753516800005,0.0001,3744.80316516,MARK_PRICE_PREVIOUS_FALLBACK,1753516800000,5
ETHUSDT,1753545600001,0.0001,3737.2,MARK_PRICE_PREVIOUS_FALLBACK,1753545600000,1
ETHUSDT,1753574400001,0.00009322,3740.9849845,MARK_PRICE_PREVIOUS_FALLBACK,1753574400000,1
ETHUSDT,1753603200000,0.00008879,3766.68744961,MARK_PRICE_EXACT_OPEN,1753603200000,0
ETHUSDT,1753632000008,0.0001,3820.00031202,MARK_PRICE_PREVIOUS_FALLBACK,1753632000000,8
ETHUSDT,1753660800005,0.0001,3865.71,MARK_PRICE_PREVIOUS_FALLBACK,1753660800000,5
ETHUSDT,1753689600000,0.0001,3892.24032171,MARK_PRICE_EXACT_OPEN,1753689600000,0
ETHUSDT,1753718400000,0.0001,3806.41156504,MARK_PRICE_EXACT_OPEN,1753718400000,0
ETHUSDT,1753747200001,0.00004494,3792.41573171,MARK_PRICE_PREVIOUS_FALLBACK,1753747200000,1
ETHUSDT,1753776000000,0.0001,3876.53,MARK_PRICE_EXACT_OPEN,1753776000000,0
ETHUSDT,1753804800000,0.0001,3760.15457752,MARK_PRICE_EXACT_OPEN,1753804800000,0
ETHUSDT,1753833600011,0.00002488,3791.19796512,MARK_PRICE_PREVIOUS_FALLBACK,1753833600000,11
ETHUSDT,1753862400000,0.00005083,3809.50083721,MARK_PRICE_EXACT_OPEN,1753862400000,0
ETHUSDT,1753891200008,0.0000154,3793.95,MARK_PRICE_PREVIOUS_FALLBACK,1753891200000,8
ETHUSDT,1753920000000,0.00005162,3808.66,MARK_PRICE_EXACT_OPEN,1753920000000,0
ETHUSDT,1753948800009,0.0001,3862.36,MARK_PRICE_PREVIOUS_FALLBACK,1753948800000,9
ETHUSDT,1753977600000,-0.0000118,3786.14412791,MARK_PRICE_EXACT_OPEN,1753977600000,0
ETHUSDT,1754006400001,-0.00003749,3694.1055969,MARK_PRICE_PREVIOUS_FALLBACK,1754006400000,1
ETHUSDT,1754035200003,0.00001113,3641.19040599,MARK_PRICE_PREVIOUS_FALLBACK,1754035200000,3
ETHUSDT,1754064000000,0.00004859,3614.53710853,MARK_PRICE_EXACT_OPEN,1754064000000,0
ETHUSDT,1754092800004,0.00005795,3486.84251938,MARK_PRICE_PREVIOUS_FALLBACK,1754092800000,4
ETHUSDT,1754121600000,0.00000657,3517.54,MARK_PRICE_EXACT_OPEN,1754121600000,0
ETHUSDT,1754150400000,0.00007965,3457.78,MARK_PRICE_EXACT_OPEN,1754150400000,0
ETHUSDT,1754179200000,0.00006733,3392.41,MARK_PRICE_EXACT_OPEN,1754179200000,0
ETHUSDT,1754208000000,0.00005752,3454.28105814,MARK_PRICE_EXACT_OPEN,1754208000000,0
ETHUSDT,1754236800003,0.00003767,3472.99,MARK_PRICE_PREVIOUS_FALLBACK,1754236800000,3
ETHUSDT,1754265600004,0.00001719,3497.14421899,MARK_PRICE_PREVIOUS_FALLBACK,1754265600000,4
ETHUSDT,1754294400000,0.00001113,3550.47,MARK_PRICE_EXACT_OPEN,1754294400000,0
ETHUSDT,1754323200002,0.00003611,3647.91618644,MARK_PRICE_PREVIOUS_FALLBACK,1754323200000,2
ETHUSDT,1754352000000,0.00000147,3719.41,MARK_PRICE_EXACT_OPEN,1754352000000,0
ETHUSDT,1754380800000,0.00003116,3611.75,MARK_PRICE_EXACT_OPEN,1754380800000,0
ETHUSDT,1754409600000,0.0000137,3569.54463953,MARK_PRICE_EXACT_OPEN,1754409600000,0
ETHUSDT,1754438400005,0.00002413,3608.5906124,MARK_PRICE_PREVIOUS_FALLBACK,1754438400000,5
ETHUSDT,1754467200000,0.000082,3638.4,MARK_PRICE_EXACT_OPEN,1754467200000,0
ETHUSDT,1754496000000,0.00006246,3663.51893411,MARK_PRICE_EXACT_OPEN,1754496000000,0
ETHUSDT,1754524800003,0.00006227,3679.47031008,MARK_PRICE_PREVIOUS_FALLBACK,1754524800000,3
ETHUSDT,1754553600002,0.00004285,3701.3836938,MARK_PRICE_PREVIOUS_FALLBACK,1754553600000,2
ETHUSDT,1754582400002,0.0001,3834.77173256,MARK_PRICE_PREVIOUS_FALLBACK,1754582400000,2
ETHUSDT,1754611200002,0.0000426,3898.85049099,MARK_PRICE_PREVIOUS_FALLBACK,1754611200000,2
ETHUSDT,1754640000004,0.0001,3917.71,MARK_PRICE_PREVIOUS_FALLBACK,1754640000000,4
ETHUSDT,1754668800000,0.0001,3953.00564865,MARK_PRICE_EXACT_OPEN,1754668800000,0
ETHUSDT,1754697600005,0.0001,4008.55,MARK_PRICE_PREVIOUS_FALLBACK,1754697600000,5
ETHUSDT,1754726400000,0.0001,4169.71,MARK_PRICE_EXACT_OPEN,1754726400000,0
ETHUSDT,1754755200007,0.0001,4210.00059685,MARK_PRICE_PREVIOUS_FALLBACK,1754755200000,7
ETHUSDT,1754784000003,0.00009916,4262.99,MARK_PRICE_PREVIOUS_FALLBACK,1754784000000,3
ETHUSDT,1754812800005,0.0001,4180.80422973,MARK_PRICE_PREVIOUS_FALLBACK,1754812800000,5
ETHUSDT,1754841600002,0.0001,4214.46571396,MARK_PRICE_PREVIOUS_FALLBACK,1754841600000,2
ETHUSDT,1754870400000,0.00008873,4248.78,MARK_PRICE_EXACT_OPEN,1754870400000,0
ETHUSDT,1754899200000,0.00009354,4273.13625194,MARK_PRICE_EXACT_OPEN,1754899200000,0
ETHUSDT,1754928000000,0.0001,4328.87,MARK_PRICE_EXACT_OPEN,1754928000000,0
ETHUSDT,1754956800000,0.00003659,4221.31,MARK_PRICE_EXACT_OPEN,1754956800000,0
ETHUSDT,1754985600001,0.0001,4311.54797674,MARK_PRICE_PREVIOUS_FALLBACK,1754985600000,1
ETHUSDT,1755014400005,0.0001,4466.96,MARK_PRICE_PREVIOUS_FALLBACK,1755014400000,5
ETHUSDT,1755043200000,0.0001,4589.31,MARK_PRICE_EXACT_OPEN,1755043200000,0
ETHUSDT,1755072000002,0.0001,4619.2349665,MARK_PRICE_PREVIOUS_FALLBACK,1755072000000,2
ETHUSDT,1755100800006,0.0001,4663.79232171,MARK_PRICE_PREVIOUS_FALLBACK,1755100800000,6
ETHUSDT,1755129600002,0.0001,4734.75581202,MARK_PRICE_PREVIOUS_FALLBACK,1755129600000,2
ETHUSDT,1755158400003,0.0001,4745.64540555,MARK_PRICE_PREVIOUS_FALLBACK,1755158400000,3
ETHUSDT,1755187200000,0.0001,4618,MARK_PRICE_EXACT_OPEN,1755187200000,0
ETHUSDT,1755216000000,0.0001,4545.65822868,MARK_PRICE_EXACT_OPEN,1755216000000,0
ETHUSDT,1755244800000,0.00009765,4639.52623643,MARK_PRICE_EXACT_OPEN,1755244800000,0
ETHUSDT,1755273600000,0.00006474,4428.71,MARK_PRICE_EXACT_OPEN,1755273600000,0
ETHUSDT,1755302400004,0.00005967,4432.9517934,MARK_PRICE_PREVIOUS_FALLBACK,1755302400000,4
ETHUSDT,1755331200000,0.0000899,4449.25,MARK_PRICE_EXACT_OPEN,1755331200000,0
ETHUSDT,1755360000002,0.00001968,4397.69839189,MARK_PRICE_PREVIOUS_FALLBACK,1755360000000,2
ETHUSDT,1755388800000,0.00004669,4420.21,MARK_PRICE_EXACT_OPEN,1755388800000,0
ETHUSDT,1755417600001,-0.00000668,4466.43585135,MARK_PRICE_PREVIOUS_FALLBACK,1755417600000,1
ETHUSDT,1755446400007,0.00005334,4563.23886486,MARK_PRICE_PREVIOUS_FALLBACK,1755446400000,7
ETHUSDT,1755475200000,0.00000632,4470.87273874,MARK_PRICE_EXACT_OPEN,1755475200000,0
ETHUSDT,1755504000001,0.00009191,4263,MARK_PRICE_PREVIOUS_FALLBACK,1755504000000,1
ETHUSDT,1755532800002,0.00008959,4341.24,MARK_PRICE_PREVIOUS_FALLBACK,1755532800000,2
ETHUSDT,1755561600000,0.0001,4311.97,MARK_PRICE_EXACT_OPEN,1755561600000,0
ETHUSDT,1755590400001,0.0001,4235,MARK_PRICE_PREVIOUS_FALLBACK,1755590400000,1
ETHUSDT,1755619200000,0.0001,4190.33,MARK_PRICE_EXACT_OPEN,1755619200000,0
ETHUSDT,1755648000000,0.0001,4073.93,MARK_PRICE_EXACT_OPEN,1755648000000,0
ETHUSDT,1755676800000,0.00000318,4183.66,MARK_PRICE_EXACT_OPEN,1755676800000,0
ETHUSDT,1755705600000,0.0000907,4253.61408915,MARK_PRICE_EXACT_OPEN,1755705600000,0
ETHUSDT,1755734400006,0.00006232,4329.77174419,MARK_PRICE_PREVIOUS_FALLBACK,1755734400000,6
ETHUSDT,1755763200000,0.00005834,4309,MARK_PRICE_EXACT_OPEN,1755763200000,0
ETHUSDT,1755792000003,0.00002689,4237.74780646,MARK_PRICE_PREVIOUS_FALLBACK,1755792000000,3
ETHUSDT,1755820800010,0.00006376,4227.28,MARK_PRICE_PREVIOUS_FALLBACK,1755820800000,10
ETHUSDT,1755849600007,0.0000667,4325.84781008,MARK_PRICE_PREVIOUS_FALLBACK,1755849600000,7
ETHUSDT,1755878400001,0.00006004,4627.3424031,MARK_PRICE_PREVIOUS_FALLBACK,1755878400000,1
ETHUSDT,1755907200004,0.0001,4827.3,MARK_PRICE_PREVIOUS_FALLBACK,1755907200000,4
ETHUSDT,1755936000006,0.0001,4725.12172481,MARK_PRICE_PREVIOUS_FALLBACK,1755936000000,6
ETHUSDT,1755964800000,0.0001,4749.5566938,MARK_PRICE_EXACT_OPEN,1755964800000,0
ETHUSDT,1755993600001,0.0001,4780.95,MARK_PRICE_PREVIOUS_FALLBACK,1755993600000,1
ETHUSDT,1756022400002,0.0001,4754.57318605,MARK_PRICE_PREVIOUS_FALLBACK,1756022400000,2
ETHUSDT,1756051200001,0.0001,4793.85,MARK_PRICE_PREVIOUS_FALLBACK,1756051200000,1
ETHUSDT,1756080000000,0.00004932,4778.33,MARK_PRICE_EXACT_OPEN,1756080000000,0
ETHUSDT,1756108800002,0.00004567,4588.6,MARK_PRICE_PREVIOUS_FALLBACK,1756108800000,2
ETHUSDT,1756137600002,0.00001732,4604.95168217,MARK_PRICE_PREVIOUS_FALLBACK,1756137600000,2
ETHUSDT,1756166400000,-0.00000739,4374.3599845,MARK_PRICE_EXACT_OPEN,1756166400000,0
ETHUSDT,1756195200000,0.0000108,4427.38,MARK_PRICE_EXACT_OPEN,1756195200000,0
ETHUSDT,1756224000000,0.00001029,4516.79323643,MARK_PRICE_EXACT_OPEN,1756224000000,0
ETHUSDT,1756252800003,-0.00000819,4594.75,MARK_PRICE_PREVIOUS_FALLBACK,1756252800000,3
ETHUSDT,1756281600000,0.00001933,4578.6,MARK_PRICE_EXACT_OPEN,1756281600000,0
ETHUSDT,1756310400009,0.00004152,4648.72163566,MARK_PRICE_PREVIOUS_FALLBACK,1756310400000,9
ETHUSDT,1756339200000,0.00005965,4504.93997674,MARK_PRICE_EXACT_OPEN,1756339200000,0
ETHUSDT,1756368000005,0.00002643,4596.3,MARK_PRICE_PREVIOUS_FALLBACK,1756368000000,5
ETHUSDT,1756396800004,0.00002175,4506.01,MARK_PRICE_PREVIOUS_FALLBACK,1756396800000,4
ETHUSDT,1756425600000,0.00001728,4509.34136822,MARK_PRICE_EXACT_OPEN,1756425600000,0
ETHUSDT,1756454400000,0.00004981,4379.50601938,MARK_PRICE_EXACT_OPEN,1756454400000,0
ETHUSDT,1756483200005,0.00001496,4314.29174616,MARK_PRICE_PREVIOUS_FALLBACK,1756483200000,5
ETHUSDT,1756512000000,0.00004162,4358.64,MARK_PRICE_EXACT_OPEN,1756512000000,0
ETHUSDT,1756540800002,-0.00001108,4396.801,MARK_PRICE_PREVIOUS_FALLBACK,1756540800000,2
ETHUSDT,1756569600003,0.00004057,4368.66330233,MARK_PRICE_PREVIOUS_FALLBACK,1756569600000,3
ETHUSDT,1756598400016,-0.0000139,4370.81,MARK_PRICE_PREVIOUS_FALLBACK,1756598400000,16
ETHUSDT,1756627200000,0.00005543,4449.41955039,MARK_PRICE_EXACT_OPEN,1756627200000,0
ETHUSDT,1756656000001,-0.00001154,4481.67921705,MARK_PRICE_PREVIOUS_FALLBACK,1756656000000,1
ETHUSDT,1756684800000,-0.00002114,4390.47237485,MARK_PRICE_EXACT_OPEN,1756684800000,0
ETHUSDT,1756713600000,-0.000013,4461.17395349,MARK_PRICE_EXACT_OPEN,1756713600000,0
ETHUSDT,1756742400001,0.00000122,4360.43424911,MARK_PRICE_PREVIOUS_FALLBACK,1756742400000,1
ETHUSDT,1756771200000,0.00000406,4313.01,MARK_PRICE_EXACT_OPEN,1756771200000,0
ETHUSDT,1756800000005,0.00005513,4378.6254845,MARK_PRICE_PREVIOUS_FALLBACK,1756800000000,5
ETHUSDT,1756828800007,0.00003026,4299.17,MARK_PRICE_PREVIOUS_FALLBACK,1756828800000,7
ETHUSDT,1756857600006,0.00001812,4321.87319767,MARK_PRICE_PREVIOUS_FALLBACK,1756857600000,6
ETHUSDT,1756886400002,-0.00000111,4309.51,MARK_PRICE_PREVIOUS_FALLBACK,1756886400000,2
ETHUSDT,1756915200002,0.00003174,4479.50680039,MARK_PRICE_PREVIOUS_FALLBACK,1756915200000,2
ETHUSDT,1756944000002,0.00002311,4448.20313953,MARK_PRICE_PREVIOUS_FALLBACK,1756944000000,2
ETHUSDT,1756972800000,-0.00002012,4368.81,MARK_PRICE_EXACT_OPEN,1756972800000,0
ETHUSDT,1757001600000,-0.00002527,4303.2879186,MARK_PRICE_EXACT_OPEN,1757001600000,0
ETHUSDT,1757030400001,-0.0000554,4298.27,MARK_PRICE_PREVIOUS_FALLBACK,1757030400000,1
ETHUSDT,1757059200006,-0.00003456,4414.99113566,MARK_PRICE_PREVIOUS_FALLBACK,1757059200000,6
ETHUSDT,1757088000000,0.00002866,4280.61,MARK_PRICE_EXACT_OPEN,1757088000000,0
ETHUSDT,1757116800000,-0.00002104,4305.7,MARK_PRICE_EXACT_OPEN,1757116800000,0
ETHUSDT,1757145600005,0.00003956,4312.60232558,MARK_PRICE_PREVIOUS_FALLBACK,1757145600000,5
ETHUSDT,1757174400000,0.0000406,4267.76557752,MARK_PRICE_EXACT_OPEN,1757174400000,0
ETHUSDT,1757203200000,0.00005946,4271.31,MARK_PRICE_EXACT_OPEN,1757203200000,0
ETHUSDT,1757232000000,0.00008938,4292.99,MARK_PRICE_EXACT_OPEN,1757232000000,0
ETHUSDT,1757260800000,0.00003335,4297.20504651,MARK_PRICE_EXACT_OPEN,1757260800000,0
ETHUSDT,1757289600007,0.00002556,4304.90441473,MARK_PRICE_PREVIOUS_FALLBACK,1757289600000,7
ETHUSDT,1757318400000,0.00002063,4289.82,MARK_PRICE_EXACT_OPEN,1757318400000,0
ETHUSDT,1757347200000,0.00009082,4369.83,MARK_PRICE_EXACT_OPEN,1757347200000,0
ETHUSDT,1757376000000,0.00004706,4303.97,MARK_PRICE_EXACT_OPEN,1757376000000,0
ETHUSDT,1757404800000,0.0001,4360.43,MARK_PRICE_EXACT_OPEN,1757404800000,0
ETHUSDT,1757433600000,0.00006645,4282.78335659,MARK_PRICE_EXACT_OPEN,1757433600000,0
ETHUSDT,1757462400000,0.00006156,4308.56370543,MARK_PRICE_EXACT_OPEN,1757462400000,0
ETHUSDT,1757491200002,0.0000882,4325.98488178,MARK_PRICE_PREVIOUS_FALLBACK,1757491200000,2
ETHUSDT,1757520000000,0.0001,4403.5,MARK_PRICE_EXACT_OPEN,1757520000000,0
ETHUSDT,1757548800000,0.00001341,4347.83,MARK_PRICE_EXACT_OPEN,1757548800000,0
ETHUSDT,1757577600000,0.0001,4439,MARK_PRICE_EXACT_OPEN,1757577600000,0
ETHUSDT,1757606400001,0.00008501,4415.44601938,MARK_PRICE_PREVIOUS_FALLBACK,1757606400000,1
ETHUSDT,1757635200002,0.00004858,4459.1037907,MARK_PRICE_PREVIOUS_FALLBACK,1757635200000,2
ETHUSDT,1757664000001,0.0001,4526.64796124,MARK_PRICE_PREVIOUS_FALLBACK,1757664000000,1
ETHUSDT,1757692800005,0.0001,4541.44674806,MARK_PRICE_PREVIOUS_FALLBACK,1757692800000,5
ETHUSDT,1757721600005,0.0001,4710.02286047,MARK_PRICE_PREVIOUS_FALLBACK,1757721600000,5
ETHUSDT,1757750400002,0.00009815,4714.4785814,MARK_PRICE_PREVIOUS_FALLBACK,1757750400000,2
ETHUSDT,1757779200000,0.0001,4651.44,MARK_PRICE_EXACT_OPEN,1757779200000,0
ETHUSDT,1757808000006,0.00000375,4665.10700775,MARK_PRICE_PREVIOUS_FALLBACK,1757808000000,6
ETHUSDT,1757836800000,0.00008307,4648.8,MARK_PRICE_EXACT_OPEN,1757836800000,0
ETHUSDT,1757865600001,0.00005553,4578.05,MARK_PRICE_PREVIOUS_FALLBACK,1757865600000,1
ETHUSDT,1757894400006,0.00007366,4603.88,MARK_PRICE_PREVIOUS_FALLBACK,1757894400000,6
ETHUSDT,1757923200002,0.00006603,4591.95,MARK_PRICE_PREVIOUS_FALLBACK,1757923200000,2
ETHUSDT,1757952000001,0.00003563,4496.32,MARK_PRICE_PREVIOUS_FALLBACK,1757952000000,1
ETHUSDT,1757980800001,0.0000454,4519.83808915,MARK_PRICE_PREVIOUS_FALLBACK,1757980800000,1
ETHUSDT,1758009600000,0.00004526,4510.65,MARK_PRICE_EXACT_OPEN,1758009600000,0
ETHUSDT,1758038400000,0.00002037,4465.73,MARK_PRICE_EXACT_OPEN,1758038400000,0
ETHUSDT,1758067200001,0.00002419,4501.81111628,MARK_PRICE_PREVIOUS_FALLBACK,1758067200000,1
ETHUSDT,1758096000000,0.00005358,4542.26,MARK_PRICE_EXACT_OPEN,1758096000000,0
ETHUSDT,1758124800003,0.00004406,4484.73,MARK_PRICE_PREVIOUS_FALLBACK,1758124800000,3
ETHUSDT,1758153600006,0.0000515,4592.42349428,MARK_PRICE_PREVIOUS_FALLBACK,1758153600000,6
ETHUSDT,1758182400002,0.00004292,4573.81,MARK_PRICE_PREVIOUS_FALLBACK,1758182400000,2
ETHUSDT,1758211200000,0.00001971,4597.16415504,MARK_PRICE_EXACT_OPEN,1758211200000,0
ETHUSDT,1758240000000,0.00005745,4585.31,MARK_PRICE_EXACT_OPEN,1758240000000,0
ETHUSDT,1758268800005,-0.00000904,4538.25593023,MARK_PRICE_PREVIOUS_FALLBACK,1758268800000,5
ETHUSDT,1758297600000,-0.00004324,4472.12543411,MARK_PRICE_EXACT_OPEN,1758297600000,0
ETHUSDT,1758326400000,-0.00004366,4466.49,MARK_PRICE_EXACT_OPEN,1758326400000,0
ETHUSDT,1758355200000,-0.00000597,4480.82192248,MARK_PRICE_EXACT_OPEN,1758355200000,0
ETHUSDT,1758384000002,0.00004189,4497.46762791,MARK_PRICE_PREVIOUS_FALLBACK,1758384000000,2
ETHUSDT,1758412800000,-0.00002372,4478.27366667,MARK_PRICE_EXACT_OPEN,1758412800000,0
ETHUSDT,1758441600000,0.00004828,4475.86645736,MARK_PRICE_EXACT_OPEN,1758441600000,0
ETHUSDT,1758470400000,0.00003039,4480.9202093,MARK_PRICE_EXACT_OPEN,1758470400000,0
ETHUSDT,1758499200005,-0.00002051,4440.89,MARK_PRICE_PREVIOUS_FALLBACK,1758499200000,5
ETHUSDT,1758528000003,-0.00000518,4191.97523256,MARK_PRICE_PREVIOUS_FALLBACK,1758528000000,3
ETHUSDT,1758556800000,0.00000508,4165.82,MARK_PRICE_EXACT_OPEN,1758556800000,0
ETHUSDT,1758585600000,-0.00000193,4196.97614729,MARK_PRICE_EXACT_OPEN,1758585600000,0
ETHUSDT,1758614400001,0.00005594,4202.64,MARK_PRICE_PREVIOUS_FALLBACK,1758614400000,1
ETHUSDT,1758643200000,-0.00002189,4179.12,MARK_PRICE_EXACT_OPEN,1758643200000,0
ETHUSDT,1758672000003,0.00000973,4161.76,MARK_PRICE_PREVIOUS_FALLBACK,1758672000000,3
ETHUSDT,1758700800001,0.00000719,4171.64,MARK_PRICE_PREVIOUS_FALLBACK,1758700800000,1
ETHUSDT,1758729600002,-0.00003616,4161.18,MARK_PRICE_PREVIOUS_FALLBACK,1758729600000,2
ETHUSDT,1758758400000,-0.00008602,4150.51304651,MARK_PRICE_EXACT_OPEN,1758758400000,0
ETHUSDT,1758787200001,-0.0000811,4010.70982558,MARK_PRICE_PREVIOUS_FALLBACK,1758787200000,1
ETHUSDT,1758816000000,0.0001,4000.99002326,MARK_PRICE_EXACT_OPEN,1758816000000,0
ETHUSDT,1758844800000,0.00008976,3873.1,MARK_PRICE_EXACT_OPEN,1758844800000,0
ETHUSDT,1758873600000,0.00003202,3936.6,MARK_PRICE_EXACT_OPEN,1758873600000,0
ETHUSDT,1758902400008,0.00004775,3941.9455814,MARK_PRICE_PREVIOUS_FALLBACK,1758902400000,8
ETHUSDT,1758931200000,-0.00001608,4030.50897674,MARK_PRICE_EXACT_OPEN,1758931200000,0
ETHUSDT,1758960000010,0.00004387,4004.12,MARK_PRICE_PREVIOUS_FALLBACK,1758960000000,10
ETHUSDT,1758988800003,0.0001,4015.83087597,MARK_PRICE_PREVIOUS_FALLBACK,1758988800000,3
ETHUSDT,1759017600000,0.00007975,4017.01,MARK_PRICE_EXACT_OPEN,1759017600000,0
ETHUSDT,1759046400000,0.00004229,4013,MARK_PRICE_EXACT_OPEN,1759046400000,0
ETHUSDT,1759075200000,0.000082,4019.93404651,MARK_PRICE_EXACT_OPEN,1759075200000,0
ETHUSDT,1759104000000,0.00003512,4140.63316279,MARK_PRICE_EXACT_OPEN,1759104000000,0
ETHUSDT,1759132800002,0.00003842,4108.65,MARK_PRICE_PREVIOUS_FALLBACK,1759132800000,2
ETHUSDT,1759161600001,-0.0000349,4163.98,MARK_PRICE_PREVIOUS_FALLBACK,1759161600000,1
ETHUSDT,1759190400002,0.00000916,4207.05856202,MARK_PRICE_PREVIOUS_FALLBACK,1759190400000,2
ETHUSDT,1759219200005,-0.00001307,4181.31950388,MARK_PRICE_PREVIOUS_FALLBACK,1759219200000,5
ETHUSDT,1759248000000,0.00000472,4118.09,MARK_PRICE_EXACT_OPEN,1759248000000,0
ETHUSDT,1759276800000,-0.00001572,4142.98,MARK_PRICE_EXACT_OPEN,1759276800000,0
ETHUSDT,1759305600000,0.00002569,4144.52900962,MARK_PRICE_EXACT_OPEN,1759305600000,0
ETHUSDT,1759334400000,-0.00000744,4325.01,MARK_PRICE_EXACT_OPEN,1759334400000,0
ETHUSDT,1759363200000,0.00001487,4346.06,MARK_PRICE_EXACT_OPEN,1759363200000,0
ETHUSDT,1759392000013,0.00003033,4378.77748062,MARK_PRICE_PREVIOUS_FALLBACK,1759392000000,13
ETHUSDT,1759420800000,0.00003733,4435.74183721,MARK_PRICE_EXACT_OPEN,1759420800000,0
ETHUSDT,1759449600006,0.00001312,4478.09372868,MARK_PRICE_PREVIOUS_FALLBACK,1759449600000,6
ETHUSDT,1759478400006,0.00007933,4462.24997674,MARK_PRICE_PREVIOUS_FALLBACK,1759478400000,6
ETHUSDT,1759507200000,0.00005593,4532.88,MARK_PRICE_EXACT_OPEN,1759507200000,0
ETHUSDT,1759536000001,0.0000557,4509.97673643,MARK_PRICE_PREVIOUS_FALLBACK,1759536000000,1
ETHUSDT,1759564800000,0.00000725,4496.24,MARK_PRICE_EXACT_OPEN,1759564800000,0
ETHUSDT,1759593600000,0.000048,4452.22,MARK_PRICE_EXACT_OPEN,1759593600000,0
ETHUSDT,1759622400000,0.00005761,4485.3270155,MARK_PRICE_EXACT_OPEN,1759622400000,0
ETHUSDT,1759651200003,0.0001,4608.24054264,MARK_PRICE_PREVIOUS_FALLBACK,1759651200000,3
ETHUSDT,1759680000009,0.00009708,4533.42142636,MARK_PRICE_PREVIOUS_FALLBACK,1759680000000,9
ETHUSDT,1759708800004,0.00007894,4511.86,MARK_PRICE_PREVIOUS_FALLBACK,1759708800000,4
ETHUSDT,1759737600002,0.0001,4537.98,MARK_PRICE_PREVIOUS_FALLBACK,1759737600000,2
ETHUSDT,1759766400004,0.0001,4677.44,MARK_PRICE_PREVIOUS_FALLBACK,1759766400000,4
ETHUSDT,1759795200000,0.0001,4682.42,MARK_PRICE_EXACT_OPEN,1759795200000,0
ETHUSDT,1759824000003,0.0001,4674.27,MARK_PRICE_PREVIOUS_FALLBACK,1759824000000,3
ETHUSDT,1759852800000,0.0001,4510.41339535,MARK_PRICE_EXACT_OPEN,1759852800000,0
ETHUSDT,1759881600000,0.00001254,4445.6,MARK_PRICE_EXACT_OPEN,1759881600000,0
ETHUSDT,1759910400006,0.00006038,4461.42295349,MARK_PRICE_PREVIOUS_FALLBACK,1759910400000,6
ETHUSDT,1759939200002,0.00001261,4441.20369767,MARK_PRICE_PREVIOUS_FALLBACK,1759939200000,2
ETHUSDT,1759968000001,0.00003613,4524.99,MARK_PRICE_PREVIOUS_FALLBACK,1759968000000,1
ETHUSDT,1759996800000,-0.00000226,4424.43,MARK_PRICE_EXACT_OPEN,1759996800000,0
ETHUSDT,1760025600000,0.00005752,4313.13313953,MARK_PRICE_EXACT_OPEN,1760025600000,0
ETHUSDT,1760054400005,0.00002565,4364.8142093,MARK_PRICE_PREVIOUS_FALLBACK,1760054400000,5
ETHUSDT,1760083200002,0.00002511,4322.1492093,MARK_PRICE_PREVIOUS_FALLBACK,1760083200000,2
ETHUSDT,1760112000014,-0.00005147,4093,MARK_PRICE_PREVIOUS_FALLBACK,1760112000000,14
ETHUSDT,1760140800000,0.0001,3820.04284109,MARK_PRICE_EXACT_OPEN,1760140800000,0
ETHUSDT,1760169600003,-0.00013094,3754.76,MARK_PRICE_PREVIOUS_FALLBACK,1760169600000,3
ETHUSDT,1760198400000,-0.00000173,3822.67927132,MARK_PRICE_EXACT_OPEN,1760198400000,0
ETHUSDT,1760227200004,-0.00006965,3744.51,MARK_PRICE_PREVIOUS_FALLBACK,1760227200000,4
ETHUSDT,1760256000002,0.00000839,3828.41,MARK_PRICE_PREVIOUS_FALLBACK,1760256000000,2
ETHUSDT,1760284800000,-0.00004563,4033.07592248,MARK_PRICE_EXACT_OPEN,1760284800000,0
ETHUSDT,1760313600003,-0.00002591,4141.02,MARK_PRICE_PREVIOUS_FALLBACK,1760313600000,3
ETHUSDT,1760342400002,0.00005255,4174.5,MARK_PRICE_PREVIOUS_FALLBACK,1760342400000,2
ETHUSDT,1760371200003,0.00005202,4131.4728348,MARK_PRICE_PREVIOUS_FALLBACK,1760371200000,3
ETHUSDT,1760400000000,0.00005602,4239.7,MARK_PRICE_EXACT_OPEN,1760400000000,0
ETHUSDT,1760428800000,0.00000352,3979.88,MARK_PRICE_EXACT_OPEN,1760428800000,0
ETHUSDT,1760457600000,0.00002693,4084.13926357,MARK_PRICE_EXACT_OPEN,1760457600000,0
ETHUSDT,1760486400006,0.0000142,4122.74,MARK_PRICE_PREVIOUS_FALLBACK,1760486400000,6
ETHUSDT,1760515200002,0.00004258,4117.672915,MARK_PRICE_PREVIOUS_FALLBACK,1760515200000,2
ETHUSDT,1760544000000,0.000025,3979.78179845,MARK_PRICE_EXACT_OPEN,1760544000000,0
ETHUSDT,1760572800000,-0.00000499,3983.8,MARK_PRICE_EXACT_OPEN,1760572800000,0
ETHUSDT,1760601600003,0.00000765,3999.36,MARK_PRICE_PREVIOUS_FALLBACK,1760601600000,3
ETHUSDT,1760630400002,0.00000618,3888.85590617,MARK_PRICE_PREVIOUS_FALLBACK,1760630400000,2
ETHUSDT,1760659200001,0.00003354,3890.06,MARK_PRICE_PREVIOUS_FALLBACK,1760659200000,1
ETHUSDT,1760688000005,0.0000563,3755.1464031,MARK_PRICE_PREVIOUS_FALLBACK,1760688000000,5
ETHUSDT,1760716800003,0.00002963,3811.39998837,MARK_PRICE_PREVIOUS_FALLBACK,1760716800000,3
ETHUSDT,1760745600000,0.00001423,3830.02745736,MARK_PRICE_EXACT_OPEN,1760745600000,0
ETHUSDT,1760774400002,0.0000151,3888.75420155,MARK_PRICE_PREVIOUS_FALLBACK,1760774400000,2
ETHUSDT,1760803200001,0.00006086,3876.88642636,MARK_PRICE_PREVIOUS_FALLBACK,1760803200000,1
ETHUSDT,1760832000001,0.00006239,3887.86,MARK_PRICE_PREVIOUS_FALLBACK,1760832000000,1
ETHUSDT,1760860800001,0.00002101,3887.60173643,MARK_PRICE_PREVIOUS_FALLBACK,1760860800000,1
ETHUSDT,1760889600001,0.00003514,3976.60586047,MARK_PRICE_PREVIOUS_FALLBACK,1760889600000,1
ETHUSDT,1760918400004,0.00002481,3979.61,MARK_PRICE_PREVIOUS_FALLBACK,1760918400000,4
ETHUSDT,1760947200001,0.00005413,4055.35856589,MARK_PRICE_PREVIOUS_FALLBACK,1760947200000,1
ETHUSDT,1760976000000,0.00005999,4002.92856202,MARK_PRICE_EXACT_OPEN,1760976000000,0
ETHUSDT,1761004800009,0.0000353,3976.79,MARK_PRICE_PREVIOUS_FALLBACK,1761004800000,9
ETHUSDT,1761033600000,4.7e-7,3890.70725581,MARK_PRICE_EXACT_OPEN,1761033600000,0
ETHUSDT,1761062400000,0.00007724,4080.4207907,MARK_PRICE_EXACT_OPEN,1761062400000,0
ETHUSDT,1761091200004,-0.00002491,3863.05,MARK_PRICE_PREVIOUS_FALLBACK,1761091200000,4
ETHUSDT,1761120000000,0.00002192,3866.98671612,MARK_PRICE_EXACT_OPEN,1761120000000,0
ETHUSDT,1761148800000,0.00002392,3839.72,MARK_PRICE_EXACT_OPEN,1761148800000,0
ETHUSDT,1761177600000,0.00000529,3803.75387597,MARK_PRICE_EXACT_OPEN,1761177600000,0
ETHUSDT,1761206400001,0.00004173,3881.10337209,MARK_PRICE_PREVIOUS_FALLBACK,1761206400000,1
ETHUSDT,1761235200004,0.00005185,3876.88,MARK_PRICE_PREVIOUS_FALLBACK,1761235200000,4
ETHUSDT,1761264000000,0.00000888,3855.43277519,MARK_PRICE_EXACT_OPEN,1761264000000,0
ETHUSDT,1761292800000,0.00009418,3947.65,MARK_PRICE_EXACT_OPEN,1761292800000,0
ETHUSDT,1761321600009,0.00003074,3888,MARK_PRICE_PREVIOUS_FALLBACK,1761321600000,9
ETHUSDT,1761350400000,0.00001282,3933.2,MARK_PRICE_EXACT_OPEN,1761350400000,0
ETHUSDT,1761379200001,0.00001546,3926.75,MARK_PRICE_PREVIOUS_FALLBACK,1761379200000,1
ETHUSDT,1761408000001,0.00006413,3933.26,MARK_PRICE_PREVIOUS_FALLBACK,1761408000000,1
ETHUSDT,1761436800001,0.0001,3951.33558915,MARK_PRICE_PREVIOUS_FALLBACK,1761436800000,1
ETHUSDT,1761465600001,0.00002079,3951.27327907,MARK_PRICE_PREVIOUS_FALLBACK,1761465600000,1
ETHUSDT,1761494400000,0.0001,4073.54621705,MARK_PRICE_EXACT_OPEN,1761494400000,0
ETHUSDT,1761523200000,0.0001,4157.1,MARK_PRICE_EXACT_OPEN,1761523200000,0
ETHUSDT,1761552000005,0.0001,4198.91356455,MARK_PRICE_PREVIOUS_FALLBACK,1761552000000,5
ETHUSDT,1761580800000,0.00007827,4171.24,MARK_PRICE_EXACT_OPEN,1761580800000,0
ETHUSDT,1761609600000,0.00003936,4118.47,MARK_PRICE_EXACT_OPEN,1761609600000,0
ETHUSDT,1761638400000,0.00004615,4115.70196899,MARK_PRICE_EXACT_OPEN,1761638400000,0
ETHUSDT,1761667200004,0.00001796,4097.08,MARK_PRICE_PREVIOUS_FALLBACK,1761667200000,4
ETHUSDT,1761696000004,-0.00005159,3976.3750155,MARK_PRICE_PREVIOUS_FALLBACK,1761696000000,4
ETHUSDT,1761724800005,-0.00001008,4020.41758915,MARK_PRICE_PREVIOUS_FALLBACK,1761724800000,5
ETHUSDT,1761753600000,0.00003915,3950.23,MARK_PRICE_EXACT_OPEN,1761753600000,0
ETHUSDT,1761782400004,-0.00003389,3900.15,MARK_PRICE_PREVIOUS_FALLBACK,1761782400000,4
ETHUSDT,1761811200008,-0.00002243,3934.7243876,MARK_PRICE_PREVIOUS_FALLBACK,1761811200000,8
ETHUSDT,1761840000001,-0.00006394,3766.8,MARK_PRICE_PREVIOUS_FALLBACK,1761840000000,1
ETHUSDT,1761868800000,0.00003219,3802.31,MARK_PRICE_EXACT_OPEN,1761868800000,0
ETHUSDT,1761897600008,0.00007777,3827.06,MARK_PRICE_PREVIOUS_FALLBACK,1761897600000,8
ETHUSDT,1761926400007,-0.00001283,3854.49312403,MARK_PRICE_PREVIOUS_FALLBACK,1761926400000,7
ETHUSDT,1761955200001,0.00006032,3846.43,MARK_PRICE_PREVIOUS_FALLBACK,1761955200000,1
ETHUSDT,1761984000000,0.00007748,3859.28,MARK_PRICE_EXACT_OPEN,1761984000000,0
ETHUSDT,1762012800000,0.0001,3893.13721331,MARK_PRICE_EXACT_OPEN,1762012800000,0
ETHUSDT,1762041600007,0.00006688,3872.12,MARK_PRICE_PREVIOUS_FALLBACK,1762041600000,7
ETHUSDT,1762070400000,0.00009258,3905.14093798,MARK_PRICE_EXACT_OPEN,1762070400000,0
ETHUSDT,1762099200001,0.00003269,3852.05428295,MARK_PRICE_PREVIOUS_FALLBACK,1762099200000,1
ETHUSDT,1762128000000,0.00008937,3904.83956589,MARK_PRICE_EXACT_OPEN,1762128000000,0
ETHUSDT,1762156800010,0.00002373,3712.07,MARK_PRICE_PREVIOUS_FALLBACK,1762156800000,10
ETHUSDT,1762185600000,0.00000524,3587.37,MARK_PRICE_EXACT_OPEN,1762185600000,0
ETHUSDT,1762214400002,0.0000789,3598.56262016,MARK_PRICE_PREVIOUS_FALLBACK,1762214400000,2
ETHUSDT,1762243200004,0.00008984,3492.92,MARK_PRICE_PREVIOUS_FALLBACK,1762243200000,4
ETHUSDT,1762272000000,0.00004875,3505.85,MARK_PRICE_EXACT_OPEN,1762272000000,0
ETHUSDT,1762300800000,0.00001174,3285.29,MARK_PRICE_EXACT_OPEN,1762300800000,0
ETHUSDT,1762329600000,0.00000656,3329.20191473,MARK_PRICE_EXACT_OPEN,1762329600000,0
ETHUSDT,1762358400004,0.00004337,3395.29215504,MARK_PRICE_PREVIOUS_FALLBACK,1762358400000,4
ETHUSDT,1762387200001,0.00004919,3421.44955039,MARK_PRICE_PREVIOUS_FALLBACK,1762387200000,1
ETHUSDT,1762416000000,0.00004986,3379,MARK_PRICE_EXACT_OPEN,1762416000000,0
ETHUSDT,1762444800001,7.1e-7,3307.18,MARK_PRICE_PREVIOUS_FALLBACK,1762444800000,1
ETHUSDT,1762473600005,0.00007583,3310.93123095,MARK_PRICE_PREVIOUS_FALLBACK,1762473600000,5
ETHUSDT,1762502400003,0.0000478,3353.85817054,MARK_PRICE_PREVIOUS_FALLBACK,1762502400000,3
ETHUSDT,1762531200005,0.00008277,3297.27,MARK_PRICE_PREVIOUS_FALLBACK,1762531200000,5
ETHUSDT,1762560000011,0.00007722,3436.06,MARK_PRICE_PREVIOUS_FALLBACK,1762560000000,11
ETHUSDT,1762588800015,0.00008414,3447.04450388,MARK_PRICE_PREVIOUS_FALLBACK,1762588800000,15
ETHUSDT,1762617600001,0.00006487,3377.64,MARK_PRICE_PREVIOUS_FALLBACK,1762617600000,1
ETHUSDT,1762646400004,0.00001158,3398.55,MARK_PRICE_PREVIOUS_FALLBACK,1762646400000,4
ETHUSDT,1762675200000,0.00006622,3421.21175194,MARK_PRICE_EXACT_OPEN,1762675200000,0
ETHUSDT,1762704000005,0.0000471,3515.4,MARK_PRICE_PREVIOUS_FALLBACK,1762704000000,5
ETHUSDT,1762732800000,0.00003686,3581.40451938,MARK_PRICE_EXACT_OPEN,1762732800000,0
ETHUSDT,1762761600000,0.00009099,3608.31591473,MARK_PRICE_EXACT_OPEN,1762761600000,0
ETHUSDT,1762790400003,0.00007806,3513.51,MARK_PRICE_PREVIOUS_FALLBACK,1762790400000,3
ETHUSDT,1762819200007,0.00002962,3567,MARK_PRICE_PREVIOUS_FALLBACK,1762819200000,7
ETHUSDT,1762848000000,-0.00002557,3542.83,MARK_PRICE_EXACT_OPEN,1762848000000,0
ETHUSDT,1762876800009,0.00002827,3482.39,MARK_PRICE_PREVIOUS_FALLBACK,1762876800000,9
ETHUSDT,1762905600000,0.00003618,3416.32,MARK_PRICE_EXACT_OPEN,1762905600000,0
ETHUSDT,1762934400002,-0.0000394,3428.08907752,MARK_PRICE_PREVIOUS_FALLBACK,1762934400000,2
ETHUSDT,1762963200000,0.0000704,3427.16393023,MARK_PRICE_EXACT_OPEN,1762963200000,0
ETHUSDT,1762992000002,0.00006967,3412.58,MARK_PRICE_PREVIOUS_FALLBACK,1762992000000,2
ETHUSDT,1763020800000,0.0001,3538.14021705,MARK_PRICE_EXACT_OPEN,1763020800000,0
ETHUSDT,1763049600001,0.00002321,3384.11,MARK_PRICE_PREVIOUS_FALLBACK,1763049600000,1
ETHUSDT,1763078400000,-0.00000382,3230.12706977,MARK_PRICE_EXACT_OPEN,1763078400000,0
ETHUSDT,1763107200000,0.00003573,3214.12926357,MARK_PRICE_EXACT_OPEN,1763107200000,0
ETHUSDT,1763136000001,0.00007962,3194.2281938,MARK_PRICE_PREVIOUS_FALLBACK,1763136000000,1
ETHUSDT,1763164800005,0.00004979,3120.20641599,MARK_PRICE_PREVIOUS_FALLBACK,1763164800000,5
ETHUSDT,1763193600000,0.00004397,3174.99,MARK_PRICE_EXACT_OPEN,1763193600000,0
ETHUSDT,1763222400001,0.00004679,3183.67065891,MARK_PRICE_PREVIOUS_FALLBACK,1763222400000,1
ETHUSDT,1763251200001,0.0001,3166.54922481,MARK_PRICE_PREVIOUS_FALLBACK,1763251200000,1
ETHUSDT,1763280000000,0.0001,3218.40003101,MARK_PRICE_EXACT_OPEN,1763280000000,0
ETHUSDT,1763308800000,0.00007779,3103.51,MARK_PRICE_EXACT_OPEN,1763308800000,0
ETHUSDT,1763337600003,0.0001,3091.98,MARK_PRICE_PREVIOUS_FALLBACK,1763337600000,3
ETHUSDT,1763366400003,0.0001,3196.9,MARK_PRICE_PREVIOUS_FALLBACK,1763366400000,3
ETHUSDT,1763395200000,0.00005992,3119.24,MARK_PRICE_EXACT_OPEN,1763395200000,0
ETHUSDT,1763424000002,0.00009056,3028.5,MARK_PRICE_PREVIOUS_FALLBACK,1763424000000,2
ETHUSDT,1763452800004,0.0001,3024.71,MARK_PRICE_PREVIOUS_FALLBACK,1763452800000,4
ETHUSDT,1763481600000,0.00005928,3105.25403769,MARK_PRICE_EXACT_OPEN,1763481600000,0
ETHUSDT,1763510400000,0.0001,3122.2,MARK_PRICE_EXACT_OPEN,1763510400000,0
ETHUSDT,1763539200000,0.00006727,3083.91,MARK_PRICE_EXACT_OPEN,1763539200000,0
ETHUSDT,1763568000008,0.00003204,2975.14,MARK_PRICE_PREVIOUS_FALLBACK,1763568000000,8
ETHUSDT,1763596800000,0.00007097,3024.09,MARK_PRICE_EXACT_OPEN,1763596800000,0
ETHUSDT,1763625600000,0.00007838,3038.21689147,MARK_PRICE_EXACT_OPEN,1763625600000,0
ETHUSDT,1763654400000,0.00006788,2954.52,MARK_PRICE_EXACT_OPEN,1763654400000,0
ETHUSDT,1763683200001,0.00003335,2836.20631008,MARK_PRICE_PREVIOUS_FALLBACK,1763683200000,1
ETHUSDT,1763712000000,0.00001947,2719.22072868,MARK_PRICE_EXACT_OPEN,1763712000000,0
ETHUSDT,1763740800001,0.0000544,2702.91,MARK_PRICE_PREVIOUS_FALLBACK,1763740800000,1
ETHUSDT,1763769600004,0.00001859,2765.35,MARK_PRICE_PREVIOUS_FALLBACK,1763769600000,4
ETHUSDT,1763798400000,0.00007195,2755.13,MARK_PRICE_EXACT_OPEN,1763798400000,0
ETHUSDT,1763827200000,0.00004657,2737.64817054,MARK_PRICE_EXACT_OPEN,1763827200000,0
ETHUSDT,1763856000000,0.00006445,2769.13278295,MARK_PRICE_EXACT_OPEN,1763856000000,0
ETHUSDT,1763884800008,-0.00002356,2792.96,MARK_PRICE_PREVIOUS_FALLBACK,1763884800000,8
ETHUSDT,1763913600003,-0.00000587,2834.86,MARK_PRICE_PREVIOUS_FALLBACK,1763913600000,3
ETHUSDT,1763942400004,-1e-7,2798.56,MARK_PRICE_PREVIOUS_FALLBACK,1763942400000,4
ETHUSDT,1763971200000,0.00007615,2828.77,MARK_PRICE_EXACT_OPEN,1763971200000,0
ETHUSDT,1764000000006,0.00004931,2847.21,MARK_PRICE_PREVIOUS_FALLBACK,1764000000000,6
ETHUSDT,1764028800000,0.0000402,2952.18,MARK_PRICE_EXACT_OPEN,1764028800000,0
ETHUSDT,1764057600009,0.00003624,2901.12,MARK_PRICE_PREVIOUS_FALLBACK,1764057600000,9
ETHUSDT,1764086400007,0.00000556,2894.1,MARK_PRICE_PREVIOUS_FALLBACK,1764086400000,7
ETHUSDT,1764115200001,0.00004707,2958.24,MARK_PRICE_PREVIOUS_FALLBACK,1764115200000,1
ETHUSDT,1764144000001,-0.0000092,2943.65296899,MARK_PRICE_PREVIOUS_FALLBACK,1764144000000,1
ETHUSDT,1764172800000,0.00001886,2926.63055814,MARK_PRICE_EXACT_OPEN,1764172800000,0
ETHUSDT,1764201600013,0.00002467,3024.66593023,MARK_PRICE_PREVIOUS_FALLBACK,1764201600000,13
ETHUSDT,1764230400000,0.00001646,3032.24509302,MARK_PRICE_EXACT_OPEN,1764230400000,0
ETHUSDT,1764259200004,0.00000988,3009.44856589,MARK_PRICE_PREVIOUS_FALLBACK,1764259200000,4
ETHUSDT,1764288000008,-0.00000145,3014.02958915,MARK_PRICE_PREVIOUS_FALLBACK,1764288000000,8
ETHUSDT,1764316800000,0.00002638,3000.2873,MARK_PRICE_EXACT_OPEN,1764316800000,0
ETHUSDT,1764345600008,-0.00000903,3069.10844961,MARK_PRICE_PREVIOUS_FALLBACK,1764345600000,8
ETHUSDT,1764374400000,0.00002574,3029.8,MARK_PRICE_EXACT_OPEN,1764374400000,0
ETHUSDT,1764403200005,0.0000051,3002.05,MARK_PRICE_PREVIOUS_FALLBACK,1764403200000,5
ETHUSDT,1764432000001,-0.00000152,3004.95804651,MARK_PRICE_PREVIOUS_FALLBACK,1764432000000,1
ETHUSDT,1764460800003,0.00007916,2989.41082197,MARK_PRICE_PREVIOUS_FALLBACK,1764460800000,3
ETHUSDT,1764489600000,0.00004019,3003.55172093,MARK_PRICE_EXACT_OPEN,1764489600000,0
ETHUSDT,1764518400004,0.00003707,3027.37912403,MARK_PRICE_PREVIOUS_FALLBACK,1764518400000,4
ETHUSDT,1764547200000,0.00005374,2990.24148837,MARK_PRICE_EXACT_OPEN,1764547200000,0
ETHUSDT,1764576000004,0.00007757,2837.55903876,MARK_PRICE_PREVIOUS_FALLBACK,1764576000000,4
ETHUSDT,1764604800000,-0.00002535,2745.1058062,MARK_PRICE_EXACT_OPEN,1764604800000,0
ETHUSDT,1764633600004,0.00006949,2796.91,MARK_PRICE_PREVIOUS_FALLBACK,1764633600000,4
ETHUSDT,1764662400000,0.00005552,2804.33772093,MARK_PRICE_EXACT_OPEN,1764662400000,0
ETHUSDT,1764691200000,0.00004147,3005.55,MARK_PRICE_EXACT_OPEN,1764691200000,0
ETHUSDT,1764720000000,0.00004698,2994.63,MARK_PRICE_EXACT_OPEN,1764720000000,0
ETHUSDT,1764748800000,0.00001107,3056.4,MARK_PRICE_EXACT_OPEN,1764748800000,0
ETHUSDT,1764777600005,0.00005015,3088.38488372,MARK_PRICE_PREVIOUS_FALLBACK,1764777600000,5
ETHUSDT,1764806400012,0.00006305,3187.26028682,MARK_PRICE_PREVIOUS_FALLBACK,1764806400000,12
ETHUSDT,1764835200000,0.0001,3189.02,MARK_PRICE_EXACT_OPEN,1764835200000,0
ETHUSDT,1764864000011,0.00009628,3205.18,MARK_PRICE_PREVIOUS_FALLBACK,1764864000000,11
ETHUSDT,1764892800000,0.00002405,3132,MARK_PRICE_EXACT_OPEN,1764892800000,0
ETHUSDT,1764921600000,0.00009771,3172.27,MARK_PRICE_EXACT_OPEN,1764921600000,0
ETHUSDT,1764950400010,0.00004884,3102.24415504,MARK_PRICE_PREVIOUS_FALLBACK,1764950400000,10
ETHUSDT,1764979200001,0.00004481,3017.46,MARK_PRICE_PREVIOUS_FALLBACK,1764979200000,1
ETHUSDT,1765008000001,0.00000455,3024.61,MARK_PRICE_PREVIOUS_FALLBACK,1765008000000,1
ETHUSDT,1765036800008,0.00003188,3040.03,MARK_PRICE_PREVIOUS_FALLBACK,1765036800000,8
ETHUSDT,1765065600000,0.00003716,3036.53,MARK_PRICE_EXACT_OPEN,1765065600000,0
ETHUSDT,1765094400004,-0.00000974,3034.59,MARK_PRICE_PREVIOUS_FALLBACK,1765094400000,4
ETHUSDT,1765123200000,0.00001448,3027.5372093,MARK_PRICE_EXACT_OPEN,1765123200000,0
ETHUSDT,1765152000000,0.00002807,3058.13,MARK_PRICE_EXACT_OPEN,1765152000000,0
ETHUSDT,1765180800000,0.0000724,3132.78537209,MARK_PRICE_EXACT_OPEN,1765180800000,0
ETHUSDT,1765209600001,0.00004139,3098.52674419,MARK_PRICE_PREVIOUS_FALLBACK,1765209600000,1
ETHUSDT,1765238400001,0.00005283,3121.19642636,MARK_PRICE_PREVIOUS_FALLBACK,1765238400000,1
ETHUSDT,1765267200001,0.00006214,3120.55,MARK_PRICE_PREVIOUS_FALLBACK,1765267200000,1
ETHUSDT,1765296000007,0.00003873,3262.87389147,MARK_PRICE_PREVIOUS_FALLBACK,1765296000000,7
ETHUSDT,1765324800007,0.0001,3315.83,MARK_PRICE_PREVIOUS_FALLBACK,1765324800000,7
ETHUSDT,1765353600002,0.00007429,3323.79,MARK_PRICE_PREVIOUS_FALLBACK,1765353600000,2
ETHUSDT,1765382400012,0.00003462,3328.71,MARK_PRICE_PREVIOUS_FALLBACK,1765382400000,12
ETHUSDT,1765411200001,0.0000692,3321.84317829,MARK_PRICE_PREVIOUS_FALLBACK,1765411200000,1
ETHUSDT,1765440000000,0.00000138,3200.04512831,MARK_PRICE_EXACT_OPEN,1765440000000,0
ETHUSDT,1765468800000,0.00002616,3178.20453488,MARK_PRICE_EXACT_OPEN,1765468800000,0
ETHUSDT,1765497600005,-0.00000248,3234.73,MARK_PRICE_PREVIOUS_FALLBACK,1765497600000,5
ETHUSDT,1765526400007,0.00003217,3243.17,MARK_PRICE_PREVIOUS_FALLBACK,1765526400000,7
ETHUSDT,1765555200002,-0.00000236,3070.8125,MARK_PRICE_PREVIOUS_FALLBACK,1765555200000,2
ETHUSDT,1765584000001,0.00000107,3085.01210853,MARK_PRICE_PREVIOUS_FALLBACK,1765584000000,1
ETHUSDT,1765612800006,-0.00001354,3094.06,MARK_PRICE_PREVIOUS_FALLBACK,1765612800000,6
ETHUSDT,1765641600000,0.00003292,3108.5979141,MARK_PRICE_EXACT_OPEN,1765641600000,0
ETHUSDT,1765670400000,0.00008266,3113.00076744,MARK_PRICE_EXACT_OPEN,1765670400000,0
ETHUSDT,1765699200003,0.00004872,3114.62,MARK_PRICE_PREVIOUS_FALLBACK,1765699200000,3
ETHUSDT,1765728000005,0.00008259,3079.2,MARK_PRICE_PREVIOUS_FALLBACK,1765728000000,5
ETHUSDT,1765756800000,0.00006154,3061.33,MARK_PRICE_EXACT_OPEN,1765756800000,0
ETHUSDT,1765785600000,0.00003415,3127.34,MARK_PRICE_EXACT_OPEN,1765785600000,0
ETHUSDT,1765814400000,0.00002051,3009.47985565,MARK_PRICE_EXACT_OPEN,1765814400000,0
ETHUSDT,1765843200002,-0.00000641,2961.54465891,MARK_PRICE_PREVIOUS_FALLBACK,1765843200000,2
ETHUSDT,1765872000000,0.00002281,2922.62,MARK_PRICE_EXACT_OPEN,1765872000000,0
ETHUSDT,1765900800002,-0.0000187,2958.6606124,MARK_PRICE_PREVIOUS_FALLBACK,1765900800000,2
ETHUSDT,1765929600004,0.00000352,2957.08512403,MARK_PRICE_PREVIOUS_FALLBACK,1765929600000,4
ETHUSDT,1765958400000,0.00003718,2946.59,MARK_PRICE_EXACT_OPEN,1765958400000,0
ETHUSDT,1765987200000,8.6e-7,2903.39,MARK_PRICE_EXACT_OPEN,1765987200000,0
ETHUSDT,1766016000005,-0.00001833,2833.45,MARK_PRICE_PREVIOUS_FALLBACK,1766016000000,5
ETHUSDT,1766044800007,-0.00003186,2836.0488062,MARK_PRICE_PREVIOUS_FALLBACK,1766044800000,7
ETHUSDT,1766073600001,0.0000589,2962.68,MARK_PRICE_PREVIOUS_FALLBACK,1766073600000,1
ETHUSDT,1766102400000,0.00005783,2827.28092248,MARK_PRICE_EXACT_OPEN,1766102400000,0
ETHUSDT,1766131200001,0.00007285,2950.42518605,MARK_PRICE_PREVIOUS_FALLBACK,1766131200000,1
ETHUSDT,1766160000000,0.00009196,2963.53419006,MARK_PRICE_EXACT_OPEN,1766160000000,0
ETHUSDT,1766188800005,0.00001997,2978.09,MARK_PRICE_PREVIOUS_FALLBACK,1766188800000,5
ETHUSDT,1766217600000,0.00001909,2980.30465891,MARK_PRICE_EXACT_OPEN,1766217600000,0
ETHUSDT,1766246400002,0.00000903,2975.88,MARK_PRICE_PREVIOUS_FALLBACK,1766246400000,2
ETHUSDT,1766275200000,0.00001836,2976.54,MARK_PRICE_EXACT_OPEN,1766275200000,0
ETHUSDT,1766304000009,0.00004198,2980.13,MARK_PRICE_PREVIOUS_FALLBACK,1766304000000,9
ETHUSDT,1766332800000,0.00000337,2973.41665891,MARK_PRICE_EXACT_OPEN,1766332800000,0
ETHUSDT,1766361600000,-0.00002332,3000.72510853,MARK_PRICE_EXACT_OPEN,1766361600000,0
ETHUSDT,1766390400005,0.00000576,3031,MARK_PRICE_PREVIOUS_FALLBACK,1766390400000,5
ETHUSDT,1766419200009,-0.00000569,3054.27454264,MARK_PRICE_PREVIOUS_FALLBACK,1766419200000,9
ETHUSDT,1766448000000,0.00003812,3008.1,MARK_PRICE_EXACT_OPEN,1766448000000,0
ETHUSDT,1766476800000,0.0000679,2963.57,MARK_PRICE_EXACT_OPEN,1766476800000,0
ETHUSDT,1766505600001,0.0000264,2922.76020155,MARK_PRICE_PREVIOUS_FALLBACK,1766505600000,1
ETHUSDT,1766534400001,0.00002584,2965.53,MARK_PRICE_PREVIOUS_FALLBACK,1766534400000,1
ETHUSDT,1766563200001,0.00006186,2930.3,MARK_PRICE_PREVIOUS_FALLBACK,1766563200000,1
ETHUSDT,1766592000000,0.00005629,2924.43882171,MARK_PRICE_EXACT_OPEN,1766592000000,0
ETHUSDT,1766620800000,0.00006527,2946.23,MARK_PRICE_EXACT_OPEN,1766620800000,0
ETHUSDT,1766649600001,0.00006688,2941.28115504,MARK_PRICE_PREVIOUS_FALLBACK,1766649600000,1
ETHUSDT,1766678400005,0.0000497,2961.54,MARK_PRICE_PREVIOUS_FALLBACK,1766678400000,5
ETHUSDT,1766707200004,0.00005028,2900.25,MARK_PRICE_PREVIOUS_FALLBACK,1766707200000,4
ETHUSDT,1766736000001,0.00006473,2959.71,MARK_PRICE_PREVIOUS_FALLBACK,1766736000000,1
ETHUSDT,1766764800007,0.00003451,2924.3572935,MARK_PRICE_PREVIOUS_FALLBACK,1766764800000,7
ETHUSDT,1766793600000,0.00004038,2926.82235365,MARK_PRICE_EXACT_OPEN,1766793600000,0
ETHUSDT,1766822400000,-0.00000519,2931.47,MARK_PRICE_EXACT_OPEN,1766822400000,0
ETHUSDT,1766851200011,0.00008133,2925.27,MARK_PRICE_PREVIOUS_FALLBACK,1766851200000,11
ETHUSDT,1766880000008,0.00005105,2948.87,MARK_PRICE_PREVIOUS_FALLBACK,1766880000000,8
ETHUSDT,1766908800000,0.0000791,2937.78866667,MARK_PRICE_EXACT_OPEN,1766908800000,0
ETHUSDT,1766937600000,0.00004862,2948.08154264,MARK_PRICE_EXACT_OPEN,1766937600000,0
ETHUSDT,1766966400016,0.00009172,2948.67993023,MARK_PRICE_PREVIOUS_FALLBACK,1766966400000,16
ETHUSDT,1766995200001,0.00008496,3018.40522481,MARK_PRICE_PREVIOUS_FALLBACK,1766995200000,1
ETHUSDT,1767024000000,0.00001862,2934.04247287,MARK_PRICE_EXACT_OPEN,1767024000000,0
ETHUSDT,1767052800005,-0.00001536,2936.39829457,MARK_PRICE_PREVIOUS_FALLBACK,1767052800000,5
ETHUSDT,1767081600001,0.0000392,2949.51,MARK_PRICE_PREVIOUS_FALLBACK,1767081600000,1
ETHUSDT,1767110400003,0.0001,2989.89996124,MARK_PRICE_PREVIOUS_FALLBACK,1767110400000,3
ETHUSDT,1767139200004,0.00005157,2969.78,MARK_PRICE_PREVIOUS_FALLBACK,1767139200000,4
ETHUSDT,1767168000001,0.00001205,2975.79,MARK_PRICE_PREVIOUS_FALLBACK,1767168000000,1
ETHUSDT,1767196800001,0.00003527,2984.27,MARK_PRICE_PREVIOUS_FALLBACK,1767196800000,1
ETHUSDT,1767225600008,0.0001,2970.67656589,MARK_PRICE_PREVIOUS_FALLBACK,1767225600000,8
ETHUSDT,1767254400002,0.00008799,2977.4,MARK_PRICE_PREVIOUS_FALLBACK,1767254400000,2
ETHUSDT,1767283200001,-0.0000056,2988.51056536,MARK_PRICE_PREVIOUS_FALLBACK,1767283200000,1
ETHUSDT,1767312000006,0.00005053,3002.9817907,MARK_PRICE_PREVIOUS_FALLBACK,1767312000000,6
ETHUSDT,1767340800007,0.0000309,3018.38915504,MARK_PRICE_PREVIOUS_FALLBACK,1767340800000,7
ETHUSDT,1767369600000,0.0001,3085.09,MARK_PRICE_EXACT_OPEN,1767369600000,0
ETHUSDT,1767398400001,0.00005187,3125.23,MARK_PRICE_PREVIOUS_FALLBACK,1767398400000,1
ETHUSDT,1767427200000,0.00003421,3089.51,MARK_PRICE_EXACT_OPEN,1767427200000,0
ETHUSDT,1767456000000,0.00003231,3099.91,MARK_PRICE_EXACT_OPEN,1767456000000,0
ETHUSDT,1767484800000,0.00007598,3125.59455039,MARK_PRICE_EXACT_OPEN,1767484800000,0
ETHUSDT,1767513600000,0.00000212,3139.60639535,MARK_PRICE_EXACT_OPEN,1767513600000,0
ETHUSDT,1767542400001,0.00007231,3133.38,MARK_PRICE_PREVIOUS_FALLBACK,1767542400000,1
ETHUSDT,1767571200000,0.00007926,3143.75382171,MARK_PRICE_EXACT_OPEN,1767571200000,0
ETHUSDT,1767600000000,0.00000966,3156.17,MARK_PRICE_EXACT_OPEN,1767600000000,0
ETHUSDT,1767628800000,0.00005085,3195.50585806,MARK_PRICE_EXACT_OPEN,1767628800000,0
ETHUSDT,1767657600010,0.00008035,3225.48,MARK_PRICE_PREVIOUS_FALLBACK,1767657600000,10
ETHUSDT,1767686400000,0.00006876,3218.05831783,MARK_PRICE_EXACT_OPEN,1767686400000,0
ETHUSDT,1767715200000,0.0000425,3270.74,MARK_PRICE_EXACT_OPEN,1767715200000,0
ETHUSDT,1767744000001,0.00007658,3291.17,MARK_PRICE_PREVIOUS_FALLBACK,1767744000000,1
ETHUSDT,1767772800001,0.00007268,3256.36974419,MARK_PRICE_PREVIOUS_FALLBACK,1767772800000,1
ETHUSDT,1767801600001,0.00003902,3165.73203101,MARK_PRICE_PREVIOUS_FALLBACK,1767801600000,1
ETHUSDT,1767830400001,0.00007044,3166.62986047,MARK_PRICE_PREVIOUS_FALLBACK,1767830400000,1
ETHUSDT,1767859200000,0.00007658,3126.43916279,MARK_PRICE_EXACT_OPEN,1767859200000,0
ETHUSDT,1767888000000,4.9e-7,3103.45,MARK_PRICE_EXACT_OPEN,1767888000000,0
ETHUSDT,1767916800003,0.00006634,3106.37,MARK_PRICE_PREVIOUS_FALLBACK,1767916800000,3
ETHUSDT,1767945600000,0.00003789,3109.75,MARK_PRICE_EXACT_OPEN,1767945600000,0
ETHUSDT,1767974400001,0.00005562,3111.18,MARK_PRICE_PREVIOUS_FALLBACK,1767974400000,1
ETHUSDT,1768003200000,0.00008959,3087.15,MARK_PRICE_EXACT_OPEN,1768003200000,0
ETHUSDT,1768032000002,0.0001,3091.90391473,MARK_PRICE_PREVIOUS_FALLBACK,1768032000000,2
ETHUSDT,1768060800001,0.00005277,3093.58032478,MARK_PRICE_PREVIOUS_FALLBACK,1768060800000,1
ETHUSDT,1768089600003,0.00009824,3084.13632558,MARK_PRICE_PREVIOUS_FALLBACK,1768089600000,3
ETHUSDT,1768118400006,0.00006573,3094.04,MARK_PRICE_PREVIOUS_FALLBACK,1768118400000,6
ETHUSDT,1768147200000,0.00005876,3117.21564341,MARK_PRICE_EXACT_OPEN,1768147200000,0
ETHUSDT,1768176000005,0.0001,3116.84269767,MARK_PRICE_PREVIOUS_FALLBACK,1768176000000,5
ETHUSDT,1768204800000,0.00003472,3133.95,MARK_PRICE_EXACT_OPEN,1768204800000,0
ETHUSDT,1768233600000,0.00006663,3128.99,MARK_PRICE_EXACT_OPEN,1768233600000,0
ETHUSDT,1768262400007,0.00004704,3092.76,MARK_PRICE_PREVIOUS_FALLBACK,1768262400000,7
ETHUSDT,1768291200009,0.00009164,3124.03,MARK_PRICE_PREVIOUS_FALLBACK,1768291200000,9
ETHUSDT,1768320000002,0.00002672,3192.20301938,MARK_PRICE_PREVIOUS_FALLBACK,1768320000000,2
ETHUSDT,1768348800000,0.0001,3324.69,MARK_PRICE_EXACT_OPEN,1768348800000,0
ETHUSDT,1768377600001,0.0001,3335.92,MARK_PRICE_PREVIOUS_FALLBACK,1768377600000,1
ETHUSDT,1768406400004,0.00008331,3346.8,MARK_PRICE_PREVIOUS_FALLBACK,1768406400000,4
ETHUSDT,1768435200000,0.00005358,3353.28,MARK_PRICE_EXACT_OPEN,1768435200000,0
ETHUSDT,1768464000004,0.00000658,3328.16397674,MARK_PRICE_PREVIOUS_FALLBACK,1768464000000,4
ETHUSDT,1768492800002,0.00009722,3325.88,MARK_PRICE_PREVIOUS_FALLBACK,1768492800000,2
ETHUSDT,1768521600000,0.00003284,3317.02828682,MARK_PRICE_EXACT_OPEN,1768521600000,0
ETHUSDT,1768550400000,0.00003558,3308.16,MARK_PRICE_EXACT_OPEN,1768550400000,0
ETHUSDT,1768579200001,0.00002767,3263.98806202,MARK_PRICE_PREVIOUS_FALLBACK,1768579200000,1
ETHUSDT,1768608000000,0.00008371,3294.69,MARK_PRICE_EXACT_OPEN,1768608000000,0
ETHUSDT,1768636800000,0.00008079,3290.17573643,MARK_PRICE_EXACT_OPEN,1768636800000,0
ETHUSDT,1768665600002,0.00006017,3324.08,MARK_PRICE_PREVIOUS_FALLBACK,1768665600000,2
ETHUSDT,1768694400001,0.00003761,3307.03,MARK_PRICE_PREVIOUS_FALLBACK,1768694400000,1
ETHUSDT,1768723200000,0.00001351,3305.66,MARK_PRICE_EXACT_OPEN,1768723200000,0
ETHUSDT,1768752000000,0.00002477,3332.52959941,MARK_PRICE_EXACT_OPEN,1768752000000,0
ETHUSDT,1768780800007,0.00005221,3263.39493411,MARK_PRICE_PREVIOUS_FALLBACK,1768780800000,7
ETHUSDT,1768809600007,-0.0000114,3202.94,MARK_PRICE_PREVIOUS_FALLBACK,1768809600000,7
ETHUSDT,1768838400007,0.00001428,3214.96,MARK_PRICE_PREVIOUS_FALLBACK,1768838400000,7
ETHUSDT,1768867200005,0.00008611,3186.25018102,MARK_PRICE_PREVIOUS_FALLBACK,1768867200000,5
ETHUSDT,1768896000001,0.00006101,3119.81412403,MARK_PRICE_PREVIOUS_FALLBACK,1768896000000,1
ETHUSDT,1768924800009,0.00001232,3032.02549612,MARK_PRICE_PREVIOUS_FALLBACK,1768924800000,9
ETHUSDT,1768953600001,0.00000552,2943.17,MARK_PRICE_PREVIOUS_FALLBACK,1768953600000,1
ETHUSDT,1768982400011,0.0000053,2966.1,MARK_PRICE_PREVIOUS_FALLBACK,1768982400000,11
ETHUSDT,1769011200011,0.00001113,3001.55482171,MARK_PRICE_PREVIOUS_FALLBACK,1769011200000,11
ETHUSDT,1769040000010,0.00002119,2984.70424806,MARK_PRICE_PREVIOUS_FALLBACK,1769040000000,10
ETHUSDT,1769068800003,0.00007681,3001.24162791,MARK_PRICE_PREVIOUS_FALLBACK,1769068800000,3
ETHUSDT,1769097600005,-0.00002933,2943.45,MARK_PRICE_PREVIOUS_FALLBACK,1769097600000,5
ETHUSDT,1769126400005,0.00001674,2952.04846512,MARK_PRICE_PREVIOUS_FALLBACK,1769126400000,5
ETHUSDT,1769155200000,0.00002868,2946.81664341,MARK_PRICE_EXACT_OPEN,1769155200000,0
ETHUSDT,1769184000011,0.00005045,2948.24,MARK_PRICE_PREVIOUS_FALLBACK,1769184000000,11
ETHUSDT,1769212800011,0.00003675,2955.28,MARK_PRICE_PREVIOUS_FALLBACK,1769212800000,11
ETHUSDT,1769241600002,0.00001171,2956.58872072,MARK_PRICE_PREVIOUS_FALLBACK,1769241600000,2
ETHUSDT,1769270400001,0.00001292,2957.35,MARK_PRICE_PREVIOUS_FALLBACK,1769270400000,1
ETHUSDT,1769299200002,0.00004065,2952.46189922,MARK_PRICE_PREVIOUS_FALLBACK,1769299200000,2
ETHUSDT,1769328000011,0.00006759,2937.64527907,MARK_PRICE_PREVIOUS_FALLBACK,1769328000000,11
ETHUSDT,1769356800005,0.00004059,2925.24,MARK_PRICE_PREVIOUS_FALLBACK,1769356800000,5
ETHUSDT,1769385600000,-0.00013629,2815.61845736,MARK_PRICE_EXACT_OPEN,1769385600000,0
ETHUSDT,1769414400003,0.0000654,2902.91,MARK_PRICE_PREVIOUS_FALLBACK,1769414400000,3
ETHUSDT,1769443200000,0.00001326,2898.08531008,MARK_PRICE_EXACT_OPEN,1769443200000,0
ETHUSDT,1769472000002,0.00007255,2924.98,MARK_PRICE_PREVIOUS_FALLBACK,1769472000000,2
ETHUSDT,1769500800000,0.00008694,2927.95,MARK_PRICE_EXACT_OPEN,1769500800000,0
ETHUSDT,1769529600000,0.00009488,2936.48269848,MARK_PRICE_EXACT_OPEN,1769529600000,0
ETHUSDT,1769558400000,0.00008698,3024.92,MARK_PRICE_EXACT_OPEN,1769558400000,0
ETHUSDT,1769587200000,0.00009559,3004.06,MARK_PRICE_EXACT_OPEN,1769587200000,0
ETHUSDT,1769616000000,0.00004501,3006.11,MARK_PRICE_EXACT_OPEN,1769616000000,0
ETHUSDT,1769644800000,0.00004731,3009.43262791,MARK_PRICE_EXACT_OPEN,1769644800000,0
ETHUSDT,1769673600009,0.00004078,2958.07675194,MARK_PRICE_PREVIOUS_FALLBACK,1769673600000,9
ETHUSDT,1769702400000,-0.00001167,2822.9803769,MARK_PRICE_EXACT_OPEN,1769702400000,0
ETHUSDT,1769731200008,0.00000473,2823.10758915,MARK_PRICE_PREVIOUS_FALLBACK,1769731200000,8
ETHUSDT,1769760000000,-0.00000308,2738.97818605,MARK_PRICE_EXACT_OPEN,1769760000000,0
ETHUSDT,1769788800001,-5.6e-7,2728.38,MARK_PRICE_PREVIOUS_FALLBACK,1769788800000,1
ETHUSDT,1769817600000,-0.00007003,2705.70828682,MARK_PRICE_EXACT_OPEN,1769817600000,0
ETHUSDT,1769846400001,0.00001854,2679.86,MARK_PRICE_PREVIOUS_FALLBACK,1769846400000,1
ETHUSDT,1769875200009,-0.00008908,2534.29,MARK_PRICE_PREVIOUS_FALLBACK,1769875200000,9
ETHUSDT,1769904000001,-0.00016427,2446.74,MARK_PRICE_PREVIOUS_FALLBACK,1769904000000,1
ETHUSDT,1769932800004,0.00001415,2412.08729845,MARK_PRICE_PREVIOUS_FALLBACK,1769932800000,4
ETHUSDT,1769961600000,-0.00007308,2313.97,MARK_PRICE_EXACT_OPEN,1769961600000,0
ETHUSDT,1769990400000,-0.00015302,2269.04,MARK_PRICE_EXACT_OPEN,1769990400000,0
ETHUSDT,1770019200014,-0.00008208,2228.61662403,MARK_PRICE_PREVIOUS_FALLBACK,1770019200000,14
ETHUSDT,1770048000000,-0.00010921,2370.86,MARK_PRICE_EXACT_OPEN,1770048000000,0
ETHUSDT,1770076800000,-0.00015482,2345.61148757,MARK_PRICE_EXACT_OPEN,1770076800000,0
ETHUSDT,1770105600007,0.0000101,2320.79,MARK_PRICE_PREVIOUS_FALLBACK,1770105600000,7
ETHUSDT,1770134400000,-0.00003903,2302.36555814,MARK_PRICE_EXACT_OPEN,1770134400000,0
ETHUSDT,1770163200002,-0.00002474,2229.2845969,MARK_PRICE_PREVIOUS_FALLBACK,1770163200000,2
ETHUSDT,1770192000007,0.00002076,2284.26,MARK_PRICE_PREVIOUS_FALLBACK,1770192000000,7
ETHUSDT,1770220800000,-0.00006117,2150.2983761,MARK_PRICE_EXACT_OPEN,1770220800000,0
ETHUSDT,1770249600011,0.00005503,2145.5,MARK_PRICE_PREVIOUS_FALLBACK,1770249600000,11
ETHUSDT,1770278400000,-0.00000504,2090.27147955,MARK_PRICE_EXACT_OPEN,1770278400000,0
ETHUSDT,1770307200007,-0.00007797,1962.15,MARK_PRICE_PREVIOUS_FALLBACK,1770307200000,7
ETHUSDT,1770336000000,-0.00027709,1825.43212403,MARK_PRICE_EXACT_OPEN,1770336000000,0
ETHUSDT,1770364800001,-0.0000843,1896.79,MARK_PRICE_PREVIOUS_FALLBACK,1770364800000,1
ETHUSDT,1770393600000,0.00001852,1979.44,MARK_PRICE_EXACT_OPEN,1770393600000,0
ETHUSDT,1770422400003,0.0001,2059.3,MARK_PRICE_PREVIOUS_FALLBACK,1770422400000,3
ETHUSDT,1770451200000,-0.00000183,2027.29,MARK_PRICE_EXACT_OPEN,1770451200000,0
ETHUSDT,1770480000010,0.00001636,2051.22966667,MARK_PRICE_PREVIOUS_FALLBACK,1770480000000,10
ETHUSDT,1770508800003,0.00002665,2086.14,MARK_PRICE_PREVIOUS_FALLBACK,1770508800000,3
ETHUSDT,1770537600000,-0.00003046,2083.49,MARK_PRICE_EXACT_OPEN,1770537600000,0
ETHUSDT,1770566400000,-0.00005398,2107.3,MARK_PRICE_EXACT_OPEN,1770566400000,0
ETHUSDT,1770595200002,-0.00004033,2089.40648837,MARK_PRICE_PREVIOUS_FALLBACK,1770595200000,2
ETHUSDT,1770624000001,-0.00004865,2067.56758915,MARK_PRICE_PREVIOUS_FALLBACK,1770624000000,1
ETHUSDT,1770652800007,-0.00000334,2060.08,MARK_PRICE_PREVIOUS_FALLBACK,1770652800000,7
ETHUSDT,1770681600000,0.00004269,2103.96,MARK_PRICE_EXACT_OPEN,1770681600000,0
ETHUSDT,1770710400007,-0.0001521,2007.04,MARK_PRICE_PREVIOUS_FALLBACK,1770710400000,7
ETHUSDT,1770739200000,-0.00019437,2021.35,MARK_PRICE_EXACT_OPEN,1770739200000,0
ETHUSDT,1770768000000,-0.00008436,2021.51,MARK_PRICE_EXACT_OPEN,1770768000000,0
ETHUSDT,1770796800006,-0.00012968,1949.48,MARK_PRICE_PREVIOUS_FALLBACK,1770796800000,6
ETHUSDT,1770825600000,-0.00012326,1928.4509845,MARK_PRICE_EXACT_OPEN,1770825600000,0
ETHUSDT,1770854400000,-0.00002549,1941.76651938,MARK_PRICE_EXACT_OPEN,1770854400000,0
ETHUSDT,1770883200001,0.00002239,1970.45,MARK_PRICE_PREVIOUS_FALLBACK,1770883200000,1
ETHUSDT,1770912000001,-0.00004103,1948.30118605,MARK_PRICE_PREVIOUS_FALLBACK,1770912000000,1
ETHUSDT,1770940800007,-0.00010652,1944.4,MARK_PRICE_PREVIOUS_FALLBACK,1770940800000,7
ETHUSDT,1770969600003,-0.00002874,1935.4803328,MARK_PRICE_PREVIOUS_FALLBACK,1770969600000,3
ETHUSDT,1770998400005,0.0000426,2031.99993023,MARK_PRICE_PREVIOUS_FALLBACK,1770998400000,5
ETHUSDT,1771027200002,-0.00000268,2047.40306202,MARK_PRICE_PREVIOUS_FALLBACK,1771027200000,2
ETHUSDT,1771056000004,0.00001442,2056.95253809,MARK_PRICE_PREVIOUS_FALLBACK,1771056000000,4
ETHUSDT,1771084800002,-0.00001921,2085.02207752,MARK_PRICE_PREVIOUS_FALLBACK,1771084800000,2
ETHUSDT,1771113600000,-0.00006367,2085.43,MARK_PRICE_EXACT_OPEN,1771113600000,0
ETHUSDT,1771142400002,0.00006204,2091.88,MARK_PRICE_PREVIOUS_FALLBACK,1771142400000,2
ETHUSDT,1771171200000,-0.0000755,2010.49924031,MARK_PRICE_EXACT_OPEN,1771171200000,0
ETHUSDT,1771200000001,-0.00005314,1963.66,MARK_PRICE_PREVIOUS_FALLBACK,1771200000000,1
ETHUSDT,1771228800003,-0.00005925,1970.79,MARK_PRICE_PREVIOUS_FALLBACK,1771228800000,3
ETHUSDT,1771257600000,-0.00003499,1955.64,MARK_PRICE_EXACT_OPEN,1771257600000,0
ETHUSDT,1771286400008,0.00005298,1997.19,MARK_PRICE_PREVIOUS_FALLBACK,1771286400000,8
ETHUSDT,1771315200001,0.00000843,1987,MARK_PRICE_PREVIOUS_FALLBACK,1771315200000,1
ETHUSDT,1771344000002,-0.00004733,1968.46,MARK_PRICE_PREVIOUS_FALLBACK,1771344000000,2
ETHUSDT,1771372800000,0.00001121,1990.67,MARK_PRICE_EXACT_OPEN,1771372800000,0
ETHUSDT,1771401600000,-0.00003783,2017.19,MARK_PRICE_EXACT_OPEN,1771401600000,0
ETHUSDT,1771430400011,-0.00000866,1982.5,MARK_PRICE_PREVIOUS_FALLBACK,1771430400000,11
ETHUSDT,1771459200013,-0.00010561,1953.33605426,MARK_PRICE_PREVIOUS_FALLBACK,1771459200000,13
ETHUSDT,1771488000000,-0.00003009,1980.92695349,MARK_PRICE_EXACT_OPEN,1771488000000,0
ETHUSDT,1771516800003,-0.00007865,1922.63,MARK_PRICE_PREVIOUS_FALLBACK,1771516800000,3
ETHUSDT,1771545600000,-0.00004637,1948.15,MARK_PRICE_EXACT_OPEN,1771545600000,0
ETHUSDT,1771574400000,-0.0000319,1959.88086047,MARK_PRICE_EXACT_OPEN,1771574400000,0
ETHUSDT,1771603200000,-0.0000716,1963.06,MARK_PRICE_EXACT_OPEN,1771603200000,0
ETHUSDT,1771632000004,0.0000305,1967.08,MARK_PRICE_PREVIOUS_FALLBACK,1771632000000,4
ETHUSDT,1771660800000,0.00004592,1962.01,MARK_PRICE_EXACT_OPEN,1771660800000,0
ETHUSDT,1771689600005,0.00006628,1987.23130233,MARK_PRICE_PREVIOUS_FALLBACK,1771689600000,5
ETHUSDT,1771718400001,0.00003845,1972.73,MARK_PRICE_PREVIOUS_FALLBACK,1771718400000,1
ETHUSDT,1771747200004,0.00001584,1974.97,MARK_PRICE_PREVIOUS_FALLBACK,1771747200000,4
ETHUSDT,1771776000000,-0.00004379,1953.10791099,MARK_PRICE_EXACT_OPEN,1771776000000,0
ETHUSDT,1771804800001,-0.00003343,1957.06000775,MARK_PRICE_PREVIOUS_FALLBACK,1771804800000,1
ETHUSDT,1771833600000,-0.00036526,1884.28513953,MARK_PRICE_EXACT_OPEN,1771833600000,0
ETHUSDT,1771862400000,0.00001654,1895.06148062,MARK_PRICE_EXACT_OPEN,1771862400000,0
ETHUSDT,1771891200007,0.0000261,1858.34073625,MARK_PRICE_PREVIOUS_FALLBACK,1771891200000,7
ETHUSDT,1771920000000,-0.00004446,1824.77,MARK_PRICE_EXACT_OPEN,1771920000000,0
ETHUSDT,1771948800001,-0.00002974,1847.58,MARK_PRICE_PREVIOUS_FALLBACK,1771948800000,1
ETHUSDT,1771977600001,-0.00002455,1851.21,MARK_PRICE_PREVIOUS_FALLBACK,1771977600000,1
ETHUSDT,1772006400007,0.00004558,1892.55,MARK_PRICE_PREVIOUS_FALLBACK,1772006400000,7
ETHUSDT,1772035200000,0.00005753,2012.98563566,MARK_PRICE_EXACT_OPEN,1772035200000,0
ETHUSDT,1772064000000,0.00007787,2056.85373643,MARK_PRICE_EXACT_OPEN,1772064000000,0
ETHUSDT,1772092800006,-0.00002591,2054.53488773,MARK_PRICE_PREVIOUS_FALLBACK,1772092800000,6
ETHUSDT,1772121600002,0.00003926,2036.73421623,MARK_PRICE_PREVIOUS_FALLBACK,1772121600000,2
ETHUSDT,1772150400007,0.0000139,2025.30962791,MARK_PRICE_PREVIOUS_FALLBACK,1772150400000,7
ETHUSDT,1772179200000,0.00000334,2031.54,MARK_PRICE_EXACT_OPEN,1772179200000,0
ETHUSDT,1772208000001,-0.00011015,1945.63410853,MARK_PRICE_PREVIOUS_FALLBACK,1772208000000,1
ETHUSDT,1772236800000,-0.00008821,1928.71803128,MARK_PRICE_EXACT_OPEN,1772236800000,0
ETHUSDT,1772265600000,-0.00009456,1865.63,MARK_PRICE_EXACT_OPEN,1772265600000,0
ETHUSDT,1772294400004,-0.00007186,1895.51518605,MARK_PRICE_PREVIOUS_FALLBACK,1772294400000,4
ETHUSDT,1772323200005,-0.00003406,1965.09,MARK_PRICE_PREVIOUS_FALLBACK,1772323200000,5
ETHUSDT,1772352000000,0.00004986,2006.28889147,MARK_PRICE_EXACT_OPEN,1772352000000,0
ETHUSDT,1772380800002,0.00005291,1990.9,MARK_PRICE_PREVIOUS_FALLBACK,1772380800000,2
ETHUSDT,1772409600001,-0.00007621,1937.13368992,MARK_PRICE_PREVIOUS_FALLBACK,1772409600000,1
ETHUSDT,1772438400007,-0.0000431,1937.73449612,MARK_PRICE_PREVIOUS_FALLBACK,1772438400000,7
ETHUSDT,1772467200000,-0.00006736,2046.41481395,MARK_PRICE_EXACT_OPEN,1772467200000,0
ETHUSDT,1772496000000,0.0000493,2026.7,MARK_PRICE_EXACT_OPEN,1772496000000,0
ETHUSDT,1772524800000,-0.00002809,1995.33233761,MARK_PRICE_EXACT_OPEN,1772524800000,0
ETHUSDT,1772553600007,-0.00009532,1966.6959845,MARK_PRICE_PREVIOUS_FALLBACK,1772553600000,7
ETHUSDT,1772582400001,-0.00000392,1979.82046512,MARK_PRICE_PREVIOUS_FALLBACK,1772582400000,1
ETHUSDT,1772611200005,-0.00007107,2016.05,MARK_PRICE_PREVIOUS_FALLBACK,1772611200000,5
ETHUSDT,1772640000000,0.00006615,2149.3,MARK_PRICE_EXACT_OPEN,1772640000000,0
ETHUSDT,1772668800000,-0.00001331,2126.39948837,MARK_PRICE_EXACT_OPEN,1772668800000,0
ETHUSDT,1772697600000,-0.00000837,2104.44000775,MARK_PRICE_EXACT_OPEN,1772697600000,0
ETHUSDT,1772726400004,-0.00001463,2083.14,MARK_PRICE_PREVIOUS_FALLBACK,1772726400000,4
ETHUSDT,1772755200001,0.00004376,2071.48,MARK_PRICE_PREVIOUS_FALLBACK,1772755200000,1
ETHUSDT,1772784000001,-0.00002383,2080.28553488,MARK_PRICE_PREVIOUS_FALLBACK,1772784000000,1
ETHUSDT,1772812800004,-0.00009858,1976.75665196,MARK_PRICE_PREVIOUS_FALLBACK,1772812800000,4
ETHUSDT,1772841600001,-0.00004995,1978.07231008,MARK_PRICE_PREVIOUS_FALLBACK,1772841600000,1
ETHUSDT,1772870400012,-0.00000916,1981.29,MARK_PRICE_PREVIOUS_FALLBACK,1772870400000,12
ETHUSDT,1772899200001,-0.0000226,1978.72844026,MARK_PRICE_PREVIOUS_FALLBACK,1772899200000,1
ETHUSDT,1772928000001,-0.00004775,1969.82727132,MARK_PRICE_PREVIOUS_FALLBACK,1772928000000,1
ETHUSDT,1772956800000,-0.00008766,1954.22631783,MARK_PRICE_EXACT_OPEN,1772956800000,0
ETHUSDT,1772985600002,-0.00007522,1941.32055814,MARK_PRICE_PREVIOUS_FALLBACK,1772985600000,2
ETHUSDT,1773014400000,-0.00022545,1936.1790417,MARK_PRICE_EXACT_OPEN,1773014400000,0
ETHUSDT,1773043200004,0.00002557,1983.37762791,MARK_PRICE_PREVIOUS_FALLBACK,1773043200000,4
ETHUSDT,1773072000003,0.00005482,2022.08754264,MARK_PRICE_PREVIOUS_FALLBACK,1773072000000,3
ETHUSDT,1773100800012,0.00004253,1992.35,MARK_PRICE_PREVIOUS_FALLBACK,1773100800000,12
ETHUSDT,1773129600002,0.00005082,2052.57,MARK_PRICE_PREVIOUS_FALLBACK,1773129600000,2
ETHUSDT,1773158400001,0.00002672,2078.56,MARK_PRICE_PREVIOUS_FALLBACK,1773158400000,1
ETHUSDT,1773187200000,-0.00000394,2035.59637984,MARK_PRICE_EXACT_OPEN,1773187200000,0
ETHUSDT,1773216000007,-7.4e-7,2011.79887597,MARK_PRICE_PREVIOUS_FALLBACK,1773216000000,7
ETHUSDT,1773244800010,0.00002992,2049,MARK_PRICE_PREVIOUS_FALLBACK,1773244800000,10
ETHUSDT,1773273600000,0.00000902,2051.23,MARK_PRICE_EXACT_OPEN,1773273600000,0
ETHUSDT,1773302400000,-0.00006811,2039.93721705,MARK_PRICE_EXACT_OPEN,1773302400000,0
ETHUSDT,1773331200000,-0.00001513,2071.52148062,MARK_PRICE_EXACT_OPEN,1773331200000,0
ETHUSDT,1773360000006,0.00002264,2071.99,MARK_PRICE_PREVIOUS_FALLBACK,1773360000000,6
ETHUSDT,1773388800001,-6.3e-7,2099.11451938,MARK_PRICE_PREVIOUS_FALLBACK,1773388800000,1
ETHUSDT,1773417600000,0.00002099,2127.23178295,MARK_PRICE_EXACT_OPEN,1773417600000,0
ETHUSDT,1773446400001,0.00002679,2089.07988372,MARK_PRICE_PREVIOUS_FALLBACK,1773446400000,1
ETHUSDT,1773475200000,-0.00002367,2076.46232663,MARK_PRICE_EXACT_OPEN,1773475200000,0
ETHUSDT,1773504000007,-0.000041,2073.26243411,MARK_PRICE_PREVIOUS_FALLBACK,1773504000000,7
ETHUSDT,1773532800000,-0.00004662,2095.28,MARK_PRICE_EXACT_OPEN,1773532800000,0
ETHUSDT,1773561600000,0.00001371,2104.96,MARK_PRICE_EXACT_OPEN,1773561600000,0
ETHUSDT,1773590400000,0.00003459,2092.93,MARK_PRICE_EXACT_OPEN,1773590400000,0
ETHUSDT,1773619200000,0.00007611,2177.73,MARK_PRICE_EXACT_OPEN,1773619200000,0
ETHUSDT,1773648000010,0.0001,2253.37043437,MARK_PRICE_PREVIOUS_FALLBACK,1773648000000,10
ETHUSDT,1773676800000,0.00007073,2272.54772868,MARK_PRICE_EXACT_OPEN,1773676800000,0
ETHUSDT,1773705600000,0.00005155,2351.67,MARK_PRICE_EXACT_OPEN,1773705600000,0
ETHUSDT,1773734400002,0.00001964,2329.39763566,MARK_PRICE_PREVIOUS_FALLBACK,1773734400000,2
ETHUSDT,1773763200011,-0.00001057,2316.14932237,MARK_PRICE_PREVIOUS_FALLBACK,1773763200000,11
ETHUSDT,1773792000002,0.00001504,2317.15624031,MARK_PRICE_PREVIOUS_FALLBACK,1773792000000,2
ETHUSDT,1773820800002,0.00001301,2316.39,MARK_PRICE_PREVIOUS_FALLBACK,1773820800000,2
ETHUSDT,1773849600005,-0.00001399,2184.5,MARK_PRICE_PREVIOUS_FALLBACK,1773849600000,5
ETHUSDT,1773878400000,-0.0000038,2202.12944186,MARK_PRICE_EXACT_OPEN,1773878400000,0
ETHUSDT,1773907200003,-0.00000871,2167.9708062,MARK_PRICE_PREVIOUS_FALLBACK,1773907200000,3
ETHUSDT,1773936000003,6.6e-7,2116.37,MARK_PRICE_PREVIOUS_FALLBACK,1773936000000,3
ETHUSDT,1773964800002,-0.00006348,2137.78413178,MARK_PRICE_PREVIOUS_FALLBACK,1773964800000,2
ETHUSDT,1773993600000,-0.00005947,2149.3539845,MARK_PRICE_EXACT_OPEN,1773993600000,0
ETHUSDT,1774022400000,-7.2e-7,2133.08,MARK_PRICE_EXACT_OPEN,1774022400000,0
ETHUSDT,1774051200000,0.00002359,2145.21475969,MARK_PRICE_EXACT_OPEN,1774051200000,0
ETHUSDT,1774080000000,0.00001136,2154.4,MARK_PRICE_EXACT_OPEN,1774080000000,0
ETHUSDT,1774108800014,0.00002063,2151.62613472,MARK_PRICE_PREVIOUS_FALLBACK,1774108800000,14
ETHUSDT,1774137600012,-0.00001052,2075.81,MARK_PRICE_PREVIOUS_FALLBACK,1774137600000,12
ETHUSDT,1774166400007,0.0000114,2094.26168992,MARK_PRICE_PREVIOUS_FALLBACK,1774166400000,7
ETHUSDT,1774195200002,-0.00007418,2080.93042636,MARK_PRICE_PREVIOUS_FALLBACK,1774195200000,2
ETHUSDT,1774224000000,-0.00005929,2052.99970543,MARK_PRICE_EXACT_OPEN,1774224000000,0
ETHUSDT,1774252800003,-0.00000316,2045.2,MARK_PRICE_PREVIOUS_FALLBACK,1774252800000,3
ETHUSDT,1774281600002,0.0000611,2129.85,MARK_PRICE_PREVIOUS_FALLBACK,1774281600000,2
ETHUSDT,1774310400000,0.0000288,2151.06048062,MARK_PRICE_EXACT_OPEN,1774310400000,0
ETHUSDT,1774339200000,0.00002122,2164.49,MARK_PRICE_EXACT_OPEN,1774339200000,0
ETHUSDT,1774368000003,-0.00002682,2133.22,MARK_PRICE_PREVIOUS_FALLBACK,1774368000000,3
ETHUSDT,1774396800000,0.0000354,2155.29,MARK_PRICE_EXACT_OPEN,1774396800000,0
ETHUSDT,1774425600000,-0.00004168,2163.7,MARK_PRICE_EXACT_OPEN,1774425600000,0
ETHUSDT,1774454400013,0.00000527,2160.23917054,MARK_PRICE_PREVIOUS_FALLBACK,1774454400000,13
ETHUSDT,1774483200001,0.00004453,2167.78003876,MARK_PRICE_PREVIOUS_FALLBACK,1774483200000,1
ETHUSDT,1774512000001,0.00000715,2122.68,MARK_PRICE_PREVIOUS_FALLBACK,1774512000000,1
ETHUSDT,1774540800000,-0.00008212,2069.60991473,MARK_PRICE_EXACT_OPEN,1774540800000,0
ETHUSDT,1774569600006,-0.00000208,2058.02051724,MARK_PRICE_PREVIOUS_FALLBACK,1774569600000,6
ETHUSDT,1774598400000,-0.00005164,2064.86,MARK_PRICE_EXACT_OPEN,1774598400000,0
ETHUSDT,1774627200000,-0.00018104,1990.35509302,MARK_PRICE_EXACT_OPEN,1774627200000,0
ETHUSDT,1774656000005,-0.00004999,1990.81,MARK_PRICE_PREVIOUS_FALLBACK,1774656000000,5
ETHUSDT,1774684800005,-0.00008079,2005.03348837,MARK_PRICE_PREVIOUS_FALLBACK,1774684800000,5
ETHUSDT,1774713600000,4.5e-7,2025.69879845,MARK_PRICE_EXACT_OPEN,1774713600000,0
ETHUSDT,1774742400003,-0.00001122,1993.47,MARK_PRICE_PREVIOUS_FALLBACK,1774742400000,3
ETHUSDT,1774771200001,-0.00003677,2005.4,MARK_PRICE_PREVIOUS_FALLBACK,1774771200000,1
ETHUSDT,1774800000000,-0.0000376,1991.8,MARK_PRICE_EXACT_OPEN,1774800000000,0
ETHUSDT,1774828800000,-0.00002586,1983.27,MARK_PRICE_EXACT_OPEN,1774828800000,0
ETHUSDT,1774857600005,0.00001177,2059.64,MARK_PRICE_PREVIOUS_FALLBACK,1774857600000,5
ETHUSDT,1774886400000,0.00004113,2073.54,MARK_PRICE_EXACT_OPEN,1774886400000,0
ETHUSDT,1774915200000,0.00000257,2025.69,MARK_PRICE_EXACT_OPEN,1774915200000,0
ETHUSDT,1774944000000,0.00001748,2055,MARK_PRICE_EXACT_OPEN,1774944000000,0
ETHUSDT,1774972800000,-0.00000962,2053.67,MARK_PRICE_EXACT_OPEN,1774972800000,0
ETHUSDT,1775001600000,-0.00000257,2104.65,MARK_PRICE_EXACT_OPEN,1775001600000,0
ETHUSDT,1775030400000,0.00004782,2130.24,MARK_PRICE_EXACT_OPEN,1775030400000,0
ETHUSDT,1775059200000,0.00004428,2134.01,MARK_PRICE_EXACT_OPEN,1775059200000,0
ETHUSDT,1775088000003,-0.00008956,2137.83,MARK_PRICE_PREVIOUS_FALLBACK,1775088000000,3
ETHUSDT,1775116800001,-0.00013372,2052.06347287,MARK_PRICE_PREVIOUS_FALLBACK,1775116800000,1
ETHUSDT,1775145600001,-0.00007283,2056.97142342,MARK_PRICE_PREVIOUS_FALLBACK,1775145600000,1
ETHUSDT,1775174400000,-0.00002988,2056.16189922,MARK_PRICE_EXACT_OPEN,1775174400000,0
ETHUSDT,1775203200008,0.00000637,2065.9,MARK_PRICE_PREVIOUS_FALLBACK,1775203200000,8
ETHUSDT,1775232000008,-0.00000958,2050.16451163,MARK_PRICE_PREVIOUS_FALLBACK,1775232000000,8
ETHUSDT,1775260800000,-3e-7,2053,MARK_PRICE_EXACT_OPEN,1775260800000,0
ETHUSDT,1775289600003,0.00004915,2052.98409009,MARK_PRICE_PREVIOUS_FALLBACK,1775289600000,3
ETHUSDT,1775318400000,0.00000735,2055.16693694,MARK_PRICE_EXACT_OPEN,1775318400000,0
ETHUSDT,1775347200008,0.00002442,2063.81,MARK_PRICE_PREVIOUS_FALLBACK,1775347200000,8
ETHUSDT,1775376000000,0.00000623,2036.31707829,MARK_PRICE_EXACT_OPEN,1775376000000,0
ETHUSDT,1775404800001,-0.0000434,2054.27396899,MARK_PRICE_PREVIOUS_FALLBACK,1775404800000,1
ETHUSDT,1775433600004,0.00002356,2115.72936247,MARK_PRICE_PREVIOUS_FALLBACK,1775433600000,4
ETHUSDT,1775462400001,0.00006201,2135.41,MARK_PRICE_PREVIOUS_FALLBACK,1775462400000,1
ETHUSDT,1775491200003,0.00002033,2162.55724806,MARK_PRICE_PREVIOUS_FALLBACK,1775491200000,3
ETHUSDT,1775520000000,-0.00003933,2106.37611628,MARK_PRICE_EXACT_OPEN,1775520000000,0
ETHUSDT,1775548800000,-0.00002975,2103.20556937,MARK_PRICE_EXACT_OPEN,1775548800000,0
ETHUSDT,1775577600000,0.00001031,2079.3715814,MARK_PRICE_EXACT_OPEN,1775577600000,0
ETHUSDT,1775606400000,0.0001,2239.40704651,MARK_PRICE_EXACT_OPEN,1775606400000,0
ETHUSDT,1775635200000,0.00005834,2252.75,MARK_PRICE_EXACT_OPEN,1775635200000,0
ETHUSDT,1775664000006,0.00006711,2214.79,MARK_PRICE_PREVIOUS_FALLBACK,1775664000000,6
ETHUSDT,1775692800000,0.0000332,2189.12637129,MARK_PRICE_EXACT_OPEN,1775692800000,0
ETHUSDT,1775721600010,-0.00001493,2179.03,MARK_PRICE_PREVIOUS_FALLBACK,1775721600000,10
ETHUSDT,1775750400001,0.00001917,2222.21135225,MARK_PRICE_PREVIOUS_FALLBACK,1775750400000,1
ETHUSDT,1775779200000,0.0000125,2189.27089147,MARK_PRICE_EXACT_OPEN,1775779200000,0
ETHUSDT,1775808000005,0.00000283,2177.82,MARK_PRICE_PREVIOUS_FALLBACK,1775808000000,5
ETHUSDT,1775836800000,-0.00000448,2222.95,MARK_PRICE_EXACT_OPEN,1775836800000,0
ETHUSDT,1775865600000,-0.00006627,2243.90127718,MARK_PRICE_EXACT_OPEN,1775865600000,0
ETHUSDT,1775894400000,-0.00007635,2231.68,MARK_PRICE_EXACT_OPEN,1775894400000,0
ETHUSDT,1775923200003,-0.0000326,2248.36020449,MARK_PRICE_PREVIOUS_FALLBACK,1775923200000,3
ETHUSDT,1775952000000,0.00008271,2283.85,MARK_PRICE_EXACT_OPEN,1775952000000,0
ETHUSDT,1775980800000,-0.00003576,2217.0434603,MARK_PRICE_EXACT_OPEN,1775980800000,0
ETHUSDT,1776009600000,-0.00005477,2185.27,MARK_PRICE_EXACT_OPEN,1776009600000,0
ETHUSDT,1776038400011,-0.00000986,2186.6,MARK_PRICE_PREVIOUS_FALLBACK,1776038400000,11
ETHUSDT,1776067200006,0.00003028,2185.08,MARK_PRICE_PREVIOUS_FALLBACK,1776067200000,6
ETHUSDT,1776096000000,0.00003014,2208.23037209,MARK_PRICE_EXACT_OPEN,1776096000000,0
ETHUSDT,1776124800005,0.0001,2373.27,MARK_PRICE_PREVIOUS_FALLBACK,1776124800000,5
ETHUSDT,1776153600003,0.0001,2376.8354186,MARK_PRICE_PREVIOUS_FALLBACK,1776153600000,3
ETHUSDT,1776182400001,0.0000349,2363.26,MARK_PRICE_PREVIOUS_FALLBACK,1776182400000,1
ETHUSDT,1776211200000,0.00001802,2321.24296124,MARK_PRICE_EXACT_OPEN,1776211200000,0
ETHUSDT,1776240000000,0.00001648,2315.53,MARK_PRICE_EXACT_OPEN,1776240000000,0
ETHUSDT,1776268800000,0.00000261,2331.16313953,MARK_PRICE_EXACT_OPEN,1776268800000,0
ETHUSDT,1776297600013,-0.00001717,2358.19,MARK_PRICE_PREVIOUS_FALLBACK,1776297600000,13
ETHUSDT,1776326400000,-0.00005141,2340.5307907,MARK_PRICE_EXACT_OPEN,1776326400000,0
ETHUSDT,1776355200000,-0.00003792,2337.75872093,MARK_PRICE_EXACT_OPEN,1776355200000,0
ETHUSDT,1776384000001,0.00000861,2347.16,MARK_PRICE_PREVIOUS_FALLBACK,1776384000000,1
ETHUSDT,1776412800011,0.00000822,2333.1799845,MARK_PRICE_PREVIOUS_FALLBACK,1776412800000,11
ETHUSDT,1776441600001,0.00001819,2440.89482946,MARK_PRICE_PREVIOUS_FALLBACK,1776441600000,1
ETHUSDT,1776470400001,-0.00002327,2419.48983561,MARK_PRICE_PREVIOUS_FALLBACK,1776470400000,1
ETHUSDT,1776499200006,-0.00001075,2401.81978295,MARK_PRICE_PREVIOUS_FALLBACK,1776499200000,6
ETHUSDT,1776528000000,-0.00015064,2361.98,MARK_PRICE_EXACT_OPEN,1776528000000,0
ETHUSDT,1776556800002,-0.00010377,2348.83,MARK_PRICE_PREVIOUS_FALLBACK,1776556800000,2
ETHUSDT,1776585600010,-0.00011438,2312.99,MARK_PRICE_PREVIOUS_FALLBACK,1776585600000,10
ETHUSDT,1776614400001,-0.00022976,2325.69,MARK_PRICE_PREVIOUS_FALLBACK,1776614400000,1
ETHUSDT,1776643200000,-0.00000927,2261.93,MARK_PRICE_EXACT_OPEN,1776643200000,0
ETHUSDT,1776672000000,-0.00001408,2296.83,MARK_PRICE_EXACT_OPEN,1776672000000,0
ETHUSDT,1776700800001,0.0000081,2309.20282171,MARK_PRICE_PREVIOUS_FALLBACK,1776700800000,1
ETHUSDT,1776729600000,-0.00004382,2312.6,MARK_PRICE_EXACT_OPEN,1776729600000,0
ETHUSDT,1776758400004,-0.0000372,2317.02097674,MARK_PRICE_PREVIOUS_FALLBACK,1776758400000,4
ETHUSDT,1776787200004,-0.00003676,2312.72914729,MARK_PRICE_PREVIOUS_FALLBACK,1776787200000,4
ETHUSDT,1776816000004,-0.00002128,2326.66789922,MARK_PRICE_PREVIOUS_FALLBACK,1776816000000,4
ETHUSDT,1776844800000,0.0001,2389.25,MARK_PRICE_EXACT_OPEN,1776844800000,0
ETHUSDT,1776873600000,0.00007797,2402.68,MARK_PRICE_EXACT_OPEN,1776873600000,0
ETHUSDT,1776902400000,0.0001,2373.05,MARK_PRICE_EXACT_OPEN,1776902400000,0
ETHUSDT,1776931200000,-0.00001984,2342.82034884,MARK_PRICE_EXACT_OPEN,1776931200000,0
ETHUSDT,1776960000004,-0.00006025,2331.21431008,MARK_PRICE_PREVIOUS_FALLBACK,1776960000000,4
ETHUSDT,1776988800006,-0.00003645,2330.39106306,MARK_PRICE_PREVIOUS_FALLBACK,1776988800000,6
ETHUSDT,1777017600000,-0.0000698,2310.49,MARK_PRICE_EXACT_OPEN,1777017600000,0
ETHUSDT,1777046400000,-0.00012145,2322.99572805,MARK_PRICE_EXACT_OPEN,1777046400000,0
ETHUSDT,1777075200000,-0.00004387,2313.88,MARK_PRICE_EXACT_OPEN,1777075200000,0
ETHUSDT,1777104000002,-0.00002141,2315.21,MARK_PRICE_PREVIOUS_FALLBACK,1777104000000,2
ETHUSDT,1777132800002,-0.00004431,2307.1041938,MARK_PRICE_PREVIOUS_FALLBACK,1777132800000,2
ETHUSDT,1777161600003,-0.00001131,2316.94882171,MARK_PRICE_PREVIOUS_FALLBACK,1777161600000,3
ETHUSDT,1777190400007,-0.00001931,2330.83,MARK_PRICE_PREVIOUS_FALLBACK,1777190400000,7
ETHUSDT,1777219200004,-0.00002842,2346.09,MARK_PRICE_PREVIOUS_FALLBACK,1777219200000,4
ETHUSDT,1777248000004,-0.00006636,2371.60158915,MARK_PRICE_PREVIOUS_FALLBACK,1777248000000,4
ETHUSDT,1777276800000,-0.00007865,2314.5,MARK_PRICE_EXACT_OPEN,1777276800000,0
ETHUSDT,1777305600002,-0.00007593,2271.38448837,MARK_PRICE_PREVIOUS_FALLBACK,1777305600000,2
ETHUSDT,1777334400001,-0.00016104,2300.2559845,MARK_PRICE_PREVIOUS_FALLBACK,1777334400000,1
ETHUSDT,1777363200000,-0.00011678,2286.49,MARK_PRICE_EXACT_OPEN,1777363200000,0
ETHUSDT,1777392000004,2.5e-7,2278.30462016,MARK_PRICE_PREVIOUS_FALLBACK,1777392000000,4
ETHUSDT,1777420800006,0.00002842,2287.41192248,MARK_PRICE_PREVIOUS_FALLBACK,1777420800000,6
ETHUSDT,1777449600011,0.00004666,2324.21916279,MARK_PRICE_PREVIOUS_FALLBACK,1777449600000,11
ETHUSDT,1777478400003,0.00004782,2269.24637984,MARK_PRICE_PREVIOUS_FALLBACK,1777478400000,3
ETHUSDT,1777507200002,-0.00006092,2254.19415504,MARK_PRICE_PREVIOUS_FALLBACK,1777507200000,2
ETHUSDT,1777536000000,-0.00004636,2258.99,MARK_PRICE_EXACT_OPEN,1777536000000,0
ETHUSDT,1777564800000,-0.00007717,2264.65,MARK_PRICE_EXACT_OPEN,1777564800000,0
ETHUSDT,1777593600000,-0.00004,2256.49,MARK_PRICE_EXACT_OPEN,1777593600000,0
ETHUSDT,1777622400005,-0.00001877,2277.87544186,MARK_PRICE_PREVIOUS_FALLBACK,1777622400000,5
ETHUSDT,1777651200000,-0.00002131,2306.97617054,MARK_PRICE_EXACT_OPEN,1777651200000,0
ETHUSDT,1777680000006,-0.00000436,2294.59,MARK_PRICE_PREVIOUS_FALLBACK,1777680000000,6
ETHUSDT,1777708800000,-0.0000382,2299.77,MARK_PRICE_EXACT_OPEN,1777708800000,0
ETHUSDT,1777737600010,-0.00000388,2307.04,MARK_PRICE_PREVIOUS_FALLBACK,1777737600000,10
ETHUSDT,1777766400005,0.0000352,2315.78,MARK_PRICE_PREVIOUS_FALLBACK,1777766400000,5
ETHUSDT,1777795200003,-0.00001628,2308.63,MARK_PRICE_PREVIOUS_FALLBACK,1777795200000,3
ETHUSDT,1777824000000,0.00008747,2327.28285886,MARK_PRICE_EXACT_OPEN,1777824000000,0
ETHUSDT,1777852800000,0.00004305,2321.67,MARK_PRICE_EXACT_OPEN,1777852800000,0
ETHUSDT,1777881600000,0.00008648,2361.95213514,MARK_PRICE_EXACT_OPEN,1777881600000,0
ETHUSDT,1777910400003,-0.00000209,2350.8,MARK_PRICE_PREVIOUS_FALLBACK,1777910400000,3
ETHUSDT,1777939200000,-0.00001957,2346.11,MARK_PRICE_EXACT_OPEN,1777939200000,0
ETHUSDT,1777968000011,-0.0000241,2379.23,MARK_PRICE_PREVIOUS_FALLBACK,1777968000000,11
ETHUSDT,1777996800000,-0.0000652,2379.74,MARK_PRICE_EXACT_OPEN,1777996800000,0
ETHUSDT,1778025600010,-0.00002041,2360.03,MARK_PRICE_PREVIOUS_FALLBACK,1778025600000,10
ETHUSDT,1778054400000,-0.00009447,2370.64217723,MARK_PRICE_EXACT_OPEN,1778054400000,0
ETHUSDT,1778083200002,-0.00005114,2357.22,MARK_PRICE_PREVIOUS_FALLBACK,1778083200000,2
ETHUSDT,1778112000000,-0.00006585,2349.72656375,MARK_PRICE_EXACT_OPEN,1778112000000,0
ETHUSDT,1778140800000,-0.00011993,2343.72764341,MARK_PRICE_EXACT_OPEN,1778140800000,0
ETHUSDT,1778169600004,-0.00004319,2291.93,MARK_PRICE_PREVIOUS_FALLBACK,1778169600000,4
ETHUSDT,1778198400003,-0.00000968,2290.71,MARK_PRICE_PREVIOUS_FALLBACK,1778198400000,3
ETHUSDT,1778227200002,-0.00002849,2279.91,MARK_PRICE_PREVIOUS_FALLBACK,1778227200000,2
ETHUSDT,1778256000003,-0.00003358,2293.71445736,MARK_PRICE_PREVIOUS_FALLBACK,1778256000000,3
ETHUSDT,1778284800000,0.00006199,2306.16622088,MARK_PRICE_EXACT_OPEN,1778284800000,0
ETHUSDT,1778313600001,0.00004314,2313.54017117,MARK_PRICE_PREVIOUS_FALLBACK,1778313600000,1
ETHUSDT,1778342400002,0.0000876,2315.58276744,MARK_PRICE_PREVIOUS_FALLBACK,1778342400000,2
ETHUSDT,1778371200003,0.0001,2326.17,MARK_PRICE_PREVIOUS_FALLBACK,1778371200000,3
ETHUSDT,1778400000000,0.00008268,2326.30303604,MARK_PRICE_EXACT_OPEN,1778400000000,0
ETHUSDT,1778428800000,0.00006714,2346.78,MARK_PRICE_EXACT_OPEN,1778428800000,0
ETHUSDT,1778457600000,0.00007463,2370.21,MARK_PRICE_EXACT_OPEN,1778457600000,0
ETHUSDT,1778486400000,0.00001995,2329.52,MARK_PRICE_EXACT_OPEN,1778486400000,0
ETHUSDT,1778515200000,0.00003355,2332.4,MARK_PRICE_EXACT_OPEN,1778515200000,0
ETHUSDT,1778544000002,0.00003946,2336.73669767,MARK_PRICE_PREVIOUS_FALLBACK,1778544000000,2
ETHUSDT,1778572800008,0.00000708,2293.42,MARK_PRICE_PREVIOUS_FALLBACK,1778572800000,8
ETHUSDT,1778601600000,0.00003956,2260.9,MARK_PRICE_EXACT_OPEN,1778601600000,0
ETHUSDT,1778630400010,0.00001323,2274.18,MARK_PRICE_PREVIOUS_FALLBACK,1778630400000,10
ETHUSDT,1778659200003,0.00005046,2302.00055856,MARK_PRICE_PREVIOUS_FALLBACK,1778659200000,3
ETHUSDT,1778688000001,0.00000545,2242.76337209,MARK_PRICE_PREVIOUS_FALLBACK,1778688000000,1
ETHUSDT,1778716800005,0.00005942,2260.99,MARK_PRICE_PREVIOUS_FALLBACK,1778716800000,5
ETHUSDT,1778745600000,0.00005526,2264.23,MARK_PRICE_EXACT_OPEN,1778745600000,0
ETHUSDT,1778774400000,0.00003946,2297.79276263,MARK_PRICE_EXACT_OPEN,1778774400000,0
ETHUSDT,1778803200000,-0.00000693,2282.06,MARK_PRICE_EXACT_OPEN,1778803200000,0
ETHUSDT,1778832000016,0.00000388,2261.73,MARK_PRICE_PREVIOUS_FALLBACK,1778832000000,16
ETHUSDT,1778860800012,0.00001397,2220.99,MARK_PRICE_PREVIOUS_FALLBACK,1778860800000,12
ETHUSDT,1778889600005,0.00007065,2223.01,MARK_PRICE_PREVIOUS_FALLBACK,1778889600000,5
ETHUSDT,1778918400000,0.00004496,2193.64284685,MARK_PRICE_EXACT_OPEN,1778918400000,0
ETHUSDT,1778947200005,0.00006508,2178.19307752,MARK_PRICE_PREVIOUS_FALLBACK,1778947200000,5
ETHUSDT,1778976000000,0.00007161,2179.66642743,MARK_PRICE_EXACT_OPEN,1778976000000,0
ETHUSDT,1779004800010,0.00004855,2184.63094071,MARK_PRICE_PREVIOUS_FALLBACK,1779004800000,10
ETHUSDT,1779033600009,0.00005341,2186.02,MARK_PRICE_PREVIOUS_FALLBACK,1779033600000,9
ETHUSDT,1779062400007,0.00001925,2127.03077519,MARK_PRICE_PREVIOUS_FALLBACK,1779062400000,7
ETHUSDT,1779091200002,0.00000652,2120.83,MARK_PRICE_PREVIOUS_FALLBACK,1779091200000,2
ETHUSDT,1779120000007,0.00005159,2104.17882946,MARK_PRICE_PREVIOUS_FALLBACK,1779120000000,7
ETHUSDT,1779148800001,0.0001,2130.0799158,MARK_PRICE_PREVIOUS_FALLBACK,1779148800000,1
ETHUSDT,1779177600001,0.00005687,2139.49028425,MARK_PRICE_PREVIOUS_FALLBACK,1779177600000,1
ETHUSDT,1779206400009,0.00003588,2109.59,MARK_PRICE_PREVIOUS_FALLBACK,1779206400000,9
ETHUSDT,1779235200001,0.00005523,2109.89456296,MARK_PRICE_PREVIOUS_FALLBACK,1779235200000,1
ETHUSDT,1779264000006,0.00003051,2128.27833601,MARK_PRICE_PREVIOUS_FALLBACK,1779264000000,6
ETHUSDT,1779292800000,0.0000529,2135.90818364,MARK_PRICE_EXACT_OPEN,1779292800000,0
ETHUSDT,1779321600001,0.00005867,2127.85629457,MARK_PRICE_PREVIOUS_FALLBACK,1779321600000,1
ETHUSDT,1779350400000,0.00002532,2134.06349612,MARK_PRICE_EXACT_OPEN,1779350400000,0
ETHUSDT,1779379200000,0.00003837,2131.5411829,MARK_PRICE_EXACT_OPEN,1779379200000,0
ETHUSDT,1779408000000,0.00004926,2132.9,MARK_PRICE_EXACT_OPEN,1779408000000,0
ETHUSDT,1779436800004,0.00003093,2128.78,MARK_PRICE_PREVIOUS_FALLBACK,1779436800000,4
ETHUSDT,1779465600001,0.00005943,2118.64,MARK_PRICE_PREVIOUS_FALLBACK,1779465600000,1
ETHUSDT,1779494400009,0.0000572,2063.34,MARK_PRICE_PREVIOUS_FALLBACK,1779494400000,9
ETHUSDT,1779523200001,0.00004466,2026.67192061,MARK_PRICE_PREVIOUS_FALLBACK,1779523200000,1
ETHUSDT,1779552000003,0.0000636,2062.42,MARK_PRICE_PREVIOUS_FALLBACK,1779552000000,3
ETHUSDT,1779580800011,0.0000802,2117.67,MARK_PRICE_PREVIOUS_FALLBACK,1779580800000,11
ETHUSDT,1779609600008,0.00008039,2120.11540792,MARK_PRICE_PREVIOUS_FALLBACK,1779609600000,8
ETHUSDT,1779638400000,0.00004195,2095.1,MARK_PRICE_EXACT_OPEN,1779638400000,0
ETHUSDT,1779667200001,0.00005359,2100.12172868,MARK_PRICE_PREVIOUS_FALLBACK,1779667200000,1
ETHUSDT,1779696000001,0.00005508,2113.51,MARK_PRICE_PREVIOUS_FALLBACK,1779696000000,1
ETHUSDT,1779724800001,0.00003249,2126.04679845,MARK_PRICE_PREVIOUS_FALLBACK,1779724800000,1
ETHUSDT,1779753600000,0.00003458,2111.73914595,MARK_PRICE_EXACT_OPEN,1779753600000,0
ETHUSDT,1779782400003,0.00003793,2094.78,MARK_PRICE_PREVIOUS_FALLBACK,1779782400000,3
ETHUSDT,1779811200000,0.00003408,2086.29189922,MARK_PRICE_EXACT_OPEN,1779811200000,0
ETHUSDT,1779840000000,0.00007351,2072.79556757,MARK_PRICE_EXACT_OPEN,1779840000000,0
ETHUSDT,1779868800004,0.00003072,2083.29,MARK_PRICE_PREVIOUS_FALLBACK,1779868800000,4
ETHUSDT,1779897600009,0.00006097,2072.16,MARK_PRICE_PREVIOUS_FALLBACK,1779897600000,9
ETHUSDT,1779926400001,0.00002421,2024.98353488,MARK_PRICE_PREVIOUS_FALLBACK,1779926400000,1
ETHUSDT,1779955200000,0.00002543,1994.32491473,MARK_PRICE_EXACT_OPEN,1779955200000,0
ETHUSDT,1779984000001,0.00002984,1988.70370543,MARK_PRICE_PREVIOUS_FALLBACK,1779984000000,1
ETHUSDT,1780012800000,0.00008553,2009.05085271,MARK_PRICE_EXACT_OPEN,1780012800000,0
ETHUSDT,1780041600001,0.0000704,2009.29544186,MARK_PRICE_PREVIOUS_FALLBACK,1780041600000,1
ETHUSDT,1780070400008,0.00006595,2030.96857364,MARK_PRICE_PREVIOUS_FALLBACK,1780070400000,8
ETHUSDT,1780099200000,0.0000454,2013.4099845,MARK_PRICE_EXACT_OPEN,1780099200000,0
ETHUSDT,1780128000001,0.00006842,2014.66235135,MARK_PRICE_PREVIOUS_FALLBACK,1780128000000,1
ETHUSDT,1780156800000,0.00005705,2025.95,MARK_PRICE_EXACT_OPEN,1780156800000,0
ETHUSDT,1780185600000,0.00009397,2021.60352399,MARK_PRICE_EXACT_OPEN,1780185600000,0
ETHUSDT,1780214400000,0.00007226,2023.13,MARK_PRICE_EXACT_OPEN,1780214400000,0
ETHUSDT,1780243200004,0.00001691,2009.90285586,MARK_PRICE_PREVIOUS_FALLBACK,1780243200000,4
ETHUSDT,1780272000001,0.00006445,2006.3,MARK_PRICE_PREVIOUS_FALLBACK,1780272000000,1
ETHUSDT,1780300800001,0.00005339,1975.94655573,MARK_PRICE_PREVIOUS_FALLBACK,1780300800000,1
ETHUSDT,1780329600000,0.00009572,1967.67821705,MARK_PRICE_EXACT_OPEN,1780329600000,0
ETHUSDT,1780358400000,0.0001,2006.05918605,MARK_PRICE_EXACT_OPEN,1780358400000,0
ETHUSDT,1780387200000,0.0001,1980.9,MARK_PRICE_EXACT_OPEN,1780387200000,0
ETHUSDT,1780416000000,0.00005699,1914.30556589,MARK_PRICE_EXACT_OPEN,1780416000000,0
ETHUSDT,1780444800013,0.00002021,1862.88247287,MARK_PRICE_PREVIOUS_FALLBACK,1780444800000,13
ETHUSDT,1780473600000,0.00009862,1877.56,MARK_PRICE_EXACT_OPEN,1780473600000,0
ETHUSDT,1780502400001,0.00007361,1837.27,MARK_PRICE_PREVIOUS_FALLBACK,1780502400000,1
ETHUSDT,1780531200009,0.00007651,1818.41232475,MARK_PRICE_PREVIOUS_FALLBACK,1780531200000,9
ETHUSDT,1780560000000,0.00004482,1776.5966124,MARK_PRICE_EXACT_OPEN,1780560000000,0
ETHUSDT,1780588800003,0.00003946,1775.8950401,MARK_PRICE_PREVIOUS_FALLBACK,1780588800000,3
ETHUSDT,1780617600000,0.0000467,1770.00626704,MARK_PRICE_EXACT_OPEN,1780617600000,0
ETHUSDT,1780646400004,-0.00003129,1676.64,MARK_PRICE_PREVIOUS_FALLBACK,1780646400000,4
ETHUSDT,1780675200009,-0.00007387,1574.17620155,MARK_PRICE_PREVIOUS_FALLBACK,1780675200000,9
ETHUSDT,1780704000000,-0.00007917,1582.45377519,MARK_PRICE_EXACT_OPEN,1780704000000,0
ETHUSDT,1780732800000,-0.00003161,1574.54,MARK_PRICE_EXACT_OPEN,1780732800000,0
ETHUSDT,1780761600000,-0.00003461,1559.71,MARK_PRICE_EXACT_OPEN,1780761600000,0
ETHUSDT,1780790400001,-0.00006624,1568.76100775,MARK_PRICE_PREVIOUS_FALLBACK,1780790400000,1
ETHUSDT,1780819200000,-0.00010189,1614.22355039,MARK_PRICE_EXACT_OPEN,1780819200000,0
ETHUSDT,1780848000000,0.00000472,1629.2,MARK_PRICE_EXACT_OPEN,1780848000000,0
ETHUSDT,1780876800000,-0.00008235,1689.58,MARK_PRICE_EXACT_OPEN,1780876800000,0
ETHUSDT,1780905600005,-0.00006599,1670.37788693,MARK_PRICE_PREVIOUS_FALLBACK,1780905600000,5
ETHUSDT,1780934400004,-0.00004515,1687.7,MARK_PRICE_PREVIOUS_FALLBACK,1780934400000,4
ETHUSDT,1780963200000,-0.00004506,1689.47095349,MARK_PRICE_EXACT_OPEN,1780963200000,0
ETHUSDT,1780992000000,3.6e-7,1679.19,MARK_PRICE_EXACT_OPEN,1780992000000,0
ETHUSDT,1781020800001,-0.00005182,1637.95,MARK_PRICE_PREVIOUS_FALLBACK,1781020800000,1
ETHUSDT,1781049600001,-0.00004089,1638.65,MARK_PRICE_PREVIOUS_FALLBACK,1781049600000,1
ETHUSDT,1781078400011,-0.00004578,1639.13,MARK_PRICE_PREVIOUS_FALLBACK,1781078400000,11
ETHUSDT,1781107200009,-0.00003121,1656.18248837,MARK_PRICE_PREVIOUS_FALLBACK,1781107200000,9
ETHUSDT,1781136000000,-0.00003684,1620.76478295,MARK_PRICE_EXACT_OPEN,1781136000000,0
ETHUSDT,1781164800004,0.00000754,1655.51,MARK_PRICE_PREVIOUS_FALLBACK,1781164800000,4
ETHUSDT,1781193600000,-0.00002432,1644.64,MARK_PRICE_EXACT_OPEN,1781193600000,0
ETHUSDT,1781222400000,-0.00002404,1672.57,MARK_PRICE_EXACT_OPEN,1781222400000,0
ETHUSDT,1781251200000,-0.00005854,1661.16,MARK_PRICE_EXACT_OPEN,1781251200000,0
ETHUSDT,1781280000000,-0.00002216,1658.98,MARK_PRICE_EXACT_OPEN,1781280000000,0
ETHUSDT,1781308800000,-0.00000631,1665.49,MARK_PRICE_EXACT_OPEN,1781308800000,0
ETHUSDT,1781337600007,0.00003562,1674.5300155,MARK_PRICE_PREVIOUS_FALLBACK,1781337600000,7
ETHUSDT,1781366400002,0.00002664,1679.87373296,MARK_PRICE_PREVIOUS_FALLBACK,1781366400000,2
ETHUSDT,1781395200005,-0.00000644,1679.6,MARK_PRICE_PREVIOUS_FALLBACK,1781395200000,5
ETHUSDT,1781424000009,-0.0000108,1674.53,MARK_PRICE_PREVIOUS_FALLBACK,1781424000000,9
ETHUSDT,1781452800000,-0.00001919,1662.04,MARK_PRICE_EXACT_OPEN,1781452800000,0
ETHUSDT,1781481600013,0.0000292,1726.0994031,MARK_PRICE_PREVIOUS_FALLBACK,1781481600000,13
ETHUSDT,1781510400013,-0.00000745,1715.15,MARK_PRICE_PREVIOUS_FALLBACK,1781510400000,13
ETHUSDT,1781539200004,0.00006867,1839.96,MARK_PRICE_PREVIOUS_FALLBACK,1781539200000,4
ETHUSDT,1781568000000,0.00002969,1795.187,MARK_PRICE_EXACT_OPEN,1781568000000,0
ETHUSDT,1781596800000,-0.0000207,1773.26404651,MARK_PRICE_EXACT_OPEN,1781596800000,0
ETHUSDT,1781625600001,0.0000316,1782.19,MARK_PRICE_PREVIOUS_FALLBACK,1781625600000,1
ETHUSDT,1781654400012,0.00003038,1793.43444961,MARK_PRICE_PREVIOUS_FALLBACK,1781654400000,12
ETHUSDT,1781683200000,0.00002339,1784.40369767,MARK_PRICE_EXACT_OPEN,1781683200000,0
ETHUSDT,1781712000000,-0.00000737,1772.6686124,MARK_PRICE_EXACT_OPEN,1781712000000,0
ETHUSDT,1781740800002,0.0000463,1750.42,MARK_PRICE_PREVIOUS_FALLBACK,1781740800000,2
ETHUSDT,1781769600000,0.00000687,1748.88,MARK_PRICE_EXACT_OPEN,1781769600000,0
ETHUSDT,1781798400001,-0.00000691,1686.16625581,MARK_PRICE_PREVIOUS_FALLBACK,1781798400000,1
ETHUSDT,1781827200005,0.00006551,1710.09492248,MARK_PRICE_PREVIOUS_FALLBACK,1781827200000,5
ETHUSDT,1781856000001,-0.00002067,1695.18,MARK_PRICE_PREVIOUS_FALLBACK,1781856000000,1
ETHUSDT,1781884800001,-2.7e-7,1706.34151163,MARK_PRICE_PREVIOUS_FALLBACK,1781884800000,1
ETHUSDT,1781913600001,0.00002505,1712.17,MARK_PRICE_PREVIOUS_FALLBACK,1781913600000,1
ETHUSDT,1781942400000,0.0000317,1725.16,MARK_PRICE_EXACT_OPEN,1781942400000,0
ETHUSDT,1781971200001,0.00003209,1735.61,MARK_PRICE_PREVIOUS_FALLBACK,1781971200000,1
ETHUSDT,1782000000000,0.00002892,1740.13237209,MARK_PRICE_EXACT_OPEN,1782000000000,0
ETHUSDT,1782028800000,0.00002602,1731.47997674,MARK_PRICE_EXACT_OPEN,1782028800000,0
ETHUSDT,1782057600000,0.00000757,1729.9,MARK_PRICE_EXACT_OPEN,1782057600000,0
ETHUSDT,1782086400000,0.0000388,1706.3241259,MARK_PRICE_EXACT_OPEN,1782086400000,0
ETHUSDT,1782115200000,0.00001941,1745.76,MARK_PRICE_EXACT_OPEN,1782115200000,0
ETHUSDT,1782144000002,0.00000789,1742.53,MARK_PRICE_PREVIOUS_FALLBACK,1782144000000,2
ETHUSDT,1782172800003,0.0000237,1726.9,MARK_PRICE_PREVIOUS_FALLBACK,1782172800000,3
ETHUSDT,1782201600005,0.00000335,1683.19,MARK_PRICE_PREVIOUS_FALLBACK,1782201600000,5
ETHUSDT,1782230400002,-0.00003854,1659.94,MARK_PRICE_PREVIOUS_FALLBACK,1782230400000,2
ETHUSDT,1782259200005,0.00004579,1669.21,MARK_PRICE_PREVIOUS_FALLBACK,1782259200000,5
ETHUSDT,1782288000005,0.00002212,1671.70472868,MARK_PRICE_PREVIOUS_FALLBACK,1782288000000,5
ETHUSDT,1782316800003,4.3e-7,1620,MARK_PRICE_PREVIOUS_FALLBACK,1782316800000,3
ETHUSDT,1782345600000,0.00000542,1621.54,MARK_PRICE_EXACT_OPEN,1782345600000,0
ETHUSDT,1782374400000,0.00004282,1656.4930433,MARK_PRICE_EXACT_OPEN,1782374400000,0
ETHUSDT,1782403200000,-0.00008135,1569.43,MARK_PRICE_EXACT_OPEN,1782403200000,0
ETHUSDT,1782432000010,-0.00001665,1568.09,MARK_PRICE_PREVIOUS_FALLBACK,1782432000000,10
ETHUSDT,1782460800002,-0.00001968,1580.37257017,MARK_PRICE_PREVIOUS_FALLBACK,1782460800000,2
ETHUSDT,1782489600000,0.00000522,1579.50451885,MARK_PRICE_EXACT_OPEN,1782489600000,0
ETHUSDT,1782518400000,0.00001807,1577.86,MARK_PRICE_EXACT_OPEN,1782518400000,0
ETHUSDT,1782547200000,-0.00000597,1584.81836808,MARK_PRICE_EXACT_OPEN,1782547200000,0
ETHUSDT,1782576000009,0.00001769,1604.04569767,MARK_PRICE_PREVIOUS_FALLBACK,1782576000000,9
ETHUSDT,1782604800000,-0.00005389,1573.1,MARK_PRICE_EXACT_OPEN,1782604800000,0
ETHUSDT,1782633600013,-0.00002947,1574.79,MARK_PRICE_PREVIOUS_FALLBACK,1782633600000,13
ETHUSDT,1782662400000,0.00001924,1579.85,MARK_PRICE_EXACT_OPEN,1782662400000,0
ETHUSDT,1782691200006,-0.00000185,1571.20988372,MARK_PRICE_PREVIOUS_FALLBACK,1782691140000,60006
ETHUSDT,1782720000013,0.00000216,,MARK_PRICE_TOO_STALE,1782691140000,28860013
ETHUSDT,1782748800004,0.00002144,,MARK_PRICE_TOO_STALE,1782691140000,57660004
ETHUSDT,1782777600000,0.0000449,1612.31406977,MARK_PRICE_EXACT_OPEN,1782777600000,0
ETHUSDT,1782806400000,0.00004566,1591.67511628,MARK_PRICE_EXACT_OPEN,1782806400000,0
ETHUSDT,1782835200005,0.00003059,1566.19204651,MARK_PRICE_PREVIOUS_FALLBACK,1782835200000,5
ETHUSDT,1782864000000,0.00006151,1571.48,MARK_PRICE_EXACT_OPEN,1782864000000,0
ETHUSDT,1782892800000,0.0000533,1577.7,MARK_PRICE_EXACT_OPEN,1782892800000,0
ETHUSDT,1782921600000,0.00002077,1619.45309302,MARK_PRICE_EXACT_OPEN,1782921600000,0
ETHUSDT,1782950400000,0.0000196,1608.88,MARK_PRICE_EXACT_OPEN,1782950400000,0
ETHUSDT,1782979200000,0.0000502,1615.58,MARK_PRICE_EXACT_OPEN,1782979200000,0
ETHUSDT,1783008000000,0.00007321,1696.33,MARK_PRICE_EXACT_OPEN,1783008000000,0
ETHUSDT,1783036800000,0.00007837,1699.94,MARK_PRICE_EXACT_OPEN,1783036800000,0
ETHUSDT,1783065600007,0.0001,1716.85656589,MARK_PRICE_PREVIOUS_FALLBACK,1783065600000,7
ETHUSDT,1783094400000,0.00005241,1730.44925581,MARK_PRICE_EXACT_OPEN,1783094400000,0
ETHUSDT,1783123200000,0.00009748,1757.6001938,MARK_PRICE_EXACT_OPEN,1783123200000,0
ETHUSDT,1783152000000,0.00007642,1757.61844961,MARK_PRICE_EXACT_OPEN,1783152000000,0
ETHUSDT,1783180800007,0.00005167,1788.28,MARK_PRICE_PREVIOUS_FALLBACK,1783180800000,7
ETHUSDT,1783209600003,0.00007818,1778.27558915,MARK_PRICE_PREVIOUS_FALLBACK,1783209600000,3
ETHUSDT,1783238400001,0.00006162,1769.99,MARK_PRICE_PREVIOUS_FALLBACK,1783238400000,1
ETHUSDT,1783267200000,0.00004748,1773.91200775,MARK_PRICE_EXACT_OPEN,1783267200000,0
ETHUSDT,1783296000000,0.00008332,1785.20895349,MARK_PRICE_EXACT_OPEN,1783296000000,0
ETHUSDT,1783324800000,0.00004679,1771.44907752,MARK_PRICE_EXACT_OPEN,1783324800000,0
ETHUSDT,1783353600000,0.00006963,1787.86,MARK_PRICE_EXACT_OPEN,1783353600000,0
ETHUSDT,1783382400000,0.0000762,1798.84,MARK_PRICE_EXACT_OPEN,1783382400000,0
ETHUSDT,1783411200000,0.00003271,1770.55,MARK_PRICE_EXACT_OPEN,1783411200000,0
ETHUSDT,1783440000000,0.00004088,1796.73,MARK_PRICE_EXACT_OPEN,1783440000000,0
ETHUSDT,1783468800000,0.00001519,1770.42,MARK_PRICE_EXACT_OPEN,1783468800000,0
ETHUSDT,1783497600000,0.00002984,1756.02134109,MARK_PRICE_EXACT_OPEN,1783497600000,0
ETHUSDT,1783526400000,0.00004537,1722.37006014,MARK_PRICE_EXACT_OPEN,1783526400000,0
ETHUSDT,1783555200000,0.00007189,1742.67,MARK_PRICE_EXACT_OPEN,1783555200000,0
ETHUSDT,1783584000001,0.00005342,1750.88,MARK_PRICE_PREVIOUS_FALLBACK,1783584000000,1
ETHUSDT,1783612800001,0.00002748,1739.69771318,MARK_PRICE_PREVIOUS_FALLBACK,1783612800000,1
ETHUSDT,1783641600000,0.00002613,1744.25797674,MARK_PRICE_EXACT_OPEN,1783641600000,0
ETHUSDT,1783670400005,0.00003355,1772.1170155,MARK_PRICE_PREVIOUS_FALLBACK,1783670400000,5
ETHUSDT,1783699200005,0.00004632,1790.07,MARK_PRICE_PREVIOUS_FALLBACK,1783699200000,5
ETHUSDT,1783728000000,0.00005051,1796.03,MARK_PRICE_EXACT_OPEN,1783728000000,0
ETHUSDT,1783756800000,0.0000219,1799.10320155,MARK_PRICE_EXACT_OPEN,1783756800000,0
ETHUSDT,1783785600000,0.00006296,1814.11,MARK_PRICE_EXACT_OPEN,1783785600000,0
ETHUSDT,1783814400000,0.00000646,1786.84492248,MARK_PRICE_EXACT_OPEN,1783814400000,0
ETHUSDT,1783843200003,0.00000996,1798.03331008,MARK_PRICE_PREVIOUS_FALLBACK,1783843200000,3
ETHUSDT,1783872000000,0.00003016,1820.02386822,MARK_PRICE_EXACT_OPEN,1783872000000,0
ETHUSDT,1783900800000,0.00002248,1805.93,MARK_PRICE_EXACT_OPEN,1783900800000,0
ETHUSDT,1783929600001,0.00000542,1787.72,MARK_PRICE_PREVIOUS_FALLBACK,1783929600000,1
ETHUSDT,1783958400004,0.00001969,1775.43,MARK_PRICE_PREVIOUS_FALLBACK,1783958400000,4
ETHUSDT,1783987200000,0.00000126,1776.04445736,MARK_PRICE_EXACT_OPEN,1783987200000,0
ETHUSDT,1784016000002,0.00003639,1780.34,MARK_PRICE_PREVIOUS_FALLBACK,1784016000000,2
ETHUSDT,1784044800001,0.00006925,1873.38294574,MARK_PRICE_PREVIOUS_FALLBACK,1784044800000,1
ETHUSDT,1784073600005,0.00003834,1890.29883721,MARK_PRICE_PREVIOUS_FALLBACK,1784073600000,5
ETHUSDT,1784102400002,0.00005006,1870.45,MARK_PRICE_PREVIOUS_FALLBACK,1784102400000,2
ETHUSDT,1784131200000,0.00008736,1931.0100155,MARK_PRICE_EXACT_OPEN,1784131200000,0
ETHUSDT,1784160000000,0.0000435,1917.05763833,MARK_PRICE_EXACT_OPEN,1784160000000,0
ETHUSDT,1784188800003,0.00006079,1912.07657364,MARK_PRICE_PREVIOUS_FALLBACK,1784188800000,3
ETHUSDT,1784217600002,0.00003526,1880.04,MARK_PRICE_PREVIOUS_FALLBACK,1784217600000,2
ETHUSDT,1784246400000,0.00006892,1863.82103876,MARK_PRICE_EXACT_OPEN,1784246400000,0
ETHUSDT,1784275200010,0.00004774,1827.97,MARK_PRICE_PREVIOUS_FALLBACK,1784275200000,10
ETHUSDT,1784304000004,0.00002442,1830.4,MARK_PRICE_PREVIOUS_FALLBACK,1784304000000,4
ETHUSDT,1784332800000,0.00002552,1841.08,MARK_PRICE_EXACT_OPEN,1784332800000,0
ETHUSDT,1784361600000,0.00003939,1843.45105426,MARK_PRICE_EXACT_OPEN,1784361600000,0
ETHUSDT,1784390400001,0.00003042,1842.95,MARK_PRICE_PREVIOUS_FALLBACK,1784390400000,1
ETHUSDT,1784419200003,-0.00001262,1862.19,MARK_PRICE_PREVIOUS_FALLBACK,1784419200000,3
ETHUSDT,1784448000000,0.00004255,1869.35,MARK_PRICE_EXACT_OPEN,1784448000000,0
ETHUSDT,1784476800001,0.00007448,1870.16302326,MARK_PRICE_PREVIOUS_FALLBACK,1784476800000,1
ETHUSDT,1784505600000,0.00002897,1871.49,MARK_PRICE_EXACT_OPEN,1784505600000,0
ETHUSDT,1784534400001,0.00002124,1863.26,MARK_PRICE_PREVIOUS_FALLBACK,1784534400000,1
ETHUSDT,1784563200004,0.00002476,1899.85630233,MARK_PRICE_PREVIOUS_FALLBACK,1784563200000,4
ETHUSDT,1784592000001,0.00002585,1900.86,MARK_PRICE_PREVIOUS_FALLBACK,1784592000000,1
ETHUSDT,1784620800000,0.00004126,1933.3142093,MARK_PRICE_EXACT_OPEN,1784620800000,0
ETHUSDT,1784649600002,0.00003598,1930.79013953,MARK_PRICE_PREVIOUS_FALLBACK,1784649600000,2
ETHUSDT,1784678400000,0.00001055,1929.3,MARK_PRICE_EXACT_OPEN,1784678400000,0
ETHUSDT,1784707200000,0.00001429,1913.32614729,MARK_PRICE_EXACT_OPEN,1784707200000,0
ETHUSDT,1784736000001,0.00006454,1941.34714729,MARK_PRICE_PREVIOUS_FALLBACK,1784736000000,1
ETHUSDT,1784764800000,0.00000414,1933.31,MARK_PRICE_EXACT_OPEN,1784764800000,0
ETHUSDT,1784793600000,-0.00003313,1914.61,MARK_PRICE_EXACT_OPEN,1784793600000,0
ETHUSDT,1784822400000,-0.00003252,1894.49,MARK_PRICE_EXACT_OPEN,1784822400000,0
ETHUSDT,1784851200000,-0.00001139,1877.41,MARK_PRICE_EXACT_OPEN,1784851200000,0
ETHUSDT,1784880000000,0.00001776,1895,MARK_PRICE_EXACT_OPEN,1784880000000,0
ETHUSDT,1784908800008,0.00001716,1860.26107057,MARK_PRICE_PREVIOUS_FALLBACK,1784908800000,8
ETHUSDT,1784937600002,0.00005412,1860.39876744,MARK_PRICE_PREVIOUS_FALLBACK,1784937600000,2
ETHUSDT,1784966400000,0.00002278,1855.14522481,MARK_PRICE_EXACT_OPEN,1784966400000,0
ETHUSDT,1784995200000,0.00003434,1867.04,MARK_PRICE_EXACT_OPEN,1784995200000,0
ETHUSDT,1785024000000,-0.00001884,1873.99712403,MARK_PRICE_EXACT_OPEN,1785024000000,0
ETHUSDT,1785052800002,0.00002358,1880.05,MARK_PRICE_PREVIOUS_FALLBACK,1785052800000,2
ETHUSDT,1785081600000,0.00001943,1914.04128682,MARK_PRICE_EXACT_OPEN,1785081600000,0
ETHUSDT,1785110400010,0.0001,1952.02217829,MARK_PRICE_PREVIOUS_FALLBACK,1785110400000,10
ETHUSDT,1785139200000,0.0000816,1963.58,MARK_PRICE_EXACT_OPEN,1785139200000,0
ETHUSDT,1785168000001,0.00001607,1926.29,MARK_PRICE_PREVIOUS_FALLBACK,1785168000000,1
ETHUSDT,1785196800000,0.00001456,1891.47426357,MARK_PRICE_EXACT_OPEN,1785196800000,0
ETHUSDT,1785225600000,-0.00003657,1882.77988372,MARK_PRICE_EXACT_OPEN,1785225600000,0
ETHUSDT,1785254400000,0.00002816,1919.46104651,MARK_PRICE_EXACT_OPEN,1785254400000,0
ETHUSDT,1785283200000,0.00005737,1921.19218605,MARK_PRICE_EXACT_OPEN,1785283200000,0
ETHUSDT,1785312000002,0.00006871,1921.96482946,MARK_PRICE_PREVIOUS_FALLBACK,1785312000000,2
ETHUSDT,1785340800000,0.00002143,1891.48272868,MARK_PRICE_EXACT_OPEN,1785340800000,0
ETHUSDT,1785369600000,0.00003854,1909.80514729,MARK_PRICE_EXACT_OPEN,1785369600000,0
ETHUSDT,1785398400000,0.00004661,1902.38,MARK_PRICE_EXACT_OPEN,1785398400000,0
ETHUSDT,1785427200000,0.0000199,1918.01699225,MARK_PRICE_EXACT_OPEN,1785427200000,0
ETHUSDT,1785456000003,0.00005729,1919.13,MARK_PRICE_PREVIOUS_FALLBACK,1785456000000,3
ETHUSDT,1785484800000,0.00001208,1889.04742636,MARK_PRICE_EXACT_OPEN,1785484800000,0
ETHUSDT,1785513600000,-0.00002045,1862.07726357,MARK_PRICE_EXACT_OPEN,1785513600000,0
