symbol,fundingTime,fundingRate,markPrice,markPriceSource,markPriceTimestamp,stalenessMs
SOLUSDT,1600012800004,0.0001,,MARK_PRICE_NO_DATA,,
SOLUSDT,1600041600003,0.0001,,MARK_PRICE_NO_DATA,,
SOLUSDT,1600070400008,0.0001,,MARK_PRICE_NO_DATA,,
SOLUSDT,1600099200000,0.0001,,MARK_PRICE_NO_DATA,,
SOLUSDT,1600128000000,0.0001,,MARK_PRICE_NO_DATA,,
SOLUSDT,1600156800010,0.0001,,MARK_PRICE_NO_DATA,,
SOLUSDT,1600185600003,0.0001,,MARK_PRICE_NO_DATA,,
SOLUSDT,1600214400014,0.0001,,MARK_PRICE_NO_DATA,,
SOLUSDT,1600243200000,0.0001,,MARK_PRICE_NO_DATA,,
SOLUSDT,1600272000001,0.0001,,MARK_PRICE_NO_DATA,,
SOLUSDT,1600300800006,0.0001,,MARK_PRICE_NO_DATA,,
SOLUSDT,1600329600012,0.0001,,MARK_PRICE_NO_DATA,,
SOLUSDT,1600358400000,0.0001,,MARK_PRICE_NO_DATA,,
SOLUSDT,1600387200001,0.0001,,MARK_PRICE_NO_DATA,,
SOLUSDT,1600416000002,0.0001,,MARK_PRICE_NO_DATA,,
SOLUSDT,1600444800002,0.0001,,MARK_PRICE_NO_DATA,,
SOLUSDT,1600473600000,-0.0000136,,MARK_PRICE_NO_DATA,,
SOLUSDT,1600502400005,0.0001,,MARK_PRICE_NO_DATA,,
SOLUSDT,1600531200008,0.0001,,MARK_PRICE_NO_DATA,,
SOLUSDT,1600560000002,0.0001,,MARK_PRICE_NO_DATA,,
SOLUSDT,1600588800005,-0.00020633,,MARK_PRICE_NO_DATA,,
SOLUSDT,1600617600005,-0.00042585,,MARK_PRICE_NO_DATA,,
SOLUSDT,1600646400000,0.0001,,MARK_PRICE_NO_DATA,,
SOLUSDT,1600675200001,0.0001,,MARK_PRICE_NO_DATA,,
SOLUSDT,1600704000000,0.0001,,MARK_PRICE_NO_DATA,,
SOLUSDT,1600732800001,-0.00004279,,MARK_PRICE_NO_DATA,,
SOLUSDT,1600761600000,0.0001,,MARK_PRICE_NO_DATA,,
SOLUSDT,1600790400004,0.0001,,MARK_PRICE_NO_DATA,,
SOLUSDT,1600819200007,0.0001,,MARK_PRICE_NO_DATA,,
SOLUSDT,1600848000001,0.0001,,MARK_PRICE_NO_DATA,,
SOLUSDT,1600876800001,0.0001,,MARK_PRICE_NO_DATA,,
SOLUSDT,1600905600000,-0.00008917,,MARK_PRICE_NO_DATA,,
SOLUSDT,1600934400000,0.0001,,MARK_PRICE_NO_DATA,,
SOLUSDT,1600963200000,0.0001,,MARK_PRICE_NO_DATA,,
SOLUSDT,1600992000009,0.0001,,MARK_PRICE_NO_DATA,,
SOLUSDT,1601020800045,0.0001,,MARK_PRICE_NO_DATA,,
SOLUSDT,1601049600000,-0.00039395,,MARK_PRICE_NO_DATA,,
SOLUSDT,1601078400000,-0.00044892,,MARK_PRICE_NO_DATA,,
SOLUSDT,1601107200000,0.0001,,MARK_PRICE_NO_DATA,,
SOLUSDT,1601136000005,0.0001,,MARK_PRICE_NO_DATA,,
SOLUSDT,1601164800000,0.0001,,MARK_PRICE_NO_DATA,,
SOLUSDT,1601193600000,0.0001,,MARK_PRICE_NO_DATA,,
SOLUSDT,1601222400019,0.0001,,MARK_PRICE_NO_DATA,,
SOLUSDT,1601251200001,0.0001,,MARK_PRICE_NO_DATA,,
SOLUSDT,1601280000000,0.0001,,MARK_PRICE_NO_DATA,,
SOLUSDT,1601308800002,0.0001,,MARK_PRICE_NO_DATA,,
SOLUSDT,1601337600000,0.0001,,MARK_PRICE_NO_DATA,,
SOLUSDT,1601366400000,0.0001,,MARK_PRICE_NO_DATA,,
SOLUSDT,1601395200000,0.0001,,MARK_PRICE_NO_DATA,,
SOLUSDT,1601424000005,0.0001,,MARK_PRICE_NO_DATA,,
SOLUSDT,1601452800000,0.0001,,MARK_PRICE_NO_DATA,,
SOLUSDT,1601481600000,0.0001,,MARK_PRICE_NO_DATA,,
SOLUSDT,1601510400000,0.0001,,MARK_PRICE_NO_DATA,,
SOLUSDT,1601539200000,0.0001,,MARK_PRICE_NO_DATA,,
SOLUSDT,1601568000000,0.0001,,MARK_PRICE_NO_DATA,,
SOLUSDT,1601596800011,0.0001,,MARK_PRICE_NO_DATA,,
SOLUSDT,1601625600000,0.0001,,MARK_PRICE_NO_DATA,,
SOLUSDT,1601654400005,0.0001,,MARK_PRICE_NO_DATA,,
SOLUSDT,1601683200000,0.0001,,MARK_PRICE_NO_DATA,,
SOLUSDT,1601712000001,0.0001,,MARK_PRICE_NO_DATA,,
SOLUSDT,1601740800000,0.0001,,MARK_PRICE_NO_DATA,,
SOLUSDT,1601769600000,0.0001,,MARK_PRICE_NO_DATA,,
SOLUSDT,1601798400003,0.0001,,MARK_PRICE_NO_DATA,,
SOLUSDT,1601827200001,0.0001,,MARK_PRICE_NO_DATA,,
SOLUSDT,1601856000000,0.0001,,MARK_PRICE_NO_DATA,,
SOLUSDT,1601884800000,0.0001,,MARK_PRICE_NO_DATA,,
SOLUSDT,1601913600012,0.0001,,MARK_PRICE_NO_DATA,,
SOLUSDT,1601942400000,0.0001,,MARK_PRICE_NO_DATA,,
SOLUSDT,1601971200005,0.0001,,MARK_PRICE_NO_DATA,,
SOLUSDT,1602000000000,0.0001,,MARK_PRICE_NO_DATA,,
SOLUSDT,1602028800000,0.0001,,MARK_PRICE_NO_DATA,,
SOLUSDT,1602057600000,0.0001,,MARK_PRICE_NO_DATA,,
SOLUSDT,1602086400000,0.0001,,MARK_PRICE_NO_DATA,,
SOLUSDT,1602115200000,0.0001,,MARK_PRICE_NO_DATA,,
SOLUSDT,1602144000009,0.0001,,MARK_PRICE_NO_DATA,,
SOLUSDT,1602172800003,0.0001,,MARK_PRICE_NO_DATA,,
SOLUSDT,1602201600001,0.0001,,MARK_PRICE_NO_DATA,,
SOLUSDT,1602230400000,0.0001,,MARK_PRICE_NO_DATA,,
SOLUSDT,1602259200004,0.0001,,MARK_PRICE_NO_DATA,,
SOLUSDT,1602288000005,0.0001,,MARK_PRICE_NO_DATA,,
SOLUSDT,1602316800000,0.00028914,,MARK_PRICE_NO_DATA,,
SOLUSDT,1602345600011,0.00019105,,MARK_PRICE_NO_DATA,,
SOLUSDT,1602374400002,0.00070989,,MARK_PRICE_NO_DATA,,
SOLUSDT,1602403200003,0.0001,,MARK_PRICE_NO_DATA,,
SOLUSDT,1602432000004,0.0001,,MARK_PRICE_NO_DATA,,
SOLUSDT,1602460800001,0.0001,,MARK_PRICE_NO_DATA,,
SOLUSDT,1602489600000,0.00022458,,MARK_PRICE_NO_DATA,,
SOLUSDT,1602518400011,0.0001,,MARK_PRICE_NO_DATA,,
SOLUSDT,1602547200003,0.0001,,MARK_PRICE_NO_DATA,,
SOLUSDT,1602576000000,0.0001,,MARK_PRICE_NO_DATA,,
SOLUSDT,1602604800001,0.00017596,,MARK_PRICE_NO_DATA,,
SOLUSDT,1602633600001,0.0001,,MARK_PRICE_NO_DATA,,
SOLUSDT,1602662400000,0.0001,,MARK_PRICE_NO_DATA,,
SOLUSDT,1602691200001,0.00028415,,MARK_PRICE_NO_DATA,,
SOLUSDT,1602720000000,0.0001,,MARK_PRICE_NO_DATA,,
SOLUSDT,1602748800000,0.0001,,MARK_PRICE_NO_DATA,,
SOLUSDT,1602777600000,0.0001,,MARK_PRICE_NO_DATA,,
SOLUSDT,1602806400002,0.0001,,MARK_PRICE_NO_DATA,,
SOLUSDT,1602835200003,0.0001,,MARK_PRICE_NO_DATA,,
SOLUSDT,1602864000000,0.0001,,MARK_PRICE_NO_DATA,,
SOLUSDT,1602892800006,0.0001,,MARK_PRICE_NO_DATA,,
SOLUSDT,1602921600007,0.0001,,MARK_PRICE_NO_DATA,,
SOLUSDT,1602950400009,0.0001,,MARK_PRICE_NO_DATA,,
SOLUSDT,1602979200006,0.0001,,MARK_PRICE_NO_DATA,,
SOLUSDT,1603008000000,0.0001,,MARK_PRICE_NO_DATA,,
SOLUSDT,1603036800000,0.0001,,MARK_PRICE_NO_DATA,,
SOLUSDT,1603065600000,0.0001,,MARK_PRICE_NO_DATA,,
SOLUSDT,1603094400000,0.0001,,MARK_PRICE_NO_DATA,,
SOLUSDT,1603123200000,0.0001,,MARK_PRICE_NO_DATA,,
SOLUSDT,1603152000015,0.0001,,MARK_PRICE_NO_DATA,,
SOLUSDT,1603180800000,0.0001,,MARK_PRICE_NO_DATA,,
SOLUSDT,1603209600008,0.0001,,MARK_PRICE_NO_DATA,,
SOLUSDT,1603238400009,0.0001,,MARK_PRICE_NO_DATA,,
SOLUSDT,1603267200004,0.0001,,MARK_PRICE_NO_DATA,,
SOLUSDT,1603296000000,0.0001,,MARK_PRICE_NO_DATA,,
SOLUSDT,1603324800000,0.00035786,,MARK_PRICE_NO_DATA,,
SOLUSDT,1603353600000,0.0001,,MARK_PRICE_NO_DATA,,
SOLUSDT,1603382400004,0.0001,,MARK_PRICE_NO_DATA,,
SOLUSDT,1603411200007,0.0001,,MARK_PRICE_NO_DATA,,
SOLUSDT,1603440000000,0.00019126,,MARK_PRICE_NO_DATA,,
SOLUSDT,1603468800000,0.00035682,,MARK_PRICE_NO_DATA,,
SOLUSDT,1603497600000,0.0005586,,MARK_PRICE_NO_DATA,,
SOLUSDT,1603526400000,0.0001,,MARK_PRICE_NO_DATA,,
SOLUSDT,1603555200008,0.0008903,,MARK_PRICE_NO_DATA,,
SOLUSDT,1603584000005,0.00059139,,MARK_PRICE_NO_DATA,,
SOLUSDT,1603612800014,0.00027335,,MARK_PRICE_NO_DATA,,
SOLUSDT,1603641600000,0.0001986,,MARK_PRICE_NO_DATA,,
SOLUSDT,1603670400004,0.0001,,MARK_PRICE_NO_DATA,,
SOLUSDT,1603699200000,0.0001,,MARK_PRICE_NO_DATA,,
SOLUSDT,1603728000000,0.0001,,MARK_PRICE_NO_DATA,,
SOLUSDT,1603756800000,0.0001,,MARK_PRICE_NO_DATA,,
SOLUSDT,1603785600000,0.0001,,MARK_PRICE_NO_DATA,,
SOLUSDT,1603814400000,0.0001,,MARK_PRICE_NO_DATA,,
SOLUSDT,1603843200000,0.0001,,MARK_PRICE_NO_DATA,,
SOLUSDT,1603872000006,0.0001,,MARK_PRICE_NO_DATA,,
SOLUSDT,1603900800001,0.0001,,MARK_PRICE_NO_DATA,,
SOLUSDT,1603929600000,0.0001,,MARK_PRICE_NO_DATA,,
SOLUSDT,1603958400000,0.0001,,MARK_PRICE_NO_DATA,,
SOLUSDT,1603987200000,0.0001,,MARK_PRICE_NO_DATA,,
SOLUSDT,1604016000000,0.0001,,MARK_PRICE_NO_DATA,,
SOLUSDT,1604044800002,0.0001,,MARK_PRICE_NO_DATA,,
SOLUSDT,1604073600002,-0.00000273,,MARK_PRICE_NO_DATA,,
SOLUSDT,1604102400003,-0.00062124,,MARK_PRICE_NO_DATA,,
SOLUSDT,1604131200000,0.00004476,,MARK_PRICE_NO_DATA,,
SOLUSDT,1604160000000,-0.00035502,,MARK_PRICE_NO_DATA,,
SOLUSDT,1604188800000,-0.0014979,,MARK_PRICE_NO_DATA,,
SOLUSDT,1604217600000,0.0001,,MARK_PRICE_NO_DATA,,
SOLUSDT,1604246400000,0.0001,,MARK_PRICE_NO_DATA,,
SOLUSDT,1604275200000,0.0001,,MARK_PRICE_NO_DATA,,
SOLUSDT,1604304000010,0.0001,,MARK_PRICE_NO_DATA,,
SOLUSDT,1604332800000,0.0001,,MARK_PRICE_NO_DATA,,
SOLUSDT,1604361600000,0.0001,,MARK_PRICE_NO_DATA,,
SOLUSDT,1604390400004,0.0001,,MARK_PRICE_NO_DATA,,
SOLUSDT,1604419200009,0.0001,,MARK_PRICE_NO_DATA,,
SOLUSDT,1604448000000,0.0001,,MARK_PRICE_NO_DATA,,
SOLUSDT,1604476800000,0.0001,,MARK_PRICE_NO_DATA,,
SOLUSDT,1604505600005,0.0001,,MARK_PRICE_NO_DATA,,
SOLUSDT,1604534400017,0.0001,,MARK_PRICE_NO_DATA,,
SOLUSDT,1604563200001,0.0001,,MARK_PRICE_NO_DATA,,
SOLUSDT,1604592000000,0.0001,,MARK_PRICE_NO_DATA,,
SOLUSDT,1604620800000,0.0001,,MARK_PRICE_NO_DATA,,
SOLUSDT,1604649600001,0.0001,,MARK_PRICE_NO_DATA,,
SOLUSDT,1604678400001,-0.0001338,,MARK_PRICE_NO_DATA,,
SOLUSDT,1604707200001,-0.00163209,,MARK_PRICE_NO_DATA,,
SOLUSDT,1604736000000,0.0001,,MARK_PRICE_NO_DATA,,
SOLUSDT,1604764800006,0.00037936,,MARK_PRICE_NO_DATA,,
SOLUSDT,1604793600000,0.0001,,MARK_PRICE_NO_DATA,,
SOLUSDT,1604822400000,0.0001,,MARK_PRICE_NO_DATA,,
SOLUSDT,1604851200000,0.00010028,,MARK_PRICE_NO_DATA,,
SOLUSDT,1604880000007,0.00027346,,MARK_PRICE_NO_DATA,,
SOLUSDT,1604908800001,0.0001,,MARK_PRICE_NO_DATA,,
SOLUSDT,1604937600002,0.0001,,MARK_PRICE_NO_DATA,,
SOLUSDT,1604966400003,0.0001,,MARK_PRICE_NO_DATA,,
SOLUSDT,1604995200011,0.00036412,,MARK_PRICE_NO_DATA,,
SOLUSDT,1605024000000,0.0001,,MARK_PRICE_NO_DATA,,
SOLUSDT,1605052800000,0.0001,,MARK_PRICE_NO_DATA,,
SOLUSDT,1605081600009,0.00026794,,MARK_PRICE_NO_DATA,,
SOLUSDT,1605110400003,0.00018849,,MARK_PRICE_NO_DATA,,
SOLUSDT,1605139200001,0.0001,,MARK_PRICE_NO_DATA,,
SOLUSDT,1605168000001,0.0001,,MARK_PRICE_NO_DATA,,
SOLUSDT,1605196800000,0.0001,,MARK_PRICE_NO_DATA,,
SOLUSDT,1605225600000,0.0001,,MARK_PRICE_NO_DATA,,
SOLUSDT,1605254400000,0.0001,,MARK_PRICE_NO_DATA,,
SOLUSDT,1605283200000,0.0001,,MARK_PRICE_NO_DATA,,
SOLUSDT,1605312000005,0.0001,,MARK_PRICE_NO_DATA,,
SOLUSDT,1605340800004,0.0001,,MARK_PRICE_NO_DATA,,
SOLUSDT,1605369600001,0.0001,,MARK_PRICE_NO_DATA,,
SOLUSDT,1605398400001,0.0001,,MARK_PRICE_NO_DATA,,
SOLUSDT,1605427200000,0.0001,,MARK_PRICE_NO_DATA,,
SOLUSDT,1605456000003,0.00024228,,MARK_PRICE_NO_DATA,,
SOLUSDT,1605484800000,0.0001,,MARK_PRICE_NO_DATA,,
SOLUSDT,1605513600010,0.0001,,MARK_PRICE_NO_DATA,,
SOLUSDT,1605542400001,0.0001,,MARK_PRICE_NO_DATA,,
SOLUSDT,1605571200002,0.0001,,MARK_PRICE_NO_DATA,,
SOLUSDT,1605600000003,0.00055062,,MARK_PRICE_NO_DATA,,
SOLUSDT,1605628800003,0.0003889,,MARK_PRICE_NO_DATA,,
SOLUSDT,1605657600005,0.00129737,,MARK_PRICE_NO_DATA,,
SOLUSDT,1605686400006,0.00033069,,MARK_PRICE_NO_DATA,,
SOLUSDT,1605715200000,0.00002149,,MARK_PRICE_NO_DATA,,
SOLUSDT,1605744000008,0.0001,,MARK_PRICE_NO_DATA,,
SOLUSDT,1605772800000,-0.00098885,,MARK_PRICE_NO_DATA,,
SOLUSDT,1605801600001,0.0001,,MARK_PRICE_NO_DATA,,
SOLUSDT,1605830400003,0.0001,,MARK_PRICE_NO_DATA,,
SOLUSDT,1605859200005,0.0001,,MARK_PRICE_NO_DATA,,
SOLUSDT,1605888000000,0.00025095,,MARK_PRICE_NO_DATA,,
SOLUSDT,1605916800000,0.0001,,MARK_PRICE_NO_DATA,,
SOLUSDT,1605945600000,0.0001,,MARK_PRICE_NO_DATA,,
SOLUSDT,1605974400001,0.00101282,,MARK_PRICE_NO_DATA,,
SOLUSDT,1606003200005,0.00102128,,MARK_PRICE_NO_DATA,,
SOLUSDT,1606032000000,-0.00055853,,MARK_PRICE_NO_DATA,,
SOLUSDT,1606060800000,-0.00074916,,MARK_PRICE_NO_DATA,,
SOLUSDT,1606089600005,-0.00047751,,MARK_PRICE_NO_DATA,,
SOLUSDT,1606118400000,-0.00013206,,MARK_PRICE_NO_DATA,,
SOLUSDT,1606147200003,-0.00001472,,MARK_PRICE_NO_DATA,,
SOLUSDT,1606176000000,0.0001,,MARK_PRICE_NO_DATA,,
SOLUSDT,1606204800000,0.00030371,,MARK_PRICE_NO_DATA,,
SOLUSDT,1606233600005,0.0001,,MARK_PRICE_NO_DATA,,
SOLUSDT,1606262400005,0.00041817,,MARK_PRICE_NO_DATA,,
SOLUSDT,1606291200005,0.0001,,MARK_PRICE_NO_DATA,,
SOLUSDT,1606320000015,0.00068985,,MARK_PRICE_NO_DATA,,
SOLUSDT,1606348800012,-0.00027055,,MARK_PRICE_NO_DATA,,
SOLUSDT,1606377600002,-0.00419164,,MARK_PRICE_NO_DATA,,
SOLUSDT,1606406400001,-0.00095725,,MARK_PRICE_NO_DATA,,
SOLUSDT,1606435200001,-0.0025881,,MARK_PRICE_NO_DATA,,
SOLUSDT,1606464000000,-0.00179633,,MARK_PRICE_NO_DATA,,
SOLUSDT,1606492800007,-0.00258539,,MARK_PRICE_NO_DATA,,
SOLUSDT,1606521600007,-0.00121635,,MARK_PRICE_NO_DATA,,
SOLUSDT,1606550400012,-0.00136122,,MARK_PRICE_NO_DATA,,
SOLUSDT,1606579200000,-0.00091001,,MARK_PRICE_NO_DATA,,
SOLUSDT,1606608000007,-0.0008815,,MARK_PRICE_NO_DATA,,
SOLUSDT,1606636800000,-0.00225574,,MARK_PRICE_NO_DATA,,
SOLUSDT,1606665600000,-0.0006728,,MARK_PRICE_NO_DATA,,
SOLUSDT,1606694400004,-0.0007644,,MARK_PRICE_NO_DATA,,
SOLUSDT,1606723200007,-0.00090649,,MARK_PRICE_NO_DATA,,
SOLUSDT,1606752000000,-0.00055293,,MARK_PRICE_NO_DATA,,
SOLUSDT,1606780800000,-0.00099685,,MARK_PRICE_NO_DATA,,
SOLUSDT,1606809600003,-0.00089102,,MARK_PRICE_NO_DATA,,
SOLUSDT,1606838400000,-0.0012781,,MARK_PRICE_NO_DATA,,
SOLUSDT,1606867200001,-0.0014013,,MARK_PRICE_NO_DATA,,
SOLUSDT,1606896000011,-0.00000174,,MARK_PRICE_NO_DATA,,
SOLUSDT,1606924800005,-0.00109398,,MARK_PRICE_NO_DATA,,
SOLUSDT,1606953600001,0.0001,,MARK_PRICE_NO_DATA,,
SOLUSDT,1606982400031,0.0001,,MARK_PRICE_NO_DATA,,
SOLUSDT,1607011200000,0.0001,,MARK_PRICE_NO_DATA,,
SOLUSDT,1607040000006,0.0001,,MARK_PRICE_NO_DATA,,
SOLUSDT,1607068800009,-0.00024496,,MARK_PRICE_NO_DATA,,
SOLUSDT,1607097600000,-0.0011123,,MARK_PRICE_NO_DATA,,
SOLUSDT,1607126400000,-0.00060138,,MARK_PRICE_NO_DATA,,
SOLUSDT,1607155200000,0.0001,,MARK_PRICE_NO_DATA,,
SOLUSDT,1607184000000,-0.00001751,,MARK_PRICE_NO_DATA,,
SOLUSDT,1607212800004,0.0001,,MARK_PRICE_NO_DATA,,
SOLUSDT,1607241600000,0.0001,,MARK_PRICE_NO_DATA,,
SOLUSDT,1607270400001,0.0001,,MARK_PRICE_NO_DATA,,
SOLUSDT,1607299200000,0.0001,,MARK_PRICE_NO_DATA,,
SOLUSDT,1607328000008,0.0001,,MARK_PRICE_NO_DATA,,
SOLUSDT,1607356800000,0.0001,,MARK_PRICE_NO_DATA,,
SOLUSDT,1607385600003,0.0001,,MARK_PRICE_NO_DATA,,
SOLUSDT,1607414400003,0.0001,,MARK_PRICE_NO_DATA,,
SOLUSDT,1607443200033,0.0001,,MARK_PRICE_NO_DATA,,
SOLUSDT,1607472000000,0.0000077,,MARK_PRICE_NO_DATA,,
SOLUSDT,1607500800010,0.0001,,MARK_PRICE_NO_DATA,,
SOLUSDT,1607529600000,0.0000144,,MARK_PRICE_NO_DATA,,
SOLUSDT,1607558400000,-0.00005839,,MARK_PRICE_NO_DATA,,
SOLUSDT,1607587200000,0.00005504,,MARK_PRICE_NO_DATA,,
SOLUSDT,1607616000007,-0.00079147,,MARK_PRICE_NO_DATA,,
SOLUSDT,1607644800000,0.0001,,MARK_PRICE_NO_DATA,,
SOLUSDT,1607673600016,-0.00073541,,MARK_PRICE_NO_DATA,,
SOLUSDT,1607702400010,0.0001,,MARK_PRICE_NO_DATA,,
SOLUSDT,1607731200009,0.00008023,,MARK_PRICE_NO_DATA,,
SOLUSDT,1607760000002,-0.00234814,,MARK_PRICE_NO_DATA,,
SOLUSDT,1607788800000,-0.00143339,,MARK_PRICE_NO_DATA,,
SOLUSDT,1607817600007,-0.00173105,,MARK_PRICE_NO_DATA,,
SOLUSDT,1607846400000,-0.00055675,,MARK_PRICE_NO_DATA,,
SOLUSDT,1607875200000,-0.00072483,,MARK_PRICE_NO_DATA,,
SOLUSDT,1607904000000,-0.00035996,,MARK_PRICE_NO_DATA,,
SOLUSDT,1607932800000,-0.00009372,,MARK_PRICE_NO_DATA,,
SOLUSDT,1607961600000,-0.00008654,,MARK_PRICE_NO_DATA,,
SOLUSDT,1607990400006,-0.00046511,,MARK_PRICE_NO_DATA,,
SOLUSDT,1608019200001,-0.0007831,,MARK_PRICE_NO_DATA,,
SOLUSDT,1608048000000,-0.00056365,,MARK_PRICE_NO_DATA,,
SOLUSDT,1608076800001,-0.00035194,,MARK_PRICE_NO_DATA,,
SOLUSDT,1608105600000,0.0001,,MARK_PRICE_NO_DATA,,
SOLUSDT,1608134400000,0.0001,,MARK_PRICE_NO_DATA,,
SOLUSDT,1608163200000,0.0001,,MARK_PRICE_NO_DATA,,
SOLUSDT,1608192000000,0.0001,,MARK_PRICE_NO_DATA,,
SOLUSDT,1608220800011,0.0001,,MARK_PRICE_NO_DATA,,
SOLUSDT,1608249600000,0.0001,,MARK_PRICE_NO_DATA,,
SOLUSDT,1608278400000,0.0001,,MARK_PRICE_NO_DATA,,
SOLUSDT,1608307200000,0.0001,,MARK_PRICE_NO_DATA,,
SOLUSDT,1608336000000,0.0001,,MARK_PRICE_NO_DATA,,
SOLUSDT,1608364800018,0.0001,,MARK_PRICE_NO_DATA,,
SOLUSDT,1608393600000,0.0001,,MARK_PRICE_NO_DATA,,
SOLUSDT,1608422400001,0.0001,,MARK_PRICE_NO_DATA,,
SOLUSDT,1608451200011,0.0001,,MARK_PRICE_NO_DATA,,
SOLUSDT,1608480000023,0.0001,,MARK_PRICE_NO_DATA,,
SOLUSDT,1608508800011,0.0001,,MARK_PRICE_NO_DATA,,
SOLUSDT,1608537600000,0.0001,,MARK_PRICE_NO_DATA,,
SOLUSDT,1608566400000,0.00027015,,MARK_PRICE_NO_DATA,,
SOLUSDT,1608595200001,0.0001,,MARK_PRICE_NO_DATA,,
SOLUSDT,1608624000006,0.0001,,MARK_PRICE_NO_DATA,,
SOLUSDT,1608652800000,0.0001,,MARK_PRICE_NO_DATA,,
SOLUSDT,1608681600000,-0.00004427,,MARK_PRICE_NO_DATA,,
SOLUSDT,1608710400000,0.0001,,MARK_PRICE_NO_DATA,,
SOLUSDT,1608739200000,0.0001,,MARK_PRICE_NO_DATA,,
SOLUSDT,1608768000012,-0.00044413,,MARK_PRICE_NO_DATA,,
SOLUSDT,1608796800009,-0.00049946,,MARK_PRICE_NO_DATA,,
SOLUSDT,1608825600001,-0.00023132,,MARK_PRICE_NO_DATA,,
SOLUSDT,1608854400000,-0.00041957,,MARK_PRICE_NO_DATA,,
SOLUSDT,1608883200000,-0.00119,,MARK_PRICE_NO_DATA,,
SOLUSDT,1608912000000,-0.00128276,,MARK_PRICE_NO_DATA,,
SOLUSDT,1608940800009,-0.00143412,,MARK_PRICE_NO_DATA,,
SOLUSDT,1608969600001,-0.00120753,,MARK_PRICE_NO_DATA,,
SOLUSDT,1608998400006,-0.00254219,,MARK_PRICE_NO_DATA,,
SOLUSDT,1609027200000,-0.00101518,,MARK_PRICE_NO_DATA,,
SOLUSDT,1609056000000,-0.00163498,,MARK_PRICE_NO_DATA,,
SOLUSDT,1609084800001,-0.00071416,,MARK_PRICE_NO_DATA,,
SOLUSDT,1609113600015,0.00009235,,MARK_PRICE_NO_DATA,,
SOLUSDT,1609142400019,-0.00006254,,MARK_PRICE_NO_DATA,,
SOLUSDT,1609171200000,-0.00078108,,MARK_PRICE_NO_DATA,,
SOLUSDT,1609200000004,-0.0004725,,MARK_PRICE_NO_DATA,,
SOLUSDT,1609228800003,-0.00169461,,MARK_PRICE_NO_DATA,,
SOLUSDT,1609257600000,-0.00039761,,MARK_PRICE_NO_DATA,,
SOLUSDT,1609286400001,-0.00045529,,MARK_PRICE_NO_DATA,,
SOLUSDT,1609315200001,-0.00154578,,MARK_PRICE_NO_DATA,,
SOLUSDT,1609344000012,-0.00112551,,MARK_PRICE_NO_DATA,,
SOLUSDT,1609372800009,-0.0008723,,MARK_PRICE_NO_DATA,,
SOLUSDT,1609401600000,-0.00095399,,MARK_PRICE_NO_DATA,,
SOLUSDT,1609430400010,-0.00161978,,MARK_PRICE_NO_DATA,,
SOLUSDT,1609459200002,-0.00165238,1.5056,MARK_PRICE_PREVIOUS_FALLBACK,1609459200000,2
SOLUSDT,1609488000006,-0.00204383,1.612,MARK_PRICE_PREVIOUS_FALLBACK,1609488000000,6
SOLUSDT,1609516800003,-0.0008075,1.6439,MARK_PRICE_PREVIOUS_FALLBACK,1609516800000,3
SOLUSDT,1609545600000,-0.00120567,1.8382,MARK_PRICE_EXACT_OPEN,1609545600000,0
SOLUSDT,1609574400000,0.0001,1.7501,MARK_PRICE_EXACT_OPEN,1609574400000,0
SOLUSDT,1609603200006,-0.00007871,1.77789275,MARK_PRICE_PREVIOUS_FALLBACK,1609603200000,6
SOLUSDT,1609632000018,-0.00009318,1.8,MARK_PRICE_PREVIOUS_FALLBACK,1609632000000,18
SOLUSDT,1609660800000,-0.00048296,2.06481026,MARK_PRICE_EXACT_OPEN,1609660800000,0
SOLUSDT,1609689600002,-0.00253289,2.0777,MARK_PRICE_PREVIOUS_FALLBACK,1609689600000,2
SOLUSDT,1609718400000,-0.00302774,2.17260834,MARK_PRICE_EXACT_OPEN,1609718400000,0
SOLUSDT,1609747200000,0.0001,2.10963766,MARK_PRICE_EXACT_OPEN,1609747200000,0
SOLUSDT,1609776000000,-0.00240332,2.26378975,MARK_PRICE_EXACT_OPEN,1609776000000,0
SOLUSDT,1609804800020,-0.00667102,2.47245994,MARK_PRICE_PREVIOUS_FALLBACK,1609804800000,20
SOLUSDT,1609833600003,-0.00285395,2.164,MARK_PRICE_PREVIOUS_FALLBACK,1609833600000,3
SOLUSDT,1609862400003,-0.00482538,2.16578216,MARK_PRICE_PREVIOUS_FALLBACK,1609862400000,3
SOLUSDT,1609891200010,-0.0075,2.1401303,MARK_PRICE_PREVIOUS_FALLBACK,1609891200000,10
SOLUSDT,1609920000003,-0.0075,1.9927286,MARK_PRICE_PREVIOUS_FALLBACK,1609920000000,3
SOLUSDT,1609948800000,-0.0075,2.05,MARK_PRICE_EXACT_OPEN,1609948800000,0
SOLUSDT,1609977600007,-0.0075,1.87081733,MARK_PRICE_PREVIOUS_FALLBACK,1609977600000,7
SOLUSDT,1610006400000,-0.0075,2.0445,MARK_PRICE_EXACT_OPEN,1610006400000,0
SOLUSDT,1610035200004,0,2.4126908,MARK_PRICE_PREVIOUS_FALLBACK,1610035200000,4
SOLUSDT,1610064000000,-0.00094262,2.36392219,MARK_PRICE_EXACT_OPEN,1610064000000,0
SOLUSDT,1610092800000,0.00071256,2.4229,MARK_PRICE_EXACT_OPEN,1610092800000,0
SOLUSDT,1610121600000,0.00012872,3.312873,MARK_PRICE_EXACT_OPEN,1610121600000,0
SOLUSDT,1610150400009,0.0003294,3.22573708,MARK_PRICE_PREVIOUS_FALLBACK,1610150400000,9
SOLUSDT,1610179200004,0.00138669,3.08993124,MARK_PRICE_PREVIOUS_FALLBACK,1610179200000,4
SOLUSDT,1610208000000,0.00051747,3.1098398,MARK_PRICE_EXACT_OPEN,1610208000000,0
SOLUSDT,1610236800000,0.00318311,3.3752,MARK_PRICE_EXACT_OPEN,1610236800000,0
SOLUSDT,1610265600005,0.00201398,3.72943323,MARK_PRICE_PREVIOUS_FALLBACK,1610265600000,5
SOLUSDT,1610294400000,0.00080074,3.40980034,MARK_PRICE_EXACT_OPEN,1610294400000,0
SOLUSDT,1610323200000,0.00024441,3.44895109,MARK_PRICE_EXACT_OPEN,1610323200000,0
SOLUSDT,1610352000012,0.0001,2.99481555,MARK_PRICE_PREVIOUS_FALLBACK,1610352000000,12
SOLUSDT,1610380800000,0.00087274,2.76560965,MARK_PRICE_EXACT_OPEN,1610380800000,0
SOLUSDT,1610409600000,0.0001,3.0988,MARK_PRICE_EXACT_OPEN,1610409600000,0
SOLUSDT,1610438400000,-0.00004075,3.38471755,MARK_PRICE_EXACT_OPEN,1610438400000,0
SOLUSDT,1610467200008,0.0001,3.31778017,MARK_PRICE_PREVIOUS_FALLBACK,1610467200000,8
SOLUSDT,1610496000001,0.00030906,3.63089663,MARK_PRICE_PREVIOUS_FALLBACK,1610496000000,1
SOLUSDT,1610524800000,0.00028285,3.4882,MARK_PRICE_EXACT_OPEN,1610524800000,0
SOLUSDT,1610553600003,0.0001,3.5317,MARK_PRICE_PREVIOUS_FALLBACK,1610553600000,3
SOLUSDT,1610582400000,0.0001,3.52326467,MARK_PRICE_EXACT_OPEN,1610582400000,0
SOLUSDT,1610611200012,0.00013077,3.4093,MARK_PRICE_PREVIOUS_FALLBACK,1610611200000,12
SOLUSDT,1610640000000,0.00127162,3.4866146,MARK_PRICE_EXACT_OPEN,1610640000000,0
SOLUSDT,1610668800002,0.0001,3.29255222,MARK_PRICE_PREVIOUS_FALLBACK,1610668800000,2
SOLUSDT,1610697600000,0.0001,3.3691,MARK_PRICE_EXACT_OPEN,1610697600000,0
SOLUSDT,1610726400004,0.00099857,3.07722534,MARK_PRICE_PREVIOUS_FALLBACK,1610726400000,4
SOLUSDT,1610755200000,0.00063201,3.2464,MARK_PRICE_EXACT_OPEN,1610755200000,0
SOLUSDT,1610784000008,0.00082427,3.46701312,MARK_PRICE_PREVIOUS_FALLBACK,1610784000000,8
SOLUSDT,1610812800000,0.00199151,3.39960789,MARK_PRICE_EXACT_OPEN,1610812800000,0
SOLUSDT,1610841600009,0.0011316,3.41960776,MARK_PRICE_PREVIOUS_FALLBACK,1610841600000,9
SOLUSDT,1610870400000,0.00088588,3.3851,MARK_PRICE_EXACT_OPEN,1610870400000,0
SOLUSDT,1610899200001,0.00026075,3.54777934,MARK_PRICE_PREVIOUS_FALLBACK,1610899200000,1
SOLUSDT,1610928000000,0.00122517,3.82550467,MARK_PRICE_EXACT_OPEN,1610928000000,0
SOLUSDT,1610956800004,0.0007264,4.0504,MARK_PRICE_PREVIOUS_FALLBACK,1610956800000,4
SOLUSDT,1610985600000,0.00146114,3.959,MARK_PRICE_EXACT_OPEN,1610985600000,0
SOLUSDT,1611014400000,0.00120146,3.7927,MARK_PRICE_EXACT_OPEN,1611014400000,0
SOLUSDT,1611043200005,0.00123494,3.82381749,MARK_PRICE_PREVIOUS_FALLBACK,1611043200000,5
SOLUSDT,1611072000012,0.0001,3.8135,MARK_PRICE_PREVIOUS_FALLBACK,1611072000000,12
SOLUSDT,1611100800012,0.0001,3.62027781,MARK_PRICE_PREVIOUS_FALLBACK,1611100800000,12
SOLUSDT,1611129600001,0.0001,3.61304884,MARK_PRICE_PREVIOUS_FALLBACK,1611129600000,1
SOLUSDT,1611158400001,-0.00034721,3.49680754,MARK_PRICE_PREVIOUS_FALLBACK,1611158400000,1
SOLUSDT,1611187200000,-0.00004668,3.71427784,MARK_PRICE_EXACT_OPEN,1611187200000,0
SOLUSDT,1611216000000,0.0001,3.55096002,MARK_PRICE_EXACT_OPEN,1611216000000,0
SOLUSDT,1611244800004,-0.00008357,3.29706335,MARK_PRICE_PREVIOUS_FALLBACK,1611244800000,4
SOLUSDT,1611273600012,-0.00054589,2.9763,MARK_PRICE_PREVIOUS_FALLBACK,1611273600000,12
SOLUSDT,1611302400003,-0.00028412,3.0972,MARK_PRICE_PREVIOUS_FALLBACK,1611302400000,3
SOLUSDT,1611331200001,0.0001,3.4021,MARK_PRICE_PREVIOUS_FALLBACK,1611331200000,1
SOLUSDT,1611360000000,0.0001,3.33200273,MARK_PRICE_EXACT_OPEN,1611360000000,0
SOLUSDT,1611388800002,0.0001,3.56089555,MARK_PRICE_PREVIOUS_FALLBACK,1611388800000,2
SOLUSDT,1611417600000,0.0001,3.47387195,MARK_PRICE_EXACT_OPEN,1611417600000,0
SOLUSDT,1611446400001,0.0001,3.5003,MARK_PRICE_PREVIOUS_FALLBACK,1611446400000,1
SOLUSDT,1611475200011,0.00014037,3.73093658,MARK_PRICE_PREVIOUS_FALLBACK,1611475200000,11
SOLUSDT,1611504000005,0.0001,3.5957,MARK_PRICE_PREVIOUS_FALLBACK,1611504000000,5
SOLUSDT,1611532800007,0.00019694,3.63613739,MARK_PRICE_PREVIOUS_FALLBACK,1611532800000,7
SOLUSDT,1611561600012,0.0011324,3.5277,MARK_PRICE_PREVIOUS_FALLBACK,1611561600000,12
SOLUSDT,1611590400000,0.0001,3.71003815,MARK_PRICE_EXACT_OPEN,1611590400000,0
SOLUSDT,1611619200007,0.0001,3.70488642,MARK_PRICE_PREVIOUS_FALLBACK,1611619200000,7
SOLUSDT,1611648000000,0.0001,3.751178,MARK_PRICE_EXACT_OPEN,1611648000000,0
SOLUSDT,1611676800000,0.0001,3.78735892,MARK_PRICE_EXACT_OPEN,1611676800000,0
SOLUSDT,1611705600000,0.0001,4.0447,MARK_PRICE_EXACT_OPEN,1611705600000,0
SOLUSDT,1611734400011,0.0001,3.77022781,MARK_PRICE_PREVIOUS_FALLBACK,1611734400000,11
SOLUSDT,1611763200003,0.0001,3.71178031,MARK_PRICE_PREVIOUS_FALLBACK,1611763200000,3
SOLUSDT,1611792000000,0.0001,3.6706,MARK_PRICE_EXACT_OPEN,1611792000000,0
SOLUSDT,1611820800000,0.0001,3.7612,MARK_PRICE_EXACT_OPEN,1611820800000,0
SOLUSDT,1611849600000,0.00032246,3.89462125,MARK_PRICE_EXACT_OPEN,1611849600000,0
SOLUSDT,1611878400009,0.0001027,3.81125687,MARK_PRICE_PREVIOUS_FALLBACK,1611878400000,9
SOLUSDT,1611907200000,0.00046897,3.6693,MARK_PRICE_EXACT_OPEN,1611907200000,0
SOLUSDT,1611936000000,0.00135527,3.8208771,MARK_PRICE_EXACT_OPEN,1611936000000,0
SOLUSDT,1611964800000,0.00074522,3.8423862,MARK_PRICE_EXACT_OPEN,1611964800000,0
SOLUSDT,1611993600000,0.000426,3.8376,MARK_PRICE_EXACT_OPEN,1611993600000,0
SOLUSDT,1612022400000,0.00083867,4.0425,MARK_PRICE_EXACT_OPEN,1612022400000,0
SOLUSDT,1612051200009,0.00136282,4.2526,MARK_PRICE_PREVIOUS_FALLBACK,1612051200000,9
SOLUSDT,1612080000000,0.00068997,4.49007291,MARK_PRICE_EXACT_OPEN,1612080000000,0
SOLUSDT,1612108800000,0.00125194,4.2325,MARK_PRICE_EXACT_OPEN,1612108800000,0
SOLUSDT,1612137600001,0.00025519,4.2463,MARK_PRICE_PREVIOUS_FALLBACK,1612137600000,1
SOLUSDT,1612166400014,0.00037017,4.17929456,MARK_PRICE_PREVIOUS_FALLBACK,1612166400000,14
SOLUSDT,1612195200000,0.00023243,4.21955646,MARK_PRICE_EXACT_OPEN,1612195200000,0
SOLUSDT,1612224000000,0.00049185,4.61990683,MARK_PRICE_EXACT_OPEN,1612224000000,0
SOLUSDT,1612252800006,0.00049058,4.9941,MARK_PRICE_PREVIOUS_FALLBACK,1612252800000,6
SOLUSDT,1612281600000,0.00178222,5.0672,MARK_PRICE_EXACT_OPEN,1612281600000,0
SOLUSDT,1612310400009,0.00185223,5.2689,MARK_PRICE_PREVIOUS_FALLBACK,1612310400000,9
SOLUSDT,1612339200006,0.00090423,5.18970404,MARK_PRICE_PREVIOUS_FALLBACK,1612339200000,6
SOLUSDT,1612368000006,0.00103602,5.65304953,MARK_PRICE_PREVIOUS_FALLBACK,1612368000000,6
SOLUSDT,1612396800005,0.00114612,5.744,MARK_PRICE_PREVIOUS_FALLBACK,1612396800000,5
SOLUSDT,1612425600000,0.00196534,5.8506,MARK_PRICE_EXACT_OPEN,1612425600000,0
SOLUSDT,1612454400011,0.00116031,5.7238,MARK_PRICE_PREVIOUS_FALLBACK,1612454400000,11
SOLUSDT,1612483200009,0.00139904,6.46034003,MARK_PRICE_PREVIOUS_FALLBACK,1612483200000,9
SOLUSDT,1612512000004,0.00250409,6.80214465,MARK_PRICE_PREVIOUS_FALLBACK,1612512000000,4
SOLUSDT,1612540800000,0.00248849,6.9592,MARK_PRICE_EXACT_OPEN,1612540800000,0
SOLUSDT,1612569600008,0.0012523,6.73661776,MARK_PRICE_PREVIOUS_FALLBACK,1612569600000,8
SOLUSDT,1612598400009,0.00177772,6.00948592,MARK_PRICE_PREVIOUS_FALLBACK,1612598400000,9
SOLUSDT,1612627200000,0.0015495,5.797,MARK_PRICE_EXACT_OPEN,1612627200000,0
SOLUSDT,1612656000000,0.00069317,6.1254027,MARK_PRICE_EXACT_OPEN,1612656000000,0
SOLUSDT,1612684800005,0.0001,5.9197,MARK_PRICE_PREVIOUS_FALLBACK,1612684800000,5
SOLUSDT,1612713600001,0.0001,6.4624,MARK_PRICE_PREVIOUS_FALLBACK,1612713600000,1
SOLUSDT,1612742400000,0.00045129,6.7037,MARK_PRICE_EXACT_OPEN,1612742400000,0
SOLUSDT,1612771200001,0.00085861,7.5853,MARK_PRICE_PREVIOUS_FALLBACK,1612771200000,1
SOLUSDT,1612800000000,0.00189272,7.7682,MARK_PRICE_EXACT_OPEN,1612800000000,0
SOLUSDT,1612828800010,0.00209319,7.91797258,MARK_PRICE_PREVIOUS_FALLBACK,1612828800000,10
SOLUSDT,1612857600006,0.00304915,8.1681,MARK_PRICE_PREVIOUS_FALLBACK,1612857600000,6
SOLUSDT,1612886400007,0.0028669,7.77164007,MARK_PRICE_PREVIOUS_FALLBACK,1612886400000,7
SOLUSDT,1612915200009,0.00243443,7.8529994,MARK_PRICE_PREVIOUS_FALLBACK,1612915200000,9
SOLUSDT,1612944000014,0.00332469,8.2366018,MARK_PRICE_PREVIOUS_FALLBACK,1612944000000,14
SOLUSDT,1612972800005,0.00113941,7.7756,MARK_PRICE_PREVIOUS_FALLBACK,1612972800000,5
SOLUSDT,1613001600000,0.0016268,9.1102,MARK_PRICE_EXACT_OPEN,1613001600000,0
SOLUSDT,1613030400000,0.00151791,9.44115507,MARK_PRICE_EXACT_OPEN,1613030400000,0
SOLUSDT,1613059200000,0.00128569,9.29208216,MARK_PRICE_EXACT_OPEN,1613059200000,0
SOLUSDT,1613088000000,0.00211126,9.22,MARK_PRICE_EXACT_OPEN,1613088000000,0
SOLUSDT,1613116800000,0.00076834,9.3443,MARK_PRICE_EXACT_OPEN,1613116800000,0
SOLUSDT,1613145600000,0.00087438,9.55790297,MARK_PRICE_EXACT_OPEN,1613145600000,0
SOLUSDT,1613174400001,0.0026051,9.27330348,MARK_PRICE_PREVIOUS_FALLBACK,1613174400000,1
SOLUSDT,1613203200003,0.00188627,9.2289,MARK_PRICE_PREVIOUS_FALLBACK,1613203200000,3
SOLUSDT,1613232000000,0.0014149,9.08929137,MARK_PRICE_EXACT_OPEN,1613232000000,0
SOLUSDT,1613260800013,0.00251514,8.805878,MARK_PRICE_PREVIOUS_FALLBACK,1613260800000,13
SOLUSDT,1613289600000,0.00252331,8.7209,MARK_PRICE_EXACT_OPEN,1613289600000,0
SOLUSDT,1613318400008,0.00257419,8.7069,MARK_PRICE_PREVIOUS_FALLBACK,1613318400000,8
SOLUSDT,1613347200000,0.00066418,8.7306,MARK_PRICE_EXACT_OPEN,1613347200000,0
SOLUSDT,1613376000006,0.0001,8.30839064,MARK_PRICE_PREVIOUS_FALLBACK,1613376000000,6
SOLUSDT,1613404800000,0.0001,8.91990956,MARK_PRICE_EXACT_OPEN,1613404800000,0
SOLUSDT,1613433600001,0.0001,8.8835,MARK_PRICE_PREVIOUS_FALLBACK,1613433600000,1
SOLUSDT,1613462400000,0.00158627,8.7416,MARK_PRICE_EXACT_OPEN,1613462400000,0
SOLUSDT,1613491200010,0.00147931,8.36781912,MARK_PRICE_PREVIOUS_FALLBACK,1613491200000,10
SOLUSDT,1613520000005,0.0001,8.31901334,MARK_PRICE_PREVIOUS_FALLBACK,1613520000000,5
SOLUSDT,1613548800010,0.00100129,7.97591465,MARK_PRICE_PREVIOUS_FALLBACK,1613548800000,10
SOLUSDT,1613577600008,0.00142102,8.31430687,MARK_PRICE_PREVIOUS_FALLBACK,1613577600000,8
SOLUSDT,1613606400012,0.00104079,8.2781921,MARK_PRICE_PREVIOUS_FALLBACK,1613606400000,12
SOLUSDT,1613635200000,0.00155495,8.5642,MARK_PRICE_EXACT_OPEN,1613635200000,0
SOLUSDT,1613664000009,0.00083108,9.28149138,MARK_PRICE_PREVIOUS_FALLBACK,1613664000000,9
SOLUSDT,1613692800010,0.00094704,9.01691982,MARK_PRICE_PREVIOUS_FALLBACK,1613692800000,10
SOLUSDT,1613721600002,0.00094971,9.49721873,MARK_PRICE_PREVIOUS_FALLBACK,1613721600000,2
SOLUSDT,1613750400008,0.00077114,11.0201,MARK_PRICE_PREVIOUS_FALLBACK,1613750400000,8
SOLUSDT,1613779200000,0.00134072,11.5096,MARK_PRICE_EXACT_OPEN,1613779200000,0
SOLUSDT,1613808000009,0.00167508,10.97916553,MARK_PRICE_PREVIOUS_FALLBACK,1613808000000,9
SOLUSDT,1613836800000,0.00248155,10.2665,MARK_PRICE_EXACT_OPEN,1613836800000,0
SOLUSDT,1613865600007,0.00087849,10.01981181,MARK_PRICE_PREVIOUS_FALLBACK,1613865600000,7
SOLUSDT,1613894400012,0.00097512,10.0778,MARK_PRICE_PREVIOUS_FALLBACK,1613894400000,12
SOLUSDT,1613923200001,0.00101935,10.65189588,MARK_PRICE_PREVIOUS_FALLBACK,1613923200000,1
SOLUSDT,1613952000006,0.00090367,11.10851307,MARK_PRICE_PREVIOUS_FALLBACK,1613952000000,6
SOLUSDT,1613980800002,0.00060976,10.65187637,MARK_PRICE_PREVIOUS_FALLBACK,1613980800000,2
SOLUSDT,1614009600000,0.0001,10.272,MARK_PRICE_EXACT_OPEN,1614009600000,0
SOLUSDT,1614038400000,-0.00114458,14.3504,MARK_PRICE_EXACT_OPEN,1614038400000,0
SOLUSDT,1614067200006,0.0001,13.15497754,MARK_PRICE_PREVIOUS_FALLBACK,1614067200000,6
SOLUSDT,1614096000000,0.0001,15.40066086,MARK_PRICE_EXACT_OPEN,1614096000000,0
SOLUSDT,1614124800012,0.0001,15.22999437,MARK_PRICE_PREVIOUS_FALLBACK,1614124800000,12
SOLUSDT,1614153600016,0.00031868,15.68328402,MARK_PRICE_PREVIOUS_FALLBACK,1614153600000,16
SOLUSDT,1614182400011,0.0001,16.63135956,MARK_PRICE_PREVIOUS_FALLBACK,1614182400000,11
SOLUSDT,1614211200007,0.0001,17.264675,MARK_PRICE_PREVIOUS_FALLBACK,1614211200000,7
SOLUSDT,1614240000000,0.0001,16.32487243,MARK_PRICE_EXACT_OPEN,1614240000000,0
SOLUSDT,1614268800010,0.00038425,16.17812671,MARK_PRICE_PREVIOUS_FALLBACK,1614268800000,10
SOLUSDT,1614297600000,0.0001,13.84981059,MARK_PRICE_EXACT_OPEN,1614297600000,0
SOLUSDT,1614326400025,0.0001,13.41110854,MARK_PRICE_PREVIOUS_FALLBACK,1614326400000,25
SOLUSDT,1614355200010,0.0001,14.50593958,MARK_PRICE_PREVIOUS_FALLBACK,1614355200000,10
SOLUSDT,1614384000001,0.0001,13.60267912,MARK_PRICE_PREVIOUS_FALLBACK,1614384000000,1
SOLUSDT,1614412800000,0.0001,13.889,MARK_PRICE_EXACT_OPEN,1614412800000,0
SOLUSDT,1614441600000,0.00013802,13.40138806,MARK_PRICE_EXACT_OPEN,1614441600000,0
SOLUSDT,1614470400021,0.0001,13.15383752,MARK_PRICE_PREVIOUS_FALLBACK,1614470400000,21
SOLUSDT,1614499200009,0.0001,12.2021624,MARK_PRICE_PREVIOUS_FALLBACK,1614499200000,9
SOLUSDT,1614528000000,0.0001,11.53257189,MARK_PRICE_EXACT_OPEN,1614528000000,0
SOLUSDT,1614556800000,0.0001,13.09013873,MARK_PRICE_EXACT_OPEN,1614556800000,0
SOLUSDT,1614585600003,0.00012534,14.5583,MARK_PRICE_PREVIOUS_FALLBACK,1614585600000,3
SOLUSDT,1614614400001,0.00038175,15.4742,MARK_PRICE_PREVIOUS_FALLBACK,1614614400000,1
SOLUSDT,1614643200000,0.00021657,14.9966,MARK_PRICE_EXACT_OPEN,1614643200000,0
SOLUSDT,1614672000000,0.00051119,14.3167,MARK_PRICE_EXACT_OPEN,1614672000000,0
SOLUSDT,1614700800004,0.00023872,14.6777454,MARK_PRICE_PREVIOUS_FALLBACK,1614700800000,4
SOLUSDT,1614729600000,0.0007243,13.95437342,MARK_PRICE_EXACT_OPEN,1614729600000,0
SOLUSDT,1614758400016,0.00026329,14.2443,MARK_PRICE_PREVIOUS_FALLBACK,1614758400000,16
SOLUSDT,1614787200000,0.00096015,14.1685,MARK_PRICE_EXACT_OPEN,1614787200000,0
SOLUSDT,1614816000000,0.00017193,14.09225004,MARK_PRICE_EXACT_OPEN,1614816000000,0
SOLUSDT,1614844800015,0.00048191,13.7823,MARK_PRICE_PREVIOUS_FALLBACK,1614844800000,15
SOLUSDT,1614873600001,0.00058971,13.48501577,MARK_PRICE_PREVIOUS_FALLBACK,1614873600000,1
SOLUSDT,1614902400000,0.00018864,13.07212657,MARK_PRICE_EXACT_OPEN,1614902400000,0
SOLUSDT,1614931200002,0.0001,12.5002,MARK_PRICE_PREVIOUS_FALLBACK,1614931200000,2
SOLUSDT,1614960000008,0.00018812,12.72872036,MARK_PRICE_PREVIOUS_FALLBACK,1614960000000,8
SOLUSDT,1614988800000,0.00051149,12.5627,MARK_PRICE_EXACT_OPEN,1614988800000,0
SOLUSDT,1615017600000,0.00058979,12.30100821,MARK_PRICE_EXACT_OPEN,1615017600000,0
SOLUSDT,1615046400000,0.00023359,12.3017,MARK_PRICE_EXACT_OPEN,1615046400000,0
SOLUSDT,1615075200006,0.0006165,13.0874,MARK_PRICE_PREVIOUS_FALLBACK,1615075200000,6
SOLUSDT,1615104000005,0.0009311,12.80724667,MARK_PRICE_PREVIOUS_FALLBACK,1615104000000,5
SOLUSDT,1615132800008,0.00051022,13.6075,MARK_PRICE_PREVIOUS_FALLBACK,1615132800000,8
SOLUSDT,1615161600000,0.0004945,13.84485099,MARK_PRICE_EXACT_OPEN,1615161600000,0
SOLUSDT,1615190400000,0.00048468,13.32532392,MARK_PRICE_EXACT_OPEN,1615190400000,0
SOLUSDT,1615219200006,0.00127854,13.69566915,MARK_PRICE_PREVIOUS_FALLBACK,1615219200000,6
SOLUSDT,1615248000000,0.00142095,13.6344,MARK_PRICE_EXACT_OPEN,1615248000000,0
SOLUSDT,1615276800000,0.00139988,13.88456201,MARK_PRICE_EXACT_OPEN,1615276800000,0
SOLUSDT,1615305600000,0.00131768,14.6923,MARK_PRICE_EXACT_OPEN,1615305600000,0
SOLUSDT,1615334400009,0.00167246,14.9602925,MARK_PRICE_PREVIOUS_FALLBACK,1615334400000,9
SOLUSDT,1615363200006,0.00078312,14.56380616,MARK_PRICE_PREVIOUS_FALLBACK,1615363200000,6
SOLUSDT,1615392000008,0.00110016,14.77590728,MARK_PRICE_PREVIOUS_FALLBACK,1615392000000,8
SOLUSDT,1615420800000,0.00059116,14.2261,MARK_PRICE_EXACT_OPEN,1615420800000,0
SOLUSDT,1615449600000,0.00064766,13.907,MARK_PRICE_EXACT_OPEN,1615449600000,0
SOLUSDT,1615478400014,0.00068954,14.4304,MARK_PRICE_PREVIOUS_FALLBACK,1615478400000,14
SOLUSDT,1615507200002,0.00065755,16.1198,MARK_PRICE_PREVIOUS_FALLBACK,1615507200000,2
SOLUSDT,1615536000005,0.00087095,16.07735535,MARK_PRICE_PREVIOUS_FALLBACK,1615536000000,5
SOLUSDT,1615564800011,0.00056749,15.57799205,MARK_PRICE_PREVIOUS_FALLBACK,1615564800000,11
SOLUSDT,1615593600000,0.00077028,14.5794,MARK_PRICE_EXACT_OPEN,1615593600000,0
SOLUSDT,1615622400002,0.0004546,14.40824686,MARK_PRICE_PREVIOUS_FALLBACK,1615622400000,2
SOLUSDT,1615651200000,0.00143906,14.92792544,MARK_PRICE_EXACT_OPEN,1615651200000,0
SOLUSDT,1615680000011,0.00115139,15.3389,MARK_PRICE_PREVIOUS_FALLBACK,1615680000000,11
SOLUSDT,1615708800000,0.00123232,14.5695,MARK_PRICE_EXACT_OPEN,1615708800000,0
SOLUSDT,1615737600000,0.00131239,14.49145255,MARK_PRICE_EXACT_OPEN,1615737600000,0
SOLUSDT,1615766400012,0.00131865,14.51159448,MARK_PRICE_PREVIOUS_FALLBACK,1615766400000,12
SOLUSDT,1615795200016,0.00074456,13.90993549,MARK_PRICE_PREVIOUS_FALLBACK,1615795200000,16
SOLUSDT,1615824000030,0.00089187,14.0774,MARK_PRICE_PREVIOUS_FALLBACK,1615824000000,30
SOLUSDT,1615852800005,0.00091104,14.20372998,MARK_PRICE_PREVIOUS_FALLBACK,1615852800000,5
SOLUSDT,1615881600008,0.00038295,13.5821,MARK_PRICE_PREVIOUS_FALLBACK,1615881600000,8
SOLUSDT,1615910400012,0.0008697,13.7915,MARK_PRICE_PREVIOUS_FALLBACK,1615910400000,12
SOLUSDT,1615939200010,0.00083967,13.75281024,MARK_PRICE_PREVIOUS_FALLBACK,1615939200000,10
SOLUSDT,1615968000000,0.00114411,13.5251,MARK_PRICE_EXACT_OPEN,1615968000000,0
SOLUSDT,1615996800009,0.00074567,13.502,MARK_PRICE_PREVIOUS_FALLBACK,1615996800000,9
SOLUSDT,1616025600001,0.00143186,14.25357953,MARK_PRICE_PREVIOUS_FALLBACK,1616025600000,1
SOLUSDT,1616054400000,0.00099333,14.24385765,MARK_PRICE_EXACT_OPEN,1616054400000,0
SOLUSDT,1616083200000,0.00185766,14.2255,MARK_PRICE_EXACT_OPEN,1616083200000,0
SOLUSDT,1616112000011,0.0002296,14.21224835,MARK_PRICE_PREVIOUS_FALLBACK,1616112000000,11
SOLUSDT,1616140800001,0.00044739,14.05169234,MARK_PRICE_PREVIOUS_FALLBACK,1616140800000,1
SOLUSDT,1616169600000,0.00018788,14.36969428,MARK_PRICE_EXACT_OPEN,1616169600000,0
SOLUSDT,1616198400000,0.00011949,14.1535,MARK_PRICE_EXACT_OPEN,1616198400000,0
SOLUSDT,1616227200000,0.0001,14.53361259,MARK_PRICE_EXACT_OPEN,1616227200000,0
SOLUSDT,1616256000007,0.00027957,14.70765671,MARK_PRICE_PREVIOUS_FALLBACK,1616256000000,7
SOLUSDT,1616284800000,0.00012712,14.18404861,MARK_PRICE_EXACT_OPEN,1616284800000,0
SOLUSDT,1616313600000,0.0001,13.95762685,MARK_PRICE_EXACT_OPEN,1616313600000,0
SOLUSDT,1616342400000,0.0001,13.93306181,MARK_PRICE_EXACT_OPEN,1616342400000,0
SOLUSDT,1616371200007,0.0001,14.35000283,MARK_PRICE_PREVIOUS_FALLBACK,1616371200000,7
SOLUSDT,1616400000001,-0.00015996,16.2353,MARK_PRICE_PREVIOUS_FALLBACK,1616400000000,1
SOLUSDT,1616428800000,0.00018783,15.86147178,MARK_PRICE_EXACT_OPEN,1616428800000,0
SOLUSDT,1616457600000,0.0001,14.79387935,MARK_PRICE_EXACT_OPEN,1616457600000,0
SOLUSDT,1616486400010,0.0001,14.4216,MARK_PRICE_PREVIOUS_FALLBACK,1616486400000,10
SOLUSDT,1616515200023,0.00007387,14.6573486,MARK_PRICE_PREVIOUS_FALLBACK,1616515200000,23
SOLUSDT,1616544000002,0.0001,14.14794532,MARK_PRICE_PREVIOUS_FALLBACK,1616544000000,2
SOLUSDT,1616572800000,0.0001,14.67114979,MARK_PRICE_EXACT_OPEN,1616572800000,0
SOLUSDT,1616601600000,0.0001,14.8322,MARK_PRICE_EXACT_OPEN,1616601600000,0
SOLUSDT,1616630400000,0.0001,13.5875,MARK_PRICE_EXACT_OPEN,1616630400000,0
SOLUSDT,1616659200000,0.0001,13.3035,MARK_PRICE_EXACT_OPEN,1616659200000,0
SOLUSDT,1616688000000,0.0001,12.7953,MARK_PRICE_EXACT_OPEN,1616688000000,0
SOLUSDT,1616716800008,0.0001,12.97603146,MARK_PRICE_PREVIOUS_FALLBACK,1616716800000,8
SOLUSDT,1616745600000,0.0001,14.01292895,MARK_PRICE_EXACT_OPEN,1616745600000,0
SOLUSDT,1616774400012,0.00031536,14.00324524,MARK_PRICE_PREVIOUS_FALLBACK,1616774400000,12
SOLUSDT,1616803200018,0.0001,14.7992,MARK_PRICE_PREVIOUS_FALLBACK,1616803200000,18
SOLUSDT,1616832000000,0.00014263,16.05085603,MARK_PRICE_EXACT_OPEN,1616832000000,0
SOLUSDT,1616860800001,0.00034532,15.97498082,MARK_PRICE_PREVIOUS_FALLBACK,1616860800000,1
SOLUSDT,1616889600000,0.000344,16.47516309,MARK_PRICE_EXACT_OPEN,1616889600000,0
SOLUSDT,1616918400000,0.00033489,17.53703574,MARK_PRICE_EXACT_OPEN,1616918400000,0
SOLUSDT,1616947200005,0.00081974,18.9162,MARK_PRICE_PREVIOUS_FALLBACK,1616947200000,5
SOLUSDT,1616976000003,0.00085582,18.18536248,MARK_PRICE_PREVIOUS_FALLBACK,1616976000000,3
SOLUSDT,1617004800000,0.00075959,18.11673221,MARK_PRICE_EXACT_OPEN,1617004800000,0
SOLUSDT,1617033600000,0.00077512,18.1731,MARK_PRICE_EXACT_OPEN,1617033600000,0
SOLUSDT,1617062400018,0.00045834,19.02894844,MARK_PRICE_PREVIOUS_FALLBACK,1617062400000,18
SOLUSDT,1617091200012,0.00119744,20.4844,MARK_PRICE_PREVIOUS_FALLBACK,1617091200000,12
SOLUSDT,1617120000001,0.00134349,19.54741773,MARK_PRICE_PREVIOUS_FALLBACK,1617120000000,1
SOLUSDT,1617148800000,0.00089395,19.0939,MARK_PRICE_EXACT_OPEN,1617148800000,0
SOLUSDT,1617177600000,0.00054855,18.6017,MARK_PRICE_EXACT_OPEN,1617177600000,0
SOLUSDT,1617206400000,0.00057877,19.4442,MARK_PRICE_EXACT_OPEN,1617206400000,0
SOLUSDT,1617235200025,0.00103263,19.4229275,MARK_PRICE_PREVIOUS_FALLBACK,1617235200000,25
SOLUSDT,1617264000011,0.00104792,20.0878,MARK_PRICE_PREVIOUS_FALLBACK,1617264000000,11
SOLUSDT,1617292800004,0.00084334,19.49338587,MARK_PRICE_PREVIOUS_FALLBACK,1617292800000,4
SOLUSDT,1617321600000,0.000564,19.0497,MARK_PRICE_EXACT_OPEN,1617321600000,0
SOLUSDT,1617350400000,0.00150169,19.0595,MARK_PRICE_EXACT_OPEN,1617350400000,0
SOLUSDT,1617379200000,0.00096656,19.51356324,MARK_PRICE_EXACT_OPEN,1617379200000,0
SOLUSDT,1617408000003,0.00090108,19.9207,MARK_PRICE_PREVIOUS_FALLBACK,1617408000000,3
SOLUSDT,1617436800000,0.00142513,21.1872,MARK_PRICE_EXACT_OPEN,1617436800000,0
SOLUSDT,1617465600000,0.00167753,21.03233853,MARK_PRICE_EXACT_OPEN,1617465600000,0
SOLUSDT,1617494400000,0.00016572,22.48961685,MARK_PRICE_EXACT_OPEN,1617494400000,0
SOLUSDT,1617523200000,0.00080358,23.8234,MARK_PRICE_EXACT_OPEN,1617523200000,0
SOLUSDT,1617552000016,0.0001,24.76274504,MARK_PRICE_PREVIOUS_FALLBACK,1617552000000,16
SOLUSDT,1617580800000,0.00085227,23.77966831,MARK_PRICE_EXACT_OPEN,1617580800000,0
SOLUSDT,1617609600001,0.00012199,23.2409,MARK_PRICE_PREVIOUS_FALLBACK,1617609600000,1
SOLUSDT,1617638400001,0.00136006,24.25266388,MARK_PRICE_PREVIOUS_FALLBACK,1617638400000,1
SOLUSDT,1617667200010,0.00140962,23.0826015,MARK_PRICE_PREVIOUS_FALLBACK,1617667200000,10
SOLUSDT,1617696000000,0.00149504,23.04335596,MARK_PRICE_EXACT_OPEN,1617696000000,0
SOLUSDT,1617724800003,0.00046872,22.79867396,MARK_PRICE_PREVIOUS_FALLBACK,1617724800000,3
SOLUSDT,1617753600000,0.0001,25.08930047,MARK_PRICE_EXACT_OPEN,1617753600000,0
SOLUSDT,1617782400006,0.0001,25.27151423,MARK_PRICE_PREVIOUS_FALLBACK,1617782400000,6
SOLUSDT,1617811200004,0.0001,26.45086146,MARK_PRICE_PREVIOUS_FALLBACK,1617811200000,4
SOLUSDT,1617840000013,0.00030698,26.77320007,MARK_PRICE_PREVIOUS_FALLBACK,1617840000000,13
SOLUSDT,1617868800003,0.0001,27.104,MARK_PRICE_PREVIOUS_FALLBACK,1617868800000,3
SOLUSDT,1617897600005,0.00017952,26.24819786,MARK_PRICE_PREVIOUS_FALLBACK,1617897600000,5
SOLUSDT,1617926400000,0.0001,26.9589,MARK_PRICE_EXACT_OPEN,1617926400000,0
SOLUSDT,1617955200004,0.0001,28.2238,MARK_PRICE_PREVIOUS_FALLBACK,1617955200000,4
SOLUSDT,1617984000004,0.00027232,28.21905896,MARK_PRICE_PREVIOUS_FALLBACK,1617984000000,4
SOLUSDT,1618012800011,0.0001,27.5669613,MARK_PRICE_PREVIOUS_FALLBACK,1618012800000,11
SOLUSDT,1618041600005,0.00091825,27.1795,MARK_PRICE_PREVIOUS_FALLBACK,1618041600000,5
SOLUSDT,1618070400000,0.00083453,27.1098,MARK_PRICE_EXACT_OPEN,1618070400000,0
SOLUSDT,1618099200004,0.00076444,26.91713468,MARK_PRICE_PREVIOUS_FALLBACK,1618099200000,4
SOLUSDT,1618128000000,0.00076346,26.34165104,MARK_PRICE_EXACT_OPEN,1618128000000,0
SOLUSDT,1618156800000,0.00042257,27.588448,MARK_PRICE_EXACT_OPEN,1618156800000,0
SOLUSDT,1618185600001,0.00113291,28.02164712,MARK_PRICE_PREVIOUS_FALLBACK,1618185600000,1
SOLUSDT,1618214400001,0.00086506,28.48271617,MARK_PRICE_PREVIOUS_FALLBACK,1618214400000,1
SOLUSDT,1618243200008,0.00065468,27.11090228,MARK_PRICE_PREVIOUS_FALLBACK,1618243200000,8
SOLUSDT,1618272000003,0.00065355,28.681,MARK_PRICE_PREVIOUS_FALLBACK,1618272000000,3
SOLUSDT,1618300800008,0.00106733,26.85341905,MARK_PRICE_PREVIOUS_FALLBACK,1618300800000,8
SOLUSDT,1618329600008,0.00161617,27.56594901,MARK_PRICE_PREVIOUS_FALLBACK,1618329600000,8
SOLUSDT,1618358400008,0.00082883,27.5575,MARK_PRICE_PREVIOUS_FALLBACK,1618358400000,8
SOLUSDT,1618387200000,0.00150253,26.391,MARK_PRICE_EXACT_OPEN,1618387200000,0
SOLUSDT,1618416000012,0.0005878,25.90749945,MARK_PRICE_PREVIOUS_FALLBACK,1618416000000,12
SOLUSDT,1618444800006,0.0010579,26.64247236,MARK_PRICE_PREVIOUS_FALLBACK,1618444800000,6
SOLUSDT,1618473600000,0.00141831,26.77715574,MARK_PRICE_EXACT_OPEN,1618473600000,0
SOLUSDT,1618502400008,0.00054664,27.5206,MARK_PRICE_PREVIOUS_FALLBACK,1618502400000,8
SOLUSDT,1618531200008,0.00074493,27.82991213,MARK_PRICE_PREVIOUS_FALLBACK,1618531200000,8
SOLUSDT,1618560000000,0.00063461,27.00601672,MARK_PRICE_EXACT_OPEN,1618560000000,0
SOLUSDT,1618588800002,0.0017762,26.0279,MARK_PRICE_PREVIOUS_FALLBACK,1618588800000,2
SOLUSDT,1618617600008,0.00114295,25.42913955,MARK_PRICE_PREVIOUS_FALLBACK,1618617600000,8
SOLUSDT,1618646400000,0.00069825,26.17313422,MARK_PRICE_EXACT_OPEN,1618646400000,0
SOLUSDT,1618675200001,0.00098868,25.8479,MARK_PRICE_PREVIOUS_FALLBACK,1618675200000,1
SOLUSDT,1618704000006,0.00069042,24.91848378,MARK_PRICE_PREVIOUS_FALLBACK,1618704000000,6
SOLUSDT,1618732800004,-0.00081587,27.45478866,MARK_PRICE_PREVIOUS_FALLBACK,1618732800000,4
SOLUSDT,1618761600000,0.0003846,28.11367672,MARK_PRICE_EXACT_OPEN,1618761600000,0
SOLUSDT,1618790400000,0.00011935,32.34925159,MARK_PRICE_EXACT_OPEN,1618790400000,0
SOLUSDT,1618819200000,0.00052771,30.7922,MARK_PRICE_EXACT_OPEN,1618819200000,0
SOLUSDT,1618848000009,0.0001,30.2649,MARK_PRICE_PREVIOUS_FALLBACK,1618848000000,9
SOLUSDT,1618876800004,0.00069128,31.7529,MARK_PRICE_PREVIOUS_FALLBACK,1618876800000,4
SOLUSDT,1618905600000,0.00031573,29.83052752,MARK_PRICE_EXACT_OPEN,1618905600000,0
SOLUSDT,1618934400001,0.00013798,29.8462,MARK_PRICE_PREVIOUS_FALLBACK,1618934400000,1
SOLUSDT,1618963200013,0.0001,31.76657622,MARK_PRICE_PREVIOUS_FALLBACK,1618963200000,13
SOLUSDT,1618992000001,0.00029116,31.79111169,MARK_PRICE_PREVIOUS_FALLBACK,1618992000000,1
SOLUSDT,1619020800002,0.0001,34.62166649,MARK_PRICE_PREVIOUS_FALLBACK,1619020800000,2
SOLUSDT,1619049600000,0.0001,32.60016318,MARK_PRICE_EXACT_OPEN,1619049600000,0
SOLUSDT,1619078400000,0.0001,37.8,MARK_PRICE_EXACT_OPEN,1619078400000,0
SOLUSDT,1619107200001,0.0001,38.91062346,MARK_PRICE_PREVIOUS_FALLBACK,1619107200000,1
SOLUSDT,1619136000002,0.0001,39.22998322,MARK_PRICE_PREVIOUS_FALLBACK,1619136000000,2
SOLUSDT,1619164800009,0.00022517,32.72028277,MARK_PRICE_PREVIOUS_FALLBACK,1619164800000,9
SOLUSDT,1619193600001,0.0001,34.8538,MARK_PRICE_PREVIOUS_FALLBACK,1619193600000,1
SOLUSDT,1619222400019,0.0001,37.67074229,MARK_PRICE_PREVIOUS_FALLBACK,1619222400000,19
SOLUSDT,1619251200001,0.0001,35.86387306,MARK_PRICE_PREVIOUS_FALLBACK,1619251200000,1
SOLUSDT,1619280000011,0.0001,36.76273298,MARK_PRICE_PREVIOUS_FALLBACK,1619280000000,11
SOLUSDT,1619308800000,0.0001,40.83884387,MARK_PRICE_EXACT_OPEN,1619308800000,0
SOLUSDT,1619337600010,0.0001537,41.2455755,MARK_PRICE_PREVIOUS_FALLBACK,1619337600000,10
SOLUSDT,1619366400000,0.0000525,46.66,MARK_PRICE_EXACT_OPEN,1619366400000,0
SOLUSDT,1619395200003,0.0001,48.04191871,MARK_PRICE_PREVIOUS_FALLBACK,1619395200000,3
SOLUSDT,1619424000002,0.0001,47.77735835,MARK_PRICE_PREVIOUS_FALLBACK,1619424000000,2
SOLUSDT,1619452800004,0.0001,46.8584,MARK_PRICE_PREVIOUS_FALLBACK,1619452800000,4
SOLUSDT,1619481600000,0.00041422,43.9606,MARK_PRICE_EXACT_OPEN,1619481600000,0
SOLUSDT,1619510400000,0.00028532,45.71854217,MARK_PRICE_EXACT_OPEN,1619510400000,0
SOLUSDT,1619539200009,0.00055267,43.93123534,MARK_PRICE_PREVIOUS_FALLBACK,1619539200000,9
SOLUSDT,1619568000000,0.00067111,43.2296,MARK_PRICE_EXACT_OPEN,1619568000000,0
SOLUSDT,1619596800000,0.00018219,42.4784,MARK_PRICE_EXACT_OPEN,1619596800000,0
SOLUSDT,1619625600001,0.0002257,45.76659258,MARK_PRICE_PREVIOUS_FALLBACK,1619625600000,1
SOLUSDT,1619654400004,0.0001,44.8373,MARK_PRICE_PREVIOUS_FALLBACK,1619654400000,4
SOLUSDT,1619683200013,0.00047434,43.5882,MARK_PRICE_PREVIOUS_FALLBACK,1619683200000,13
SOLUSDT,1619712000003,0.00013104,44.24470592,MARK_PRICE_PREVIOUS_FALLBACK,1619712000000,3
SOLUSDT,1619740800004,0.00019041,42.5115,MARK_PRICE_PREVIOUS_FALLBACK,1619740800000,4
SOLUSDT,1619769600019,0.00045193,43.1384,MARK_PRICE_PREVIOUS_FALLBACK,1619769600000,19
SOLUSDT,1619798400003,0.00034639,42.7504,MARK_PRICE_PREVIOUS_FALLBACK,1619798400000,3
SOLUSDT,1619827200002,0.00050075,42.75021801,MARK_PRICE_PREVIOUS_FALLBACK,1619827200000,2
SOLUSDT,1619856000006,0.00104765,42.98036294,MARK_PRICE_PREVIOUS_FALLBACK,1619856000000,6
SOLUSDT,1619884800000,0.00040718,47.40126175,MARK_PRICE_EXACT_OPEN,1619884800000,0
SOLUSDT,1619913600010,0.0004006,49.83168053,MARK_PRICE_PREVIOUS_FALLBACK,1619913600000,10
SOLUSDT,1619942400011,0.00061887,46.71656686,MARK_PRICE_PREVIOUS_FALLBACK,1619942400000,11
SOLUSDT,1619971200007,0.00062817,47.13942719,MARK_PRICE_PREVIOUS_FALLBACK,1619971200000,7
SOLUSDT,1620000000003,0.00027681,46.88860145,MARK_PRICE_PREVIOUS_FALLBACK,1620000000000,3
SOLUSDT,1620028800000,0.00047332,48.5072,MARK_PRICE_EXACT_OPEN,1620028800000,0
SOLUSDT,1620057600043,0.00068101,48.07263826,MARK_PRICE_PREVIOUS_FALLBACK,1620057600000,43
SOLUSDT,1620086400004,0.00089378,45.92399867,MARK_PRICE_PREVIOUS_FALLBACK,1620086400000,4
SOLUSDT,1620115200003,0.00033292,45.99938854,MARK_PRICE_PREVIOUS_FALLBACK,1620115200000,3
SOLUSDT,1620144000011,0.00048984,43.626,MARK_PRICE_PREVIOUS_FALLBACK,1620144000000,11
SOLUSDT,1620172800001,0.00021686,42.56244807,MARK_PRICE_PREVIOUS_FALLBACK,1620172800000,1
SOLUSDT,1620201600007,0.00060678,44.6642,MARK_PRICE_PREVIOUS_FALLBACK,1620201600000,7
SOLUSDT,1620230400001,0.00075134,44.21557642,MARK_PRICE_PREVIOUS_FALLBACK,1620230400000,1
SOLUSDT,1620259200003,0.00077937,44.9464,MARK_PRICE_PREVIOUS_FALLBACK,1620259200000,3
SOLUSDT,1620288000001,0.00117706,43.9041,MARK_PRICE_PREVIOUS_FALLBACK,1620288000000,1
SOLUSDT,1620316800000,0.00172483,43.81527728,MARK_PRICE_EXACT_OPEN,1620316800000,0
SOLUSDT,1620345600000,0.00090695,43.56292019,MARK_PRICE_EXACT_OPEN,1620345600000,0
SOLUSDT,1620374400000,0.00086546,42.32298553,MARK_PRICE_EXACT_OPEN,1620374400000,0
SOLUSDT,1620403200001,0.00119054,45.2997,MARK_PRICE_PREVIOUS_FALLBACK,1620403200000,1
SOLUSDT,1620432000006,0.00075413,42.9456,MARK_PRICE_PREVIOUS_FALLBACK,1620432000000,6
SOLUSDT,1620460800000,0.00082146,43.66589908,MARK_PRICE_EXACT_OPEN,1620460800000,0
SOLUSDT,1620489600000,0.00072061,43.611,MARK_PRICE_EXACT_OPEN,1620489600000,0
SOLUSDT,1620518400005,0.00043005,45.84831015,MARK_PRICE_PREVIOUS_FALLBACK,1620518400000,5
SOLUSDT,1620547200016,0.00044195,44.74910574,MARK_PRICE_PREVIOUS_FALLBACK,1620547200000,16
SOLUSDT,1620576000000,0.00057052,44.2292,MARK_PRICE_EXACT_OPEN,1620576000000,0
SOLUSDT,1620604800004,0.00057419,44.38714713,MARK_PRICE_PREVIOUS_FALLBACK,1620604800000,4
SOLUSDT,1620633600000,0.00074243,45.5464,MARK_PRICE_EXACT_OPEN,1620633600000,0
SOLUSDT,1620662400013,0.00111008,43.95337694,MARK_PRICE_PREVIOUS_FALLBACK,1620662400000,13
SOLUSDT,1620691200000,0.0001,42.8796249,MARK_PRICE_EXACT_OPEN,1620691200000,0
SOLUSDT,1620720000000,0.0001,41.57517017,MARK_PRICE_EXACT_OPEN,1620720000000,0
SOLUSDT,1620748800002,0.00037151,41.49,MARK_PRICE_PREVIOUS_FALLBACK,1620748800000,2
SOLUSDT,1620777600004,0.0001,44.62956679,MARK_PRICE_PREVIOUS_FALLBACK,1620777600000,4
SOLUSDT,1620806400007,0.00036144,44.98990052,MARK_PRICE_PREVIOUS_FALLBACK,1620806400000,7
SOLUSDT,1620835200012,0.00034871,47.76931987,MARK_PRICE_PREVIOUS_FALLBACK,1620835200000,12
SOLUSDT,1620864000016,0.00022113,43.56730001,MARK_PRICE_PREVIOUS_FALLBACK,1620864000000,16
SOLUSDT,1620892800000,0.0001,44.27007089,MARK_PRICE_EXACT_OPEN,1620892800000,0
SOLUSDT,1620921600008,0.0001,41.63621077,MARK_PRICE_PREVIOUS_FALLBACK,1620921600000,8
SOLUSDT,1620950400007,0.0001,41.00188603,MARK_PRICE_PREVIOUS_FALLBACK,1620950400000,7
SOLUSDT,1620979200001,0.0001,41.19471065,MARK_PRICE_PREVIOUS_FALLBACK,1620979200000,1
SOLUSDT,1621008000004,0.00014439,44.64061373,MARK_PRICE_PREVIOUS_FALLBACK,1621008000000,4
SOLUSDT,1621036800022,0.0002179,42.739,MARK_PRICE_PREVIOUS_FALLBACK,1621036800000,22
SOLUSDT,1621065600014,0.00039831,40.77134837,MARK_PRICE_PREVIOUS_FALLBACK,1621065600000,14
SOLUSDT,1621094400002,0.00046368,41.22843916,MARK_PRICE_PREVIOUS_FALLBACK,1621094400000,2
SOLUSDT,1621123200000,0.00014056,43.50398591,MARK_PRICE_EXACT_OPEN,1621123200000,0
SOLUSDT,1621152000003,0.00057802,46.39342081,MARK_PRICE_PREVIOUS_FALLBACK,1621152000000,3
SOLUSDT,1621180800002,0.00044938,48.32880661,MARK_PRICE_PREVIOUS_FALLBACK,1621180800000,2
SOLUSDT,1621209600005,0.00063116,47.02004481,MARK_PRICE_PREVIOUS_FALLBACK,1621209600000,5
SOLUSDT,1621238400001,0.0003684,51.15055901,MARK_PRICE_PREVIOUS_FALLBACK,1621238400000,1
SOLUSDT,1621267200000,0.00040371,48.566,MARK_PRICE_EXACT_OPEN,1621267200000,0
SOLUSDT,1621296000019,0.0001,46.529322,MARK_PRICE_PREVIOUS_FALLBACK,1621296000000,19
SOLUSDT,1621324800001,0.00021292,51.968,MARK_PRICE_PREVIOUS_FALLBACK,1621324800000,1
SOLUSDT,1621353600006,0.00048279,53.65747274,MARK_PRICE_PREVIOUS_FALLBACK,1621353600000,6
SOLUSDT,1621382400000,0.0001,55.96139436,MARK_PRICE_EXACT_OPEN,1621382400000,0
SOLUSDT,1621411200003,0.00023608,50.96999507,MARK_PRICE_PREVIOUS_FALLBACK,1621411200000,3
SOLUSDT,1621440000018,-0.00536402,46.494,MARK_PRICE_PREVIOUS_FALLBACK,1621440000000,18
SOLUSDT,1621468800005,0.00011177,35.60598529,MARK_PRICE_PREVIOUS_FALLBACK,1621468800000,5
SOLUSDT,1621497600000,0.0001,41.68944964,MARK_PRICE_EXACT_OPEN,1621497600000,0
SOLUSDT,1621526400005,0.0001,45.504,MARK_PRICE_PREVIOUS_FALLBACK,1621526400000,5
SOLUSDT,1621555200000,0.0001,44.41551963,MARK_PRICE_EXACT_OPEN,1621555200000,0
SOLUSDT,1621584000000,0.0001,43.9158118,MARK_PRICE_EXACT_OPEN,1621584000000,0
SOLUSDT,1621612800001,0.0001,36.64777227,MARK_PRICE_PREVIOUS_FALLBACK,1621612800000,1
SOLUSDT,1621641600001,0.0001,38.87467561,MARK_PRICE_PREVIOUS_FALLBACK,1621641600000,1
SOLUSDT,1621670400002,0.0001,35.31273507,MARK_PRICE_PREVIOUS_FALLBACK,1621670400000,2
SOLUSDT,1621699200005,0.0001,35.36306119,MARK_PRICE_PREVIOUS_FALLBACK,1621699200000,5
SOLUSDT,1621728000006,0.0001,31.07130953,MARK_PRICE_PREVIOUS_FALLBACK,1621728000000,6
SOLUSDT,1621756800004,0.0001,26.42106653,MARK_PRICE_PREVIOUS_FALLBACK,1621756800000,4
SOLUSDT,1621785600002,0.0001,22.712,MARK_PRICE_PREVIOUS_FALLBACK,1621785600000,2
SOLUSDT,1621814400007,0.0001,24.78876804,MARK_PRICE_PREVIOUS_FALLBACK,1621814400000,7
SOLUSDT,1621843200005,0.0001,28.666,MARK_PRICE_PREVIOUS_FALLBACK,1621843200000,5
SOLUSDT,1621872000005,0.0001,30.55533357,MARK_PRICE_PREVIOUS_FALLBACK,1621872000000,5
SOLUSDT,1621900800000,0.0001,31.40953078,MARK_PRICE_EXACT_OPEN,1621900800000,0
SOLUSDT,1621929600014,0.0001,29.51249091,MARK_PRICE_PREVIOUS_FALLBACK,1621929600000,14
SOLUSDT,1621958400000,0.0001,29.55300505,MARK_PRICE_EXACT_OPEN,1621958400000,0
SOLUSDT,1621987200022,0.0001,30.13993678,MARK_PRICE_PREVIOUS_FALLBACK,1621987200000,22
SOLUSDT,1622016000018,0.0001,35.225,MARK_PRICE_PREVIOUS_FALLBACK,1622016000000,18
SOLUSDT,1622044800004,0.0001,34.257,MARK_PRICE_PREVIOUS_FALLBACK,1622044800000,4
SOLUSDT,1622073600000,0.0001,35.42885919,MARK_PRICE_EXACT_OPEN,1622073600000,0
SOLUSDT,1622102400017,0.0001,33.0742575,MARK_PRICE_PREVIOUS_FALLBACK,1622102400000,17
SOLUSDT,1622131200000,0.0001,34.16525875,MARK_PRICE_EXACT_OPEN,1622131200000,0
SOLUSDT,1622160000005,0.0001,33.54032418,MARK_PRICE_PREVIOUS_FALLBACK,1622160000000,5
SOLUSDT,1622188800009,0.0001,30.96935029,MARK_PRICE_PREVIOUS_FALLBACK,1622188800000,9
SOLUSDT,1622217600000,0.0001,31.12631186,MARK_PRICE_EXACT_OPEN,1622217600000,0
SOLUSDT,1622246400006,0.0001,28.98334888,MARK_PRICE_PREVIOUS_FALLBACK,1622246400000,6
SOLUSDT,1622275200000,0.0001,29.13232978,MARK_PRICE_EXACT_OPEN,1622275200000,0
SOLUSDT,1622304000000,0.0001,26.97364887,MARK_PRICE_EXACT_OPEN,1622304000000,0
SOLUSDT,1622332800003,0.0001,27.45214189,MARK_PRICE_PREVIOUS_FALLBACK,1622332800000,3
SOLUSDT,1622361600004,0.0001,29.651,MARK_PRICE_PREVIOUS_FALLBACK,1622361600000,4
SOLUSDT,1622390400018,0.0001,27.858,MARK_PRICE_PREVIOUS_FALLBACK,1622390400000,18
SOLUSDT,1622419200002,0.0001,28.445,MARK_PRICE_PREVIOUS_FALLBACK,1622419200000,2
SOLUSDT,1622448000000,0.0001,30.60365404,MARK_PRICE_EXACT_OPEN,1622448000000,0
SOLUSDT,1622476800000,0.0001,32.64187962,MARK_PRICE_EXACT_OPEN,1622476800000,0
SOLUSDT,1622505600001,0.0001,32.55787365,MARK_PRICE_PREVIOUS_FALLBACK,1622505600000,1
SOLUSDT,1622534400010,0.0001,32.17325534,MARK_PRICE_PREVIOUS_FALLBACK,1622534400000,10
SOLUSDT,1622563200010,0.0001,31.10050301,MARK_PRICE_PREVIOUS_FALLBACK,1622563200000,10
SOLUSDT,1622592000008,0.0001,31.04149594,MARK_PRICE_PREVIOUS_FALLBACK,1622592000000,8
SOLUSDT,1622620800000,0.0001,31.72223671,MARK_PRICE_EXACT_OPEN,1622620800000,0
SOLUSDT,1622649600007,0.0001,33.67013143,MARK_PRICE_PREVIOUS_FALLBACK,1622649600000,7
SOLUSDT,1622678400019,0.0001,33.912,MARK_PRICE_PREVIOUS_FALLBACK,1622678400000,19
SOLUSDT,1622707200002,0.0001,36.68464354,MARK_PRICE_PREVIOUS_FALLBACK,1622707200000,2
SOLUSDT,1622736000003,0.0001,38.494,MARK_PRICE_PREVIOUS_FALLBACK,1622736000000,3
SOLUSDT,1622764800003,0.0001,39.51872824,MARK_PRICE_PREVIOUS_FALLBACK,1622764800000,3
SOLUSDT,1622793600006,0.0001,36.524,MARK_PRICE_PREVIOUS_FALLBACK,1622793600000,6
SOLUSDT,1622822400002,0.0001,37.9088839,MARK_PRICE_PREVIOUS_FALLBACK,1622822400000,2
SOLUSDT,1622851200000,0.0001,37.3601596,MARK_PRICE_EXACT_OPEN,1622851200000,0
SOLUSDT,1622880000004,0.0001,41.59793065,MARK_PRICE_PREVIOUS_FALLBACK,1622880000000,4
SOLUSDT,1622908800020,0.0001,40.21345799,MARK_PRICE_PREVIOUS_FALLBACK,1622908800000,20
SOLUSDT,1622937600000,0.0001,39.66161562,MARK_PRICE_EXACT_OPEN,1622937600000,0
SOLUSDT,1622966400004,0.0001,39.933,MARK_PRICE_PREVIOUS_FALLBACK,1622966400000,4
SOLUSDT,1622995200000,0.0001,42.792,MARK_PRICE_EXACT_OPEN,1622995200000,0
SOLUSDT,1623024000007,0.0001,42.48153583,MARK_PRICE_PREVIOUS_FALLBACK,1623024000000,7
SOLUSDT,1623052800007,0.0001,43.789,MARK_PRICE_PREVIOUS_FALLBACK,1623052800000,7
SOLUSDT,1623081600003,0.0001,42.28861509,MARK_PRICE_PREVIOUS_FALLBACK,1623081600000,3
SOLUSDT,1623110400000,0.0001,38.251,MARK_PRICE_EXACT_OPEN,1623110400000,0
SOLUSDT,1623139200000,0.0001,36.77745568,MARK_PRICE_EXACT_OPEN,1623139200000,0
SOLUSDT,1623168000002,0.0001,36.49027074,MARK_PRICE_PREVIOUS_FALLBACK,1623168000000,2
SOLUSDT,1623196800009,-0.0000163,41.32,MARK_PRICE_PREVIOUS_FALLBACK,1623196800000,9
SOLUSDT,1623225600002,0.00001053,42.734,MARK_PRICE_PREVIOUS_FALLBACK,1623225600000,2
SOLUSDT,1623254400000,-0.00006088,42.52251098,MARK_PRICE_EXACT_OPEN,1623254400000,0
SOLUSDT,1623283200007,0.0001,41.71327174,MARK_PRICE_PREVIOUS_FALLBACK,1623283200000,7
SOLUSDT,1623312000003,0.0001,42.0175503,MARK_PRICE_PREVIOUS_FALLBACK,1623312000000,3
SOLUSDT,1623340800000,0.0001,41.124,MARK_PRICE_EXACT_OPEN,1623340800000,0
SOLUSDT,1623369600010,0.0001,40.832,MARK_PRICE_PREVIOUS_FALLBACK,1623369600000,10
SOLUSDT,1623398400007,0.0001,38.84350399,MARK_PRICE_PREVIOUS_FALLBACK,1623398400000,7
SOLUSDT,1623427200006,0.0001,37.82768911,MARK_PRICE_PREVIOUS_FALLBACK,1623427200000,6
SOLUSDT,1623456000005,0.0001,35.98010729,MARK_PRICE_PREVIOUS_FALLBACK,1623456000000,5
SOLUSDT,1623484800000,0.0001,36.07,MARK_PRICE_EXACT_OPEN,1623484800000,0
SOLUSDT,1623513600018,0.0001,36.5574631,MARK_PRICE_PREVIOUS_FALLBACK,1623513600000,18
SOLUSDT,1623542400002,0.0001,36.596,MARK_PRICE_PREVIOUS_FALLBACK,1623542400000,2
SOLUSDT,1623571200000,0.0001,35.74309203,MARK_PRICE_EXACT_OPEN,1623571200000,0
SOLUSDT,1623600000003,0.0001,35.03214385,MARK_PRICE_PREVIOUS_FALLBACK,1623600000000,3
SOLUSDT,1623628800000,0.0001,38.708,MARK_PRICE_EXACT_OPEN,1623628800000,0
SOLUSDT,1623657600015,0.0001,37.86677448,MARK_PRICE_PREVIOUS_FALLBACK,1623657600000,15
SOLUSDT,1623686400000,0.0001,39.84037004,MARK_PRICE_EXACT_OPEN,1623686400000,0
SOLUSDT,1623715200000,0.0001,39.69163246,MARK_PRICE_EXACT_OPEN,1623715200000,0
SOLUSDT,1623744000000,0.0001,41.299,MARK_PRICE_EXACT_OPEN,1623744000000,0
SOLUSDT,1623772800004,0.0001,40.081,MARK_PRICE_PREVIOUS_FALLBACK,1623772800000,4
SOLUSDT,1623801600004,0.0001,39.34521397,MARK_PRICE_PREVIOUS_FALLBACK,1623801600000,4
SOLUSDT,1623830400001,0.0001,39.53487623,MARK_PRICE_PREVIOUS_FALLBACK,1623830400000,1
SOLUSDT,1623859200000,0.0001,39.539,MARK_PRICE_EXACT_OPEN,1623859200000,0
SOLUSDT,1623888000004,0.0001,39.71462494,MARK_PRICE_PREVIOUS_FALLBACK,1623888000000,4
SOLUSDT,1623916800000,0.0001,40.98537297,MARK_PRICE_EXACT_OPEN,1623916800000,0
SOLUSDT,1623945600002,0.0001,40.20915117,MARK_PRICE_PREVIOUS_FALLBACK,1623945600000,2
SOLUSDT,1623974400009,0.0001,39.226,MARK_PRICE_PREVIOUS_FALLBACK,1623974400000,9
SOLUSDT,1624003200014,0.0001,38.9929488,MARK_PRICE_PREVIOUS_FALLBACK,1624003200000,14
SOLUSDT,1624032000007,0.0001,35.7926571,MARK_PRICE_PREVIOUS_FALLBACK,1624032000000,7
SOLUSDT,1624060800003,0.0001,36.782,MARK_PRICE_PREVIOUS_FALLBACK,1624060800000,3
SOLUSDT,1624089600001,0.00005286,36.293,MARK_PRICE_PREVIOUS_FALLBACK,1624089600000,1
SOLUSDT,1624118400000,0.0001,36.26797807,MARK_PRICE_EXACT_OPEN,1624118400000,0
SOLUSDT,1624147200005,0.00005139,35.166,MARK_PRICE_PREVIOUS_FALLBACK,1624147200000,5
SOLUSDT,1624176000000,0.00001243,35.284,MARK_PRICE_EXACT_OPEN,1624176000000,0
SOLUSDT,1624204800002,-0.00015506,33.72241568,MARK_PRICE_PREVIOUS_FALLBACK,1624204800000,2
SOLUSDT,1624233600019,0.0001,35.4,MARK_PRICE_PREVIOUS_FALLBACK,1624233600000,19
SOLUSDT,1624262400000,-0.00014527,31.048,MARK_PRICE_EXACT_OPEN,1624262400000,0
SOLUSDT,1624291200024,-0.00012222,29.53561392,MARK_PRICE_PREVIOUS_FALLBACK,1624291200000,24
SOLUSDT,1624320000008,-0.00015939,26.659,MARK_PRICE_PREVIOUS_FALLBACK,1624320000000,8
SOLUSDT,1624348800009,0.00008849,26.44360617,MARK_PRICE_PREVIOUS_FALLBACK,1624348800000,9
SOLUSDT,1624377600001,-0.00063866,25.82633708,MARK_PRICE_PREVIOUS_FALLBACK,1624377600000,1
SOLUSDT,1624406400003,0.00003778,26.973,MARK_PRICE_PREVIOUS_FALLBACK,1624406400000,3
SOLUSDT,1624435200000,-0.00016983,30.60304855,MARK_PRICE_EXACT_OPEN,1624435200000,0
SOLUSDT,1624464000000,-0.00048376,29.04109794,MARK_PRICE_EXACT_OPEN,1624464000000,0
SOLUSDT,1624492800009,-0.00040513,30.787,MARK_PRICE_PREVIOUS_FALLBACK,1624492800000,9
SOLUSDT,1624521600018,-0.0000398,29.345,MARK_PRICE_PREVIOUS_FALLBACK,1624521600000,18
SOLUSDT,1624550400001,-0.00003274,30.78189439,MARK_PRICE_PREVIOUS_FALLBACK,1624550400000,1
SOLUSDT,1624579200009,-0.00000845,31.189,MARK_PRICE_PREVIOUS_FALLBACK,1624579200000,9
SOLUSDT,1624608000004,-0.00000536,31.165,MARK_PRICE_PREVIOUS_FALLBACK,1624608000000,4
SOLUSDT,1624636800000,0.00008509,29.044,MARK_PRICE_EXACT_OPEN,1624636800000,0
SOLUSDT,1624665600007,0.00001487,28.824,MARK_PRICE_PREVIOUS_FALLBACK,1624665600000,7
SOLUSDT,1624694400000,0.00002356,27.284,MARK_PRICE_EXACT_OPEN,1624694400000,0
SOLUSDT,1624723200002,-0.00027879,28.352,MARK_PRICE_PREVIOUS_FALLBACK,1624723200000,2
SOLUSDT,1624752000005,-0.00010767,29.5698168,MARK_PRICE_PREVIOUS_FALLBACK,1624752000000,5
SOLUSDT,1624780800010,0.0001,30.54924243,MARK_PRICE_PREVIOUS_FALLBACK,1624780800000,10
SOLUSDT,1624809600001,0.0001,30.12179009,MARK_PRICE_PREVIOUS_FALLBACK,1624809600000,1
SOLUSDT,1624838400025,0.0001,31.69913761,MARK_PRICE_PREVIOUS_FALLBACK,1624838400000,25
SOLUSDT,1624867200017,0.0001,32.48595572,MARK_PRICE_PREVIOUS_FALLBACK,1624867200000,17
SOLUSDT,1624896000007,0.0001,33.96138114,MARK_PRICE_PREVIOUS_FALLBACK,1624896000000,7
SOLUSDT,1624924800008,0.0001,33.077717,MARK_PRICE_PREVIOUS_FALLBACK,1624924800000,8
SOLUSDT,1624953600000,0.0001,33.46162104,MARK_PRICE_EXACT_OPEN,1624953600000,0
SOLUSDT,1624982400000,-0.00004814,35.256,MARK_PRICE_EXACT_OPEN,1624982400000,0
SOLUSDT,1625011200011,0.0001,33.933,MARK_PRICE_PREVIOUS_FALLBACK,1625011200000,11
SOLUSDT,1625040000044,0.0001,33.477,MARK_PRICE_PREVIOUS_FALLBACK,1625040000000,44
SOLUSDT,1625068800005,0.0001,31.87678506,MARK_PRICE_PREVIOUS_FALLBACK,1625068800000,5
SOLUSDT,1625097600000,0.00008824,35.493,MARK_PRICE_PREVIOUS_FALLBACK,1625097540000,60000
SOLUSDT,1625126400004,0.0001,,MARK_PRICE_TOO_STALE,1625097540000,28860004
SOLUSDT,1625155200028,0.0001,,MARK_PRICE_TOO_STALE,1625097540000,57660028
SOLUSDT,1625184000002,0.0001,33.293,MARK_PRICE_PREVIOUS_FALLBACK,1625184000000,2
SOLUSDT,1625212800016,0.0001,32.47342163,MARK_PRICE_PREVIOUS_FALLBACK,1625212800000,16
SOLUSDT,1625241600007,0.0001,32.86946915,MARK_PRICE_PREVIOUS_FALLBACK,1625241600000,7
SOLUSDT,1625270400008,0.0001,33.99757185,MARK_PRICE_PREVIOUS_FALLBACK,1625270400000,8
SOLUSDT,1625299200000,0.0001,34.77902642,MARK_PRICE_EXACT_OPEN,1625299200000,0
SOLUSDT,1625328000004,0.0001,34.82512428,MARK_PRICE_PREVIOUS_FALLBACK,1625328000000,4
SOLUSDT,1625356800012,0.0001,34.48312937,MARK_PRICE_PREVIOUS_FALLBACK,1625356800000,12
SOLUSDT,1625385600002,0.0001,35.42,MARK_PRICE_PREVIOUS_FALLBACK,1625385600000,2
SOLUSDT,1625414400003,0.0001,34.92396081,MARK_PRICE_PREVIOUS_FALLBACK,1625414400000,3
SOLUSDT,1625443200004,0.0001,34.17006017,MARK_PRICE_PREVIOUS_FALLBACK,1625443200000,4
SOLUSDT,1625472000000,0.0001,33.98787078,MARK_PRICE_EXACT_OPEN,1625472000000,0
SOLUSDT,1625500800009,0.0001,32.82841534,MARK_PRICE_PREVIOUS_FALLBACK,1625500800000,9
SOLUSDT,1625529600008,0.0001,32.92934429,MARK_PRICE_PREVIOUS_FALLBACK,1625529600000,8
SOLUSDT,1625558400019,0.0001,34.236,MARK_PRICE_PREVIOUS_FALLBACK,1625558400000,19
SOLUSDT,1625587200000,0.0001,33.8139368,MARK_PRICE_EXACT_OPEN,1625587200000,0
SOLUSDT,1625616000007,0.0001,34.159,MARK_PRICE_PREVIOUS_FALLBACK,1625616000000,7
SOLUSDT,1625644800001,0.0001,34.98304237,MARK_PRICE_PREVIOUS_FALLBACK,1625644800000,1
SOLUSDT,1625673600008,0.0001,36.25399372,MARK_PRICE_PREVIOUS_FALLBACK,1625673600000,8
SOLUSDT,1625702400002,0.0001,36.53391111,MARK_PRICE_PREVIOUS_FALLBACK,1625702400000,2
SOLUSDT,1625731200010,0.0001,34.16895254,MARK_PRICE_PREVIOUS_FALLBACK,1625731200000,10
SOLUSDT,1625760000003,0.0001,34.27609918,MARK_PRICE_PREVIOUS_FALLBACK,1625760000000,3
SOLUSDT,1625788800000,0.0001,33.1395687,MARK_PRICE_EXACT_OPEN,1625788800000,0
SOLUSDT,1625817600006,0.0001,32.927,MARK_PRICE_PREVIOUS_FALLBACK,1625817600000,6
SOLUSDT,1625846400000,0.00002573,33.9005718,MARK_PRICE_EXACT_OPEN,1625846400000,0
SOLUSDT,1625875200002,0.0001,33.26,MARK_PRICE_PREVIOUS_FALLBACK,1625875200000,2
SOLUSDT,1625904000000,0.0001,33.34892451,MARK_PRICE_EXACT_OPEN,1625904000000,0
SOLUSDT,1625932800001,0.0001,32.39,MARK_PRICE_PREVIOUS_FALLBACK,1625932800000,1
SOLUSDT,1625961600001,0.0001,31.76187716,MARK_PRICE_PREVIOUS_FALLBACK,1625961600000,1
SOLUSDT,1625990400025,0.0001,31.63162941,MARK_PRICE_PREVIOUS_FALLBACK,1625990400000,25
SOLUSDT,1626019200006,0.0001,32.35,MARK_PRICE_PREVIOUS_FALLBACK,1626019200000,6
SOLUSDT,1626048000000,0.0001,32.16366965,MARK_PRICE_EXACT_OPEN,1626048000000,0
SOLUSDT,1626076800021,0.0001,32.19923027,MARK_PRICE_PREVIOUS_FALLBACK,1626076800000,21
SOLUSDT,1626105600000,0.0001,31.083,MARK_PRICE_EXACT_OPEN,1626105600000,0
SOLUSDT,1626134400000,0.0001,30.76097592,MARK_PRICE_EXACT_OPEN,1626134400000,0
SOLUSDT,1626163200013,0.0001,30.573,MARK_PRICE_PREVIOUS_FALLBACK,1626163200000,13
SOLUSDT,1626192000005,0.0001,30.24885613,MARK_PRICE_PREVIOUS_FALLBACK,1626192000000,5
SOLUSDT,1626220800000,0.0001,29.13867714,MARK_PRICE_EXACT_OPEN,1626220800000,0
SOLUSDT,1626249600000,0.0001,28.082,MARK_PRICE_EXACT_OPEN,1626249600000,0
SOLUSDT,1626278400005,0.0001,30.60685716,MARK_PRICE_PREVIOUS_FALLBACK,1626278400000,5
SOLUSDT,1626307200005,0.0001,31.20845989,MARK_PRICE_PREVIOUS_FALLBACK,1626307200000,5
SOLUSDT,1626336000001,0.0001,30.29,MARK_PRICE_PREVIOUS_FALLBACK,1626336000000,1
SOLUSDT,1626364800000,0.0001,28.77972041,MARK_PRICE_EXACT_OPEN,1626364800000,0
SOLUSDT,1626393600000,0.0001,28.54680203,MARK_PRICE_EXACT_OPEN,1626393600000,0
SOLUSDT,1626422400000,0.0001,28.31543034,MARK_PRICE_EXACT_OPEN,1626422400000,0
SOLUSDT,1626451200001,0.0001,28.306,MARK_PRICE_PREVIOUS_FALLBACK,1626451200000,1
SOLUSDT,1626480000004,0.0001,26.272,MARK_PRICE_PREVIOUS_FALLBACK,1626480000000,4
SOLUSDT,1626508800009,0.0001,26.56230552,MARK_PRICE_PREVIOUS_FALLBACK,1626508800000,9
SOLUSDT,1626537600006,0.0001,26.489,MARK_PRICE_PREVIOUS_FALLBACK,1626537600000,6
SOLUSDT,1626566400000,0.0001,26.77332783,MARK_PRICE_EXACT_OPEN,1626566400000,0
SOLUSDT,1626595200001,0.0001,26.88237158,MARK_PRICE_PREVIOUS_FALLBACK,1626595200000,1
SOLUSDT,1626624000003,0.0001,26.582,MARK_PRICE_PREVIOUS_FALLBACK,1626624000000,3
SOLUSDT,1626652800002,0.0001,26.5838961,MARK_PRICE_PREVIOUS_FALLBACK,1626652800000,2
SOLUSDT,1626681600006,0.0001,25.767,MARK_PRICE_PREVIOUS_FALLBACK,1626681600000,6
SOLUSDT,1626710400006,0.0001,24.19205884,MARK_PRICE_PREVIOUS_FALLBACK,1626710400000,6
SOLUSDT,1626739200002,0.00009854,24.47832878,MARK_PRICE_PREVIOUS_FALLBACK,1626739200000,2
SOLUSDT,1626768000011,-0.00000831,23.11117305,MARK_PRICE_PREVIOUS_FALLBACK,1626768000000,11
SOLUSDT,1626796800001,-0.00011297,23.73939394,MARK_PRICE_PREVIOUS_FALLBACK,1626796800000,1
SOLUSDT,1626825600022,-0.00011333,23.43182654,MARK_PRICE_PREVIOUS_FALLBACK,1626825600000,22
SOLUSDT,1626854400000,0.00002876,25.691,MARK_PRICE_EXACT_OPEN,1626854400000,0
SOLUSDT,1626883200018,0.00008264,26.9553707,MARK_PRICE_PREVIOUS_FALLBACK,1626883200000,18
SOLUSDT,1626912000002,0.0001,26.60835735,MARK_PRICE_PREVIOUS_FALLBACK,1626912000000,2
SOLUSDT,1626940800006,0.0001,26.96097978,MARK_PRICE_PREVIOUS_FALLBACK,1626940800000,6
SOLUSDT,1626969600010,0.0001,27.76016896,MARK_PRICE_PREVIOUS_FALLBACK,1626969600000,10
SOLUSDT,1626998400013,0.0001,27.688,MARK_PRICE_PREVIOUS_FALLBACK,1626998400000,13
SOLUSDT,1627027200000,0.0001,27.881,MARK_PRICE_EXACT_OPEN,1627027200000,0
SOLUSDT,1627056000005,0.0001,26.80545028,MARK_PRICE_PREVIOUS_FALLBACK,1627056000000,5
SOLUSDT,1627084800000,0.0001,28.51839224,MARK_PRICE_PREVIOUS_FALLBACK,1627084740000,60000
SOLUSDT,1627113600002,0.0001,,MARK_PRICE_TOO_STALE,1627084740000,28860002
SOLUSDT,1627142400001,0.0001,,MARK_PRICE_TOO_STALE,1627084740000,57660001
SOLUSDT,1627171200003,0.0001,,MARK_PRICE_TOO_STALE,1627084740000,86460003
SOLUSDT,1627200000015,0.0001,,MARK_PRICE_TOO_STALE,1627084740000,115260015
SOLUSDT,1627228800000,0.0001,,MARK_PRICE_TOO_STALE,1627084740000,144060000
SOLUSDT,1627257600000,0.0001,,MARK_PRICE_TOO_STALE,1627084740000,172860000
SOLUSDT,1627286400000,0.0001,,MARK_PRICE_TOO_STALE,1627084740000,201660000
SOLUSDT,1627315200000,0.0001,,MARK_PRICE_TOO_STALE,1627084740000,230460000
SOLUSDT,1627344000046,0.0001,,MARK_PRICE_TOO_STALE,1627084740000,259260046
SOLUSDT,1627372800014,0.0001,,MARK_PRICE_TOO_STALE,1627084740000,288060014
SOLUSDT,1627401600007,0.0001,,MARK_PRICE_TOO_STALE,1627084740000,316860007
SOLUSDT,1627430400000,0.0001,28.115,MARK_PRICE_EXACT_OPEN,1627430400000,0
SOLUSDT,1627459200002,0.0001,28.08449859,MARK_PRICE_PREVIOUS_FALLBACK,1627459200000,2
SOLUSDT,1627488000005,0.0001,28.24685053,MARK_PRICE_PREVIOUS_FALLBACK,1627488000000,5
SOLUSDT,1627516800004,0.0001,27.837,MARK_PRICE_PREVIOUS_FALLBACK,1627516800000,4
SOLUSDT,1627545600000,0.0001,28.15354217,MARK_PRICE_EXACT_OPEN,1627545600000,0
SOLUSDT,1627574400007,0.0001,29.666,MARK_PRICE_PREVIOUS_FALLBACK,1627574400000,7
SOLUSDT,1627603200004,0.0001,31.30391287,MARK_PRICE_PREVIOUS_FALLBACK,1627603200000,4
SOLUSDT,1627632000000,0.0001,32.06507153,MARK_PRICE_EXACT_OPEN,1627632000000,0
SOLUSDT,1627660800000,0.0001,30.998,MARK_PRICE_EXACT_OPEN,1627660800000,0
SOLUSDT,1627689600000,0.0001,32.36805414,MARK_PRICE_EXACT_OPEN,1627689600000,0
SOLUSDT,1627718400014,0.0001,32.18194076,MARK_PRICE_PREVIOUS_FALLBACK,1627718400000,14
SOLUSDT,1627747200003,0.0001,34.34,MARK_PRICE_PREVIOUS_FALLBACK,1627747200000,3
SOLUSDT,1627776000005,0.0001,36.72846843,MARK_PRICE_PREVIOUS_FALLBACK,1627776000000,5
SOLUSDT,1627804800016,0.0001,35.34726888,MARK_PRICE_PREVIOUS_FALLBACK,1627804800000,16
SOLUSDT,1627833600001,0.0001,35.4451645,MARK_PRICE_PREVIOUS_FALLBACK,1627833600000,1
SOLUSDT,1627862400000,0.0001,34.16893609,MARK_PRICE_EXACT_OPEN,1627862400000,0
SOLUSDT,1627891200014,0.0001,35.52585716,MARK_PRICE_PREVIOUS_FALLBACK,1627891200000,14
SOLUSDT,1627920000021,0.0001,33.865,MARK_PRICE_PREVIOUS_FALLBACK,1627920000000,21
SOLUSDT,1627948800000,0.0001,33.194,MARK_PRICE_EXACT_OPEN,1627948800000,0
SOLUSDT,1627977600000,0.0001,33.53014025,MARK_PRICE_EXACT_OPEN,1627977600000,0
SOLUSDT,1628006400009,0.0001,35.00210328,MARK_PRICE_PREVIOUS_FALLBACK,1628006400000,9
SOLUSDT,1628035200000,0.0001,34.11786106,MARK_PRICE_EXACT_OPEN,1628035200000,0
SOLUSDT,1628064000000,0.0001,33.726,MARK_PRICE_EXACT_OPEN,1628064000000,0
SOLUSDT,1628092800003,0.0001,35.42274708,MARK_PRICE_PREVIOUS_FALLBACK,1628092800000,3
SOLUSDT,1628121600000,0.0001,35.782,MARK_PRICE_EXACT_OPEN,1628121600000,0
SOLUSDT,1628150400000,0.0001,36.66137772,MARK_PRICE_EXACT_OPEN,1628150400000,0
SOLUSDT,1628179200001,0.00010194,36.76353401,MARK_PRICE_PREVIOUS_FALLBACK,1628179200000,1
SOLUSDT,1628208000000,0.0001,37.38460257,MARK_PRICE_EXACT_OPEN,1628208000000,0
SOLUSDT,1628236800004,0.0001,37.00267062,MARK_PRICE_PREVIOUS_FALLBACK,1628236800000,4
SOLUSDT,1628265600003,0.0001,39.81898849,MARK_PRICE_PREVIOUS_FALLBACK,1628265600000,3
SOLUSDT,1628294400015,0.00017964,39.43199514,MARK_PRICE_PREVIOUS_FALLBACK,1628294400000,15
SOLUSDT,1628323200001,0.00013994,39.44336023,MARK_PRICE_PREVIOUS_FALLBACK,1628323200000,1
SOLUSDT,1628352000002,0.00057549,38.62015244,MARK_PRICE_PREVIOUS_FALLBACK,1628352000000,2
SOLUSDT,1628380800000,0.00031014,39.489,MARK_PRICE_EXACT_OPEN,1628380800000,0
SOLUSDT,1628409600002,0.00022565,38.863,MARK_PRICE_PREVIOUS_FALLBACK,1628409600000,2
SOLUSDT,1628438400018,0.00025136,37.722,MARK_PRICE_PREVIOUS_FALLBACK,1628438400000,18
SOLUSDT,1628467200000,0.0001,37.69502352,MARK_PRICE_EXACT_OPEN,1628467200000,0
SOLUSDT,1628496000000,0.00012233,37.802,MARK_PRICE_EXACT_OPEN,1628496000000,0
SOLUSDT,1628524800002,0.0001,39.96,MARK_PRICE_PREVIOUS_FALLBACK,1628524800000,2
SOLUSDT,1628553600000,0.00013435,38.668,MARK_PRICE_EXACT_OPEN,1628553600000,0
SOLUSDT,1628582400003,0.00018125,40.035,MARK_PRICE_PREVIOUS_FALLBACK,1628582400000,3
SOLUSDT,1628611200000,0.000245,40.1455268,MARK_PRICE_EXACT_OPEN,1628611200000,0
SOLUSDT,1628640000006,0.00015242,40.684,MARK_PRICE_PREVIOUS_FALLBACK,1628640000000,6
SOLUSDT,1628668800003,0.00032506,42.63286237,MARK_PRICE_PREVIOUS_FALLBACK,1628668800000,3
SOLUSDT,1628697600000,0.00041409,42.6202139,MARK_PRICE_EXACT_OPEN,1628697600000,0
SOLUSDT,1628726400013,0.00028542,41.56223442,MARK_PRICE_PREVIOUS_FALLBACK,1628726400000,13
SOLUSDT,1628755200001,0.0001,41.46,MARK_PRICE_PREVIOUS_FALLBACK,1628755200000,1
SOLUSDT,1628784000000,0.0001822,39.84804062,MARK_PRICE_EXACT_OPEN,1628784000000,0
SOLUSDT,1628812800000,0.0001,41.122,MARK_PRICE_EXACT_OPEN,1628812800000,0
SOLUSDT,1628841600000,0.0001,43.397,MARK_PRICE_EXACT_OPEN,1628841600000,0
SOLUSDT,1628870400002,0.00013008,43.632,MARK_PRICE_PREVIOUS_FALLBACK,1628870400000,2
SOLUSDT,1628899200006,0.00010458,44.782,MARK_PRICE_PREVIOUS_FALLBACK,1628899200000,6
SOLUSDT,1628928000000,0.00029733,44.511,MARK_PRICE_EXACT_OPEN,1628928000000,0
SOLUSDT,1628956800000,0.00010998,44.1,MARK_PRICE_EXACT_OPEN,1628956800000,0
SOLUSDT,1628985600003,0.00021955,44.19333674,MARK_PRICE_PREVIOUS_FALLBACK,1628985600000,3
SOLUSDT,1629014400000,0.00027631,43.681,MARK_PRICE_EXACT_OPEN,1629014400000,0
SOLUSDT,1629043200007,0.00040055,48.53824157,MARK_PRICE_PREVIOUS_FALLBACK,1629043200000,7
SOLUSDT,1629072000012,0.00069957,53.80999907,MARK_PRICE_PREVIOUS_FALLBACK,1629072000000,12
SOLUSDT,1629100800003,0.0008687,62.02915483,MARK_PRICE_PREVIOUS_FALLBACK,1629100800000,3
SOLUSDT,1629129600010,0.00020261,66.70596011,MARK_PRICE_PREVIOUS_FALLBACK,1629129600000,10
SOLUSDT,1629158400018,0.00084422,62.46181696,MARK_PRICE_PREVIOUS_FALLBACK,1629158400000,18
SOLUSDT,1629187200015,0.00048943,74.30671305,MARK_PRICE_PREVIOUS_FALLBACK,1629187200000,15
SOLUSDT,1629216000006,0.00059362,69.73399499,MARK_PRICE_PREVIOUS_FALLBACK,1629216000000,6
SOLUSDT,1629244800000,0.0001,64.17716405,MARK_PRICE_EXACT_OPEN,1629244800000,0
SOLUSDT,1629273600000,0.0001,67.511,MARK_PRICE_EXACT_OPEN,1629273600000,0
SOLUSDT,1629302400011,0.0001,77.159,MARK_PRICE_PREVIOUS_FALLBACK,1629302400000,11
SOLUSDT,1629331200000,0.00043629,72.777,MARK_PRICE_EXACT_OPEN,1629331200000,0
SOLUSDT,1629360000014,0.00019732,71.532,MARK_PRICE_PREVIOUS_FALLBACK,1629360000000,14
SOLUSDT,1629388800000,0.0001,73.5354321,MARK_PRICE_EXACT_OPEN,1629388800000,0
SOLUSDT,1629417600000,0.00012284,72.84034165,MARK_PRICE_EXACT_OPEN,1629417600000,0
SOLUSDT,1629446400001,0.00053092,71.31584575,MARK_PRICE_PREVIOUS_FALLBACK,1629446400000,1
SOLUSDT,1629475200001,0.00060041,73.43058309,MARK_PRICE_PREVIOUS_FALLBACK,1629475200000,1
SOLUSDT,1629504000005,0.00053411,78.5237348,MARK_PRICE_PREVIOUS_FALLBACK,1629504000000,5
SOLUSDT,1629532800001,0.00058059,78.82764992,MARK_PRICE_PREVIOUS_FALLBACK,1629532800000,1
SOLUSDT,1629561600000,0.00023414,75.47812334,MARK_PRICE_EXACT_OPEN,1629561600000,0
SOLUSDT,1629590400005,0.0001,74.063,MARK_PRICE_PREVIOUS_FALLBACK,1629590400000,5
SOLUSDT,1629619200007,0.00023923,75.657,MARK_PRICE_PREVIOUS_FALLBACK,1629619200000,7
SOLUSDT,1629648000002,0.00023249,74.53949277,MARK_PRICE_PREVIOUS_FALLBACK,1629648000000,2
SOLUSDT,1629676800003,0.0001,73.02376525,MARK_PRICE_PREVIOUS_FALLBACK,1629676800000,3
SOLUSDT,1629705600005,0.0003922,73.44198803,MARK_PRICE_PREVIOUS_FALLBACK,1629705600000,5
SOLUSDT,1629734400002,0.00041888,72.11820271,MARK_PRICE_PREVIOUS_FALLBACK,1629734400000,2
SOLUSDT,1629763200006,0.00037756,75.73,MARK_PRICE_PREVIOUS_FALLBACK,1629763200000,6
SOLUSDT,1629792000004,0.00071925,77.46,MARK_PRICE_PREVIOUS_FALLBACK,1629792000000,4
SOLUSDT,1629820800000,0.00025647,72.00920465,MARK_PRICE_EXACT_OPEN,1629820800000,0
SOLUSDT,1629849600015,0.0001,70.57977934,MARK_PRICE_PREVIOUS_FALLBACK,1629849600000,15
SOLUSDT,1629878400000,0.0001,71.144,MARK_PRICE_EXACT_OPEN,1629878400000,0
SOLUSDT,1629907200000,0.0001,71.29950963,MARK_PRICE_EXACT_OPEN,1629907200000,0
SOLUSDT,1629936000001,0.0001,72.06810052,MARK_PRICE_PREVIOUS_FALLBACK,1629936000000,1
SOLUSDT,1629964800016,0.0001,67.491,MARK_PRICE_PREVIOUS_FALLBACK,1629964800000,16
SOLUSDT,1629993600004,0.0001,74.863,MARK_PRICE_PREVIOUS_FALLBACK,1629993600000,4
SOLUSDT,1630022400013,0.0001,74.68703276,MARK_PRICE_PREVIOUS_FALLBACK,1630022400000,13
SOLUSDT,1630051200001,0.0001,81.667,MARK_PRICE_PREVIOUS_FALLBACK,1630051200000,1
SOLUSDT,1630080000004,0.0001,82.43375752,MARK_PRICE_PREVIOUS_FALLBACK,1630080000000,4
SOLUSDT,1630108800000,0.00009474,87.98902409,MARK_PRICE_EXACT_OPEN,1630108800000,0
SOLUSDT,1630137600000,0.0001,86.92699207,MARK_PRICE_EXACT_OPEN,1630137600000,0
SOLUSDT,1630166400000,0.0001,94.683,MARK_PRICE_EXACT_OPEN,1630166400000,0
SOLUSDT,1630195200000,0.0001,96.23,MARK_PRICE_EXACT_OPEN,1630195200000,0
SOLUSDT,1630224000002,0.0001,94.18168838,MARK_PRICE_PREVIOUS_FALLBACK,1630224000000,2
SOLUSDT,1630252800005,0.00014102,92.196,MARK_PRICE_PREVIOUS_FALLBACK,1630252800000,5
SOLUSDT,1630281600013,0.0001,94.38939784,MARK_PRICE_PREVIOUS_FALLBACK,1630281600000,13
SOLUSDT,1630310400008,0.0002077,99.91055238,MARK_PRICE_PREVIOUS_FALLBACK,1630310400000,8
SOLUSDT,1630339200000,0.0001,105.65,MARK_PRICE_EXACT_OPEN,1630339200000,0
SOLUSDT,1630368000000,0.00031369,110.2972659,MARK_PRICE_EXACT_OPEN,1630368000000,0
SOLUSDT,1630396800007,0.0001,119.29830616,MARK_PRICE_PREVIOUS_FALLBACK,1630396800000,7
SOLUSDT,1630425600003,0.0005946,116.58795772,MARK_PRICE_PREVIOUS_FALLBACK,1630425600000,3
SOLUSDT,1630454400000,0.00068753,108.34022132,MARK_PRICE_EXACT_OPEN,1630454400000,0
SOLUSDT,1630483200006,0.00042945,110.15807986,MARK_PRICE_PREVIOUS_FALLBACK,1630483200000,6
SOLUSDT,1630512000000,0.00030261,117.31555912,MARK_PRICE_EXACT_OPEN,1630512000000,0
SOLUSDT,1630540800009,0.00095456,111.0632831,MARK_PRICE_PREVIOUS_FALLBACK,1630540800000,9
SOLUSDT,1630569600006,0.00086089,114.49489737,MARK_PRICE_PREVIOUS_FALLBACK,1630569600000,6
SOLUSDT,1630598400007,0.00082164,121.75104923,MARK_PRICE_PREVIOUS_FALLBACK,1630598400000,7
SOLUSDT,1630627200011,0.00069243,129.10130841,MARK_PRICE_PREVIOUS_FALLBACK,1630627200000,11
SOLUSDT,1630656000000,0.0001,144.66278516,MARK_PRICE_EXACT_OPEN,1630656000000,0
SOLUSDT,1630684800002,0.00082931,140.24435315,MARK_PRICE_PREVIOUS_FALLBACK,1630684800000,2
SOLUSDT,1630713600003,0.00038232,146.118,MARK_PRICE_PREVIOUS_FALLBACK,1630713600000,3
SOLUSDT,1630742400008,0.00050916,146.34718386,MARK_PRICE_PREVIOUS_FALLBACK,1630742400000,8
SOLUSDT,1630771200009,0.00092071,142.16724567,MARK_PRICE_PREVIOUS_FALLBACK,1630771200000,9
SOLUSDT,1630800000002,0.0005137,139.27384706,MARK_PRICE_PREVIOUS_FALLBACK,1630800000000,2
SOLUSDT,1630828800002,0.00094466,139.28374752,MARK_PRICE_PREVIOUS_FALLBACK,1630828800000,2
SOLUSDT,1630857600000,0.00121532,136.46529881,MARK_PRICE_EXACT_OPEN,1630857600000,0
SOLUSDT,1630886400003,0.00077047,141.98344277,MARK_PRICE_PREVIOUS_FALLBACK,1630886400000,3
SOLUSDT,1630915200008,0.00093618,146.0900776,MARK_PRICE_PREVIOUS_FALLBACK,1630915200000,8
SOLUSDT,1630944000009,0.00028808,152.76681803,MARK_PRICE_PREVIOUS_FALLBACK,1630944000000,9
SOLUSDT,1630972800004,0.0001,163.707,MARK_PRICE_PREVIOUS_FALLBACK,1630972800000,4
SOLUSDT,1631001600002,0.0001,187.29369427,MARK_PRICE_PREVIOUS_FALLBACK,1631001600000,2
SOLUSDT,1631030400001,0.0001,168.875,MARK_PRICE_PREVIOUS_FALLBACK,1631030400000,1
SOLUSDT,1631059200005,0.00032269,174.56146291,MARK_PRICE_PREVIOUS_FALLBACK,1631059200000,5
SOLUSDT,1631088000000,0.00034589,152.58,MARK_PRICE_EXACT_OPEN,1631088000000,0
SOLUSDT,1631116800000,0.00023683,166.22776567,MARK_PRICE_EXACT_OPEN,1631116800000,0
SOLUSDT,1631145600006,0.0001,190.254,MARK_PRICE_PREVIOUS_FALLBACK,1631145600000,6
SOLUSDT,1631174400014,0.00030828,207.272,MARK_PRICE_PREVIOUS_FALLBACK,1631174400000,14
SOLUSDT,1631203200002,0.0001,201.275,MARK_PRICE_PREVIOUS_FALLBACK,1631203200000,2
SOLUSDT,1631232000001,0.00010525,188.91622891,MARK_PRICE_PREVIOUS_FALLBACK,1631232000000,1
SOLUSDT,1631260800018,0.00024568,183.59135633,MARK_PRICE_PREVIOUS_FALLBACK,1631260800000,18
SOLUSDT,1631289600006,0.00027075,178.01092987,MARK_PRICE_PREVIOUS_FALLBACK,1631289600000,6
SOLUSDT,1631318400000,0.00013268,179.701,MARK_PRICE_EXACT_OPEN,1631318400000,0
SOLUSDT,1631347200001,0.00010914,178.71308939,MARK_PRICE_PREVIOUS_FALLBACK,1631347200000,1
SOLUSDT,1631376000000,0.0001,188.408,MARK_PRICE_EXACT_OPEN,1631376000000,0
SOLUSDT,1631404800000,0.0001,179.259,MARK_PRICE_EXACT_OPEN,1631404800000,0
SOLUSDT,1631433600002,0.00020096,178.20227258,MARK_PRICE_PREVIOUS_FALLBACK,1631433600000,2
SOLUSDT,1631462400000,0.00034487,179.133,MARK_PRICE_EXACT_OPEN,1631462400000,0
SOLUSDT,1631491200000,0.0002385,174.436,MARK_PRICE_EXACT_OPEN,1631491200000,0
SOLUSDT,1631520000007,0.00016658,152.57793527,MARK_PRICE_PREVIOUS_FALLBACK,1631520000000,7
SOLUSDT,1631548800005,0.0001,157.045,MARK_PRICE_PREVIOUS_FALLBACK,1631548800000,5
SOLUSDT,1631577600002,0.0001,169.049,MARK_PRICE_PREVIOUS_FALLBACK,1631577600000,2
SOLUSDT,1631606400000,0.0001,166.078,MARK_PRICE_EXACT_OPEN,1631606400000,0
SOLUSDT,1631635200007,0.0001,160.02972099,MARK_PRICE_PREVIOUS_FALLBACK,1631635200000,7
SOLUSDT,1631664000012,0.00018155,157.96123146,MARK_PRICE_PREVIOUS_FALLBACK,1631664000000,12
SOLUSDT,1631692800003,0.000248,161.9556305,MARK_PRICE_PREVIOUS_FALLBACK,1631692800000,3
SOLUSDT,1631721600006,0.00037517,161.99704643,MARK_PRICE_PREVIOUS_FALLBACK,1631721600000,6
SOLUSDT,1631750400008,0.00039901,159.0938387,MARK_PRICE_PREVIOUS_FALLBACK,1631750400000,8
SOLUSDT,1631779200005,0.00055144,160.52366553,MARK_PRICE_PREVIOUS_FALLBACK,1631779200000,5
SOLUSDT,1631808000002,0.00051906,154.92220616,MARK_PRICE_PREVIOUS_FALLBACK,1631808000000,2
SOLUSDT,1631836800000,0.00049934,152.367,MARK_PRICE_EXACT_OPEN,1631836800000,0
SOLUSDT,1631865600047,0.00056357,143.93630558,MARK_PRICE_PREVIOUS_FALLBACK,1631865600000,47
SOLUSDT,1631894400013,0.00013659,144.11085891,MARK_PRICE_PREVIOUS_FALLBACK,1631894400000,13
SOLUSDT,1631923200000,0.0001,147.523,MARK_PRICE_EXACT_OPEN,1631923200000,0
SOLUSDT,1631952000010,0.0001,157.61219383,MARK_PRICE_PREVIOUS_FALLBACK,1631952000000,10
SOLUSDT,1631980800005,0.0001,163.20344043,MARK_PRICE_PREVIOUS_FALLBACK,1631980800000,5
SOLUSDT,1632009600006,0.0001,169.00582099,MARK_PRICE_PREVIOUS_FALLBACK,1632009600000,6
SOLUSDT,1632038400015,0.00012745,161.436,MARK_PRICE_PREVIOUS_FALLBACK,1632038400000,15
SOLUSDT,1632067200007,0.0001,160.048,MARK_PRICE_PREVIOUS_FALLBACK,1632067200000,7
SOLUSDT,1632096000018,0.00020317,153.033,MARK_PRICE_PREVIOUS_FALLBACK,1632096000000,18
SOLUSDT,1632124800000,0.0001,139.26155582,MARK_PRICE_EXACT_OPEN,1632124800000,0
SOLUSDT,1632153600005,0.0001,143.97229965,MARK_PRICE_PREVIOUS_FALLBACK,1632153600000,5
SOLUSDT,1632182400005,0.0001,132.768,MARK_PRICE_PREVIOUS_FALLBACK,1632182400000,5
SOLUSDT,1632211200007,0.0001,142.962,MARK_PRICE_PREVIOUS_FALLBACK,1632211200000,7
SOLUSDT,1632240000000,0.0001,138.566,MARK_PRICE_EXACT_OPEN,1632240000000,0
SOLUSDT,1632268800005,0.0001,124.01576707,MARK_PRICE_PREVIOUS_FALLBACK,1632268800000,5
SOLUSDT,1632297600006,0.0001,133.104,MARK_PRICE_PREVIOUS_FALLBACK,1632297600000,6
SOLUSDT,1632326400000,0.0001,141.54,MARK_PRICE_EXACT_OPEN,1632326400000,0
SOLUSDT,1632355200003,0.0001,148.03932057,MARK_PRICE_PREVIOUS_FALLBACK,1632355200000,3
SOLUSDT,1632384000000,0.0001,151.39336479,MARK_PRICE_EXACT_OPEN,1632384000000,0
SOLUSDT,1632412800007,0.0001,146.48322712,MARK_PRICE_PREVIOUS_FALLBACK,1632412800000,7
SOLUSDT,1632441600000,0.0001,149.888,MARK_PRICE_EXACT_OPEN,1632441600000,0
SOLUSDT,1632470400017,0.0001,144.78713834,MARK_PRICE_PREVIOUS_FALLBACK,1632470400000,17
SOLUSDT,1632499200000,0.0001,137.64195532,MARK_PRICE_EXACT_OPEN,1632499200000,0
SOLUSDT,1632528000007,0.0001,139.12326965,MARK_PRICE_PREVIOUS_FALLBACK,1632528000000,7
SOLUSDT,1632556800002,0.0001,140.397,MARK_PRICE_PREVIOUS_FALLBACK,1632556800000,2
SOLUSDT,1632585600004,0.0001,138.68368441,MARK_PRICE_PREVIOUS_FALLBACK,1632585600000,4
SOLUSDT,1632614400013,0.0001,135.88736437,MARK_PRICE_PREVIOUS_FALLBACK,1632614400000,13
SOLUSDT,1632643200000,0.0001,126.99949354,MARK_PRICE_EXACT_OPEN,1632643200000,0
SOLUSDT,1632672000005,0.0001,140.45845142,MARK_PRICE_PREVIOUS_FALLBACK,1632672000000,5
SOLUSDT,1632700800000,0.0001,135.68925979,MARK_PRICE_EXACT_OPEN,1632700800000,0
SOLUSDT,1632729600001,0.0001,138.27366695,MARK_PRICE_PREVIOUS_FALLBACK,1632729600000,1
SOLUSDT,1632758400000,0.0001,145.29850574,MARK_PRICE_EXACT_OPEN,1632758400000,0
SOLUSDT,1632787200000,0.0001,136.32380028,MARK_PRICE_EXACT_OPEN,1632787200000,0
SOLUSDT,1632816000014,0.0001,133.44241828,MARK_PRICE_PREVIOUS_FALLBACK,1632816000000,14
SOLUSDT,1632844800000,0.0001,130.40983423,MARK_PRICE_EXACT_OPEN,1632844800000,0
SOLUSDT,1632873600000,0.0001,132.15062354,MARK_PRICE_EXACT_OPEN,1632873600000,0
SOLUSDT,1632902400002,0.0001,139.519,MARK_PRICE_PREVIOUS_FALLBACK,1632902400000,2
SOLUSDT,1632931200000,0.0001,135.59460858,MARK_PRICE_EXACT_OPEN,1632931200000,0
SOLUSDT,1632960000000,0.0001,135.26873167,MARK_PRICE_EXACT_OPEN,1632960000000,0
SOLUSDT,1632988800004,0.0001,137.06924572,MARK_PRICE_PREVIOUS_FALLBACK,1632988800000,4
SOLUSDT,1633017600005,0.0001,138.224,MARK_PRICE_PREVIOUS_FALLBACK,1633017600000,5
SOLUSDT,1633046400012,0.0001,141.49604276,MARK_PRICE_PREVIOUS_FALLBACK,1633046400000,12
SOLUSDT,1633075200008,0.0001,142.60506501,MARK_PRICE_PREVIOUS_FALLBACK,1633075200000,8
SOLUSDT,1633104000000,0.0001,157.36098838,MARK_PRICE_EXACT_OPEN,1633104000000,0
SOLUSDT,1633132800000,0.0001,161.57498509,MARK_PRICE_EXACT_OPEN,1633132800000,0
SOLUSDT,1633161600002,0.0001,158.46625671,MARK_PRICE_PREVIOUS_FALLBACK,1633161600000,2
SOLUSDT,1633190400011,0.0001,170.31964013,MARK_PRICE_PREVIOUS_FALLBACK,1633190400000,11
SOLUSDT,1633219200019,0.0001,169.199,MARK_PRICE_PREVIOUS_FALLBACK,1633219200000,19
SOLUSDT,1633248000011,0.0001,171.78837635,MARK_PRICE_PREVIOUS_FALLBACK,1633248000000,11
SOLUSDT,1633276800004,0.0001,173.171,MARK_PRICE_PREVIOUS_FALLBACK,1633276800000,4
SOLUSDT,1633305600004,0.0001,172.8946945,MARK_PRICE_PREVIOUS_FALLBACK,1633305600000,4
SOLUSDT,1633334400000,0.0001,169.75919908,MARK_PRICE_EXACT_OPEN,1633334400000,0
SOLUSDT,1633363200000,0.0001,166.49993503,MARK_PRICE_EXACT_OPEN,1633363200000,0
SOLUSDT,1633392000007,0.0001,167.124,MARK_PRICE_PREVIOUS_FALLBACK,1633392000000,7
SOLUSDT,1633420800007,0.0001,166.37852282,MARK_PRICE_PREVIOUS_FALLBACK,1633420800000,7
SOLUSDT,1633449600004,0.00011849,162.69791925,MARK_PRICE_PREVIOUS_FALLBACK,1633449600000,4
SOLUSDT,1633478400002,0.00032276,164.573,MARK_PRICE_PREVIOUS_FALLBACK,1633478400000,2
SOLUSDT,1633507200000,0.0004101,156.03303749,MARK_PRICE_EXACT_OPEN,1633507200000,0
SOLUSDT,1633536000003,0.00010653,160.753,MARK_PRICE_PREVIOUS_FALLBACK,1633536000000,3
SOLUSDT,1633564800007,0.00040009,153.61939388,MARK_PRICE_PREVIOUS_FALLBACK,1633564800000,7
SOLUSDT,1633593600002,0.00036912,159.32269073,MARK_PRICE_PREVIOUS_FALLBACK,1633593600000,2
SOLUSDT,1633622400000,0.00044623,155.97890557,MARK_PRICE_EXACT_OPEN,1633622400000,0
SOLUSDT,1633651200011,0.00020717,154.476,MARK_PRICE_PREVIOUS_FALLBACK,1633651200000,11
SOLUSDT,1633680000003,0.00021534,159.07,MARK_PRICE_PREVIOUS_FALLBACK,1633680000000,3
SOLUSDT,1633708800002,0.00010759,166.253,MARK_PRICE_PREVIOUS_FALLBACK,1633708800000,2
SOLUSDT,1633737600006,0.00020149,158.887,MARK_PRICE_PREVIOUS_FALLBACK,1633737600000,6
SOLUSDT,1633766400003,0.0001,159.256,MARK_PRICE_PREVIOUS_FALLBACK,1633766400000,3
SOLUSDT,1633795200000,0.00038839,158.146,MARK_PRICE_EXACT_OPEN,1633795200000,0
SOLUSDT,1633824000000,0.0002851,156.94443516,MARK_PRICE_EXACT_OPEN,1633824000000,0
SOLUSDT,1633852800008,0.00052509,155.133,MARK_PRICE_PREVIOUS_FALLBACK,1633852800000,8
SOLUSDT,1633881600000,0.00030808,154.53072528,MARK_PRICE_EXACT_OPEN,1633881600000,0
SOLUSDT,1633910400002,0.0001,147.29553399,MARK_PRICE_PREVIOUS_FALLBACK,1633910400000,2
SOLUSDT,1633939200001,0.00011273,152.461,MARK_PRICE_PREVIOUS_FALLBACK,1633939200000,1
SOLUSDT,1633968000006,0.00029944,148.083,MARK_PRICE_PREVIOUS_FALLBACK,1633968000000,6
SOLUSDT,1633996800008,0.0001,144.848,MARK_PRICE_PREVIOUS_FALLBACK,1633996800000,8
SOLUSDT,1634025600013,0.0001,143.213,MARK_PRICE_PREVIOUS_FALLBACK,1634025600000,13
SOLUSDT,1634054400003,0.0001,143.56603187,MARK_PRICE_PREVIOUS_FALLBACK,1634054400000,3
SOLUSDT,1634083200003,0.0001,152.09062973,MARK_PRICE_PREVIOUS_FALLBACK,1634083200000,3
SOLUSDT,1634112000015,0.0001,145.70533825,MARK_PRICE_PREVIOUS_FALLBACK,1634112000000,15
SOLUSDT,1634140800000,0.0001,146.31947255,MARK_PRICE_EXACT_OPEN,1634140800000,0
SOLUSDT,1634169600011,0.0001,148.35606762,MARK_PRICE_PREVIOUS_FALLBACK,1634169600000,11
SOLUSDT,1634198400017,0.00016917,150.69174113,MARK_PRICE_PREVIOUS_FALLBACK,1634198400000,17
SOLUSDT,1634227200000,0.00025417,152.964,MARK_PRICE_EXACT_OPEN,1634227200000,0
SOLUSDT,1634256000005,0.0002448,150.108,MARK_PRICE_PREVIOUS_FALLBACK,1634256000000,5
SOLUSDT,1634284800002,0.0001,162.73927766,MARK_PRICE_PREVIOUS_FALLBACK,1634284800000,2
SOLUSDT,1634313600005,0.0001,159.26174259,MARK_PRICE_PREVIOUS_FALLBACK,1634313600000,5
SOLUSDT,1634342400009,0.0001,162.775,MARK_PRICE_PREVIOUS_FALLBACK,1634342400000,9
SOLUSDT,1634371200000,0.00034779,158.40886924,MARK_PRICE_EXACT_OPEN,1634371200000,0
SOLUSDT,1634400000003,0.00023732,159.626,MARK_PRICE_PREVIOUS_FALLBACK,1634400000000,3
SOLUSDT,1634428800001,0.00032388,157.64918294,MARK_PRICE_PREVIOUS_FALLBACK,1634428800000,1
SOLUSDT,1634457600002,0.00017979,162.36895284,MARK_PRICE_PREVIOUS_FALLBACK,1634457600000,2
SOLUSDT,1634486400002,0.00045211,160.95340851,MARK_PRICE_PREVIOUS_FALLBACK,1634486400000,2
SOLUSDT,1634515200006,0.0001,160.651,MARK_PRICE_PREVIOUS_FALLBACK,1634515200000,6
SOLUSDT,1634544000004,0.00023752,159.17085174,MARK_PRICE_PREVIOUS_FALLBACK,1634544000000,4
SOLUSDT,1634572800001,0.00018197,156.687,MARK_PRICE_PREVIOUS_FALLBACK,1634572800000,1
SOLUSDT,1634601600002,0.00031947,157.246,MARK_PRICE_PREVIOUS_FALLBACK,1634601600000,2
SOLUSDT,1634630400000,0.00028792,157.77404156,MARK_PRICE_EXACT_OPEN,1634630400000,0
SOLUSDT,1634659200000,0.00020799,155.604,MARK_PRICE_EXACT_OPEN,1634659200000,0
SOLUSDT,1634688000017,0.00023648,155.976,MARK_PRICE_PREVIOUS_FALLBACK,1634688000000,17
SOLUSDT,1634716800004,0.00014874,156.831,MARK_PRICE_PREVIOUS_FALLBACK,1634716800000,4
SOLUSDT,1634745600020,0.00013881,168.607,MARK_PRICE_PREVIOUS_FALLBACK,1634745600000,20
SOLUSDT,1634774400000,0.00019697,176.847,MARK_PRICE_EXACT_OPEN,1634774400000,0
SOLUSDT,1634803200000,0.00056063,187.1995568,MARK_PRICE_EXACT_OPEN,1634803200000,0
SOLUSDT,1634832000008,0.00051729,181.8281302,MARK_PRICE_PREVIOUS_FALLBACK,1634832000000,8
SOLUSDT,1634860800005,0.0001,189.805,MARK_PRICE_PREVIOUS_FALLBACK,1634860800000,5
SOLUSDT,1634889600005,0.0003116,203.216,MARK_PRICE_PREVIOUS_FALLBACK,1634889600000,5
SOLUSDT,1634918400018,0.00041034,206.62042081,MARK_PRICE_PREVIOUS_FALLBACK,1634918400000,18
SOLUSDT,1634947200005,0.00053716,196.78710544,MARK_PRICE_PREVIOUS_FALLBACK,1634947200000,5
SOLUSDT,1634976000001,0.00026164,201.93339985,MARK_PRICE_PREVIOUS_FALLBACK,1634976000000,1
SOLUSDT,1635004800004,0.00041495,199.23302388,MARK_PRICE_PREVIOUS_FALLBACK,1635004800000,4
SOLUSDT,1635033600006,0.00039863,197.683,MARK_PRICE_PREVIOUS_FALLBACK,1635033600000,6
SOLUSDT,1635062400012,0.00081955,194.59434964,MARK_PRICE_PREVIOUS_FALLBACK,1635062400000,12
SOLUSDT,1635091200001,0.00074679,186.88473565,MARK_PRICE_PREVIOUS_FALLBACK,1635091200000,1
SOLUSDT,1635120000012,0.00034564,202.5,MARK_PRICE_PREVIOUS_FALLBACK,1635120000000,12
SOLUSDT,1635148800002,0.00031844,208.18521542,MARK_PRICE_PREVIOUS_FALLBACK,1635148800000,2
SOLUSDT,1635177600022,0.00025157,217.94136747,MARK_PRICE_PREVIOUS_FALLBACK,1635177600000,22
SOLUSDT,1635206400005,0.00043842,209.667,MARK_PRICE_PREVIOUS_FALLBACK,1635206400000,5
SOLUSDT,1635235200016,0.00056465,210.04916423,MARK_PRICE_PREVIOUS_FALLBACK,1635235200000,16
SOLUSDT,1635264000000,0.00053961,206.736,MARK_PRICE_EXACT_OPEN,1635264000000,0
SOLUSDT,1635292800004,0.00031408,199.53408323,MARK_PRICE_PREVIOUS_FALLBACK,1635292800000,4
SOLUSDT,1635321600000,0.00054673,194.25304361,MARK_PRICE_EXACT_OPEN,1635321600000,0
SOLUSDT,1635350400002,0.0001,188.79149002,MARK_PRICE_PREVIOUS_FALLBACK,1635350400000,2
SOLUSDT,1635379200002,0.0001,185.1233757,MARK_PRICE_PREVIOUS_FALLBACK,1635379200000,2
SOLUSDT,1635408000000,0.0001,186.83522196,MARK_PRICE_EXACT_OPEN,1635408000000,0
SOLUSDT,1635436800005,0.0001,197.07763731,MARK_PRICE_PREVIOUS_FALLBACK,1635436800000,5
SOLUSDT,1635465600000,0.0001,194.82831979,MARK_PRICE_EXACT_OPEN,1635465600000,0
SOLUSDT,1635494400007,0.0001,198.179,MARK_PRICE_PREVIOUS_FALLBACK,1635494400000,7
SOLUSDT,1635523200001,0.0001,202.54323538,MARK_PRICE_PREVIOUS_FALLBACK,1635523200000,1
SOLUSDT,1635552000000,0.0001,200.45605429,MARK_PRICE_EXACT_OPEN,1635552000000,0
SOLUSDT,1635580800001,0.00010269,198.62565445,MARK_PRICE_PREVIOUS_FALLBACK,1635580800000,1
SOLUSDT,1635609600013,0.0001,193.438,MARK_PRICE_PREVIOUS_FALLBACK,1635609600000,13
SOLUSDT,1635638400008,0.0001,196.11267251,MARK_PRICE_PREVIOUS_FALLBACK,1635638400000,8
SOLUSDT,1635667200010,0.00027856,190.751,MARK_PRICE_PREVIOUS_FALLBACK,1635667200000,10
SOLUSDT,1635696000001,0.0001,196.25,MARK_PRICE_PREVIOUS_FALLBACK,1635696000000,1
SOLUSDT,1635724800009,0.00021406,203.05097041,MARK_PRICE_PREVIOUS_FALLBACK,1635724800000,9
SOLUSDT,1635753600014,0.0001,209.836,MARK_PRICE_PREVIOUS_FALLBACK,1635753600000,14
SOLUSDT,1635782400001,0.00047033,203.85,MARK_PRICE_PREVIOUS_FALLBACK,1635782400000,1
SOLUSDT,1635811200000,0.00021978,203.55936093,MARK_PRICE_EXACT_OPEN,1635811200000,0
SOLUSDT,1635840000007,0.00043741,203.23211691,MARK_PRICE_PREVIOUS_FALLBACK,1635840000000,7
SOLUSDT,1635868800010,0.00044948,209.64683932,MARK_PRICE_PREVIOUS_FALLBACK,1635868800000,10
SOLUSDT,1635897600019,0.00057713,219.82212258,MARK_PRICE_PREVIOUS_FALLBACK,1635897600000,19
SOLUSDT,1635926400000,0.00031299,232.547,MARK_PRICE_EXACT_OPEN,1635926400000,0
SOLUSDT,1635955200005,0.0001,225.06669944,MARK_PRICE_PREVIOUS_FALLBACK,1635955200000,5
SOLUSDT,1635984000006,0.0001,242.64505703,MARK_PRICE_PREVIOUS_FALLBACK,1635984000000,6
SOLUSDT,1636012800004,0.0001,238.6663557,MARK_PRICE_PREVIOUS_FALLBACK,1636012800000,4
SOLUSDT,1636041600004,0.0001,238.932,MARK_PRICE_PREVIOUS_FALLBACK,1636041600000,4
SOLUSDT,1636070400000,0.0001,247.0181864,MARK_PRICE_EXACT_OPEN,1636070400000,0
SOLUSDT,1636099200013,0.0001,243.352,MARK_PRICE_PREVIOUS_FALLBACK,1636099200000,13
SOLUSDT,1636128000016,0.00039814,233.57436557,MARK_PRICE_PREVIOUS_FALLBACK,1636128000000,16
SOLUSDT,1636156800010,0.0001,236.037,MARK_PRICE_PREVIOUS_FALLBACK,1636156800000,10
SOLUSDT,1636185600000,0.0001,245.925,MARK_PRICE_EXACT_OPEN,1636185600000,0
SOLUSDT,1636214400007,0.0001,252.78,MARK_PRICE_PREVIOUS_FALLBACK,1636214400000,7
SOLUSDT,1636243200013,0.0001,258.315,MARK_PRICE_PREVIOUS_FALLBACK,1636243200000,13
SOLUSDT,1636272000005,0.0001,253.22409275,MARK_PRICE_PREVIOUS_FALLBACK,1636272000000,5
SOLUSDT,1636300800004,0.0001,252.476,MARK_PRICE_PREVIOUS_FALLBACK,1636300800000,4
SOLUSDT,1636329600001,0.00016311,249.97900077,MARK_PRICE_PREVIOUS_FALLBACK,1636329600000,1
SOLUSDT,1636358400000,0.00065061,246.2088149,MARK_PRICE_EXACT_OPEN,1636358400000,0
SOLUSDT,1636387200000,0.00072728,248.487,MARK_PRICE_EXACT_OPEN,1636387200000,0
SOLUSDT,1636416000000,0.00030837,248.42,MARK_PRICE_EXACT_OPEN,1636416000000,0
SOLUSDT,1636444800014,0.00031759,246.059,MARK_PRICE_PREVIOUS_FALLBACK,1636444800000,14
SOLUSDT,1636473600001,0.00040583,241.16567925,MARK_PRICE_PREVIOUS_FALLBACK,1636473600000,1
SOLUSDT,1636502400000,0.00042121,239.29172907,MARK_PRICE_EXACT_OPEN,1636502400000,0
SOLUSDT,1636531200003,0.00032577,241.29617579,MARK_PRICE_PREVIOUS_FALLBACK,1636531200000,3
SOLUSDT,1636560000001,0.00043648,245.5156926,MARK_PRICE_PREVIOUS_FALLBACK,1636560000000,1
SOLUSDT,1636588800008,0.0001,233.1,MARK_PRICE_PREVIOUS_FALLBACK,1636588800000,8
SOLUSDT,1636617600012,0.0001,244.971,MARK_PRICE_PREVIOUS_FALLBACK,1636617600000,12
SOLUSDT,1636646400007,0.00025837,239.775,MARK_PRICE_PREVIOUS_FALLBACK,1636646400000,7
SOLUSDT,1636675200000,0.0001,233.50795363,MARK_PRICE_EXACT_OPEN,1636675200000,0
SOLUSDT,1636704000000,0.0001,228.20570271,MARK_PRICE_EXACT_OPEN,1636704000000,0
SOLUSDT,1636732800004,0.0001,222.381,MARK_PRICE_PREVIOUS_FALLBACK,1636732800000,4
SOLUSDT,1636761600000,0.0001,228.572,MARK_PRICE_EXACT_OPEN,1636761600000,0
SOLUSDT,1636790400004,0.00022258,227.31396023,MARK_PRICE_PREVIOUS_FALLBACK,1636790400000,4
SOLUSDT,1636819200006,0.0001,234.23447115,MARK_PRICE_PREVIOUS_FALLBACK,1636819200000,6
SOLUSDT,1636848000010,0.0001,241.68,MARK_PRICE_PREVIOUS_FALLBACK,1636848000000,10
SOLUSDT,1636876800001,0.0001,235.78400984,MARK_PRICE_PREVIOUS_FALLBACK,1636876800000,1
SOLUSDT,1636905600000,0.0001,234.414,MARK_PRICE_EXACT_OPEN,1636905600000,0
SOLUSDT,1636934400008,0.0001,238.624,MARK_PRICE_PREVIOUS_FALLBACK,1636934400000,8
SOLUSDT,1636963200000,0.00010613,241.47,MARK_PRICE_EXACT_OPEN,1636963200000,0
SOLUSDT,1636992000000,0.0001,239.882,MARK_PRICE_EXACT_OPEN,1636992000000,0
SOLUSDT,1637020800000,0.0001,238.266,MARK_PRICE_EXACT_OPEN,1637020800000,0
SOLUSDT,1637049600001,0.0001,226.75692342,MARK_PRICE_PREVIOUS_FALLBACK,1637049600000,1
SOLUSDT,1637078400018,0.0001,225.299,MARK_PRICE_PREVIOUS_FALLBACK,1637078400000,18
SOLUSDT,1637107200005,0.0001,219.68620061,MARK_PRICE_PREVIOUS_FALLBACK,1637107200000,5
SOLUSDT,1637136000007,0.0001,215.53203728,MARK_PRICE_PREVIOUS_FALLBACK,1637136000000,7
SOLUSDT,1637164800003,0.0001,213.12640273,MARK_PRICE_PREVIOUS_FALLBACK,1637164800000,3
SOLUSDT,1637193600017,0.0001,218.99701286,MARK_PRICE_PREVIOUS_FALLBACK,1637193600000,17
SOLUSDT,1637222400007,0.0001,212.32423883,MARK_PRICE_PREVIOUS_FALLBACK,1637222400000,7
SOLUSDT,1637251200011,0.0001,196.598,MARK_PRICE_PREVIOUS_FALLBACK,1637251200000,11
SOLUSDT,1637280000000,0.0001,195.17499343,MARK_PRICE_EXACT_OPEN,1637280000000,0
SOLUSDT,1637308800000,0.0001,196.53946952,MARK_PRICE_EXACT_OPEN,1637308800000,0
SOLUSDT,1637337600005,0.0001,214.39749144,MARK_PRICE_PREVIOUS_FALLBACK,1637337600000,5
SOLUSDT,1637366400012,0.0001,215.3051534,MARK_PRICE_PREVIOUS_FALLBACK,1637366400000,12
SOLUSDT,1637395200000,0.0001,212.88936926,MARK_PRICE_EXACT_OPEN,1637395200000,0
SOLUSDT,1637424000007,0.0001,207.40329519,MARK_PRICE_PREVIOUS_FALLBACK,1637424000000,7
SOLUSDT,1637452800000,0.0001,217.70367349,MARK_PRICE_EXACT_OPEN,1637452800000,0
SOLUSDT,1637481600006,0.0001,214.354,MARK_PRICE_PREVIOUS_FALLBACK,1637481600000,6
SOLUSDT,1637510400000,0.00015518,215.191,MARK_PRICE_EXACT_OPEN,1637510400000,0
SOLUSDT,1637539200004,0.0001,231.65868351,MARK_PRICE_PREVIOUS_FALLBACK,1637539200000,4
SOLUSDT,1637568000000,0.0001,216.15762985,MARK_PRICE_EXACT_OPEN,1637568000000,0
SOLUSDT,1637596800000,0.0001,222.5293814,MARK_PRICE_EXACT_OPEN,1637596800000,0
SOLUSDT,1637625600004,0.0001,215.429,MARK_PRICE_PREVIOUS_FALLBACK,1637625600000,4
SOLUSDT,1637654400010,0.0001,213.14032615,MARK_PRICE_PREVIOUS_FALLBACK,1637654400000,10
SOLUSDT,1637683200005,0.0001,216.14905116,MARK_PRICE_PREVIOUS_FALLBACK,1637683200000,5
SOLUSDT,1637712000001,0.0001,222.11169388,MARK_PRICE_PREVIOUS_FALLBACK,1637712000000,1
SOLUSDT,1637740800003,0.0001,217.07662652,MARK_PRICE_PREVIOUS_FALLBACK,1637740800000,3
SOLUSDT,1637769600010,0.0001,212.77490987,MARK_PRICE_PREVIOUS_FALLBACK,1637769600000,10
SOLUSDT,1637798400000,0.0001,205.769,MARK_PRICE_EXACT_OPEN,1637798400000,0
SOLUSDT,1637827200010,0.00040662,206.09301765,MARK_PRICE_PREVIOUS_FALLBACK,1637827200000,10
SOLUSDT,1637856000000,0.0001,214.57848351,MARK_PRICE_EXACT_OPEN,1637856000000,0
SOLUSDT,1637884800000,0.00028435,210.093,MARK_PRICE_EXACT_OPEN,1637884800000,0
SOLUSDT,1637913600000,0.0003784,201.40224467,MARK_PRICE_EXACT_OPEN,1637913600000,0
SOLUSDT,1637942400016,0.0001,192.33775578,MARK_PRICE_PREVIOUS_FALLBACK,1637942400000,16
SOLUSDT,1637971200005,0.0001,192.73300745,MARK_PRICE_PREVIOUS_FALLBACK,1637971200000,5
SOLUSDT,1638000000008,0.0001,194.386,MARK_PRICE_PREVIOUS_FALLBACK,1638000000000,8
SOLUSDT,1638028800007,0.0001,196.61553775,MARK_PRICE_PREVIOUS_FALLBACK,1638028800000,7
SOLUSDT,1638057600018,0.0001,192.31086162,MARK_PRICE_PREVIOUS_FALLBACK,1638057600000,18
SOLUSDT,1638086400000,0.0001,189.846,MARK_PRICE_EXACT_OPEN,1638086400000,0
SOLUSDT,1638115200004,0.0001,189.15202236,MARK_PRICE_PREVIOUS_FALLBACK,1638115200000,4
SOLUSDT,1638144000002,0.0001,201.25152437,MARK_PRICE_PREVIOUS_FALLBACK,1638144000000,2
SOLUSDT,1638172800004,0.0001,203.868,MARK_PRICE_PREVIOUS_FALLBACK,1638172800000,4
SOLUSDT,1638201600000,0.0001,206.88473693,MARK_PRICE_EXACT_OPEN,1638201600000,0
SOLUSDT,1638230400000,0.0001,204.25078066,MARK_PRICE_EXACT_OPEN,1638230400000,0
SOLUSDT,1638259200006,0.0001,201.448,MARK_PRICE_PREVIOUS_FALLBACK,1638259200000,6
SOLUSDT,1638288000000,0.0001,213.2300005,MARK_PRICE_EXACT_OPEN,1638288000000,0
SOLUSDT,1638316800000,0.0001,208.53088161,MARK_PRICE_EXACT_OPEN,1638316800000,0
SOLUSDT,1638345600000,0.0001,218.45076015,MARK_PRICE_EXACT_OPEN,1638345600000,0
SOLUSDT,1638374400001,0.0001,229.60005708,MARK_PRICE_PREVIOUS_FALLBACK,1638374400000,1
SOLUSDT,1638403200000,0.0001,229.77620948,MARK_PRICE_EXACT_OPEN,1638403200000,0
SOLUSDT,1638432000007,0.0001,223.40080935,MARK_PRICE_PREVIOUS_FALLBACK,1638432000000,7
SOLUSDT,1638460800008,0.0001,230.14675574,MARK_PRICE_PREVIOUS_FALLBACK,1638460800000,8
SOLUSDT,1638489600004,0.0001,234.506,MARK_PRICE_PREVIOUS_FALLBACK,1638489600000,4
SOLUSDT,1638518400002,0.0001,232.33,MARK_PRICE_PREVIOUS_FALLBACK,1638518400000,2
SOLUSDT,1638547200006,0.0001,223.99021064,MARK_PRICE_PREVIOUS_FALLBACK,1638547200000,6
SOLUSDT,1638576000006,0.0001,211.77292234,MARK_PRICE_PREVIOUS_FALLBACK,1638576000000,6
SOLUSDT,1638604800004,-0.00010538,192.53334942,MARK_PRICE_PREVIOUS_FALLBACK,1638604800000,4
SOLUSDT,1638633600000,0.0001,204.99969031,MARK_PRICE_EXACT_OPEN,1638633600000,0
SOLUSDT,1638662400003,0.0001,201.042,MARK_PRICE_PREVIOUS_FALLBACK,1638662400000,3
SOLUSDT,1638691200008,0.0001,200.24247592,MARK_PRICE_PREVIOUS_FALLBACK,1638691200000,8
SOLUSDT,1638720000007,0.0001,185.512,MARK_PRICE_PREVIOUS_FALLBACK,1638720000000,7
SOLUSDT,1638748800009,0.0001,196.948,MARK_PRICE_PREVIOUS_FALLBACK,1638748800000,9
SOLUSDT,1638777600001,0.0001,185.42459068,MARK_PRICE_PREVIOUS_FALLBACK,1638777600000,1
SOLUSDT,1638806400000,0.0001,188.26960677,MARK_PRICE_EXACT_OPEN,1638806400000,0
SOLUSDT,1638835200018,0.0001,193.78829292,MARK_PRICE_PREVIOUS_FALLBACK,1638835200000,18
SOLUSDT,1638864000000,-0.00002874,199.28494013,MARK_PRICE_EXACT_OPEN,1638864000000,0
SOLUSDT,1638892800000,0.0001,198.047,MARK_PRICE_EXACT_OPEN,1638892800000,0
SOLUSDT,1638921600000,0.0001,190.18077154,MARK_PRICE_EXACT_OPEN,1638921600000,0
SOLUSDT,1638950400018,0.0001,189.964,MARK_PRICE_PREVIOUS_FALLBACK,1638950400000,18
SOLUSDT,1638979200010,0.0001,192.69,MARK_PRICE_PREVIOUS_FALLBACK,1638979200000,10
SOLUSDT,1639008000010,0.0001,194.36542525,MARK_PRICE_PREVIOUS_FALLBACK,1639008000000,10
SOLUSDT,1639036800000,0.0001,190.85433956,MARK_PRICE_EXACT_OPEN,1639036800000,0
SOLUSDT,1639065600000,0.0001,184.8864995,MARK_PRICE_EXACT_OPEN,1639065600000,0
SOLUSDT,1639094400000,0.0001,181.06855889,MARK_PRICE_EXACT_OPEN,1639094400000,0
SOLUSDT,1639123200008,0.0001,175.753,MARK_PRICE_PREVIOUS_FALLBACK,1639123200000,8
SOLUSDT,1639152000012,0.0001,173.24062882,MARK_PRICE_PREVIOUS_FALLBACK,1639152000000,12
SOLUSDT,1639180800009,0.0001,167.466,MARK_PRICE_PREVIOUS_FALLBACK,1639180800000,9
SOLUSDT,1639209600008,0.0001,169.10612096,MARK_PRICE_PREVIOUS_FALLBACK,1639209600000,8
SOLUSDT,1639238400000,0.0001,170.96302946,MARK_PRICE_EXACT_OPEN,1639238400000,0
SOLUSDT,1639267200001,0.0001,171.65,MARK_PRICE_PREVIOUS_FALLBACK,1639267200000,1
SOLUSDT,1639296000015,0.0001,170.432,MARK_PRICE_PREVIOUS_FALLBACK,1639296000000,15
SOLUSDT,1639324800011,0.0001,170.54850816,MARK_PRICE_PREVIOUS_FALLBACK,1639324800000,11
SOLUSDT,1639353600006,0.0001,172.461,MARK_PRICE_PREVIOUS_FALLBACK,1639353600000,6
SOLUSDT,1639382400019,0.0001,164.34377958,MARK_PRICE_PREVIOUS_FALLBACK,1639382400000,19
SOLUSDT,1639411200000,0.0001,158.08,MARK_PRICE_EXACT_OPEN,1639411200000,0
SOLUSDT,1639440000004,-0.00012513,154.96431959,MARK_PRICE_PREVIOUS_FALLBACK,1639440000000,4
SOLUSDT,1639468800000,0.0001,154.69513887,MARK_PRICE_EXACT_OPEN,1639468800000,0
SOLUSDT,1639497600015,0.0001,157.34226682,MARK_PRICE_PREVIOUS_FALLBACK,1639497600000,15
SOLUSDT,1639526400000,0.0001,161.23993029,MARK_PRICE_EXACT_OPEN,1639526400000,0
SOLUSDT,1639555200008,0.0001,166.35777571,MARK_PRICE_PREVIOUS_FALLBACK,1639555200000,8
SOLUSDT,1639584000005,0.0001,157.35065376,MARK_PRICE_PREVIOUS_FALLBACK,1639584000000,5
SOLUSDT,1639612800006,0.0001,178.76,MARK_PRICE_PREVIOUS_FALLBACK,1639612800000,6
SOLUSDT,1639641600009,0.0001,178.56,MARK_PRICE_PREVIOUS_FALLBACK,1639641600000,9
SOLUSDT,1639670400000,0.00007386,186.9617747,MARK_PRICE_EXACT_OPEN,1639670400000,0
SOLUSDT,1639699200000,0.0001,176.88287761,MARK_PRICE_EXACT_OPEN,1639699200000,0
SOLUSDT,1639728000005,0.0001,177.54130295,MARK_PRICE_PREVIOUS_FALLBACK,1639728000000,5
SOLUSDT,1639756800006,0.0001,176.1,MARK_PRICE_PREVIOUS_FALLBACK,1639756800000,6
SOLUSDT,1639785600014,0.0001,175.99714393,MARK_PRICE_PREVIOUS_FALLBACK,1639785600000,14
SOLUSDT,1639814400012,0.0001,176.23,MARK_PRICE_PREVIOUS_FALLBACK,1639814400000,12
SOLUSDT,1639843200000,0.0001,181.39,MARK_PRICE_EXACT_OPEN,1639843200000,0
SOLUSDT,1639872000031,0.0001,182.32,MARK_PRICE_PREVIOUS_FALLBACK,1639872000000,31
SOLUSDT,1639900800000,0.0001,187.07,MARK_PRICE_EXACT_OPEN,1639900800000,0
SOLUSDT,1639929600003,0.0001,183.46,MARK_PRICE_PREVIOUS_FALLBACK,1639929600000,3
SOLUSDT,1639958400015,0.0001,180.22279903,MARK_PRICE_PREVIOUS_FALLBACK,1639958400000,15
SOLUSDT,1639987200007,0.0001,175.34475569,MARK_PRICE_PREVIOUS_FALLBACK,1639987200000,7
SOLUSDT,1640016000005,0.0001,169.78,MARK_PRICE_PREVIOUS_FALLBACK,1640016000000,5
SOLUSDT,1640044800003,0.0001,174.2722565,MARK_PRICE_PREVIOUS_FALLBACK,1640044800000,3
SOLUSDT,1640073600012,0.0001,178.81,MARK_PRICE_PREVIOUS_FALLBACK,1640073600000,12
SOLUSDT,1640102400005,0.0001,177.25260056,MARK_PRICE_PREVIOUS_FALLBACK,1640102400000,5
SOLUSDT,1640131200000,0.0001,179.61472155,MARK_PRICE_EXACT_OPEN,1640131200000,0
SOLUSDT,1640160000001,0.0001,186.6,MARK_PRICE_PREVIOUS_FALLBACK,1640160000000,1
SOLUSDT,1640188800006,0.0001,184.78642586,MARK_PRICE_PREVIOUS_FALLBACK,1640188800000,6
SOLUSDT,1640217600011,0.0001,178.50509932,MARK_PRICE_PREVIOUS_FALLBACK,1640217600000,11
SOLUSDT,1640246400000,0.0001,177.85106203,MARK_PRICE_EXACT_OPEN,1640246400000,0
SOLUSDT,1640275200000,0.0001,180.90037551,MARK_PRICE_EXACT_OPEN,1640275200000,0
SOLUSDT,1640304000005,0.0001,189.89386187,MARK_PRICE_PREVIOUS_FALLBACK,1640304000000,5
SOLUSDT,1640332800000,0.0001,188.82484564,MARK_PRICE_EXACT_OPEN,1640332800000,0
SOLUSDT,1640361600011,0.0001,195.56397902,MARK_PRICE_PREVIOUS_FALLBACK,1640361600000,11
SOLUSDT,1640390400000,0.0001,190.3592266,MARK_PRICE_EXACT_OPEN,1640390400000,0
SOLUSDT,1640419200001,0.0001,193.21,MARK_PRICE_PREVIOUS_FALLBACK,1640419200000,1
SOLUSDT,1640448000005,0.0001,192.47590147,MARK_PRICE_PREVIOUS_FALLBACK,1640448000000,5
SOLUSDT,1640476800004,0.0001,192.65751556,MARK_PRICE_PREVIOUS_FALLBACK,1640476800000,4
SOLUSDT,1640505600002,0.0001,192.52347401,MARK_PRICE_PREVIOUS_FALLBACK,1640505600000,2
SOLUSDT,1640534400000,0.0001,198.13,MARK_PRICE_EXACT_OPEN,1640534400000,0
SOLUSDT,1640563200002,0.0001,198.07,MARK_PRICE_PREVIOUS_FALLBACK,1640563200000,2
SOLUSDT,1640592000005,0.0001,198.59626305,MARK_PRICE_PREVIOUS_FALLBACK,1640592000000,5
SOLUSDT,1640620800000,0.0001,201.62954427,MARK_PRICE_EXACT_OPEN,1640620800000,0
SOLUSDT,1640649600000,0.0001,195.65540982,MARK_PRICE_EXACT_OPEN,1640649600000,0
SOLUSDT,1640678400012,0.0001,189.71223769,MARK_PRICE_PREVIOUS_FALLBACK,1640678400000,12
SOLUSDT,1640707200000,0.0001,185.64127598,MARK_PRICE_EXACT_OPEN,1640707200000,0
SOLUSDT,1640736000006,0.0001,177.19,MARK_PRICE_PREVIOUS_FALLBACK,1640736000000,6
SOLUSDT,1640764800003,0.0001,176.5500046,MARK_PRICE_PREVIOUS_FALLBACK,1640764800000,3
SOLUSDT,1640793600004,0.0001,176.44,MARK_PRICE_PREVIOUS_FALLBACK,1640793600000,4
SOLUSDT,1640822400003,0.0001,170.92022464,MARK_PRICE_PREVIOUS_FALLBACK,1640822400000,3
SOLUSDT,1640851200001,0.0001,174.13,MARK_PRICE_PREVIOUS_FALLBACK,1640851200000,1
SOLUSDT,1640880000017,0.0001,173.96527794,MARK_PRICE_PREVIOUS_FALLBACK,1640880000000,17
SOLUSDT,1640908800006,0.0001,172.31,MARK_PRICE_PREVIOUS_FALLBACK,1640908800000,6
SOLUSDT,1640937600009,0.0001,173.08,MARK_PRICE_PREVIOUS_FALLBACK,1640937600000,9
SOLUSDT,1640966400000,0.0001,175.62,MARK_PRICE_EXACT_OPEN,1640966400000,0
SOLUSDT,1640995200006,0.0001,170.14,MARK_PRICE_PREVIOUS_FALLBACK,1640995200000,6
SOLUSDT,1641024000009,0.0001,173.10406398,MARK_PRICE_PREVIOUS_FALLBACK,1641024000000,9
SOLUSDT,1641052800000,0.0001,173.82284696,MARK_PRICE_EXACT_OPEN,1641052800000,0
SOLUSDT,1641081600028,0.0001,178.897618,MARK_PRICE_PREVIOUS_FALLBACK,1641081600000,28
SOLUSDT,1641110400000,0.0001,175.85209962,MARK_PRICE_EXACT_OPEN,1641110400000,0
SOLUSDT,1641139200000,0.0001,176.18516605,MARK_PRICE_EXACT_OPEN,1641139200000,0
SOLUSDT,1641168000010,0.0001,176.25024281,MARK_PRICE_PREVIOUS_FALLBACK,1641168000000,10
SOLUSDT,1641196800013,0.0001,173.22,MARK_PRICE_PREVIOUS_FALLBACK,1641196800000,13
SOLUSDT,1641225600018,0.0001,170.6474438,MARK_PRICE_PREVIOUS_FALLBACK,1641225600000,18
SOLUSDT,1641254400000,0.0001,170.13564571,MARK_PRICE_EXACT_OPEN,1641254400000,0
SOLUSDT,1641283200010,0.0001,168.75,MARK_PRICE_PREVIOUS_FALLBACK,1641283200000,10
SOLUSDT,1641312000002,0.0001,171.88224753,MARK_PRICE_PREVIOUS_FALLBACK,1641312000000,2
SOLUSDT,1641340800001,0.0001,168.36287498,MARK_PRICE_PREVIOUS_FALLBACK,1641340800000,1
SOLUSDT,1641369600017,0.0001,170.09683866,MARK_PRICE_PREVIOUS_FALLBACK,1641369600000,17
SOLUSDT,1641398400000,0.0001,168.38,MARK_PRICE_EXACT_OPEN,1641398400000,0
SOLUSDT,1641427200002,0.0001,153.91022522,MARK_PRICE_PREVIOUS_FALLBACK,1641427200000,2
SOLUSDT,1641456000021,0.0001,150.76305444,MARK_PRICE_PREVIOUS_FALLBACK,1641456000000,21
SOLUSDT,1641484800006,0.0001,149.91,MARK_PRICE_PREVIOUS_FALLBACK,1641484800000,6
SOLUSDT,1641513600005,0.0001,150.64701746,MARK_PRICE_PREVIOUS_FALLBACK,1641513600000,5
SOLUSDT,1641542400000,0.0001,138.92731024,MARK_PRICE_EXACT_OPEN,1641542400000,0
SOLUSDT,1641571200001,0.0001,136.89875543,MARK_PRICE_PREVIOUS_FALLBACK,1641571200000,1
SOLUSDT,1641600000014,0.0001,136.82008803,MARK_PRICE_PREVIOUS_FALLBACK,1641600000000,14
SOLUSDT,1641628800013,0.0001,144.32825323,MARK_PRICE_PREVIOUS_FALLBACK,1641628800000,13
SOLUSDT,1641657600000,0.0001,144.18892255,MARK_PRICE_EXACT_OPEN,1641657600000,0
SOLUSDT,1641686400003,0.0001,141.99749094,MARK_PRICE_PREVIOUS_FALLBACK,1641686400000,3
SOLUSDT,1641715200000,0.0001,140.39056353,MARK_PRICE_EXACT_OPEN,1641715200000,0
SOLUSDT,1641744000000,0.0001,140.1061396,MARK_PRICE_EXACT_OPEN,1641744000000,0
SOLUSDT,1641772800000,0.0001,140.77115941,MARK_PRICE_EXACT_OPEN,1641772800000,0
SOLUSDT,1641801600010,0.0001,143.35,MARK_PRICE_PREVIOUS_FALLBACK,1641801600000,10
SOLUSDT,1641830400007,0.0001,132.83354149,MARK_PRICE_PREVIOUS_FALLBACK,1641830400000,7
SOLUSDT,1641859200013,0.0001,136,MARK_PRICE_PREVIOUS_FALLBACK,1641859200000,13
SOLUSDT,1641888000004,0.0001,137.38,MARK_PRICE_PREVIOUS_FALLBACK,1641888000000,4
SOLUSDT,1641916800000,0.0001,137.03,MARK_PRICE_EXACT_OPEN,1641916800000,0
SOLUSDT,1641945600012,0.0001,140.3,MARK_PRICE_PREVIOUS_FALLBACK,1641945600000,12
SOLUSDT,1641974400015,0.0001,139.03,MARK_PRICE_PREVIOUS_FALLBACK,1641974400000,15
SOLUSDT,1642003200000,0.0001,147.65,MARK_PRICE_EXACT_OPEN,1642003200000,0
SOLUSDT,1642032000007,0.0001,151.19,MARK_PRICE_PREVIOUS_FALLBACK,1642032000000,7
SOLUSDT,1642060800000,0.0001,151.38,MARK_PRICE_EXACT_OPEN,1642060800000,0
SOLUSDT,1642089600014,0.0001,154.38820078,MARK_PRICE_PREVIOUS_FALLBACK,1642089600000,14
SOLUSDT,1642118400000,0.0001,146.08477036,MARK_PRICE_EXACT_OPEN,1642118400000,0
SOLUSDT,1642147200006,0.0001,147.35,MARK_PRICE_PREVIOUS_FALLBACK,1642147200000,6
SOLUSDT,1642176000014,0.0001,147.48,MARK_PRICE_PREVIOUS_FALLBACK,1642176000000,14
SOLUSDT,1642204800000,0.0001,146.14,MARK_PRICE_EXACT_OPEN,1642204800000,0
SOLUSDT,1642233600002,0.0001,145.44,MARK_PRICE_PREVIOUS_FALLBACK,1642233600000,2
SOLUSDT,1642262400000,0.0001,147.9691666,MARK_PRICE_EXACT_OPEN,1642262400000,0
SOLUSDT,1642291200000,0.0001,147.61,MARK_PRICE_EXACT_OPEN,1642291200000,0
SOLUSDT,1642320000017,0.0001,150.08,MARK_PRICE_PREVIOUS_FALLBACK,1642320000000,17
SOLUSDT,1642348800011,0.0001,150.15,MARK_PRICE_PREVIOUS_FALLBACK,1642348800000,11
SOLUSDT,1642377600005,0.0001,148.11439059,MARK_PRICE_PREVIOUS_FALLBACK,1642377600000,5
SOLUSDT,1642406400006,0.0001,143.38,MARK_PRICE_PREVIOUS_FALLBACK,1642406400000,6
SOLUSDT,1642435200012,0.0001,142.13,MARK_PRICE_PREVIOUS_FALLBACK,1642435200000,12
SOLUSDT,1642464000020,0.0001,140.01,MARK_PRICE_PREVIOUS_FALLBACK,1642464000000,20
SOLUSDT,1642492800000,0.0001,140.1622698,MARK_PRICE_EXACT_OPEN,1642492800000,0
SOLUSDT,1642521600013,0.0001,136.63,MARK_PRICE_PREVIOUS_FALLBACK,1642521600000,13
SOLUSDT,1642550400001,0.0001,141.6,MARK_PRICE_PREVIOUS_FALLBACK,1642550400000,1
SOLUSDT,1642579200000,0.0001,134.39116045,MARK_PRICE_EXACT_OPEN,1642579200000,0
SOLUSDT,1642608000000,0.0001,136.91151085,MARK_PRICE_EXACT_OPEN,1642608000000,0
SOLUSDT,1642636800015,0.0001,135.61,MARK_PRICE_PREVIOUS_FALLBACK,1642636800000,15
SOLUSDT,1642665600000,0.0001,137.37024334,MARK_PRICE_EXACT_OPEN,1642665600000,0
SOLUSDT,1642694400000,0.0001,142.98405159,MARK_PRICE_EXACT_OPEN,1642694400000,0
SOLUSDT,1642723200007,0.0001,127.82306704,MARK_PRICE_PREVIOUS_FALLBACK,1642723200000,7
SOLUSDT,1642752000015,0.0001,126.2486028,MARK_PRICE_PREVIOUS_FALLBACK,1642752000000,15
SOLUSDT,1642780800000,0.00004765,121.77,MARK_PRICE_EXACT_OPEN,1642780800000,0
SOLUSDT,1642809600017,0.0001,112.35602654,MARK_PRICE_PREVIOUS_FALLBACK,1642809600000,17
SOLUSDT,1642838400003,0.0001,101.2383087,MARK_PRICE_PREVIOUS_FALLBACK,1642838400000,3
SOLUSDT,1642867200021,-0.00002909,93.31064813,MARK_PRICE_PREVIOUS_FALLBACK,1642867200000,21
SOLUSDT,1642896000026,-0.00024156,94.57,MARK_PRICE_PREVIOUS_FALLBACK,1642896000000,26
SOLUSDT,1642924800010,-0.00014168,100.84,MARK_PRICE_PREVIOUS_FALLBACK,1642924800000,10
SOLUSDT,1642953600009,-0.00013112,98.85703934,MARK_PRICE_PREVIOUS_FALLBACK,1642953600000,9
SOLUSDT,1642982400010,-0.00003338,99.49,MARK_PRICE_PREVIOUS_FALLBACK,1642982400000,10
SOLUSDT,1643011200000,-0.00021201,86.7,MARK_PRICE_EXACT_OPEN,1643011200000,0
SOLUSDT,1643040000021,0.0001,87.17699047,MARK_PRICE_PREVIOUS_FALLBACK,1643040000000,21
SOLUSDT,1643068800000,-0.0001253,91.89,MARK_PRICE_EXACT_OPEN,1643068800000,0
SOLUSDT,1643097600000,-0.00000729,89.94370561,MARK_PRICE_EXACT_OPEN,1643097600000,0
SOLUSDT,1643126400012,-0.00011904,93.08,MARK_PRICE_PREVIOUS_FALLBACK,1643126400000,12
SOLUSDT,1643155200000,-0.00012652,94.54,MARK_PRICE_EXACT_OPEN,1643155200000,0
SOLUSDT,1643184000001,-0.00017698,94.7,MARK_PRICE_PREVIOUS_FALLBACK,1643184000000,1
SOLUSDT,1643212800005,-0.00014955,98.70723308,MARK_PRICE_PREVIOUS_FALLBACK,1643212800000,5
SOLUSDT,1643241600004,-0.00028709,91.77949022,MARK_PRICE_PREVIOUS_FALLBACK,1643241600000,4
SOLUSDT,1643270400004,-0.00012589,88.62,MARK_PRICE_PREVIOUS_FALLBACK,1643270400000,4
SOLUSDT,1643299200019,-0.00011855,92.27,MARK_PRICE_PREVIOUS_FALLBACK,1643299200000,19
SOLUSDT,1643328000000,-0.0000783,89.45614105,MARK_PRICE_EXACT_OPEN,1643328000000,0
SOLUSDT,1643356800000,-0.00012491,89.64,MARK_PRICE_EXACT_OPEN,1643356800000,0
SOLUSDT,1643385600025,-0.00022188,90.83902412,MARK_PRICE_PREVIOUS_FALLBACK,1643385600000,25
SOLUSDT,1643414400017,0.00003439,91.14376365,MARK_PRICE_PREVIOUS_FALLBACK,1643414400000,17
SOLUSDT,1643443200000,0.00000537,97.15,MARK_PRICE_EXACT_OPEN,1643443200000,0
SOLUSDT,1643472000013,-0.00001329,95.22,MARK_PRICE_PREVIOUS_FALLBACK,1643472000000,13
SOLUSDT,1643500800025,-0.0001674,95.95128722,MARK_PRICE_PREVIOUS_FALLBACK,1643500800000,25
SOLUSDT,1643529600009,-0.00000562,96.9268235,MARK_PRICE_PREVIOUS_FALLBACK,1643529600000,9
SOLUSDT,1643558400000,-0.00007703,95.01,MARK_PRICE_EXACT_OPEN,1643558400000,0
SOLUSDT,1643587200000,-0.00026589,93.18957601,MARK_PRICE_EXACT_OPEN,1643587200000,0
SOLUSDT,1643616000000,-0.0001549,90.17224359,MARK_PRICE_EXACT_OPEN,1643616000000,0
SOLUSDT,1643644800000,0.00000416,95.30519315,MARK_PRICE_EXACT_OPEN,1643644800000,0
SOLUSDT,1643673600010,0.00002229,99.18860729,MARK_PRICE_PREVIOUS_FALLBACK,1643673600000,10
SOLUSDT,1643702400000,0.00006873,105.40312557,MARK_PRICE_EXACT_OPEN,1643702400000,0
SOLUSDT,1643731200004,-0.00019965,109.36468319,MARK_PRICE_PREVIOUS_FALLBACK,1643731200000,4
SOLUSDT,1643760000004,-0.00011165,110.13746385,MARK_PRICE_PREVIOUS_FALLBACK,1643760000000,4
SOLUSDT,1643788800000,-0.00003736,108.45,MARK_PRICE_EXACT_OPEN,1643788800000,0
SOLUSDT,1643817600002,0.000035,105.63440395,MARK_PRICE_PREVIOUS_FALLBACK,1643817600000,2
SOLUSDT,1643846400002,-0.00005362,101.64,MARK_PRICE_PREVIOUS_FALLBACK,1643846400000,2
SOLUSDT,1643875200000,0.00002861,99.32096496,MARK_PRICE_EXACT_OPEN,1643875200000,0
SOLUSDT,1643904000000,-0.00005058,98.21065663,MARK_PRICE_EXACT_OPEN,1643904000000,0
SOLUSDT,1643932800018,-0.00033718,101.31466654,MARK_PRICE_PREVIOUS_FALLBACK,1643932800000,18
SOLUSDT,1643961600005,-0.00002657,105.48037268,MARK_PRICE_PREVIOUS_FALLBACK,1643961600000,5
SOLUSDT,1643990400010,0.0001,107.41770865,MARK_PRICE_PREVIOUS_FALLBACK,1643990400000,10
SOLUSDT,1644019200014,0.00006989,112.09,MARK_PRICE_PREVIOUS_FALLBACK,1644019200000,14
SOLUSDT,1644048000000,0.0000829,115.57,MARK_PRICE_EXACT_OPEN,1644048000000,0
SOLUSDT,1644076800000,0.0001,115.98,MARK_PRICE_EXACT_OPEN,1644076800000,0
SOLUSDT,1644105600000,0.00003195,113.68761083,MARK_PRICE_EXACT_OPEN,1644105600000,0
SOLUSDT,1644134400000,0.0001,114.29777327,MARK_PRICE_EXACT_OPEN,1644134400000,0
SOLUSDT,1644163200000,0.0001,112.99,MARK_PRICE_EXACT_OPEN,1644163200000,0
SOLUSDT,1644192000003,0.0001,115.59,MARK_PRICE_PREVIOUS_FALLBACK,1644192000000,3
SOLUSDT,1644220800014,0.00004586,116.96,MARK_PRICE_PREVIOUS_FALLBACK,1644220800000,14
SOLUSDT,1644249600003,-0.00009025,121.41,MARK_PRICE_PREVIOUS_FALLBACK,1644249600000,3
SOLUSDT,1644278400001,-0.00025025,117.56275305,MARK_PRICE_PREVIOUS_FALLBACK,1644278400000,1
SOLUSDT,1644307200003,-0.00025785,117.714172,MARK_PRICE_PREVIOUS_FALLBACK,1644307200000,3
SOLUSDT,1644336000002,0.0001,112.57,MARK_PRICE_PREVIOUS_FALLBACK,1644336000000,2
SOLUSDT,1644364800000,-0.0001339,113.36709802,MARK_PRICE_EXACT_OPEN,1644364800000,0
SOLUSDT,1644393600005,0.00002718,111.48559393,MARK_PRICE_PREVIOUS_FALLBACK,1644393600000,5
SOLUSDT,1644422400001,0.00009188,113.06231124,MARK_PRICE_PREVIOUS_FALLBACK,1644422400000,1
SOLUSDT,1644451200012,0.00003246,113.88926823,MARK_PRICE_PREVIOUS_FALLBACK,1644451200000,12
SOLUSDT,1644480000000,-0.00009518,112.32,MARK_PRICE_EXACT_OPEN,1644480000000,0
SOLUSDT,1644508800006,-0.00019747,111.57136087,MARK_PRICE_PREVIOUS_FALLBACK,1644508800000,6
SOLUSDT,1644537600000,-0.00018494,106.09,MARK_PRICE_EXACT_OPEN,1644537600000,0
SOLUSDT,1644566400009,0.0001,105.5295307,MARK_PRICE_PREVIOUS_FALLBACK,1644566400000,9
SOLUSDT,1644595200015,-0.00009482,106.88225912,MARK_PRICE_PREVIOUS_FALLBACK,1644595200000,15
SOLUSDT,1644624000020,-0.00002587,96.21058719,MARK_PRICE_PREVIOUS_FALLBACK,1644624000000,20
SOLUSDT,1644652800001,-0.00002009,93.98,MARK_PRICE_PREVIOUS_FALLBACK,1644652800000,1
SOLUSDT,1644681600007,-0.00007354,95.08294298,MARK_PRICE_PREVIOUS_FALLBACK,1644681600000,7
SOLUSDT,1644710400022,-0.00028416,95.82552698,MARK_PRICE_PREVIOUS_FALLBACK,1644710400000,22
SOLUSDT,1644739200001,-0.00016471,96.13,MARK_PRICE_PREVIOUS_FALLBACK,1644739200000,1
SOLUSDT,1644768000007,-0.00019993,95.57,MARK_PRICE_PREVIOUS_FALLBACK,1644768000000,7
SOLUSDT,1644796800005,-0.00019975,92.91834952,MARK_PRICE_PREVIOUS_FALLBACK,1644796800000,5
SOLUSDT,1644825600013,0.00008372,94.73,MARK_PRICE_PREVIOUS_FALLBACK,1644825600000,13
SOLUSDT,1644854400019,0.00001073,96.42340938,MARK_PRICE_PREVIOUS_FALLBACK,1644854400000,19
SOLUSDT,1644883200012,-0.00003803,96.47478285,MARK_PRICE_PREVIOUS_FALLBACK,1644883200000,12
SOLUSDT,1644912000005,0.00003362,101.99,MARK_PRICE_PREVIOUS_FALLBACK,1644912000000,5
SOLUSDT,1644940800011,-0.00007138,102.6185127,MARK_PRICE_PREVIOUS_FALLBACK,1644940800000,11
SOLUSDT,1644969600009,0.0001,104.92598432,MARK_PRICE_PREVIOUS_FALLBACK,1644969600000,9
SOLUSDT,1644998400001,0.00008325,104.33,MARK_PRICE_PREVIOUS_FALLBACK,1644998400000,1
SOLUSDT,1645027200014,0.0001,99.0076405,MARK_PRICE_PREVIOUS_FALLBACK,1645027200000,14
SOLUSDT,1645056000018,0.0001,101.94,MARK_PRICE_PREVIOUS_FALLBACK,1645056000000,18
SOLUSDT,1645084800000,0.00000798,100.84418177,MARK_PRICE_EXACT_OPEN,1645084800000,0
SOLUSDT,1645113600010,0.0001,97.14912909,MARK_PRICE_PREVIOUS_FALLBACK,1645113600000,10
SOLUSDT,1645142400000,-0.00010135,93.4787475,MARK_PRICE_EXACT_OPEN,1645142400000,0
SOLUSDT,1645171200002,0.00000849,95.2358392,MARK_PRICE_PREVIOUS_FALLBACK,1645171200000,2
SOLUSDT,1645200000000,0.00009853,90.89,MARK_PRICE_EXACT_OPEN,1645200000000,0
SOLUSDT,1645228800007,-0.00005937,89.86,MARK_PRICE_PREVIOUS_FALLBACK,1645228800000,7
SOLUSDT,1645257600000,0.00001521,92.04,MARK_PRICE_EXACT_OPEN,1645257600000,0
SOLUSDT,1645286400023,0.0001,91.05,MARK_PRICE_PREVIOUS_FALLBACK,1645286400000,23
SOLUSDT,1645315200001,0.0001,91.22,MARK_PRICE_PREVIOUS_FALLBACK,1645315200000,1
SOLUSDT,1645344000003,-0.00008936,87.08378725,MARK_PRICE_PREVIOUS_FALLBACK,1645344000000,3
SOLUSDT,1645372800001,0.0001,89.32,MARK_PRICE_PREVIOUS_FALLBACK,1645372800000,1
SOLUSDT,1645401600000,0.00004623,90.64,MARK_PRICE_EXACT_OPEN,1645401600000,0
SOLUSDT,1645430400001,-1.3e-7,95.40132065,MARK_PRICE_PREVIOUS_FALLBACK,1645430400000,1
SOLUSDT,1645459200005,-0.00012328,89.52548393,MARK_PRICE_PREVIOUS_FALLBACK,1645459200000,5
SOLUSDT,1645488000005,-0.00023825,83.13338631,MARK_PRICE_PREVIOUS_FALLBACK,1645488000000,5
SOLUSDT,1645516800000,-0.00023126,82.08,MARK_PRICE_EXACT_OPEN,1645516800000,0
SOLUSDT,1645545600000,-0.00025532,85.83,MARK_PRICE_EXACT_OPEN,1645545600000,0
SOLUSDT,1645574400002,-0.00010827,86.33,MARK_PRICE_PREVIOUS_FALLBACK,1645574400000,2
SOLUSDT,1645603200005,-0.00023449,89.10212621,MARK_PRICE_PREVIOUS_FALLBACK,1645603200000,5
SOLUSDT,1645632000010,0.00007735,89.65229896,MARK_PRICE_PREVIOUS_FALLBACK,1645632000000,10
SOLUSDT,1645660800008,0.00003882,84.25788663,MARK_PRICE_PREVIOUS_FALLBACK,1645660800000,8
SOLUSDT,1645689600003,0.0001,82.07446783,MARK_PRICE_PREVIOUS_FALLBACK,1645689600000,3
SOLUSDT,1645718400001,0.0001,84.93427535,MARK_PRICE_PREVIOUS_FALLBACK,1645718400000,1
SOLUSDT,1645747200000,0.0001,89.35960406,MARK_PRICE_EXACT_OPEN,1645747200000,0
SOLUSDT,1645776000006,0.0001,88.57239259,MARK_PRICE_PREVIOUS_FALLBACK,1645776000000,6
SOLUSDT,1645804800001,0.0000094,91.09,MARK_PRICE_PREVIOUS_FALLBACK,1645804800000,1
SOLUSDT,1645833600004,-0.00004116,92.83297636,MARK_PRICE_PREVIOUS_FALLBACK,1645833600000,4
SOLUSDT,1645862400004,0.00001092,91.89385655,MARK_PRICE_PREVIOUS_FALLBACK,1645862400000,4
SOLUSDT,1645891200007,-0.00007933,91.16169585,MARK_PRICE_PREVIOUS_FALLBACK,1645891200000,7
SOLUSDT,1645920000012,0.0000193,90.19,MARK_PRICE_PREVIOUS_FALLBACK,1645920000000,12
SOLUSDT,1645948800000,-0.00013711,88.76646671,MARK_PRICE_EXACT_OPEN,1645948800000,0
SOLUSDT,1645977600000,0.00003243,91.16,MARK_PRICE_EXACT_OPEN,1645977600000,0
SOLUSDT,1646006400000,-0.00009949,85.58,MARK_PRICE_EXACT_OPEN,1646006400000,0
SOLUSDT,1646035200001,-0.00002105,88.13775627,MARK_PRICE_PREVIOUS_FALLBACK,1646035200000,1
SOLUSDT,1646064000002,0.0001,95.65,MARK_PRICE_PREVIOUS_FALLBACK,1646064000000,2
SOLUSDT,1646092800002,0.0001,99.58,MARK_PRICE_PREVIOUS_FALLBACK,1646092800000,2
SOLUSDT,1646121600001,0.0001,96.88611226,MARK_PRICE_PREVIOUS_FALLBACK,1646121600000,1
SOLUSDT,1646150400000,0.0001,97.88235159,MARK_PRICE_EXACT_OPEN,1646150400000,0
SOLUSDT,1646179200000,0.0001,98.61,MARK_PRICE_EXACT_OPEN,1646179200000,0
SOLUSDT,1646208000000,0.0001,102.26808565,MARK_PRICE_EXACT_OPEN,1646208000000,0
SOLUSDT,1646236800002,0.0001,101.31941071,MARK_PRICE_PREVIOUS_FALLBACK,1646236800000,2
SOLUSDT,1646265600000,0.0001,100.67865303,MARK_PRICE_EXACT_OPEN,1646265600000,0
SOLUSDT,1646294400000,0.0001,99.75,MARK_PRICE_EXACT_OPEN,1646294400000,0
SOLUSDT,1646323200005,0.0001,95.71613623,MARK_PRICE_PREVIOUS_FALLBACK,1646323200000,5
SOLUSDT,1646352000018,0.0001,95.42,MARK_PRICE_PREVIOUS_FALLBACK,1646352000000,18
SOLUSDT,1646380800000,0.0000532,91.93347015,MARK_PRICE_EXACT_OPEN,1646380800000,0
SOLUSDT,1646409600000,0.00006822,91.29,MARK_PRICE_EXACT_OPEN,1646409600000,0
SOLUSDT,1646438400006,0.0001,88.38,MARK_PRICE_PREVIOUS_FALLBACK,1646438400000,6
SOLUSDT,1646467200004,-0.00005695,88.8410706,MARK_PRICE_PREVIOUS_FALLBACK,1646467200000,4
SOLUSDT,1646496000000,-0.00000734,89.11286511,MARK_PRICE_EXACT_OPEN,1646496000000,0
SOLUSDT,1646524800004,0.00003146,89.45586215,MARK_PRICE_PREVIOUS_FALLBACK,1646524800000,4
SOLUSDT,1646553600000,0.0001,88.32550643,MARK_PRICE_EXACT_OPEN,1646553600000,0
SOLUSDT,1646582400013,0.00006764,87.14,MARK_PRICE_PREVIOUS_FALLBACK,1646582400000,13
SOLUSDT,1646611200008,-0.00004323,84.71,MARK_PRICE_PREVIOUS_FALLBACK,1646611200000,8
SOLUSDT,1646640000006,-0.00004775,81.92,MARK_PRICE_PREVIOUS_FALLBACK,1646640000000,6
SOLUSDT,1646668800000,6.7e-7,85.03450681,MARK_PRICE_EXACT_OPEN,1646668800000,0
SOLUSDT,1646697600008,0.00002814,81.70299297,MARK_PRICE_PREVIOUS_FALLBACK,1646697600000,8
SOLUSDT,1646726400002,0.0001,83.02251909,MARK_PRICE_PREVIOUS_FALLBACK,1646726400000,2
SOLUSDT,1646755200000,0.0001,82.71,MARK_PRICE_EXACT_OPEN,1646755200000,0
SOLUSDT,1646784000008,-0.00005022,82.18,MARK_PRICE_PREVIOUS_FALLBACK,1646784000000,8
SOLUSDT,1646812800000,0.0001,89.19288694,MARK_PRICE_EXACT_OPEN,1646812800000,0
SOLUSDT,1646841600004,0.0001,88.94,MARK_PRICE_PREVIOUS_FALLBACK,1646841600000,4
SOLUSDT,1646870400000,0.0001,88.06440011,MARK_PRICE_EXACT_OPEN,1646870400000,0
SOLUSDT,1646899200017,0.0001,82.49417129,MARK_PRICE_PREVIOUS_FALLBACK,1646899200000,17
SOLUSDT,1646928000000,-0.00006881,81.90095019,MARK_PRICE_EXACT_OPEN,1646928000000,0
SOLUSDT,1646956800008,-0.00001487,83.01521169,MARK_PRICE_PREVIOUS_FALLBACK,1646956800000,8
SOLUSDT,1646985600000,-0.00003858,82.22,MARK_PRICE_EXACT_OPEN,1646985600000,0
SOLUSDT,1647014400001,0.00007324,81.61,MARK_PRICE_PREVIOUS_FALLBACK,1647014400000,1
SOLUSDT,1647043200010,0.00007735,80.68,MARK_PRICE_PREVIOUS_FALLBACK,1647043200000,10
SOLUSDT,1647072000001,0.00009681,81.57105343,MARK_PRICE_PREVIOUS_FALLBACK,1647072000000,1
SOLUSDT,1647100800002,0.00009897,81.72,MARK_PRICE_PREVIOUS_FALLBACK,1647100800000,2
SOLUSDT,1647129600008,0.0001,81.27,MARK_PRICE_PREVIOUS_FALLBACK,1647129600000,8
SOLUSDT,1647158400000,0.0001,81.71,MARK_PRICE_EXACT_OPEN,1647158400000,0
SOLUSDT,1647187200002,0.0000332,81.05,MARK_PRICE_PREVIOUS_FALLBACK,1647187200000,2
SOLUSDT,1647216000014,0.0001,78.64627664,MARK_PRICE_PREVIOUS_FALLBACK,1647216000000,14
SOLUSDT,1647244800005,0.0001,80.87635325,MARK_PRICE_PREVIOUS_FALLBACK,1647244800000,5
SOLUSDT,1647273600002,0.0001,80.89459633,MARK_PRICE_PREVIOUS_FALLBACK,1647273600000,2
SOLUSDT,1647302400008,0.0001,81.26093429,MARK_PRICE_PREVIOUS_FALLBACK,1647302400000,8
SOLUSDT,1647331200000,0.0001,79.32,MARK_PRICE_EXACT_OPEN,1647331200000,0
SOLUSDT,1647360000006,0.0001,81.07191766,MARK_PRICE_PREVIOUS_FALLBACK,1647360000000,6
SOLUSDT,1647388800013,0.0001,82.99476929,MARK_PRICE_PREVIOUS_FALLBACK,1647388800000,13
SOLUSDT,1647417600000,0.0001,82.7838938,MARK_PRICE_EXACT_OPEN,1647417600000,0
SOLUSDT,1647446400008,0.0001,83.91238996,MARK_PRICE_PREVIOUS_FALLBACK,1647446400000,8
SOLUSDT,1647475200004,0.0001,87.70360229,MARK_PRICE_PREVIOUS_FALLBACK,1647475200000,4
SOLUSDT,1647504000000,0.0001,87.22,MARK_PRICE_EXACT_OPEN,1647504000000,0
SOLUSDT,1647532800004,0.0001,89.52248166,MARK_PRICE_PREVIOUS_FALLBACK,1647532800000,4
SOLUSDT,1647561600000,0.0001,87.82365975,MARK_PRICE_EXACT_OPEN,1647561600000,0
SOLUSDT,1647590400000,0.0001,85.7646207,MARK_PRICE_EXACT_OPEN,1647590400000,0
SOLUSDT,1647619200017,0.0001,88.43,MARK_PRICE_PREVIOUS_FALLBACK,1647619200000,17
SOLUSDT,1647648000008,0.0001,89.88,MARK_PRICE_PREVIOUS_FALLBACK,1647648000000,8
SOLUSDT,1647676800015,0.0001,89.27949344,MARK_PRICE_PREVIOUS_FALLBACK,1647676800000,15
SOLUSDT,1647705600000,0.0001,94.04591635,MARK_PRICE_EXACT_OPEN,1647705600000,0
SOLUSDT,1647734400000,0.0001,92.32616108,MARK_PRICE_EXACT_OPEN,1647734400000,0
SOLUSDT,1647763200001,0.0001,90.91859566,MARK_PRICE_PREVIOUS_FALLBACK,1647763200000,1
SOLUSDT,1647792000002,0.0001,89.12,MARK_PRICE_PREVIOUS_FALLBACK,1647792000000,2
SOLUSDT,1647820800013,0.0001,88.52547271,MARK_PRICE_PREVIOUS_FALLBACK,1647820800000,13
SOLUSDT,1647849600004,0.00006183,89.74,MARK_PRICE_PREVIOUS_FALLBACK,1647849600000,4
SOLUSDT,1647878400010,0.00004368,89.4080337,MARK_PRICE_PREVIOUS_FALLBACK,1647878400000,10
SOLUSDT,1647907200012,0.0001,88.46,MARK_PRICE_PREVIOUS_FALLBACK,1647907200000,12
SOLUSDT,1647936000001,0.0001,90.29905746,MARK_PRICE_PREVIOUS_FALLBACK,1647936000000,1
SOLUSDT,1647964800022,0.0001,92.64222137,MARK_PRICE_PREVIOUS_FALLBACK,1647964800000,22
SOLUSDT,1647993600007,0.0001,90.32888842,MARK_PRICE_PREVIOUS_FALLBACK,1647993600000,7
SOLUSDT,1648022400000,0.0001,91.12012227,MARK_PRICE_EXACT_OPEN,1648022400000,0
SOLUSDT,1648051200006,0.0001,95.81316909,MARK_PRICE_PREVIOUS_FALLBACK,1648051200000,6
SOLUSDT,1648080000013,0.0001,94.96446971,MARK_PRICE_PREVIOUS_FALLBACK,1648080000000,13
SOLUSDT,1648108800006,0.0001,97.08,MARK_PRICE_PREVIOUS_FALLBACK,1648108800000,6
SOLUSDT,1648137600020,0.0001,101.57316883,MARK_PRICE_PREVIOUS_FALLBACK,1648137600000,20
SOLUSDT,1648166400010,0.0001,102.1,MARK_PRICE_PREVIOUS_FALLBACK,1648166400000,10
SOLUSDT,1648195200001,0.0001,102.86,MARK_PRICE_PREVIOUS_FALLBACK,1648195200000,1
SOLUSDT,1648224000014,0.0001,100.2,MARK_PRICE_PREVIOUS_FALLBACK,1648224000000,14
SOLUSDT,1648252800020,0.0001,98.64505039,MARK_PRICE_PREVIOUS_FALLBACK,1648252800000,20
SOLUSDT,1648281600006,0.0001,101.15296519,MARK_PRICE_PREVIOUS_FALLBACK,1648281600000,6
SOLUSDT,1648310400000,0.0001,101.18,MARK_PRICE_EXACT_OPEN,1648310400000,0
SOLUSDT,1648339200004,0.0001,101.65910421,MARK_PRICE_PREVIOUS_FALLBACK,1648339200000,4
SOLUSDT,1648368000001,0.0001,102.17894244,MARK_PRICE_PREVIOUS_FALLBACK,1648368000000,1
SOLUSDT,1648396800006,0.00008569,101.34044951,MARK_PRICE_PREVIOUS_FALLBACK,1648396800000,6
SOLUSDT,1648425600012,0.00003885,106.9,MARK_PRICE_PREVIOUS_FALLBACK,1648425600000,12
SOLUSDT,1648454400007,0.0001,108.92547196,MARK_PRICE_PREVIOUS_FALLBACK,1648454400000,7
SOLUSDT,1648483200000,0.0001,109.83,MARK_PRICE_EXACT_OPEN,1648483200000,0
SOLUSDT,1648512000000,0.0001,105.8,MARK_PRICE_EXACT_OPEN,1648512000000,0
SOLUSDT,1648540800015,0.0001,109.982838,MARK_PRICE_PREVIOUS_FALLBACK,1648540800000,15
SOLUSDT,1648569600000,0.0001,111.61900111,MARK_PRICE_EXACT_OPEN,1648569600000,0
SOLUSDT,1648598400000,0.0001,111.63357751,MARK_PRICE_EXACT_OPEN,1648598400000,0
SOLUSDT,1648627200002,0.0001,112.49192017,MARK_PRICE_PREVIOUS_FALLBACK,1648627200000,2
SOLUSDT,1648656000028,0.0001,122.82,MARK_PRICE_PREVIOUS_FALLBACK,1648656000000,28
SOLUSDT,1648684800017,0.0001,120.53654102,MARK_PRICE_PREVIOUS_FALLBACK,1648684800000,17
SOLUSDT,1648713600000,0.0001,123.3,MARK_PRICE_EXACT_OPEN,1648713600000,0
SOLUSDT,1648742400015,0.0001,125.47284518,MARK_PRICE_PREVIOUS_FALLBACK,1648742400000,15
SOLUSDT,1648771200000,0.0001,122.85,MARK_PRICE_EXACT_OPEN,1648771200000,0
SOLUSDT,1648800000000,0.0001,126.4133775,MARK_PRICE_EXACT_OPEN,1648800000000,0
SOLUSDT,1648828800018,0.0001,133.07251609,MARK_PRICE_PREVIOUS_FALLBACK,1648828800000,18
SOLUSDT,1648857600000,0.0001,134.53,MARK_PRICE_EXACT_OPEN,1648857600000,0
SOLUSDT,1648886400002,0.0001,135.56489397,MARK_PRICE_PREVIOUS_FALLBACK,1648886400000,2
SOLUSDT,1648915200006,0.0001,137.83080336,MARK_PRICE_PREVIOUS_FALLBACK,1648915200000,6
SOLUSDT,1648944000018,0.0001,132.5873201,MARK_PRICE_PREVIOUS_FALLBACK,1648944000000,18
SOLUSDT,1648972800018,0.0001,137.6835848,MARK_PRICE_PREVIOUS_FALLBACK,1648972800000,18
SOLUSDT,1649001600015,0.0001,136.16230703,MARK_PRICE_PREVIOUS_FALLBACK,1649001600000,15
SOLUSDT,1649030400006,0.0001,136.6,MARK_PRICE_PREVIOUS_FALLBACK,1649030400000,6
SOLUSDT,1649059200000,0.0001,136.98570289,MARK_PRICE_EXACT_OPEN,1649059200000,0
SOLUSDT,1649088000016,0.0001,128.83,MARK_PRICE_PREVIOUS_FALLBACK,1649088000000,16
SOLUSDT,1649116800000,0.0001,132.08,MARK_PRICE_EXACT_OPEN,1649116800000,0
SOLUSDT,1649145600010,0.0001,133.36,MARK_PRICE_PREVIOUS_FALLBACK,1649145600000,10
SOLUSDT,1649174400008,0.0001,131.18136418,MARK_PRICE_PREVIOUS_FALLBACK,1649174400000,8
SOLUSDT,1649203200001,0.0001,126.67992033,MARK_PRICE_PREVIOUS_FALLBACK,1649203200000,1
SOLUSDT,1649232000021,0.0001,125.43,MARK_PRICE_PREVIOUS_FALLBACK,1649232000000,21
SOLUSDT,1649260800000,0.0001,117.59,MARK_PRICE_EXACT_OPEN,1649260800000,0
SOLUSDT,1649289600009,0.0001,113.03668859,MARK_PRICE_PREVIOUS_FALLBACK,1649289600000,9
SOLUSDT,1649318400000,0.0001,115.92,MARK_PRICE_EXACT_OPEN,1649318400000,0
SOLUSDT,1649347200000,-0.00001999,113.20342696,MARK_PRICE_EXACT_OPEN,1649347200000,0
SOLUSDT,1649376000000,0.0001,118.5147072,MARK_PRICE_EXACT_OPEN,1649376000000,0
SOLUSDT,1649404800004,0.00007141,118.70918153,MARK_PRICE_PREVIOUS_FALLBACK,1649404800000,4
SOLUSDT,1649433600008,-0.00000867,116.44,MARK_PRICE_PREVIOUS_FALLBACK,1649433600000,8
SOLUSDT,1649462400008,-0.00002102,109.94,MARK_PRICE_PREVIOUS_FALLBACK,1649462400000,8
SOLUSDT,1649491200000,-0.00010071,110.61009638,MARK_PRICE_EXACT_OPEN,1649491200000,0
SOLUSDT,1649520000001,-0.00004901,109.32107861,MARK_PRICE_PREVIOUS_FALLBACK,1649520000000,1
SOLUSDT,1649548800004,0.00004621,112.96136382,MARK_PRICE_PREVIOUS_FALLBACK,1649548800000,4
SOLUSDT,1649577600007,-0.00000356,111.36,MARK_PRICE_PREVIOUS_FALLBACK,1649577600000,7
SOLUSDT,1649606400016,-0.00005867,112.51557361,MARK_PRICE_PREVIOUS_FALLBACK,1649606400000,16
SOLUSDT,1649635200000,0.0000877,111.03,MARK_PRICE_EXACT_OPEN,1649635200000,0
SOLUSDT,1649664000000,0.0001,111.05217546,MARK_PRICE_EXACT_OPEN,1649664000000,0
SOLUSDT,1649692800009,0.0001,101.50576027,MARK_PRICE_PREVIOUS_FALLBACK,1649692800000,9
SOLUSDT,1649721600000,0.00001234,99.62195917,MARK_PRICE_EXACT_OPEN,1649721600000,0
SOLUSDT,1649750400006,-0.00004518,102.78,MARK_PRICE_PREVIOUS_FALLBACK,1649750400000,6
SOLUSDT,1649779200013,-0.00002614,105.8,MARK_PRICE_PREVIOUS_FALLBACK,1649779200000,13
SOLUSDT,1649808000005,0.00000338,103.33965299,MARK_PRICE_PREVIOUS_FALLBACK,1649808000000,5
SOLUSDT,1649836800008,0.0000033,103.83638071,MARK_PRICE_PREVIOUS_FALLBACK,1649836800000,8
SOLUSDT,1649865600013,0.00000756,104.86310917,MARK_PRICE_PREVIOUS_FALLBACK,1649865600000,13
SOLUSDT,1649894400007,0.00006718,104.71,MARK_PRICE_PREVIOUS_FALLBACK,1649894400000,7
SOLUSDT,1649923200000,0.00001928,106.38,MARK_PRICE_EXACT_OPEN,1649923200000,0
SOLUSDT,1649952000006,0.00002405,101.09644227,MARK_PRICE_PREVIOUS_FALLBACK,1649952000000,6
SOLUSDT,1649980800008,0.00007477,100.53638847,MARK_PRICE_PREVIOUS_FALLBACK,1649980800000,8
SOLUSDT,1650009600002,0.00001093,101.55,MARK_PRICE_PREVIOUS_FALLBACK,1650009600000,2
SOLUSDT,1650038400000,0.00000318,102.26999215,MARK_PRICE_EXACT_OPEN,1650038400000,0
SOLUSDT,1650067200011,0.0000442,101.51,MARK_PRICE_PREVIOUS_FALLBACK,1650067200000,11
SOLUSDT,1650096000007,2.7e-7,101.39012493,MARK_PRICE_PREVIOUS_FALLBACK,1650096000000,7
SOLUSDT,1650124800007,0.000019,100.81,MARK_PRICE_PREVIOUS_FALLBACK,1650124800000,7
SOLUSDT,1650153600000,0.0001,102.05085633,MARK_PRICE_EXACT_OPEN,1650153600000,0
SOLUSDT,1650182400004,0.00006873,101.78381651,MARK_PRICE_PREVIOUS_FALLBACK,1650182400000,4
SOLUSDT,1650211200000,0.0001,105.07,MARK_PRICE_EXACT_OPEN,1650211200000,0
SOLUSDT,1650240000008,0.00006509,100.03,MARK_PRICE_PREVIOUS_FALLBACK,1650240000000,8
SOLUSDT,1650268800012,-0.00008104,96.44,MARK_PRICE_PREVIOUS_FALLBACK,1650268800000,12
SOLUSDT,1650297600000,-0.00008262,98.61428635,MARK_PRICE_EXACT_OPEN,1650297600000,0
SOLUSDT,1650326400021,0.00007619,102.38724514,MARK_PRICE_PREVIOUS_FALLBACK,1650326400000,21
SOLUSDT,1650355200031,0.0001,101.84,MARK_PRICE_PREVIOUS_FALLBACK,1650355200000,31
SOLUSDT,1650384000000,0.0001,106.47,MARK_PRICE_EXACT_OPEN,1650384000000,0
SOLUSDT,1650412800025,0.0001,108.31711338,MARK_PRICE_PREVIOUS_FALLBACK,1650412800000,25
SOLUSDT,1650441600003,0.0001,107.06,MARK_PRICE_PREVIOUS_FALLBACK,1650441600000,3
SOLUSDT,1650470400000,0.0001,105.67,MARK_PRICE_EXACT_OPEN,1650470400000,0
SOLUSDT,1650499200000,0.0001,105.52,MARK_PRICE_EXACT_OPEN,1650499200000,0
SOLUSDT,1650528000000,0.0001,106.78873914,MARK_PRICE_EXACT_OPEN,1650528000000,0
SOLUSDT,1650556800024,0.0001,107.29,MARK_PRICE_PREVIOUS_FALLBACK,1650556800000,24
SOLUSDT,1650585600008,0.0001,101.65595166,MARK_PRICE_PREVIOUS_FALLBACK,1650585600000,8
SOLUSDT,1650614400008,0.0001,102.50097324,MARK_PRICE_PREVIOUS_FALLBACK,1650614400000,8
SOLUSDT,1650643200008,0.00004562,99.87876664,MARK_PRICE_PREVIOUS_FALLBACK,1650643200000,8
SOLUSDT,1650672000000,0.0001,100.54524154,MARK_PRICE_EXACT_OPEN,1650672000000,0
SOLUSDT,1650700800000,0.0001,101.16193036,MARK_PRICE_EXACT_OPEN,1650700800000,0
SOLUSDT,1650729600012,-0.00010378,102.00020695,MARK_PRICE_PREVIOUS_FALLBACK,1650729600000,12
SOLUSDT,1650758400004,-0.00004956,100.65,MARK_PRICE_PREVIOUS_FALLBACK,1650758400000,4
SOLUSDT,1650787200003,0.00000734,101.67237496,MARK_PRICE_PREVIOUS_FALLBACK,1650787200000,3
SOLUSDT,1650816000000,0.00006085,100.06,MARK_PRICE_EXACT_OPEN,1650816000000,0
SOLUSDT,1650844800008,0.00004967,99.32,MARK_PRICE_PREVIOUS_FALLBACK,1650844800000,8
SOLUSDT,1650873600018,-0.00004545,95.07324015,MARK_PRICE_PREVIOUS_FALLBACK,1650873600000,18
SOLUSDT,1650902400000,-0.00008571,96.94883254,MARK_PRICE_EXACT_OPEN,1650902400000,0
SOLUSDT,1650931200014,-0.0000037,101.05971306,MARK_PRICE_PREVIOUS_FALLBACK,1650931200000,14
SOLUSDT,1650960000000,0.00008835,100.81070324,MARK_PRICE_EXACT_OPEN,1650960000000,0
SOLUSDT,1650988800017,-0.0000443,96.64,MARK_PRICE_PREVIOUS_FALLBACK,1650988800000,17
SOLUSDT,1651017600012,-0.00009244,95.61605036,MARK_PRICE_PREVIOUS_FALLBACK,1651017600000,12
SOLUSDT,1651046400000,0.00004328,99.34361065,MARK_PRICE_EXACT_OPEN,1651046400000,0
SOLUSDT,1651075200002,0.00005659,98.25,MARK_PRICE_PREVIOUS_FALLBACK,1651075200000,2
SOLUSDT,1651104000000,-0.00007066,98.30730858,MARK_PRICE_EXACT_OPEN,1651104000000,0
SOLUSDT,1651132800004,0.00002847,99.54582873,MARK_PRICE_PREVIOUS_FALLBACK,1651132800000,4
SOLUSDT,1651161600030,-0.00014775,97.31954083,MARK_PRICE_PREVIOUS_FALLBACK,1651161600000,30
SOLUSDT,1651190400000,0.00004822,98.19022059,MARK_PRICE_EXACT_OPEN,1651190400000,0
SOLUSDT,1651219200016,0.00007776,97.83,MARK_PRICE_PREVIOUS_FALLBACK,1651219200000,16
SOLUSDT,1651248000010,0.00003948,96.05,MARK_PRICE_PREVIOUS_FALLBACK,1651248000000,10
SOLUSDT,1651276800000,0.00004104,93.94,MARK_PRICE_EXACT_OPEN,1651276800000,0
SOLUSDT,1651305600005,0.0001,93.86024904,MARK_PRICE_PREVIOUS_FALLBACK,1651305600000,5
SOLUSDT,1651334400015,-0.00000196,92.20975075,MARK_PRICE_PREVIOUS_FALLBACK,1651334400000,15
SOLUSDT,1651363200000,-0.00033407,84.53121354,MARK_PRICE_EXACT_OPEN,1651363200000,0
SOLUSDT,1651392000000,-0.0001754,88.86,MARK_PRICE_EXACT_OPEN,1651392000000,0
SOLUSDT,1651420800010,-0.00002366,90.10101154,MARK_PRICE_PREVIOUS_FALLBACK,1651420800000,10
SOLUSDT,1651449600018,-0.00003764,89.69634218,MARK_PRICE_PREVIOUS_FALLBACK,1651449600000,18
SOLUSDT,1651478400007,-0.00007505,89.79,MARK_PRICE_PREVIOUS_FALLBACK,1651478400000,7
SOLUSDT,1651507200000,-0.0000579,87.66066331,MARK_PRICE_EXACT_OPEN,1651507200000,0
SOLUSDT,1651536000006,0.00002527,87.41062128,MARK_PRICE_PREVIOUS_FALLBACK,1651536000000,6
SOLUSDT,1651564800000,0.00004176,88.32,MARK_PRICE_EXACT_OPEN,1651564800000,0
SOLUSDT,1651593600021,-0.00000652,87.22,MARK_PRICE_PREVIOUS_FALLBACK,1651593600000,21
SOLUSDT,1651622400007,-0.00001173,85.80770755,MARK_PRICE_PREVIOUS_FALLBACK,1651622400000,7
SOLUSDT,1651651200011,0.00000365,87.41,MARK_PRICE_PREVIOUS_FALLBACK,1651651200000,11
SOLUSDT,1651680000000,-0.00000521,87.15,MARK_PRICE_EXACT_OPEN,1651680000000,0
SOLUSDT,1651708800005,0.00001202,92.7879062,MARK_PRICE_PREVIOUS_FALLBACK,1651708800000,5
SOLUSDT,1651737600019,0.0001,93.11,MARK_PRICE_PREVIOUS_FALLBACK,1651737600000,19
SOLUSDT,1651766400005,0.0000141,84.76,MARK_PRICE_PREVIOUS_FALLBACK,1651766400000,5
SOLUSDT,1651795200005,-0.00019937,84.23,MARK_PRICE_PREVIOUS_FALLBACK,1651795200000,5
SOLUSDT,1651824000001,0.00002119,82.2,MARK_PRICE_PREVIOUS_FALLBACK,1651824000000,1
SOLUSDT,1651852800010,-0.00001453,81.72,MARK_PRICE_PREVIOUS_FALLBACK,1651852800000,10
SOLUSDT,1651881600004,-0.00000763,81.70362968,MARK_PRICE_PREVIOUS_FALLBACK,1651881600000,4
SOLUSDT,1651910400016,0.00000592,80.53,MARK_PRICE_PREVIOUS_FALLBACK,1651910400000,16
SOLUSDT,1651939200011,-0.00006997,81.98749938,MARK_PRICE_PREVIOUS_FALLBACK,1651939200000,11
SOLUSDT,1651968000000,-0.00006156,78.79,MARK_PRICE_EXACT_OPEN,1651968000000,0
SOLUSDT,1651996800007,0.00000565,77.85,MARK_PRICE_PREVIOUS_FALLBACK,1651996800000,7
SOLUSDT,1652025600015,0.00009782,77.26502114,MARK_PRICE_PREVIOUS_FALLBACK,1652025600000,15
SOLUSDT,1652054400000,-0.00013911,75.33,MARK_PRICE_EXACT_OPEN,1652054400000,0
SOLUSDT,1652083200001,-0.00003995,73.8483386,MARK_PRICE_PREVIOUS_FALLBACK,1652083200000,1
SOLUSDT,1652112000000,-0.00013895,69.79,MARK_PRICE_EXACT_OPEN,1652112000000,0
SOLUSDT,1652140800000,-0.00015146,62.17003579,MARK_PRICE_EXACT_OPEN,1652140800000,0
SOLUSDT,1652169600007,0.00008977,68.84906394,MARK_PRICE_PREVIOUS_FALLBACK,1652169600000,7
SOLUSDT,1652198400008,-0.00008877,69.54385156,MARK_PRICE_PREVIOUS_FALLBACK,1652198400000,8
SOLUSDT,1652227200004,-0.0003563,66.64154655,MARK_PRICE_PREVIOUS_FALLBACK,1652227200000,4
SOLUSDT,1652256000007,-0.00037782,62.33,MARK_PRICE_PREVIOUS_FALLBACK,1652256000000,7
SOLUSDT,1652284800008,-0.00131956,55.39880247,MARK_PRICE_PREVIOUS_FALLBACK,1652284800000,8
SOLUSDT,1652313600014,-0.00121558,50.94500795,MARK_PRICE_PREVIOUS_FALLBACK,1652313600000,14
SOLUSDT,1652342400000,-0.00136442,44.6848886,MARK_PRICE_EXACT_OPEN,1652342400000,0
SOLUSDT,1652371200007,-0.00132411,44.94338549,MARK_PRICE_PREVIOUS_FALLBACK,1652371200000,7
SOLUSDT,1652400000014,-0.00066663,44.77205801,MARK_PRICE_PREVIOUS_FALLBACK,1652400000000,14
SOLUSDT,1652428800001,-0.00086267,49.37,MARK_PRICE_PREVIOUS_FALLBACK,1652428800000,1
SOLUSDT,1652457600000,-0.00034587,53.02495317,MARK_PRICE_EXACT_OPEN,1652457600000,0
SOLUSDT,1652486400000,-0.0001833,48.90816828,MARK_PRICE_EXACT_OPEN,1652486400000,0
SOLUSDT,1652515200000,-0.00013604,50.71,MARK_PRICE_EXACT_OPEN,1652515200000,0
SOLUSDT,1652544000001,-0.00042046,46.59,MARK_PRICE_PREVIOUS_FALLBACK,1652544000000,1
SOLUSDT,1652572800000,-0.00006465,52.39,MARK_PRICE_EXACT_OPEN,1652572800000,0
SOLUSDT,1652601600000,-0.00000359,51.4306991,MARK_PRICE_EXACT_OPEN,1652601600000,0
SOLUSDT,1652630400000,-0.00013599,52.86852803,MARK_PRICE_EXACT_OPEN,1652630400000,0
SOLUSDT,1652659200021,-0.00012304,58.36623337,MARK_PRICE_PREVIOUS_FALLBACK,1652659200000,21
SOLUSDT,1652688000013,-0.00005115,53.82689931,MARK_PRICE_PREVIOUS_FALLBACK,1652688000000,13
SOLUSDT,1652716800006,-0.00021481,53.12,MARK_PRICE_PREVIOUS_FALLBACK,1652716800000,6
SOLUSDT,1652745600000,-0.00016672,53.75,MARK_PRICE_EXACT_OPEN,1652745600000,0
SOLUSDT,1652774400010,-0.00012752,55.73489773,MARK_PRICE_PREVIOUS_FALLBACK,1652774400000,10
SOLUSDT,1652803200023,-0.00004305,55.23,MARK_PRICE_PREVIOUS_FALLBACK,1652803200000,23
SOLUSDT,1652832000003,-7.6e-7,57.03878375,MARK_PRICE_PREVIOUS_FALLBACK,1652832000000,3
SOLUSDT,1652860800024,-0.00006376,55.31876914,MARK_PRICE_PREVIOUS_FALLBACK,1652860800000,24
SOLUSDT,1652889600014,-0.00011468,50.5395798,MARK_PRICE_PREVIOUS_FALLBACK,1652889600000,14
SOLUSDT,1652918400000,-0.00007774,49.91709718,MARK_PRICE_EXACT_OPEN,1652918400000,0
SOLUSDT,1652947200008,-0.00006592,51.07687662,MARK_PRICE_PREVIOUS_FALLBACK,1652947200000,8
SOLUSDT,1652976000015,0.00005065,53.0281247,MARK_PRICE_PREVIOUS_FALLBACK,1652976000000,15
SOLUSDT,1653004800001,0.00003377,52.25,MARK_PRICE_PREVIOUS_FALLBACK,1653004800000,1
SOLUSDT,1653033600003,-0.00001922,52.11137769,MARK_PRICE_PREVIOUS_FALLBACK,1653033600000,3
SOLUSDT,1653062400012,-0.00006114,49.29,MARK_PRICE_PREVIOUS_FALLBACK,1653062400000,12
SOLUSDT,1653091200008,-0.00004397,49.41,MARK_PRICE_PREVIOUS_FALLBACK,1653091200000,8
SOLUSDT,1653120000001,-0.00003735,50,MARK_PRICE_PREVIOUS_FALLBACK,1653120000000,1
SOLUSDT,1653148800007,-0.00006202,50.66520293,MARK_PRICE_PREVIOUS_FALLBACK,1653148800000,7
SOLUSDT,1653177600003,0.00000462,50.36,MARK_PRICE_PREVIOUS_FALLBACK,1653177600000,3
SOLUSDT,1653206400016,0.00003055,50.3,MARK_PRICE_PREVIOUS_FALLBACK,1653206400000,16
SOLUSDT,1653235200000,0.00001666,51.8,MARK_PRICE_EXACT_OPEN,1653235200000,0
SOLUSDT,1653264000011,0.00006402,52.38422904,MARK_PRICE_PREVIOUS_FALLBACK,1653264000000,11
SOLUSDT,1653292800000,0.0001,53.53137829,MARK_PRICE_EXACT_OPEN,1653292800000,0
SOLUSDT,1653321600023,0.00005049,53.81579484,MARK_PRICE_PREVIOUS_FALLBACK,1653321600000,23
SOLUSDT,1653350400011,-0.00012309,49.09,MARK_PRICE_PREVIOUS_FALLBACK,1653350400000,11
SOLUSDT,1653379200000,-0.00011051,49.84508032,MARK_PRICE_EXACT_OPEN,1653379200000,0
SOLUSDT,1653408000009,-0.00015371,50.15709709,MARK_PRICE_PREVIOUS_FALLBACK,1653408000000,9
SOLUSDT,1653436800001,0.00006104,49.51495123,MARK_PRICE_PREVIOUS_FALLBACK,1653436800000,1
SOLUSDT,1653465600000,0.0000784,48.8,MARK_PRICE_EXACT_OPEN,1653465600000,0
SOLUSDT,1653494400015,-0.0000286,48.22033227,MARK_PRICE_PREVIOUS_FALLBACK,1653494400000,15
SOLUSDT,1653523200005,0.0001,47.92102992,MARK_PRICE_PREVIOUS_FALLBACK,1653523200000,5
SOLUSDT,1653552000001,-0.00011389,46.4308131,MARK_PRICE_PREVIOUS_FALLBACK,1653552000000,1
SOLUSDT,1653580800000,-0.00021906,45.09137776,MARK_PRICE_EXACT_OPEN,1653580800000,0
SOLUSDT,1653609600007,-0.00014257,43.38,MARK_PRICE_PREVIOUS_FALLBACK,1653609600000,7
SOLUSDT,1653638400008,-0.00000533,40.93620037,MARK_PRICE_PREVIOUS_FALLBACK,1653638400000,8
SOLUSDT,1653667200000,-0.00000181,42.11,MARK_PRICE_EXACT_OPEN,1653667200000,0
SOLUSDT,1653696000018,0.0000075,41.22313238,MARK_PRICE_PREVIOUS_FALLBACK,1653696000000,18
SOLUSDT,1653724800016,-0.00001494,41.70795276,MARK_PRICE_PREVIOUS_FALLBACK,1653724800000,16
SOLUSDT,1653753600013,-0.00001802,42.81606699,MARK_PRICE_PREVIOUS_FALLBACK,1653753600000,13
SOLUSDT,1653782400000,-0.00000249,44.23205924,MARK_PRICE_EXACT_OPEN,1653782400000,0
SOLUSDT,1653811200025,-0.00000326,42.36,MARK_PRICE_PREVIOUS_FALLBACK,1653811200000,25
SOLUSDT,1653840000002,0.0001,44.72,MARK_PRICE_PREVIOUS_FALLBACK,1653840000000,2
SOLUSDT,1653868800000,0.00008839,44.96390187,MARK_PRICE_EXACT_OPEN,1653868800000,0
SOLUSDT,1653897600013,0.0001,47.04,MARK_PRICE_PREVIOUS_FALLBACK,1653897600000,13
SOLUSDT,1653926400005,0.0001,45.8150171,MARK_PRICE_PREVIOUS_FALLBACK,1653926400000,5
SOLUSDT,1653955200016,0.0001,47.11,MARK_PRICE_PREVIOUS_FALLBACK,1653955200000,16
SOLUSDT,1653984000000,0.0001,46.3518975,MARK_PRICE_EXACT_OPEN,1653984000000,0
SOLUSDT,1654012800000,0.0001,46.33,MARK_PRICE_EXACT_OPEN,1654012800000,0
SOLUSDT,1654041600000,0.0001,45.75,MARK_PRICE_EXACT_OPEN,1654041600000,0
SOLUSDT,1654070400011,0.0001,44.54756427,MARK_PRICE_PREVIOUS_FALLBACK,1654070400000,11
SOLUSDT,1654099200000,0.0001,42.93,MARK_PRICE_EXACT_OPEN,1654099200000,0
SOLUSDT,1654128000000,-0.00004526,40.08,MARK_PRICE_EXACT_OPEN,1654128000000,0
SOLUSDT,1654156800006,-0.00008497,39.55419868,MARK_PRICE_PREVIOUS_FALLBACK,1654156800000,6
SOLUSDT,1654185600021,-0.0000233,40.71,MARK_PRICE_PREVIOUS_FALLBACK,1654185600000,21
SOLUSDT,1654214400016,0.00006063,40.85,MARK_PRICE_PREVIOUS_FALLBACK,1654214400000,16
SOLUSDT,1654243200016,0.00003726,40.31,MARK_PRICE_PREVIOUS_FALLBACK,1654243200000,16
SOLUSDT,1654272000012,-0.00002772,38.07,MARK_PRICE_PREVIOUS_FALLBACK,1654272000000,12
SOLUSDT,1654300800005,0.00006593,38.31,MARK_PRICE_PREVIOUS_FALLBACK,1654300800000,5
SOLUSDT,1654329600000,-0.00007799,37.32989731,MARK_PRICE_EXACT_OPEN,1654329600000,0
SOLUSDT,1654358400007,-0.00011171,37.62420966,MARK_PRICE_PREVIOUS_FALLBACK,1654358400000,7
SOLUSDT,1654387200005,-0.00008688,38.92656918,MARK_PRICE_PREVIOUS_FALLBACK,1654387200000,5
SOLUSDT,1654416000015,-0.00009031,38.84247597,MARK_PRICE_PREVIOUS_FALLBACK,1654416000000,15
SOLUSDT,1654444800000,-0.00004947,39.7857084,MARK_PRICE_EXACT_OPEN,1654444800000,0
SOLUSDT,1654473600000,0.00001117,38.51,MARK_PRICE_EXACT_OPEN,1654473600000,0
SOLUSDT,1654502400017,0.00003923,42.98,MARK_PRICE_PREVIOUS_FALLBACK,1654502400000,17
SOLUSDT,1654531200000,0.0001,42.81,MARK_PRICE_EXACT_OPEN,1654531200000,0
SOLUSDT,1654560000000,0.00003519,42.36330586,MARK_PRICE_EXACT_OPEN,1654560000000,0
SOLUSDT,1654588800011,0.00006625,39.29,MARK_PRICE_PREVIOUS_FALLBACK,1654588800000,11
SOLUSDT,1654617600000,-0.00012704,39.12558997,MARK_PRICE_EXACT_OPEN,1654617600000,0
SOLUSDT,1654646400008,0.00002202,39.24005656,MARK_PRICE_PREVIOUS_FALLBACK,1654646400000,8
SOLUSDT,1654675200020,-0.00005611,39.2536471,MARK_PRICE_PREVIOUS_FALLBACK,1654675200000,20
SOLUSDT,1654704000012,-0.00000528,39.75,MARK_PRICE_PREVIOUS_FALLBACK,1654704000000,12
SOLUSDT,1654732800000,-0.0000206,38.80752608,MARK_PRICE_EXACT_OPEN,1654732800000,0
SOLUSDT,1654761600000,0.00000394,39.53,MARK_PRICE_EXACT_OPEN,1654761600000,0
SOLUSDT,1654790400000,0.00002197,40.33,MARK_PRICE_EXACT_OPEN,1654790400000,0
SOLUSDT,1654819200009,0.00009694,39.9,MARK_PRICE_PREVIOUS_FALLBACK,1654819200000,9
SOLUSDT,1654848000000,0.00004696,40.31,MARK_PRICE_EXACT_OPEN,1654848000000,0
SOLUSDT,1654876800006,-0.00009951,37.97,MARK_PRICE_PREVIOUS_FALLBACK,1654876800000,6
SOLUSDT,1654905600018,-0.00009987,37.06,MARK_PRICE_PREVIOUS_FALLBACK,1654905600000,18
SOLUSDT,1654934400014,-0.00009415,37.71,MARK_PRICE_PREVIOUS_FALLBACK,1654934400000,14
SOLUSDT,1654963200000,-0.0003144,33.73,MARK_PRICE_EXACT_OPEN,1654963200000,0
SOLUSDT,1654992000015,-0.0004073,33.85,MARK_PRICE_PREVIOUS_FALLBACK,1654992000000,15
SOLUSDT,1655020800019,-0.00024937,33.05,MARK_PRICE_PREVIOUS_FALLBACK,1655020800000,19
SOLUSDT,1655049600010,-0.00018527,33.81,MARK_PRICE_PREVIOUS_FALLBACK,1655049600000,10
SOLUSDT,1655078400009,-0.00018721,30.75013871,MARK_PRICE_PREVIOUS_FALLBACK,1655078400000,9
SOLUSDT,1655107200000,-0.00035495,27.52,MARK_PRICE_EXACT_OPEN,1655107200000,0
SOLUSDT,1655136000007,-0.00027264,27.7387183,MARK_PRICE_PREVIOUS_FALLBACK,1655136000000,7
SOLUSDT,1655164800013,-0.00018856,28.46,MARK_PRICE_PREVIOUS_FALLBACK,1655164800000,13
SOLUSDT,1655193600008,-0.00024766,31.00234797,MARK_PRICE_PREVIOUS_FALLBACK,1655193600000,8
SOLUSDT,1655222400006,-0.00012208,30.76240804,MARK_PRICE_PREVIOUS_FALLBACK,1655222400000,6
SOLUSDT,1655251200000,-0.00011727,29.56035436,MARK_PRICE_EXACT_OPEN,1655251200000,0
SOLUSDT,1655280000016,-0.00011617,27.59327926,MARK_PRICE_PREVIOUS_FALLBACK,1655280000000,16
SOLUSDT,1655308800008,0.00002489,29.47468563,MARK_PRICE_PREVIOUS_FALLBACK,1655308800000,8
SOLUSDT,1655337600009,-0.00009465,34.80308448,MARK_PRICE_PREVIOUS_FALLBACK,1655337600000,9
SOLUSDT,1655366400016,0.00006463,32.55,MARK_PRICE_PREVIOUS_FALLBACK,1655366400000,16
SOLUSDT,1655395200000,-0.00015316,31.29,MARK_PRICE_EXACT_OPEN,1655395200000,0
SOLUSDT,1655424000008,-0.00008995,30.02226748,MARK_PRICE_PREVIOUS_FALLBACK,1655424000000,8
SOLUSDT,1655452800003,-0.00023728,31.62,MARK_PRICE_PREVIOUS_FALLBACK,1655452800000,3
SOLUSDT,1655481600000,-0.00020039,31.22742592,MARK_PRICE_EXACT_OPEN,1655481600000,0
SOLUSDT,1655510400020,0.0001,30.61021578,MARK_PRICE_PREVIOUS_FALLBACK,1655510400000,20
SOLUSDT,1655539200025,-0.00019382,28.40140069,MARK_PRICE_PREVIOUS_FALLBACK,1655539200000,25
SOLUSDT,1655568000014,-0.00015715,29.88,MARK_PRICE_PREVIOUS_FALLBACK,1655568000000,14
SOLUSDT,1655596800012,-0.00027253,32.20730158,MARK_PRICE_PREVIOUS_FALLBACK,1655596800000,12
SOLUSDT,1655625600012,0.00003851,29.18,MARK_PRICE_PREVIOUS_FALLBACK,1655625600000,12
SOLUSDT,1655654400008,0.00003159,33.27212534,MARK_PRICE_PREVIOUS_FALLBACK,1655654400000,8
SOLUSDT,1655683200016,0.0001,34.15468739,MARK_PRICE_PREVIOUS_FALLBACK,1655683200000,16
SOLUSDT,1655712000000,-0.00000743,32.32,MARK_PRICE_EXACT_OPEN,1655712000000,0
SOLUSDT,1655740800013,0.0001,35.20557404,MARK_PRICE_PREVIOUS_FALLBACK,1655740800000,13
SOLUSDT,1655769600012,0.00001335,35.16,MARK_PRICE_PREVIOUS_FALLBACK,1655769600000,12
SOLUSDT,1655798400018,-0.00004834,36.77067014,MARK_PRICE_PREVIOUS_FALLBACK,1655798400000,18
SOLUSDT,1655827200010,-0.0001115,37.94,MARK_PRICE_PREVIOUS_FALLBACK,1655827200000,10
SOLUSDT,1655856000000,-0.00018474,36.39,MARK_PRICE_EXACT_OPEN,1655856000000,0
SOLUSDT,1655884800001,-0.00002989,33.82287982,MARK_PRICE_PREVIOUS_FALLBACK,1655884800000,1
SOLUSDT,1655913600012,-0.00007087,34.74,MARK_PRICE_PREVIOUS_FALLBACK,1655913600000,12
SOLUSDT,1655942400000,-0.00005501,34.11,MARK_PRICE_EXACT_OPEN,1655942400000,0
SOLUSDT,1655971200000,-0.00000423,35.95131009,MARK_PRICE_EXACT_OPEN,1655971200000,0
SOLUSDT,1656000000016,0.000048,37.18268026,MARK_PRICE_PREVIOUS_FALLBACK,1656000000000,16
SOLUSDT,1656028800005,-0.00003462,38.19668578,MARK_PRICE_PREVIOUS_FALLBACK,1656028800000,5
SOLUSDT,1656057600004,-0.00003472,38.3,MARK_PRICE_PREVIOUS_FALLBACK,1656057600000,4
SOLUSDT,1656086400018,0.00005941,40.05542919,MARK_PRICE_PREVIOUS_FALLBACK,1656086400000,18
SOLUSDT,1656115200001,0.00004599,41.86,MARK_PRICE_PREVIOUS_FALLBACK,1656115200000,1
SOLUSDT,1656144000010,0.00000669,42.14483084,MARK_PRICE_PREVIOUS_FALLBACK,1656144000000,10
SOLUSDT,1656172800000,0.00004134,39.85215915,MARK_PRICE_EXACT_OPEN,1656172800000,0
SOLUSDT,1656201600002,0.0001,42.15108957,MARK_PRICE_PREVIOUS_FALLBACK,1656201600000,2
SOLUSDT,1656230400016,0.00005422,41.27753386,MARK_PRICE_PREVIOUS_FALLBACK,1656230400000,16
SOLUSDT,1656259200006,0.00002984,40.5,MARK_PRICE_PREVIOUS_FALLBACK,1656259200000,6
SOLUSDT,1656288000008,-0.00008524,39.35,MARK_PRICE_PREVIOUS_FALLBACK,1656288000000,8
SOLUSDT,1656316800000,-0.00005212,40.60096389,MARK_PRICE_EXACT_OPEN,1656316800000,0
SOLUSDT,1656345600016,-0.00005794,38.69329365,MARK_PRICE_PREVIOUS_FALLBACK,1656345600000,16
SOLUSDT,1656374400016,-0.00000166,38.50070597,MARK_PRICE_PREVIOUS_FALLBACK,1656374400000,16
SOLUSDT,1656403200001,-0.00011607,38.59981822,MARK_PRICE_PREVIOUS_FALLBACK,1656403200000,1
SOLUSDT,1656432000005,-0.00010439,37.11107301,MARK_PRICE_PREVIOUS_FALLBACK,1656432000000,5
SOLUSDT,1656460800000,-0.00003836,35.3217035,MARK_PRICE_EXACT_OPEN,1656460800000,0
SOLUSDT,1656489600013,-0.00000936,35.3,MARK_PRICE_PREVIOUS_FALLBACK,1656489600000,13
SOLUSDT,1656518400000,0.00005463,34.65438892,MARK_PRICE_EXACT_OPEN,1656518400000,0
SOLUSDT,1656547200000,-0.00009058,34,MARK_PRICE_EXACT_OPEN,1656547200000,0
SOLUSDT,1656576000000,0.00000926,31.89700005,MARK_PRICE_EXACT_OPEN,1656576000000,0
SOLUSDT,1656604800000,-0.0000165,32.07,MARK_PRICE_EXACT_OPEN,1656604800000,0
SOLUSDT,1656633600001,-0.00007592,33.56,MARK_PRICE_PREVIOUS_FALLBACK,1656633600000,1
SOLUSDT,1656662400017,-0.00012661,33.00662325,MARK_PRICE_PREVIOUS_FALLBACK,1656662400000,17
SOLUSDT,1656691200005,-0.00003883,32.33,MARK_PRICE_PREVIOUS_FALLBACK,1656691200000,5
SOLUSDT,1656720000000,-0.00008115,32.83,MARK_PRICE_EXACT_OPEN,1656720000000,0
SOLUSDT,1656748800000,-0.00006851,32.4027133,MARK_PRICE_EXACT_OPEN,1656748800000,0
SOLUSDT,1656777600008,-0.00002603,32.85,MARK_PRICE_PREVIOUS_FALLBACK,1656777600000,8
SOLUSDT,1656806400015,-0.00001291,33.34006771,MARK_PRICE_PREVIOUS_FALLBACK,1656806400000,15
SOLUSDT,1656835200004,0.00001283,32.86,MARK_PRICE_PREVIOUS_FALLBACK,1656835200000,4
SOLUSDT,1656864000005,-0.00005817,32.27565579,MARK_PRICE_PREVIOUS_FALLBACK,1656864000000,5
SOLUSDT,1656892800021,-0.00000179,33.33830975,MARK_PRICE_PREVIOUS_FALLBACK,1656892800000,21
SOLUSDT,1656921600001,-0.00014514,32.78,MARK_PRICE_PREVIOUS_FALLBACK,1656921600000,1
SOLUSDT,1656950400000,0.00000637,34.26371458,MARK_PRICE_EXACT_OPEN,1656950400000,0
SOLUSDT,1656979200000,-0.00003792,36.7,MARK_PRICE_EXACT_OPEN,1656979200000,0
SOLUSDT,1657008000000,-0.0000735,35.89,MARK_PRICE_EXACT_OPEN,1657008000000,0
SOLUSDT,1657036800015,-0.00004487,33.87,MARK_PRICE_PREVIOUS_FALLBACK,1657036800000,15
SOLUSDT,1657065600006,0.00000623,35.39872429,MARK_PRICE_PREVIOUS_FALLBACK,1657065600000,6
SOLUSDT,1657094400000,0.00003646,35.93078967,MARK_PRICE_EXACT_OPEN,1657094400000,0
SOLUSDT,1657123200000,0.00004154,35.73,MARK_PRICE_EXACT_OPEN,1657123200000,0
SOLUSDT,1657152000010,-0.00001899,37.07,MARK_PRICE_PREVIOUS_FALLBACK,1657152000000,10
SOLUSDT,1657180800010,0.00007689,36.83,MARK_PRICE_PREVIOUS_FALLBACK,1657180800000,10
SOLUSDT,1657209600011,-0.00004495,38.30781946,MARK_PRICE_PREVIOUS_FALLBACK,1657209600000,11
SOLUSDT,1657238400008,0.00003905,38.5227514,MARK_PRICE_PREVIOUS_FALLBACK,1657238400000,8
SOLUSDT,1657267200009,0.00008517,37.47,MARK_PRICE_PREVIOUS_FALLBACK,1657267200000,9
SOLUSDT,1657296000000,-0.00010229,38.54,MARK_PRICE_EXACT_OPEN,1657296000000,0
SOLUSDT,1657324800000,0.00006265,38.10689702,MARK_PRICE_EXACT_OPEN,1657324800000,0
SOLUSDT,1657353600000,0.0001,38.5967422,MARK_PRICE_EXACT_OPEN,1657353600000,0
SOLUSDT,1657382400009,0.00004984,38.05768786,MARK_PRICE_PREVIOUS_FALLBACK,1657382400000,9
SOLUSDT,1657411200001,0.00005998,38.01337532,MARK_PRICE_PREVIOUS_FALLBACK,1657411200000,1
SOLUSDT,1657440000002,0.0001,37.2702754,MARK_PRICE_PREVIOUS_FALLBACK,1657440000000,2
SOLUSDT,1657468800001,0.0001,36.68970138,MARK_PRICE_PREVIOUS_FALLBACK,1657468800000,1
SOLUSDT,1657497600000,0.0001,36.67954334,MARK_PRICE_EXACT_OPEN,1657497600000,0
SOLUSDT,1657526400003,0.0001,35.18,MARK_PRICE_PREVIOUS_FALLBACK,1657526400000,3
SOLUSDT,1657555200001,0.00006141,35.1370196,MARK_PRICE_PREVIOUS_FALLBACK,1657555200000,1
SOLUSDT,1657584000000,-0.00000261,33.39425047,MARK_PRICE_EXACT_OPEN,1657584000000,0
SOLUSDT,1657612800021,-0.00003365,33.47,MARK_PRICE_PREVIOUS_FALLBACK,1657612800000,21
SOLUSDT,1657641600000,0.0000085,34.2,MARK_PRICE_EXACT_OPEN,1657641600000,0
SOLUSDT,1657670400012,-0.00006728,32.68474871,MARK_PRICE_PREVIOUS_FALLBACK,1657670400000,12
SOLUSDT,1657699200022,-0.00006822,33.74,MARK_PRICE_PREVIOUS_FALLBACK,1657699200000,22
SOLUSDT,1657728000005,-0.00017596,33.20469359,MARK_PRICE_PREVIOUS_FALLBACK,1657728000000,5
SOLUSDT,1657756800017,0.00001647,34.95,MARK_PRICE_PREVIOUS_FALLBACK,1657756800000,17
SOLUSDT,1657785600001,0.0001,34.30959631,MARK_PRICE_PREVIOUS_FALLBACK,1657785600000,1
SOLUSDT,1657814400000,-4.3e-7,35.15,MARK_PRICE_EXACT_OPEN,1657814400000,0
SOLUSDT,1657843200004,0.0001,37.14,MARK_PRICE_PREVIOUS_FALLBACK,1657843200000,4
SOLUSDT,1657872000019,0.0001,37.47121769,MARK_PRICE_PREVIOUS_FALLBACK,1657872000000,19
SOLUSDT,1657900800017,0.00002787,37.64,MARK_PRICE_PREVIOUS_FALLBACK,1657900800000,17
SOLUSDT,1657929600021,0.00007745,37.41,MARK_PRICE_PREVIOUS_FALLBACK,1657929600000,21
SOLUSDT,1657958400014,0.0001,36.41,MARK_PRICE_PREVIOUS_FALLBACK,1657958400000,14
SOLUSDT,1657987200005,0.00004828,37.9626466,MARK_PRICE_PREVIOUS_FALLBACK,1657987200000,5
SOLUSDT,1658016000000,0.0001,39.57,MARK_PRICE_EXACT_OPEN,1658016000000,0
SOLUSDT,1658044800003,0.0001,40.44,MARK_PRICE_PREVIOUS_FALLBACK,1658044800000,3
SOLUSDT,1658073600007,0.0001,39.23354488,MARK_PRICE_PREVIOUS_FALLBACK,1658073600000,7
SOLUSDT,1658102400001,0.00004956,38.55,MARK_PRICE_PREVIOUS_FALLBACK,1658102400000,1
SOLUSDT,1658131200004,0.0001,42.1,MARK_PRICE_PREVIOUS_FALLBACK,1658131200000,4
SOLUSDT,1658160000019,0.0001,42.3050729,MARK_PRICE_PREVIOUS_FALLBACK,1658160000000,19
SOLUSDT,1658188800000,0.0001,43.51668217,MARK_PRICE_EXACT_OPEN,1658188800000,0
SOLUSDT,1658217600000,0.0001,43.47715791,MARK_PRICE_EXACT_OPEN,1658217600000,0
SOLUSDT,1658246400001,0.0001,46.54,MARK_PRICE_PREVIOUS_FALLBACK,1658246400000,1
SOLUSDT,1658275200004,0.0001,44.91486537,MARK_PRICE_PREVIOUS_FALLBACK,1658275200000,4
SOLUSDT,1658304000000,0.0001,44.41,MARK_PRICE_EXACT_OPEN,1658304000000,0
SOLUSDT,1658332800003,0.0001,45.38,MARK_PRICE_PREVIOUS_FALLBACK,1658332800000,3
SOLUSDT,1658361600000,0.0001,42.02699508,MARK_PRICE_EXACT_OPEN,1658361600000,0
SOLUSDT,1658390400018,0.0001,41.00221259,MARK_PRICE_PREVIOUS_FALLBACK,1658390400000,18
SOLUSDT,1658419200011,0.0001,41.9,MARK_PRICE_PREVIOUS_FALLBACK,1658419200000,11
SOLUSDT,1658448000014,0.0001,43.09350727,MARK_PRICE_PREVIOUS_FALLBACK,1658448000000,14
SOLUSDT,1658476800000,0.0001,43.04942919,MARK_PRICE_EXACT_OPEN,1658476800000,0
SOLUSDT,1658505600000,0.0001,41.67,MARK_PRICE_EXACT_OPEN,1658505600000,0
SOLUSDT,1658534400004,0.00005983,40.53,MARK_PRICE_PREVIOUS_FALLBACK,1658534400000,4
SOLUSDT,1658563200002,0.00007218,41.32,MARK_PRICE_PREVIOUS_FALLBACK,1658563200000,2
SOLUSDT,1658592000001,0.0001,40.13649772,MARK_PRICE_PREVIOUS_FALLBACK,1658592000000,1
SOLUSDT,1658620800000,0.00001546,39.95367899,MARK_PRICE_EXACT_OPEN,1658620800000,0
SOLUSDT,1658649600011,0.0001,40.79,MARK_PRICE_PREVIOUS_FALLBACK,1658649600000,11
SOLUSDT,1658678400000,0.0000287,41.19,MARK_PRICE_EXACT_OPEN,1658678400000,0
SOLUSDT,1658707200000,0.0001,40.91812602,MARK_PRICE_EXACT_OPEN,1658707200000,0
SOLUSDT,1658736000014,-0.0000296,38.57,MARK_PRICE_PREVIOUS_FALLBACK,1658736000000,14
SOLUSDT,1658764800006,0.00001302,38.48,MARK_PRICE_PREVIOUS_FALLBACK,1658764800000,6
SOLUSDT,1658793600010,0.00002473,36.59143077,MARK_PRICE_PREVIOUS_FALLBACK,1658793600000,10
SOLUSDT,1658822400000,0.00004215,35.62746166,MARK_PRICE_EXACT_OPEN,1658822400000,0
SOLUSDT,1658851200000,0.00007794,34.9871682,MARK_PRICE_EXACT_OPEN,1658851200000,0
SOLUSDT,1658880000008,0.00000723,36.33,MARK_PRICE_PREVIOUS_FALLBACK,1658880000000,8
SOLUSDT,1658908800000,0.0000603,36.8056989,MARK_PRICE_EXACT_OPEN,1658908800000,0
SOLUSDT,1658937600003,-0.00000725,37.12635011,MARK_PRICE_PREVIOUS_FALLBACK,1658937600000,3
SOLUSDT,1658966400009,0.0001,40.28,MARK_PRICE_PREVIOUS_FALLBACK,1658966400000,9
SOLUSDT,1658995200008,0.0001,39.34600032,MARK_PRICE_PREVIOUS_FALLBACK,1658995200000,8
SOLUSDT,1659024000013,0.0001,41.83,MARK_PRICE_PREVIOUS_FALLBACK,1659024000000,13
SOLUSDT,1659052800000,0.0001,42.90137715,MARK_PRICE_EXACT_OPEN,1659052800000,0
SOLUSDT,1659081600000,0.0001,43.04,MARK_PRICE_EXACT_OPEN,1659081600000,0
SOLUSDT,1659110400000,0.0001,42.62,MARK_PRICE_EXACT_OPEN,1659110400000,0
SOLUSDT,1659139200005,0.0001,41.99723882,MARK_PRICE_PREVIOUS_FALLBACK,1659139200000,5
SOLUSDT,1659168000009,0.0001,42.35830343,MARK_PRICE_PREVIOUS_FALLBACK,1659168000000,9
SOLUSDT,1659196800000,0.0001,46.26,MARK_PRICE_EXACT_OPEN,1659196800000,0
SOLUSDT,1659225600022,0.0001,43.77094303,MARK_PRICE_PREVIOUS_FALLBACK,1659225600000,22
SOLUSDT,1659254400011,0.0001,43.75,MARK_PRICE_PREVIOUS_FALLBACK,1659254400000,11
SOLUSDT,1659283200019,0.0001,44.14726555,MARK_PRICE_PREVIOUS_FALLBACK,1659283200000,19
SOLUSDT,1659312000010,0.0000122,42.23258225,MARK_PRICE_PREVIOUS_FALLBACK,1659312000000,10
SOLUSDT,1659340800019,0.0001,42.98,MARK_PRICE_PREVIOUS_FALLBACK,1659340800000,19
SOLUSDT,1659369600017,0.0001,42.49,MARK_PRICE_PREVIOUS_FALLBACK,1659369600000,17
SOLUSDT,1659398400000,0.00009608,41.62436929,MARK_PRICE_EXACT_OPEN,1659398400000,0
SOLUSDT,1659427200007,-0.00001138,40.53,MARK_PRICE_PREVIOUS_FALLBACK,1659427200000,7
SOLUSDT,1659456000014,-0.0000057,41.39890535,MARK_PRICE_PREVIOUS_FALLBACK,1659456000000,14
SOLUSDT,1659484800001,0.00003935,39.92992091,MARK_PRICE_PREVIOUS_FALLBACK,1659484800000,1
SOLUSDT,1659513600020,-0.00008266,38.42096115,MARK_PRICE_PREVIOUS_FALLBACK,1659513600000,20
SOLUSDT,1659542400008,-0.0001824,40.04674565,MARK_PRICE_PREVIOUS_FALLBACK,1659542400000,8
SOLUSDT,1659571200001,-0.00003691,38.48,MARK_PRICE_PREVIOUS_FALLBACK,1659571200000,1
SOLUSDT,1659600000009,-0.00005352,39.14280493,MARK_PRICE_PREVIOUS_FALLBACK,1659600000000,9
SOLUSDT,1659628800015,-0.00000177,38.88,MARK_PRICE_PREVIOUS_FALLBACK,1659628800000,15
SOLUSDT,1659657600005,0.00002935,38.82106293,MARK_PRICE_PREVIOUS_FALLBACK,1659657600000,5
SOLUSDT,1659686400000,0.0001,40.05538633,MARK_PRICE_EXACT_OPEN,1659686400000,0
SOLUSDT,1659715200000,0.00009433,40.01113164,MARK_PRICE_EXACT_OPEN,1659715200000,0
SOLUSDT,1659744000021,0.0001,40.52,MARK_PRICE_PREVIOUS_FALLBACK,1659744000000,21
SOLUSDT,1659772800000,0.0001,40.39527067,MARK_PRICE_EXACT_OPEN,1659772800000,0
SOLUSDT,1659801600015,0.0001,40.4,MARK_PRICE_PREVIOUS_FALLBACK,1659801600000,15
SOLUSDT,1659830400013,0.0001,40.00489828,MARK_PRICE_PREVIOUS_FALLBACK,1659830400000,13
SOLUSDT,1659859200000,0.000083,39.97,MARK_PRICE_EXACT_OPEN,1659859200000,0
SOLUSDT,1659888000014,0.00006506,40.35670416,MARK_PRICE_PREVIOUS_FALLBACK,1659888000000,14
SOLUSDT,1659916800009,0.0001,40.6,MARK_PRICE_PREVIOUS_FALLBACK,1659916800000,9
SOLUSDT,1659945600006,0.0001,42.69346117,MARK_PRICE_PREVIOUS_FALLBACK,1659945600000,6
SOLUSDT,1659974400000,0.0001,42.5,MARK_PRICE_EXACT_OPEN,1659974400000,0
SOLUSDT,1660003200020,0.0001,42.19,MARK_PRICE_PREVIOUS_FALLBACK,1660003200000,20
SOLUSDT,1660032000000,0.0001,42.53567331,MARK_PRICE_EXACT_OPEN,1660032000000,0
SOLUSDT,1660060800000,0.0001,40.10858858,MARK_PRICE_EXACT_OPEN,1660060800000,0
SOLUSDT,1660089600000,0.00006131,40.31093267,MARK_PRICE_EXACT_OPEN,1660089600000,0
SOLUSDT,1660118400016,0.0001,39.68,MARK_PRICE_PREVIOUS_FALLBACK,1660118400000,16
SOLUSDT,1660147200018,0.0001,42.12,MARK_PRICE_PREVIOUS_FALLBACK,1660147200000,18
SOLUSDT,1660176000012,0.0001,42.45,MARK_PRICE_PREVIOUS_FALLBACK,1660176000000,12
SOLUSDT,1660204800000,0.0001,44.52,MARK_PRICE_EXACT_OPEN,1660204800000,0
SOLUSDT,1660233600000,0.0001,43.47,MARK_PRICE_EXACT_OPEN,1660233600000,0
SOLUSDT,1660262400006,0.0001,42.78,MARK_PRICE_PREVIOUS_FALLBACK,1660262400000,6
SOLUSDT,1660291200000,0.0001,43.13129956,MARK_PRICE_EXACT_OPEN,1660291200000,0
SOLUSDT,1660320000005,0.0001,43.22,MARK_PRICE_PREVIOUS_FALLBACK,1660320000000,5
SOLUSDT,1660348800012,0.0001,45.40855237,MARK_PRICE_PREVIOUS_FALLBACK,1660348800000,12
SOLUSDT,1660377600006,0.0001,47.19797863,MARK_PRICE_PREVIOUS_FALLBACK,1660377600000,6
SOLUSDT,1660406400018,0.0001,46.29,MARK_PRICE_PREVIOUS_FALLBACK,1660406400000,18
SOLUSDT,1660435200000,0.0001,46.57,MARK_PRICE_EXACT_OPEN,1660435200000,0
SOLUSDT,1660464000000,0.0001,47.71,MARK_PRICE_EXACT_OPEN,1660464000000,0
SOLUSDT,1660492800000,0.00005903,46.02394599,MARK_PRICE_EXACT_OPEN,1660492800000,0
SOLUSDT,1660521600010,0.0001,44.82880959,MARK_PRICE_PREVIOUS_FALLBACK,1660521600000,10
SOLUSDT,1660550400002,0.0001,43.84,MARK_PRICE_PREVIOUS_FALLBACK,1660550400000,2
SOLUSDT,1660579200010,0.0001,44.48860071,MARK_PRICE_PREVIOUS_FALLBACK,1660579200000,10
SOLUSDT,1660608000010,0.00005359,43.72940064,MARK_PRICE_PREVIOUS_FALLBACK,1660608000000,10
SOLUSDT,1660636800002,0.0001,43.27,MARK_PRICE_PREVIOUS_FALLBACK,1660636800000,2
SOLUSDT,1660665600000,0.00007023,43.39469117,MARK_PRICE_EXACT_OPEN,1660665600000,0
SOLUSDT,1660694400020,0.0000526,43.0627009,MARK_PRICE_PREVIOUS_FALLBACK,1660694400000,20
SOLUSDT,1660723200016,0.00000294,43.10579766,MARK_PRICE_PREVIOUS_FALLBACK,1660723200000,16
SOLUSDT,1660752000001,0.00003733,41.04,MARK_PRICE_PREVIOUS_FALLBACK,1660752000000,1
SOLUSDT,1660780800005,-0.0001383,40.52,MARK_PRICE_PREVIOUS_FALLBACK,1660780800000,5
SOLUSDT,1660809600012,0.00003437,40.89620256,MARK_PRICE_PREVIOUS_FALLBACK,1660809600000,12
SOLUSDT,1660838400013,-0.00010846,41.15,MARK_PRICE_PREVIOUS_FALLBACK,1660838400000,13
SOLUSDT,1660867200000,0.00000621,39.49054503,MARK_PRICE_EXACT_OPEN,1660867200000,0
SOLUSDT,1660896000000,-0.00038828,36.60699958,MARK_PRICE_EXACT_OPEN,1660896000000,0
SOLUSDT,1660924800009,-0.00033393,36.99,MARK_PRICE_PREVIOUS_FALLBACK,1660924800000,9
SOLUSDT,1660953600000,-0.00011506,35.79225053,MARK_PRICE_EXACT_OPEN,1660953600000,0
SOLUSDT,1660982400005,-0.00005997,36.99947962,MARK_PRICE_PREVIOUS_FALLBACK,1660982400000,5
SOLUSDT,1661011200000,-0.00001428,36.4851799,MARK_PRICE_EXACT_OPEN,1661011200000,0
SOLUSDT,1661040000010,-0.00010479,35.29,MARK_PRICE_PREVIOUS_FALLBACK,1661040000000,10
SOLUSDT,1661068800013,-0.00008599,35.43,MARK_PRICE_PREVIOUS_FALLBACK,1661068800000,13
SOLUSDT,1661097600000,-0.00026181,35.99,MARK_PRICE_EXACT_OPEN,1661097600000,0
SOLUSDT,1661126400011,-0.0003227,36.51,MARK_PRICE_PREVIOUS_FALLBACK,1661126400000,11
SOLUSDT,1661155200005,-0.0000291,34.88974361,MARK_PRICE_PREVIOUS_FALLBACK,1661155200000,5
SOLUSDT,1661184000005,-0.00009817,34.85,MARK_PRICE_PREVIOUS_FALLBACK,1661184000000,5
SOLUSDT,1661212800000,-0.00004493,35.39476184,MARK_PRICE_EXACT_OPEN,1661212800000,0
SOLUSDT,1661241600021,0.00006755,34.94444566,MARK_PRICE_PREVIOUS_FALLBACK,1661241600000,21
SOLUSDT,1661270400005,0.00004169,35.66583188,MARK_PRICE_PREVIOUS_FALLBACK,1661270400000,5
SOLUSDT,1661299200017,0.00007789,35.66012991,MARK_PRICE_PREVIOUS_FALLBACK,1661299200000,17
SOLUSDT,1661328000021,-0.00008471,34.87169466,MARK_PRICE_PREVIOUS_FALLBACK,1661328000000,21
SOLUSDT,1661356800000,-0.00000588,36.02,MARK_PRICE_EXACT_OPEN,1661356800000,0
SOLUSDT,1661385600003,0.00002438,34.85633182,MARK_PRICE_PREVIOUS_FALLBACK,1661385600000,3
SOLUSDT,1661414400000,-0.00015818,36.23102435,MARK_PRICE_EXACT_OPEN,1661414400000,0
SOLUSDT,1661443200004,-0.0001082,35.68410088,MARK_PRICE_PREVIOUS_FALLBACK,1661443200000,4
SOLUSDT,1661472000001,-0.00008608,35.17186193,MARK_PRICE_PREVIOUS_FALLBACK,1661472000000,1
SOLUSDT,1661500800004,-0.00030594,34.66060387,MARK_PRICE_PREVIOUS_FALLBACK,1661500800000,4
SOLUSDT,1661529600000,-0.00012159,33.2406014,MARK_PRICE_EXACT_OPEN,1661529600000,0
SOLUSDT,1661558400010,-0.00044781,31.7,MARK_PRICE_PREVIOUS_FALLBACK,1661558400000,10
SOLUSDT,1661587200007,-0.00042888,32.13319862,MARK_PRICE_PREVIOUS_FALLBACK,1661587200000,7
SOLUSDT,1661616000008,-0.00023003,31.3843997,MARK_PRICE_PREVIOUS_FALLBACK,1661616000000,8
SOLUSDT,1661644800019,-0.00040142,31.47,MARK_PRICE_PREVIOUS_FALLBACK,1661644800000,19
SOLUSDT,1661673600000,-0.00026121,31.76,MARK_PRICE_EXACT_OPEN,1661673600000,0
SOLUSDT,1661702400000,-0.00027065,31.82,MARK_PRICE_EXACT_OPEN,1661702400000,0
SOLUSDT,1661731200000,-0.00049567,30.38,MARK_PRICE_EXACT_OPEN,1661731200000,0
SOLUSDT,1661760000000,-0.00023722,30.56,MARK_PRICE_EXACT_OPEN,1661760000000,0
SOLUSDT,1661788800001,-0.00001951,31.75729375,MARK_PRICE_PREVIOUS_FALLBACK,1661788800000,1
SOLUSDT,1661817600001,0.00004076,32.42,MARK_PRICE_PREVIOUS_FALLBACK,1661817600000,1
SOLUSDT,1661846400005,-0.00000569,32.73,MARK_PRICE_PREVIOUS_FALLBACK,1661846400000,5
SOLUSDT,1661875200010,-0.00009646,31.2066115,MARK_PRICE_PREVIOUS_FALLBACK,1661875200000,10
SOLUSDT,1661904000000,0.00003327,31.4605298,MARK_PRICE_EXACT_OPEN,1661904000000,0
SOLUSDT,1661932800005,0.00004943,32.33,MARK_PRICE_PREVIOUS_FALLBACK,1661932800000,5
SOLUSDT,1661961600013,-0.00001411,31.90378116,MARK_PRICE_PREVIOUS_FALLBACK,1661961600000,13
SOLUSDT,1661990400012,0.00001033,31.44227992,MARK_PRICE_PREVIOUS_FALLBACK,1661990400000,12
SOLUSDT,1662019200000,-0.00010618,31.05266186,MARK_PRICE_EXACT_OPEN,1662019200000,0
SOLUSDT,1662048000013,0.00000381,30.75,MARK_PRICE_PREVIOUS_FALLBACK,1662048000000,13
SOLUSDT,1662076800002,0.0000504,31.57303678,MARK_PRICE_PREVIOUS_FALLBACK,1662076800000,2
SOLUSDT,1662105600013,0.0001,31.60125086,MARK_PRICE_PREVIOUS_FALLBACK,1662105600000,13
SOLUSDT,1662134400000,0.0000774,32.2514065,MARK_PRICE_EXACT_OPEN,1662134400000,0
SOLUSDT,1662163200000,-0.00014696,31.21261486,MARK_PRICE_EXACT_OPEN,1662163200000,0
SOLUSDT,1662192000002,-0.00006406,31.01,MARK_PRICE_PREVIOUS_FALLBACK,1662192000000,2
SOLUSDT,1662220800007,-0.00012061,31.12108335,MARK_PRICE_PREVIOUS_FALLBACK,1662220800000,7
SOLUSDT,1662249600008,-0.00001164,31.09678221,MARK_PRICE_PREVIOUS_FALLBACK,1662249600000,8
SOLUSDT,1662278400009,0.00006509,31.06312048,MARK_PRICE_PREVIOUS_FALLBACK,1662278400000,9
SOLUSDT,1662307200000,0.0001,31.80135145,MARK_PRICE_EXACT_OPEN,1662307200000,0
SOLUSDT,1662336000015,0.00008913,32.18,MARK_PRICE_PREVIOUS_FALLBACK,1662336000000,15
SOLUSDT,1662364800013,0.0001,31.6,MARK_PRICE_PREVIOUS_FALLBACK,1662364800000,13
SOLUSDT,1662393600007,0.00001162,31.84755494,MARK_PRICE_PREVIOUS_FALLBACK,1662393600000,7
SOLUSDT,1662422400018,0.00009084,32.2,MARK_PRICE_PREVIOUS_FALLBACK,1662422400000,18
SOLUSDT,1662451200020,0.0001,32.98,MARK_PRICE_PREVIOUS_FALLBACK,1662451200000,20
SOLUSDT,1662480000028,0.0001,33.7467935,MARK_PRICE_PREVIOUS_FALLBACK,1662480000000,28
SOLUSDT,1662508800013,-0.00016706,30.80558864,MARK_PRICE_PREVIOUS_FALLBACK,1662508800000,13
SOLUSDT,1662537600022,-0.00007127,31.05360936,MARK_PRICE_PREVIOUS_FALLBACK,1662537600000,22
SOLUSDT,1662566400021,-0.00001799,31.55,MARK_PRICE_PREVIOUS_FALLBACK,1662566400000,21
SOLUSDT,1662595200010,0.0001,32.7,MARK_PRICE_PREVIOUS_FALLBACK,1662595200000,10
SOLUSDT,1662624000000,0.0001,32.36,MARK_PRICE_EXACT_OPEN,1662624000000,0
SOLUSDT,1662652800003,0.0001,33.37,MARK_PRICE_PREVIOUS_FALLBACK,1662652800000,3
SOLUSDT,1662681600011,0.0001,33.59636992,MARK_PRICE_PREVIOUS_FALLBACK,1662681600000,11
SOLUSDT,1662710400000,0.0001,35.36,MARK_PRICE_EXACT_OPEN,1662710400000,0
SOLUSDT,1662739200000,0.0001,34.95,MARK_PRICE_EXACT_OPEN,1662739200000,0
SOLUSDT,1662768000003,0.0001,34.64,MARK_PRICE_PREVIOUS_FALLBACK,1662768000000,3
SOLUSDT,1662796800000,0.0001,34.34704171,MARK_PRICE_EXACT_OPEN,1662796800000,0
SOLUSDT,1662825600012,0.0001,34.50100908,MARK_PRICE_PREVIOUS_FALLBACK,1662825600000,12
SOLUSDT,1662854400009,0.0001,35.05058472,MARK_PRICE_PREVIOUS_FALLBACK,1662854400000,9
SOLUSDT,1662883200012,0.00009056,34.55635327,MARK_PRICE_PREVIOUS_FALLBACK,1662883200000,12
SOLUSDT,1662912000005,0.00005748,35.28,MARK_PRICE_PREVIOUS_FALLBACK,1662912000000,5
SOLUSDT,1662940800007,0.00005331,34.932436,MARK_PRICE_PREVIOUS_FALLBACK,1662940800000,7
SOLUSDT,1662969600013,0.00006804,35.44,MARK_PRICE_PREVIOUS_FALLBACK,1662969600000,13
SOLUSDT,1662998400000,0.0001,37.14519278,MARK_PRICE_EXACT_OPEN,1662998400000,0
SOLUSDT,1663027200004,0.00009816,37.45,MARK_PRICE_PREVIOUS_FALLBACK,1663027200000,4
SOLUSDT,1663056000000,0.00001301,38.51252939,MARK_PRICE_EXACT_OPEN,1663056000000,0
SOLUSDT,1663084800000,0.00001102,34.71,MARK_PRICE_EXACT_OPEN,1663084800000,0
SOLUSDT,1663113600000,-0.00012007,32.96455431,MARK_PRICE_EXACT_OPEN,1663113600000,0
SOLUSDT,1663142400000,-0.00016733,33.16,MARK_PRICE_EXACT_OPEN,1663142400000,0
SOLUSDT,1663171200000,-0.00017481,33.5,MARK_PRICE_EXACT_OPEN,1663171200000,0
SOLUSDT,1663200000019,-0.00003747,34.07666304,MARK_PRICE_PREVIOUS_FALLBACK,1663200000000,19
SOLUSDT,1663228800012,0.00004054,34.65,MARK_PRICE_PREVIOUS_FALLBACK,1663228800000,12
SOLUSDT,1663257600007,-0.0000119,32.94,MARK_PRICE_PREVIOUS_FALLBACK,1663257600000,7
SOLUSDT,1663286400000,0.00004718,33.0510396,MARK_PRICE_EXACT_OPEN,1663286400000,0
SOLUSDT,1663315200000,0.00009735,32.82,MARK_PRICE_EXACT_OPEN,1663315200000,0
SOLUSDT,1663344000000,0.00006856,32.26,MARK_PRICE_EXACT_OPEN,1663344000000,0
SOLUSDT,1663372800000,0.00006919,32.24,MARK_PRICE_EXACT_OPEN,1663372800000,0
SOLUSDT,1663401600012,0.00005892,32.8405418,MARK_PRICE_PREVIOUS_FALLBACK,1663401600000,12
SOLUSDT,1663430400017,-0.000022,33.27992945,MARK_PRICE_PREVIOUS_FALLBACK,1663430400000,17
SOLUSDT,1663459200000,-0.00001851,33.66148287,MARK_PRICE_EXACT_OPEN,1663459200000,0
SOLUSDT,1663488000004,0.00008689,33.8123129,MARK_PRICE_PREVIOUS_FALLBACK,1663488000000,4
SOLUSDT,1663516800000,0.0001,32.8878367,MARK_PRICE_EXACT_OPEN,1663516800000,0
SOLUSDT,1663545600018,-0.00006003,31.08,MARK_PRICE_PREVIOUS_FALLBACK,1663545600000,18
SOLUSDT,1663574400006,0.00001902,31.09,MARK_PRICE_PREVIOUS_FALLBACK,1663574400000,6
SOLUSDT,1663603200010,-0.0000724,31.91,MARK_PRICE_PREVIOUS_FALLBACK,1663603200000,10
SOLUSDT,1663632000007,0.00004552,32.68416743,MARK_PRICE_PREVIOUS_FALLBACK,1663632000000,7
SOLUSDT,1663660800001,0.0001,32.31,MARK_PRICE_PREVIOUS_FALLBACK,1663660800000,1
SOLUSDT,1663689600000,0.00001907,32.49285078,MARK_PRICE_EXACT_OPEN,1663689600000,0
SOLUSDT,1663718400001,-0.00001212,31.39,MARK_PRICE_PREVIOUS_FALLBACK,1663718400000,1
SOLUSDT,1663747200005,-0.00003318,31.72,MARK_PRICE_PREVIOUS_FALLBACK,1663747200000,5
SOLUSDT,1663776000000,0.00001837,31.48293468,MARK_PRICE_EXACT_OPEN,1663776000000,0
SOLUSDT,1663804800000,-0.00018851,30.6453616,MARK_PRICE_EXACT_OPEN,1663804800000,0
SOLUSDT,1663833600000,-0.00013428,31.73,MARK_PRICE_EXACT_OPEN,1663833600000,0
SOLUSDT,1663862400011,0.0001,31.9,MARK_PRICE_PREVIOUS_FALLBACK,1663862400000,11
SOLUSDT,1663891200023,0.0001,32.41254602,MARK_PRICE_PREVIOUS_FALLBACK,1663891200000,23
SOLUSDT,1663920000004,0.0001,32.58,MARK_PRICE_PREVIOUS_FALLBACK,1663920000000,4
SOLUSDT,1663948800005,-0.00010164,31.58,MARK_PRICE_PREVIOUS_FALLBACK,1663948800000,5
SOLUSDT,1663977600000,0.0001,33.66342925,MARK_PRICE_EXACT_OPEN,1663977600000,0
SOLUSDT,1664006400005,0.0001,33.76576043,MARK_PRICE_PREVIOUS_FALLBACK,1664006400000,5
SOLUSDT,1664035200000,0.0001,33.71427491,MARK_PRICE_EXACT_OPEN,1664035200000,0
SOLUSDT,1664064000010,0.0001,33.42,MARK_PRICE_PREVIOUS_FALLBACK,1664064000000,10
SOLUSDT,1664092800000,0.0001,33.94128638,MARK_PRICE_EXACT_OPEN,1664092800000,0
SOLUSDT,1664121600003,0.0001,33.26,MARK_PRICE_PREVIOUS_FALLBACK,1664121600000,3
SOLUSDT,1664150400001,0.0000361,32.31,MARK_PRICE_PREVIOUS_FALLBACK,1664150400000,1
SOLUSDT,1664179200006,0.00008988,32.47,MARK_PRICE_PREVIOUS_FALLBACK,1664179200000,6
SOLUSDT,1664208000000,0.00006761,33.09637984,MARK_PRICE_EXACT_OPEN,1664208000000,0
SOLUSDT,1664236800026,0.0001,33.832117,MARK_PRICE_PREVIOUS_FALLBACK,1664236800000,26
SOLUSDT,1664265600004,0.0001,34.54285467,MARK_PRICE_PREVIOUS_FALLBACK,1664265600000,4
SOLUSDT,1664294400006,0.00009514,34.39849722,MARK_PRICE_PREVIOUS_FALLBACK,1664294400000,6
SOLUSDT,1664323200011,-0.00013748,32.64,MARK_PRICE_PREVIOUS_FALLBACK,1664323200000,11
SOLUSDT,1664352000000,0.00001343,32.3,MARK_PRICE_EXACT_OPEN,1664352000000,0
SOLUSDT,1664380800000,-0.00011599,33.1,MARK_PRICE_EXACT_OPEN,1664380800000,0
SOLUSDT,1664409600010,-0.00000672,33.21,MARK_PRICE_PREVIOUS_FALLBACK,1664409600000,10
SOLUSDT,1664438400000,0.0001,33.34973393,MARK_PRICE_EXACT_OPEN,1664438400000,0
SOLUSDT,1664467200000,0.0001,34.10385708,MARK_PRICE_EXACT_OPEN,1664467200000,0
SOLUSDT,1664496000006,0.0001,33.93505604,MARK_PRICE_PREVIOUS_FALLBACK,1664496000000,6
SOLUSDT,1664524800002,-0.00001118,34.25,MARK_PRICE_PREVIOUS_FALLBACK,1664524800000,2
SOLUSDT,1664553600007,0.0001,34.61154988,MARK_PRICE_PREVIOUS_FALLBACK,1664553600000,7
SOLUSDT,1664582400008,0.00005725,33.15635774,MARK_PRICE_PREVIOUS_FALLBACK,1664582400000,8
SOLUSDT,1664611200011,-0.00000937,32.98685357,MARK_PRICE_PREVIOUS_FALLBACK,1664611200000,11
SOLUSDT,1664640000000,-0.00008454,32.98109347,MARK_PRICE_EXACT_OPEN,1664640000000,0
SOLUSDT,1664668800000,-0.00000316,32.42264587,MARK_PRICE_PREVIOUS_FALLBACK,1664668740000,60000
SOLUSDT,1664697600000,-0.00012694,,MARK_PRICE_TOO_STALE,1664668740000,28860000
SOLUSDT,1664726400006,-0.00005076,,MARK_PRICE_TOO_STALE,1664668740000,57660006
SOLUSDT,1664755200000,0.0001,32.04321927,MARK_PRICE_EXACT_OPEN,1664755200000,0
SOLUSDT,1664784000014,0.0001,32.23,MARK_PRICE_PREVIOUS_FALLBACK,1664784000000,14
SOLUSDT,1664812800010,-0.00003979,32.85139665,MARK_PRICE_PREVIOUS_FALLBACK,1664812800000,10
SOLUSDT,1664841600006,0.00004722,32.93,MARK_PRICE_PREVIOUS_FALLBACK,1664841600000,6
SOLUSDT,1664870400004,0.0001,33.76,MARK_PRICE_PREVIOUS_FALLBACK,1664870400000,4
SOLUSDT,1664899200013,-0.00005705,34.2,MARK_PRICE_PREVIOUS_FALLBACK,1664899200000,13
SOLUSDT,1664928000000,-0.00002002,34.07648722,MARK_PRICE_EXACT_OPEN,1664928000000,0
SOLUSDT,1664956800000,0.000048,34.11,MARK_PRICE_EXACT_OPEN,1664956800000,0
SOLUSDT,1664985600012,0.00007886,33.64655861,MARK_PRICE_PREVIOUS_FALLBACK,1664985600000,12
SOLUSDT,1665014400008,0.00002369,34.01600668,MARK_PRICE_PREVIOUS_FALLBACK,1665014400000,8
SOLUSDT,1665043200002,0.0001,34.02,MARK_PRICE_PREVIOUS_FALLBACK,1665043200000,2
SOLUSDT,1665072000006,0.00000634,33.79608226,MARK_PRICE_PREVIOUS_FALLBACK,1665072000000,6
SOLUSDT,1665100800000,5e-8,33.33264755,MARK_PRICE_EXACT_OPEN,1665100800000,0
SOLUSDT,1665129600000,0.00008021,33.31318378,MARK_PRICE_EXACT_OPEN,1665129600000,0
SOLUSDT,1665158400007,-0.00014355,32.860302,MARK_PRICE_PREVIOUS_FALLBACK,1665158400000,7
SOLUSDT,1665187200010,-8e-7,32.93,MARK_PRICE_PREVIOUS_FALLBACK,1665187200000,10
SOLUSDT,1665216000004,0.0001,32.96577748,MARK_PRICE_PREVIOUS_FALLBACK,1665216000000,4
SOLUSDT,1665244800018,0.0001,32.79,MARK_PRICE_PREVIOUS_FALLBACK,1665244800000,18
SOLUSDT,1665273600000,-0.00005496,32.56,MARK_PRICE_EXACT_OPEN,1665273600000,0
SOLUSDT,1665302400007,0.00003166,32.7,MARK_PRICE_PREVIOUS_FALLBACK,1665302400000,7
SOLUSDT,1665331200011,-0.00007535,33.07304163,MARK_PRICE_PREVIOUS_FALLBACK,1665331200000,11
SOLUSDT,1665360000018,0.0001,32.89027717,MARK_PRICE_PREVIOUS_FALLBACK,1665360000000,18
SOLUSDT,1665388800000,0.0001,32.89,MARK_PRICE_EXACT_OPEN,1665388800000,0
SOLUSDT,1665417600026,0.0001,32.6,MARK_PRICE_PREVIOUS_FALLBACK,1665417600000,26
SOLUSDT,1665446400020,0.0001,31.85,MARK_PRICE_PREVIOUS_FALLBACK,1665446400000,20
SOLUSDT,1665475200027,0.0001,31.55,MARK_PRICE_PREVIOUS_FALLBACK,1665475200000,27
SOLUSDT,1665504000000,0.00001173,31.54286677,MARK_PRICE_EXACT_OPEN,1665504000000,0
SOLUSDT,1665532800014,0.00003208,30.83,MARK_PRICE_PREVIOUS_FALLBACK,1665532800000,14
SOLUSDT,1665561600000,-0.00006356,31.23915312,MARK_PRICE_EXACT_OPEN,1665561600000,0
SOLUSDT,1665590400000,0.0001,31.26821131,MARK_PRICE_EXACT_OPEN,1665590400000,0
SOLUSDT,1665619200013,0.00002943,31.13531137,MARK_PRICE_PREVIOUS_FALLBACK,1665619200000,13
SOLUSDT,1665648000016,-0.0000051,29.66,MARK_PRICE_PREVIOUS_FALLBACK,1665648000000,16
SOLUSDT,1665676800009,-0.00018636,29.66919398,MARK_PRICE_PREVIOUS_FALLBACK,1665676800000,9
SOLUSDT,1665705600020,-0.00005035,30.47592442,MARK_PRICE_PREVIOUS_FALLBACK,1665705600000,20
SOLUSDT,1665734400000,0.00003869,31.33,MARK_PRICE_EXACT_OPEN,1665734400000,0
SOLUSDT,1665763200009,0.00008847,30.79179588,MARK_PRICE_PREVIOUS_FALLBACK,1665763200000,9
SOLUSDT,1665792000001,0.00002301,30,MARK_PRICE_PREVIOUS_FALLBACK,1665792000000,1
SOLUSDT,1665820800005,-0.0000796,30.01145638,MARK_PRICE_PREVIOUS_FALLBACK,1665820800000,5
SOLUSDT,1665849600004,-0.00006648,29.86,MARK_PRICE_PREVIOUS_FALLBACK,1665849600000,4
SOLUSDT,1665878400012,0.00003129,29.56,MARK_PRICE_PREVIOUS_FALLBACK,1665878400000,12
SOLUSDT,1665907200000,-0.00010784,29.74,MARK_PRICE_EXACT_OPEN,1665907200000,0
SOLUSDT,1665936000010,-0.00008849,29.95341893,MARK_PRICE_PREVIOUS_FALLBACK,1665936000000,10
SOLUSDT,1665964800012,-0.00011773,30.16,MARK_PRICE_PREVIOUS_FALLBACK,1665964800000,12
SOLUSDT,1665993600010,0.00001724,30.30004991,MARK_PRICE_PREVIOUS_FALLBACK,1665993600000,10
SOLUSDT,1666022400017,0.00005717,30.92,MARK_PRICE_PREVIOUS_FALLBACK,1666022400000,17
SOLUSDT,1666051200010,0.00001567,31.254183,MARK_PRICE_PREVIOUS_FALLBACK,1666051200000,10
SOLUSDT,1666080000008,0.0001,31.12206531,MARK_PRICE_PREVIOUS_FALLBACK,1666080000000,8
SOLUSDT,1666108800000,0.00009704,30.31,MARK_PRICE_EXACT_OPEN,1666108800000,0
SOLUSDT,1666137600007,0.00003131,30.15,MARK_PRICE_PREVIOUS_FALLBACK,1666137600000,7
SOLUSDT,1666166400022,0.0001,30.02,MARK_PRICE_PREVIOUS_FALLBACK,1666166400000,22
SOLUSDT,1666195200016,0.0001,29.94878966,MARK_PRICE_PREVIOUS_FALLBACK,1666195200000,16
SOLUSDT,1666224000000,0.00008555,28.84,MARK_PRICE_EXACT_OPEN,1666224000000,0
SOLUSDT,1666252800013,0.0001,29.24,MARK_PRICE_PREVIOUS_FALLBACK,1666252800000,13
SOLUSDT,1666281600000,0.00009895,29.13,MARK_PRICE_EXACT_OPEN,1666281600000,0
SOLUSDT,1666310400005,0.0001,27.96962217,MARK_PRICE_PREVIOUS_FALLBACK,1666310400000,5
SOLUSDT,1666339200018,0.00000742,27.88272446,MARK_PRICE_PREVIOUS_FALLBACK,1666339200000,18
SOLUSDT,1666368000000,0.00004104,27.5595302,MARK_PRICE_EXACT_OPEN,1666368000000,0
SOLUSDT,1666396800000,-0.00016497,28.08400695,MARK_PRICE_EXACT_OPEN,1666396800000,0
SOLUSDT,1666425600015,-0.00001121,27.8,MARK_PRICE_PREVIOUS_FALLBACK,1666425600000,15
SOLUSDT,1666454400000,-0.00009324,27.98234689,MARK_PRICE_EXACT_OPEN,1666454400000,0
SOLUSDT,1666483200025,0.00003894,28.06,MARK_PRICE_PREVIOUS_FALLBACK,1666483200000,25
SOLUSDT,1666512000000,0.00001405,28.4,MARK_PRICE_EXACT_OPEN,1666512000000,0
SOLUSDT,1666540800004,0.00007513,27.96,MARK_PRICE_PREVIOUS_FALLBACK,1666540800000,4
SOLUSDT,1666569600009,0.0001,29.29,MARK_PRICE_PREVIOUS_FALLBACK,1666569600000,9
SOLUSDT,1666598400012,0.0001,28.53,MARK_PRICE_PREVIOUS_FALLBACK,1666598400000,12
SOLUSDT,1666627200002,-0.00003209,28.44054279,MARK_PRICE_PREVIOUS_FALLBACK,1666627200000,2
SOLUSDT,1666656000013,-0.00001944,28.29127162,MARK_PRICE_PREVIOUS_FALLBACK,1666656000000,13
SOLUSDT,1666684800013,0.00009947,28.40678449,MARK_PRICE_PREVIOUS_FALLBACK,1666684800000,13
SOLUSDT,1666713600000,0.00001166,29.69151879,MARK_PRICE_EXACT_OPEN,1666713600000,0
SOLUSDT,1666742400006,0.0001,31,MARK_PRICE_PREVIOUS_FALLBACK,1666742400000,6
SOLUSDT,1666771200013,0.0001,31.35,MARK_PRICE_PREVIOUS_FALLBACK,1666771200000,13
SOLUSDT,1666800000000,0.00000893,31.4,MARK_PRICE_EXACT_OPEN,1666800000000,0
SOLUSDT,1666828800009,0.00006525,31.25,MARK_PRICE_PREVIOUS_FALLBACK,1666828800000,9
SOLUSDT,1666857600006,0.0001,31.62,MARK_PRICE_PREVIOUS_FALLBACK,1666857600000,6
SOLUSDT,1666886400009,0.00008781,31.32,MARK_PRICE_PREVIOUS_FALLBACK,1666886400000,9
SOLUSDT,1666915200000,0.00006137,30.56108292,MARK_PRICE_EXACT_OPEN,1666915200000,0
SOLUSDT,1666944000000,0.00007565,30.21,MARK_PRICE_EXACT_OPEN,1666944000000,0
SOLUSDT,1666972800007,-0.00006715,31.07,MARK_PRICE_PREVIOUS_FALLBACK,1666972800000,7
SOLUSDT,1667001600000,0.0001,32.05395629,MARK_PRICE_EXACT_OPEN,1667001600000,0
SOLUSDT,1667030400003,0.0001,33.24446166,MARK_PRICE_PREVIOUS_FALLBACK,1667030400000,3
SOLUSDT,1667059200010,0.0001,33.21,MARK_PRICE_PREVIOUS_FALLBACK,1667059200000,10
SOLUSDT,1667088000000,0.00007022,32.86,MARK_PRICE_EXACT_OPEN,1667088000000,0
SOLUSDT,1667116800013,0.0001,33.34030877,MARK_PRICE_PREVIOUS_FALLBACK,1667116800000,13
SOLUSDT,1667145600009,0.0001,32.1819653,MARK_PRICE_PREVIOUS_FALLBACK,1667145600000,9
SOLUSDT,1667174400012,0.0001,32.94,MARK_PRICE_PREVIOUS_FALLBACK,1667174400000,12
SOLUSDT,1667203200000,0.0001,33.41,MARK_PRICE_EXACT_OPEN,1667203200000,0
SOLUSDT,1667232000010,0.00005671,32.93,MARK_PRICE_PREVIOUS_FALLBACK,1667232000000,10
SOLUSDT,1667260800000,-0.00007785,32.54180316,MARK_PRICE_EXACT_OPEN,1667260800000,0
SOLUSDT,1667289600000,-0.00003806,33.00520101,MARK_PRICE_EXACT_OPEN,1667289600000,0
SOLUSDT,1667318400000,-0.00006234,32.45815588,MARK_PRICE_EXACT_OPEN,1667318400000,0
SOLUSDT,1667347200000,9.5e-7,32.19,MARK_PRICE_EXACT_OPEN,1667347200000,0
SOLUSDT,1667376000000,0.00001628,31.70204904,MARK_PRICE_EXACT_OPEN,1667376000000,0
SOLUSDT,1667404800019,0.00000418,31.32,MARK_PRICE_PREVIOUS_FALLBACK,1667404800000,19
SOLUSDT,1667433600011,-0.00025803,30.73,MARK_PRICE_PREVIOUS_FALLBACK,1667433600000,11
SOLUSDT,1667462400016,0.00006571,31.63569964,MARK_PRICE_PREVIOUS_FALLBACK,1667462400000,16
SOLUSDT,1667491200005,0.00002784,31.17,MARK_PRICE_PREVIOUS_FALLBACK,1667491200000,5
SOLUSDT,1667520000000,-0.0000829,30.83867584,MARK_PRICE_EXACT_OPEN,1667520000000,0
SOLUSDT,1667548800004,0.0001,32.41175715,MARK_PRICE_PREVIOUS_FALLBACK,1667548800000,4
SOLUSDT,1667577600020,0.00009262,33.16584284,MARK_PRICE_PREVIOUS_FALLBACK,1667577600000,20
SOLUSDT,1667606400009,0.0001,33.80138114,MARK_PRICE_PREVIOUS_FALLBACK,1667606400000,9
SOLUSDT,1667635200007,0.0001,35.18455042,MARK_PRICE_PREVIOUS_FALLBACK,1667635200000,7
SOLUSDT,1667664000018,0.0001,37.41,MARK_PRICE_PREVIOUS_FALLBACK,1667664000000,18
SOLUSDT,1667692800009,0.0001,36.86301118,MARK_PRICE_PREVIOUS_FALLBACK,1667692800000,9
SOLUSDT,1667721600000,0.0001,36.15203457,MARK_PRICE_EXACT_OPEN,1667721600000,0
SOLUSDT,1667750400010,0.0001,34.89,MARK_PRICE_PREVIOUS_FALLBACK,1667750400000,10
SOLUSDT,1667779200012,0.0001,32.65292466,MARK_PRICE_PREVIOUS_FALLBACK,1667779200000,12
SOLUSDT,1667808000014,0.00009319,30.78,MARK_PRICE_PREVIOUS_FALLBACK,1667808000000,14
SOLUSDT,1667836800006,0.0001,32.65,MARK_PRICE_PREVIOUS_FALLBACK,1667836800000,6
SOLUSDT,1667865600000,-0.00035346,29.6,MARK_PRICE_EXACT_OPEN,1667865600000,0
SOLUSDT,1667894400001,-0.00124635,27.86,MARK_PRICE_PREVIOUS_FALLBACK,1667894400000,1
SOLUSDT,1667923200005,-0.00059042,27.64624755,MARK_PRICE_PREVIOUS_FALLBACK,1667923200000,5
SOLUSDT,1667952000000,-0.0075,23.82,MARK_PRICE_EXACT_OPEN,1667952000000,0
SOLUSDT,1667980800013,-0.0075,18.11490882,MARK_PRICE_PREVIOUS_FALLBACK,1667980800000,13
SOLUSDT,1668009600004,-0.015,13.04315436,MARK_PRICE_PREVIOUS_FALLBACK,1668009600000,4
SOLUSDT,1668024000018,-0.02,11.56851204,MARK_PRICE_PREVIOUS_FALLBACK,1668024000000,18
SOLUSDT,1668038400006,-0.02,11.18996673,MARK_PRICE_PREVIOUS_FALLBACK,1668038400000,6
SOLUSDT,1668052800011,-0.02,13.80761366,MARK_PRICE_PREVIOUS_FALLBACK,1668052800000,11
SOLUSDT,1668060000000,-0.02,14.234,MARK_PRICE_EXACT_OPEN,1668060000000,0
SOLUSDT,1668067200000,-0.02,14.94688708,MARK_PRICE_EXACT_OPEN,1668067200000,0
SOLUSDT,1668074400000,-0.02,13.48829877,MARK_PRICE_EXACT_OPEN,1668074400000,0
SOLUSDT,1668081600000,-0.02,13.99,MARK_PRICE_EXACT_OPEN,1668081600000,0
SOLUSDT,1668088800007,-0.00937683,16.80343191,MARK_PRICE_PREVIOUS_FALLBACK,1668088800000,7
SOLUSDT,1668096000015,-0.00801579,17.32438652,MARK_PRICE_PREVIOUS_FALLBACK,1668096000000,15
SOLUSDT,1668103200011,-0.01610749,16.39900333,MARK_PRICE_PREVIOUS_FALLBACK,1668103200000,11
SOLUSDT,1668110400000,-0.01792917,17.115,MARK_PRICE_EXACT_OPEN,1668110400000,0
SOLUSDT,1668117600000,-0.00023209,18.0870356,MARK_PRICE_EXACT_OPEN,1668117600000,0
SOLUSDT,1668124800000,-0.00262997,17.63985237,MARK_PRICE_EXACT_OPEN,1668124800000,0
SOLUSDT,1668132000011,-0.00229218,17.052,MARK_PRICE_PREVIOUS_FALLBACK,1668132000000,11
SOLUSDT,1668139200003,-0.00407097,16.25171012,MARK_PRICE_PREVIOUS_FALLBACK,1668139200000,3
SOLUSDT,1668146400007,-0.00209331,17.15113743,MARK_PRICE_PREVIOUS_FALLBACK,1668146400000,7
SOLUSDT,1668153600015,-0.00097284,17.205,MARK_PRICE_PREVIOUS_FALLBACK,1668153600000,15
SOLUSDT,1668160800009,-0.00229598,17.45722924,MARK_PRICE_PREVIOUS_FALLBACK,1668160800000,9
SOLUSDT,1668168000005,-0.0026638,17.99966676,MARK_PRICE_PREVIOUS_FALLBACK,1668168000000,5
SOLUSDT,1668175200000,-0.00373271,17.37,MARK_PRICE_EXACT_OPEN,1668175200000,0
SOLUSDT,1668182400027,-0.01139731,16.427,MARK_PRICE_PREVIOUS_FALLBACK,1668182400000,27
SOLUSDT,1668189600000,-0.00145664,16.375,MARK_PRICE_EXACT_OPEN,1668189600000,0
SOLUSDT,1668196800004,-0.00153438,16.163,MARK_PRICE_PREVIOUS_FALLBACK,1668196800000,4
SOLUSDT,1668204000000,-0.0007073,15.83835006,MARK_PRICE_EXACT_OPEN,1668204000000,0
SOLUSDT,1668211200007,-0.00029718,16.357,MARK_PRICE_PREVIOUS_FALLBACK,1668211200000,7
SOLUSDT,1668218400013,-0.0018903,15.81839472,MARK_PRICE_PREVIOUS_FALLBACK,1668218400000,13
SOLUSDT,1668225600000,-0.00194529,15.785,MARK_PRICE_EXACT_OPEN,1668225600000,0
SOLUSDT,1668232800015,-0.00678495,14.78294096,MARK_PRICE_PREVIOUS_FALLBACK,1668232800000,15
SOLUSDT,1668240000016,-0.00090442,15.4227585,MARK_PRICE_PREVIOUS_FALLBACK,1668240000000,16
SOLUSDT,1668247200015,-0.00043311,15.47674105,MARK_PRICE_PREVIOUS_FALLBACK,1668247200000,15
SOLUSDT,1668254400014,-0.00166604,15.363,MARK_PRICE_PREVIOUS_FALLBACK,1668254400000,14
SOLUSDT,1668261600013,-0.00153586,15.14513295,MARK_PRICE_PREVIOUS_FALLBACK,1668261600000,13
SOLUSDT,1668268800000,-0.00087212,14.787,MARK_PRICE_EXACT_OPEN,1668268800000,0
SOLUSDT,1668276000000,-0.00018986,15.127,MARK_PRICE_EXACT_OPEN,1668276000000,0
SOLUSDT,1668283200000,-0.0002072,15.13789171,MARK_PRICE_EXACT_OPEN,1668283200000,0
SOLUSDT,1668290400016,-0.00097367,14.93464504,MARK_PRICE_PREVIOUS_FALLBACK,1668290400000,16
SOLUSDT,1668297600004,-0.00070342,14.53762703,MARK_PRICE_PREVIOUS_FALLBACK,1668297600000,4
SOLUSDT,1668304800006,-0.00078974,14.193,MARK_PRICE_PREVIOUS_FALLBACK,1668304800000,6
SOLUSDT,1668312000001,-0.00163101,14.52701279,MARK_PRICE_PREVIOUS_FALLBACK,1668312000000,1
SOLUSDT,1668319200015,-0.00033147,14.47895119,MARK_PRICE_PREVIOUS_FALLBACK,1668319200000,15
SOLUSDT,1668326400000,-0.0017701,13.938,MARK_PRICE_EXACT_OPEN,1668326400000,0
SOLUSDT,1668333600000,-0.00099368,13.4334092,MARK_PRICE_EXACT_OPEN,1668333600000,0
SOLUSDT,1668340800007,-0.00083974,13.74079616,MARK_PRICE_PREVIOUS_FALLBACK,1668340800000,7
SOLUSDT,1668348000011,-0.0008275,14.086,MARK_PRICE_PREVIOUS_FALLBACK,1668348000000,11
SOLUSDT,1668355200017,-0.00013499,13.94256744,MARK_PRICE_PREVIOUS_FALLBACK,1668355200000,17
SOLUSDT,1668362400001,0.00001458,13.86816188,MARK_PRICE_PREVIOUS_FALLBACK,1668362400000,1
SOLUSDT,1668369600011,-0.00019347,13.96536358,MARK_PRICE_PREVIOUS_FALLBACK,1668369600000,11
SOLUSDT,1668376800003,-0.00049299,13.54329875,MARK_PRICE_PREVIOUS_FALLBACK,1668376800000,3
SOLUSDT,1668384000000,-0.0017293,13.12302756,MARK_PRICE_EXACT_OPEN,1668384000000,0
SOLUSDT,1668391200000,-0.00444734,12.476,MARK_PRICE_EXACT_OPEN,1668391200000,0
SOLUSDT,1668398400004,-0.00469829,12.88974795,MARK_PRICE_PREVIOUS_FALLBACK,1668398400000,4
SOLUSDT,1668405600000,-0.00025664,12.48,MARK_PRICE_EXACT_OPEN,1668405600000,0
SOLUSDT,1668412800000,-0.00020798,14.52405178,MARK_PRICE_EXACT_OPEN,1668412800000,0
SOLUSDT,1668420000000,-0.00037676,14.434,MARK_PRICE_EXACT_OPEN,1668420000000,0
SOLUSDT,1668427200000,-0.00065817,14.21006786,MARK_PRICE_EXACT_OPEN,1668427200000,0
SOLUSDT,1668434400013,0.000025,14.18483388,MARK_PRICE_PREVIOUS_FALLBACK,1668434400000,13
SOLUSDT,1668441600000,-0.00078889,13.70598994,MARK_PRICE_EXACT_OPEN,1668441600000,0
SOLUSDT,1668448800000,-0.00120937,13.658,MARK_PRICE_EXACT_OPEN,1668448800000,0
SOLUSDT,1668456000021,0.000025,13.81452768,MARK_PRICE_PREVIOUS_FALLBACK,1668456000000,21
SOLUSDT,1668463200015,-0.00007464,13.87719438,MARK_PRICE_PREVIOUS_FALLBACK,1668463200000,15
SOLUSDT,1668470400014,0.000025,13.96104927,MARK_PRICE_PREVIOUS_FALLBACK,1668470400000,14
SOLUSDT,1668477600000,0.000025,13.9584499,MARK_PRICE_EXACT_OPEN,1668477600000,0
SOLUSDT,1668484800016,-0.0004769,14.192,MARK_PRICE_PREVIOUS_FALLBACK,1668484800000,16
SOLUSDT,1668492000010,-0.00073828,13.98,MARK_PRICE_PREVIOUS_FALLBACK,1668492000000,10
SOLUSDT,1668499200009,0.000025,14.45583236,MARK_PRICE_PREVIOUS_FALLBACK,1668499200000,9
SOLUSDT,1668506400018,0.000025,14.596,MARK_PRICE_PREVIOUS_FALLBACK,1668506400000,18
SOLUSDT,1668513600030,-0.00022903,14.51695444,MARK_PRICE_PREVIOUS_FALLBACK,1668513600000,30
SOLUSDT,1668520800006,-0.00022959,14.862,MARK_PRICE_PREVIOUS_FALLBACK,1668520800000,6
SOLUSDT,1668528000010,-0.00071141,14.329,MARK_PRICE_PREVIOUS_FALLBACK,1668528000000,10
SOLUSDT,1668535200010,-0.00136816,14.4206386,MARK_PRICE_PREVIOUS_FALLBACK,1668535200000,10
SOLUSDT,1668542400000,-0.00066296,14.313,MARK_PRICE_EXACT_OPEN,1668542400000,0
SOLUSDT,1668549600000,-0.00074848,14.302,MARK_PRICE_EXACT_OPEN,1668549600000,0
SOLUSDT,1668556800011,-0.00095985,14.274,MARK_PRICE_PREVIOUS_FALLBACK,1668556800000,11
SOLUSDT,1668564000000,-0.00055134,14.33958799,MARK_PRICE_EXACT_OPEN,1668564000000,0
SOLUSDT,1668571200014,-0.00094499,14.49466711,MARK_PRICE_PREVIOUS_FALLBACK,1668571200000,14
SOLUSDT,1668578400006,-0.00045854,14.45720596,MARK_PRICE_PREVIOUS_FALLBACK,1668578400000,6
SOLUSDT,1668585600004,-0.0009133,14.28986401,MARK_PRICE_PREVIOUS_FALLBACK,1668585600000,4
SOLUSDT,1668592800000,-0.0011055,14.1820127,MARK_PRICE_EXACT_OPEN,1668592800000,0
SOLUSDT,1668600000000,-0.00107526,14.13551824,MARK_PRICE_EXACT_OPEN,1668600000000,0
SOLUSDT,1668607200000,-0.00074867,13.869,MARK_PRICE_EXACT_OPEN,1668607200000,0
SOLUSDT,1668614400008,-0.00031476,13.741,MARK_PRICE_PREVIOUS_FALLBACK,1668614400000,8
SOLUSDT,1668621600018,-0.00062708,14.09419487,MARK_PRICE_PREVIOUS_FALLBACK,1668621600000,18
SOLUSDT,1668628800006,-0.00003556,14.155,MARK_PRICE_PREVIOUS_FALLBACK,1668628800000,6
SOLUSDT,1668636000000,-0.00004335,14.146,MARK_PRICE_EXACT_OPEN,1668636000000,0
SOLUSDT,1668643200000,-0.00015275,14.26051705,MARK_PRICE_EXACT_OPEN,1668643200000,0
SOLUSDT,1668650400009,-0.00008299,14.44800165,MARK_PRICE_PREVIOUS_FALLBACK,1668650400000,9
SOLUSDT,1668657600022,-0.00033443,14.2120244,MARK_PRICE_PREVIOUS_FALLBACK,1668657600000,22
SOLUSDT,1668664800013,-0.00001852,14.227,MARK_PRICE_PREVIOUS_FALLBACK,1668664800000,13
SOLUSDT,1668672000000,-0.0000919,14.25592883,MARK_PRICE_EXACT_OPEN,1668672000000,0
SOLUSDT,1668679200022,-0.00003299,14.10104934,MARK_PRICE_PREVIOUS_FALLBACK,1668679200000,22
SOLUSDT,1668686400009,0.000025,14.216,MARK_PRICE_PREVIOUS_FALLBACK,1668686400000,9
SOLUSDT,1668693600000,-0.00336778,13.09473856,MARK_PRICE_EXACT_OPEN,1668693600000,0
SOLUSDT,1668700800006,-0.00141975,13.503,MARK_PRICE_PREVIOUS_FALLBACK,1668700800000,6
SOLUSDT,1668708000003,-0.00141426,13.65230008,MARK_PRICE_PREVIOUS_FALLBACK,1668708000000,3
SOLUSDT,1668715200020,-0.00038974,13.454,MARK_PRICE_PREVIOUS_FALLBACK,1668715200000,20
SOLUSDT,1668722400008,-0.00040385,13.66806492,MARK_PRICE_PREVIOUS_FALLBACK,1668722400000,8
SOLUSDT,1668729600004,-0.00107448,13.568,MARK_PRICE_PREVIOUS_FALLBACK,1668729600000,4
SOLUSDT,1668736800004,-0.00046528,13.59069315,MARK_PRICE_PREVIOUS_FALLBACK,1668736800000,4
SOLUSDT,1668744000000,-0.00035674,13.70195032,MARK_PRICE_EXACT_OPEN,1668744000000,0
SOLUSDT,1668751200007,-0.00029566,13.58351978,MARK_PRICE_PREVIOUS_FALLBACK,1668751200000,7
SOLUSDT,1668758400016,-0.00021531,13.57925197,MARK_PRICE_PREVIOUS_FALLBACK,1668758400000,16
SOLUSDT,1668787200000,-0.00082757,13.35468253,MARK_PRICE_EXACT_OPEN,1668787200000,0
SOLUSDT,1668816000000,-0.00068642,13.257,MARK_PRICE_EXACT_OPEN,1668816000000,0
SOLUSDT,1668844800004,-0.00114938,12.827,MARK_PRICE_PREVIOUS_FALLBACK,1668844800000,4
SOLUSDT,1668873600024,-0.00052327,12.73720581,MARK_PRICE_PREVIOUS_FALLBACK,1668873600000,24
SOLUSDT,1668902400015,-0.00047571,12.81720631,MARK_PRICE_PREVIOUS_FALLBACK,1668902400000,15
SOLUSDT,1668931200004,-0.00037408,13.071,MARK_PRICE_PREVIOUS_FALLBACK,1668931200000,4
SOLUSDT,1668960000000,-0.00112922,12.97593019,MARK_PRICE_EXACT_OPEN,1668960000000,0
SOLUSDT,1668988800006,-0.00075953,12.271,MARK_PRICE_PREVIOUS_FALLBACK,1668988800000,6
SOLUSDT,1669017600015,-0.0005083,11.71814344,MARK_PRICE_PREVIOUS_FALLBACK,1669017600000,15
SOLUSDT,1669046400000,-0.00116096,11.91191604,MARK_PRICE_EXACT_OPEN,1669046400000,0
SOLUSDT,1669075200000,-0.00016606,11.83394836,MARK_PRICE_EXACT_OPEN,1669075200000,0
SOLUSDT,1669104000000,-0.00056977,11.5,MARK_PRICE_EXACT_OPEN,1669104000000,0
SOLUSDT,1669132800000,-0.00089583,12.054,MARK_PRICE_EXACT_OPEN,1669132800000,0
SOLUSDT,1669161600000,-0.00042476,12.425,MARK_PRICE_EXACT_OPEN,1669161600000,0
SOLUSDT,1669190400011,-0.00011053,13.177,MARK_PRICE_PREVIOUS_FALLBACK,1669190400000,11
SOLUSDT,1669219200014,-0.00097051,13.04109836,MARK_PRICE_PREVIOUS_FALLBACK,1669219200000,14
SOLUSDT,1669248000007,-0.00110661,14.35636569,MARK_PRICE_PREVIOUS_FALLBACK,1669248000000,7
SOLUSDT,1669276800014,-0.0014096,14.431,MARK_PRICE_PREVIOUS_FALLBACK,1669276800000,14
SOLUSDT,1669305600013,-0.00203998,14.43001019,MARK_PRICE_PREVIOUS_FALLBACK,1669305600000,13
SOLUSDT,1669334400004,-0.00066695,14.55539597,MARK_PRICE_PREVIOUS_FALLBACK,1669334400000,4
SOLUSDT,1669363200015,-0.00025529,14.225,MARK_PRICE_PREVIOUS_FALLBACK,1669363200000,15
SOLUSDT,1669392000000,-0.00056949,14.13557801,MARK_PRICE_EXACT_OPEN,1669392000000,0
SOLUSDT,1669420800011,-0.00015345,14.00706448,MARK_PRICE_PREVIOUS_FALLBACK,1669420800000,11
SOLUSDT,1669449600000,-0.00034616,14.46786846,MARK_PRICE_EXACT_OPEN,1669449600000,0
SOLUSDT,1669478400000,-0.00055804,14.41,MARK_PRICE_EXACT_OPEN,1669478400000,0
SOLUSDT,1669507200012,-0.00147702,14.15,MARK_PRICE_PREVIOUS_FALLBACK,1669507200000,12
SOLUSDT,1669536000000,-0.00043291,14.308,MARK_PRICE_EXACT_OPEN,1669536000000,0
SOLUSDT,1669564800003,-0.00032864,14.41629199,MARK_PRICE_PREVIOUS_FALLBACK,1669564800000,3
SOLUSDT,1669593600015,-0.00016117,14.10338483,MARK_PRICE_PREVIOUS_FALLBACK,1669593600000,15
SOLUSDT,1669622400004,-0.00540619,13.28752471,MARK_PRICE_PREVIOUS_FALLBACK,1669622400000,4
SOLUSDT,1669651200011,-0.00281466,13.174,MARK_PRICE_PREVIOUS_FALLBACK,1669651200000,11
SOLUSDT,1669680000000,-0.00021025,13.313,MARK_PRICE_EXACT_OPEN,1669680000000,0
SOLUSDT,1669708800015,-0.0004623,13.729,MARK_PRICE_PREVIOUS_FALLBACK,1669708800000,15
SOLUSDT,1669737600000,-0.00073299,13.426,MARK_PRICE_EXACT_OPEN,1669737600000,0
SOLUSDT,1669766400007,-0.00048248,13.33715861,MARK_PRICE_PREVIOUS_FALLBACK,1669766400000,7
SOLUSDT,1669795200000,-0.00140667,13.688,MARK_PRICE_EXACT_OPEN,1669795200000,0
SOLUSDT,1669824000015,-0.00041907,13.51959322,MARK_PRICE_PREVIOUS_FALLBACK,1669824000000,15
SOLUSDT,1669852800001,-0.00083649,14.149,MARK_PRICE_PREVIOUS_FALLBACK,1669852800000,1
SOLUSDT,1669881600006,-0.00015134,13.81648714,MARK_PRICE_PREVIOUS_FALLBACK,1669881600000,6
SOLUSDT,1669910400000,-0.0001949,13.616,MARK_PRICE_EXACT_OPEN,1669910400000,0
SOLUSDT,1669939200001,-0.00093645,13.48137017,MARK_PRICE_PREVIOUS_FALLBACK,1669939200000,1
SOLUSDT,1669968000016,-0.00174192,13.48014469,MARK_PRICE_PREVIOUS_FALLBACK,1669968000000,16
SOLUSDT,1669996800017,-0.00005628,13.5139019,MARK_PRICE_PREVIOUS_FALLBACK,1669996800000,17
SOLUSDT,1670025600006,0.00009346,13.723,MARK_PRICE_PREVIOUS_FALLBACK,1670025600000,6
SOLUSDT,1670054400000,-0.00016897,13.544,MARK_PRICE_EXACT_OPEN,1670054400000,0
SOLUSDT,1670083200011,-0.00030733,13.56125769,MARK_PRICE_PREVIOUS_FALLBACK,1670083200000,11
SOLUSDT,1670112000006,-0.00022684,13.26562854,MARK_PRICE_PREVIOUS_FALLBACK,1670112000000,6
SOLUSDT,1670140800000,0.00004642,13.44696345,MARK_PRICE_EXACT_OPEN,1670140800000,0
SOLUSDT,1670169600006,-0.00001362,13.51135245,MARK_PRICE_PREVIOUS_FALLBACK,1670169600000,6
SOLUSDT,1670198400002,0.0001,13.695,MARK_PRICE_PREVIOUS_FALLBACK,1670198400000,2
SOLUSDT,1670227200011,-0.00006606,13.95,MARK_PRICE_PREVIOUS_FALLBACK,1670227200000,11
SOLUSDT,1670256000008,0.0001,13.7163555,MARK_PRICE_PREVIOUS_FALLBACK,1670256000000,8
SOLUSDT,1670284800014,0.0001,13.815,MARK_PRICE_PREVIOUS_FALLBACK,1670284800000,14
SOLUSDT,1670313600027,0.00006467,14.15493439,MARK_PRICE_PREVIOUS_FALLBACK,1670313600000,27
SOLUSDT,1670342400009,0.00001418,13.99,MARK_PRICE_PREVIOUS_FALLBACK,1670342400000,9
SOLUSDT,1670371200000,0.00004454,14.28406691,MARK_PRICE_EXACT_OPEN,1670371200000,0
SOLUSDT,1670400000000,0.00003151,13.616,MARK_PRICE_EXACT_OPEN,1670400000000,0
SOLUSDT,1670428800000,0.00005056,13.67822921,MARK_PRICE_EXACT_OPEN,1670428800000,0
SOLUSDT,1670457600006,0.00005017,13.48031285,MARK_PRICE_PREVIOUS_FALLBACK,1670457600000,6
SOLUSDT,1670486400000,-0.00028326,13.49225896,MARK_PRICE_EXACT_OPEN,1670486400000,0
SOLUSDT,1670515200014,0.00001999,13.58604031,MARK_PRICE_PREVIOUS_FALLBACK,1670515200000,14
SOLUSDT,1670544000017,-0.00009895,13.695,MARK_PRICE_PREVIOUS_FALLBACK,1670544000000,17
SOLUSDT,1670572800005,-0.00002372,13.68789129,MARK_PRICE_PREVIOUS_FALLBACK,1670572800000,5
SOLUSDT,1670601600000,0.00007054,13.86,MARK_PRICE_EXACT_OPEN,1670601600000,0
SOLUSDT,1670630400009,-0.00004552,13.58047685,MARK_PRICE_PREVIOUS_FALLBACK,1670630400000,9
SOLUSDT,1670659200010,-0.00000593,13.61398121,MARK_PRICE_PREVIOUS_FALLBACK,1670659200000,10
SOLUSDT,1670688000001,-0.00016454,13.64562376,MARK_PRICE_PREVIOUS_FALLBACK,1670688000000,1
SOLUSDT,1670716800011,-0.00003942,13.56,MARK_PRICE_PREVIOUS_FALLBACK,1670716800000,11
SOLUSDT,1670745600007,-0.00010562,13.635,MARK_PRICE_PREVIOUS_FALLBACK,1670745600000,7
SOLUSDT,1670774400011,-0.00000944,13.667,MARK_PRICE_PREVIOUS_FALLBACK,1670774400000,11
SOLUSDT,1670803200000,-0.0001843,13.41388144,MARK_PRICE_EXACT_OPEN,1670803200000,0
SOLUSDT,1670832000004,-0.00028652,12.97231587,MARK_PRICE_PREVIOUS_FALLBACK,1670832000000,4
SOLUSDT,1670860800000,-0.00012371,13.09707276,MARK_PRICE_EXACT_OPEN,1670860800000,0
SOLUSDT,1670889600000,-0.00001654,13.304,MARK_PRICE_EXACT_OPEN,1670889600000,0
SOLUSDT,1670918400018,2e-7,12.94,MARK_PRICE_PREVIOUS_FALLBACK,1670918400000,18
SOLUSDT,1670947200011,0.0001,13.76863638,MARK_PRICE_PREVIOUS_FALLBACK,1670947200000,11
SOLUSDT,1670976000010,0.0001,13.87273223,MARK_PRICE_PREVIOUS_FALLBACK,1670976000000,10
SOLUSDT,1671004800015,0.0001,13.91009731,MARK_PRICE_PREVIOUS_FALLBACK,1671004800000,15
SOLUSDT,1671033600004,0.0001,14.53161541,MARK_PRICE_PREVIOUS_FALLBACK,1671033600000,4
SOLUSDT,1671062400000,0.0001,14.11947178,MARK_PRICE_EXACT_OPEN,1671062400000,0
SOLUSDT,1671091200023,0.0001,14.15267493,MARK_PRICE_PREVIOUS_FALLBACK,1671091200000,23
SOLUSDT,1671120000010,0.0001,13.989,MARK_PRICE_PREVIOUS_FALLBACK,1671120000000,10
SOLUSDT,1671148800016,0.0001,14.0293607,MARK_PRICE_PREVIOUS_FALLBACK,1671148800000,16
SOLUSDT,1671177600011,0.0001,14.08396074,MARK_PRICE_PREVIOUS_FALLBACK,1671177600000,11
SOLUSDT,1671206400001,-0.00003932,12.984,MARK_PRICE_PREVIOUS_FALLBACK,1671206400000,1
SOLUSDT,1671235200001,-0.00007161,12.23809679,MARK_PRICE_PREVIOUS_FALLBACK,1671235200000,1
SOLUSDT,1671264000011,-0.0004589,12.40805989,MARK_PRICE_PREVIOUS_FALLBACK,1671264000000,11
SOLUSDT,1671292800011,-0.00034297,12.285,MARK_PRICE_PREVIOUS_FALLBACK,1671292800000,11
SOLUSDT,1671321600008,-0.00045493,12.5,MARK_PRICE_PREVIOUS_FALLBACK,1671321600000,8
SOLUSDT,1671350400001,-0.00027776,12.41910627,MARK_PRICE_PREVIOUS_FALLBACK,1671350400000,1
SOLUSDT,1671379200012,-0.00035966,12.31199392,MARK_PRICE_PREVIOUS_FALLBACK,1671379200000,12
SOLUSDT,1671408000000,-0.00018596,12.369,MARK_PRICE_EXACT_OPEN,1671408000000,0
SOLUSDT,1671436800000,-0.00045428,12.22562207,MARK_PRICE_EXACT_OPEN,1671436800000,0
SOLUSDT,1671465600000,-0.000376,12.166,MARK_PRICE_EXACT_OPEN,1671465600000,0
SOLUSDT,1671494400005,-0.00029256,11.9444826,MARK_PRICE_PREVIOUS_FALLBACK,1671494400000,5
SOLUSDT,1671523200016,-0.00020607,12.33111241,MARK_PRICE_PREVIOUS_FALLBACK,1671523200000,16
SOLUSDT,1671552000000,-0.00024139,12.33377782,MARK_PRICE_EXACT_OPEN,1671552000000,0
SOLUSDT,1671580800007,-0.00007839,12.25144193,MARK_PRICE_PREVIOUS_FALLBACK,1671580800000,7
SOLUSDT,1671609600012,-0.00034859,11.99223031,MARK_PRICE_PREVIOUS_FALLBACK,1671609600000,12
SOLUSDT,1671638400017,-0.00033756,12.05662568,MARK_PRICE_PREVIOUS_FALLBACK,1671638400000,17
SOLUSDT,1671667200004,-0.00027437,12.117,MARK_PRICE_PREVIOUS_FALLBACK,1671667200000,4
SOLUSDT,1671696000000,-0.00027483,12.05230858,MARK_PRICE_EXACT_OPEN,1671696000000,0
SOLUSDT,1671724800001,-0.00010761,11.732,MARK_PRICE_PREVIOUS_FALLBACK,1671724800000,1
SOLUSDT,1671753600018,-0.00009791,11.80583647,MARK_PRICE_PREVIOUS_FALLBACK,1671753600000,18
SOLUSDT,1671782400000,0.00009921,11.882,MARK_PRICE_EXACT_OPEN,1671782400000,0
SOLUSDT,1671811200000,-0.00007019,11.83771772,MARK_PRICE_EXACT_OPEN,1671811200000,0
SOLUSDT,1671840000001,-0.00000174,11.774,MARK_PRICE_PREVIOUS_FALLBACK,1671840000000,1
SOLUSDT,1671868800007,-0.00121249,11.31795698,MARK_PRICE_PREVIOUS_FALLBACK,1671868800000,7
SOLUSDT,1671897600008,-0.00155484,11.34377633,MARK_PRICE_PREVIOUS_FALLBACK,1671897600000,8
SOLUSDT,1671926400000,-0.00063471,11.43088771,MARK_PRICE_EXACT_OPEN,1671926400000,0
SOLUSDT,1671955200013,-0.00080818,11.47374648,MARK_PRICE_PREVIOUS_FALLBACK,1671955200000,13
SOLUSDT,1671984000000,-0.00017688,11.341,MARK_PRICE_EXACT_OPEN,1671984000000,0
SOLUSDT,1672012800001,-0.00017839,11.386,MARK_PRICE_PREVIOUS_FALLBACK,1672012800000,1
SOLUSDT,1672041600000,-0.00035979,11.30379409,MARK_PRICE_EXACT_OPEN,1672041600000,0
SOLUSDT,1672070400005,-0.00034214,11.137097,MARK_PRICE_PREVIOUS_FALLBACK,1672070400000,5
SOLUSDT,1672099200005,-0.00014455,11.3927097,MARK_PRICE_PREVIOUS_FALLBACK,1672099200000,5
SOLUSDT,1672128000010,2.9e-7,11.221722,MARK_PRICE_PREVIOUS_FALLBACK,1672128000000,10
SOLUSDT,1672156800006,-0.00016284,10.796,MARK_PRICE_PREVIOUS_FALLBACK,1672156800000,6
SOLUSDT,1672185600010,0.0001,11.098,MARK_PRICE_PREVIOUS_FALLBACK,1672185600000,10
SOLUSDT,1672214400010,-0.00049469,10.11164823,MARK_PRICE_PREVIOUS_FALLBACK,1672214400000,10
SOLUSDT,1672243200010,-0.00062657,9.93,MARK_PRICE_PREVIOUS_FALLBACK,1672243200000,10
SOLUSDT,1672272000011,-0.00049537,9.76281333,MARK_PRICE_PREVIOUS_FALLBACK,1672272000000,11
SOLUSDT,1672300800000,-0.00011408,9.61404381,MARK_PRICE_EXACT_OPEN,1672300800000,0
SOLUSDT,1672329600008,-0.00013498,9.35825928,MARK_PRICE_PREVIOUS_FALLBACK,1672329600000,8
SOLUSDT,1672358400000,-0.00277763,9.62194616,MARK_PRICE_EXACT_OPEN,1672358400000,0
SOLUSDT,1672387200000,-0.00216253,9.12161597,MARK_PRICE_EXACT_OPEN,1672387200000,0
SOLUSDT,1672416000000,-0.00240802,9.564,MARK_PRICE_EXACT_OPEN,1672416000000,0
SOLUSDT,1672444800014,-0.00284191,9.85383743,MARK_PRICE_PREVIOUS_FALLBACK,1672444800000,14
SOLUSDT,1672473600000,-0.00180298,9.823,MARK_PRICE_EXACT_OPEN,1672473600000,0
SOLUSDT,1672502400000,-0.00095178,10.13224513,MARK_PRICE_EXACT_OPEN,1672502400000,0
SOLUSDT,1672531200000,-0.00092452,9.966,MARK_PRICE_EXACT_OPEN,1672531200000,0
SOLUSDT,1672560000008,-0.00039729,9.76982961,MARK_PRICE_PREVIOUS_FALLBACK,1672560000000,8
SOLUSDT,1672588800000,-0.00097445,9.84942654,MARK_PRICE_EXACT_OPEN,1672588800000,0
SOLUSDT,1672617600000,-0.00105604,9.97743489,MARK_PRICE_EXACT_OPEN,1672617600000,0
SOLUSDT,1672646400008,-0.00073395,11.05828271,MARK_PRICE_PREVIOUS_FALLBACK,1672646400000,8
SOLUSDT,1672675200015,-0.00036678,11.12833874,MARK_PRICE_PREVIOUS_FALLBACK,1672675200000,15
SOLUSDT,1672704000003,-0.00137389,11.25419681,MARK_PRICE_PREVIOUS_FALLBACK,1672704000000,3
SOLUSDT,1672732800018,-0.0032206,11.92804841,MARK_PRICE_PREVIOUS_FALLBACK,1672732800000,18
SOLUSDT,1672761600000,-0.00820119,12.823,MARK_PRICE_EXACT_OPEN,1672761600000,0
SOLUSDT,1672790400000,-0.00349905,13.33273992,MARK_PRICE_EXACT_OPEN,1672790400000,0
SOLUSDT,1672819200016,-0.00927078,13.952,MARK_PRICE_PREVIOUS_FALLBACK,1672819200000,16
SOLUSDT,1672848000011,-0.00145742,13.28738015,MARK_PRICE_PREVIOUS_FALLBACK,1672848000000,11
SOLUSDT,1672876800009,-0.00197574,13.352,MARK_PRICE_PREVIOUS_FALLBACK,1672876800000,9
SOLUSDT,1672905600011,-0.00017797,13.21605018,MARK_PRICE_PREVIOUS_FALLBACK,1672905600000,11
SOLUSDT,1672934400000,-0.00035808,13.291,MARK_PRICE_EXACT_OPEN,1672934400000,0
SOLUSDT,1672963200005,-0.0028675,13.369,MARK_PRICE_PREVIOUS_FALLBACK,1672963200000,5
SOLUSDT,1672992000001,-0.00005103,13.107,MARK_PRICE_PREVIOUS_FALLBACK,1672992000000,1
SOLUSDT,1673020800000,-0.00097063,13.176,MARK_PRICE_EXACT_OPEN,1673020800000,0
SOLUSDT,1673049600006,-0.00063098,13.44799413,MARK_PRICE_PREVIOUS_FALLBACK,1673049600000,6
SOLUSDT,1673078400017,-0.00008222,13.30048454,MARK_PRICE_PREVIOUS_FALLBACK,1673078400000,17
SOLUSDT,1673107200000,-0.00049317,13.26467364,MARK_PRICE_EXACT_OPEN,1673107200000,0
SOLUSDT,1673136000015,-0.00032422,13.07211458,MARK_PRICE_PREVIOUS_FALLBACK,1673136000000,15
SOLUSDT,1673164800000,-0.00041686,13.31849296,MARK_PRICE_EXACT_OPEN,1673164800000,0
SOLUSDT,1673193600010,-0.0002307,13.84929087,MARK_PRICE_PREVIOUS_FALLBACK,1673193600000,10
SOLUSDT,1673222400003,-0.0002275,14.403,MARK_PRICE_PREVIOUS_FALLBACK,1673222400000,3
SOLUSDT,1673251200000,0.0001,16.35598631,MARK_PRICE_EXACT_OPEN,1673251200000,0
SOLUSDT,1673280000006,0.0001,17.181,MARK_PRICE_PREVIOUS_FALLBACK,1673280000000,6
SOLUSDT,1673308800003,0.0001,16.305,MARK_PRICE_PREVIOUS_FALLBACK,1673308800000,3
SOLUSDT,1673337600021,0.0001,15.902,MARK_PRICE_PREVIOUS_FALLBACK,1673337600000,21
SOLUSDT,1673366400000,-0.00015347,16.231,MARK_PRICE_EXACT_OPEN,1673366400000,0
SOLUSDT,1673395200011,-0.0002485,16.16694515,MARK_PRICE_PREVIOUS_FALLBACK,1673395200000,11
SOLUSDT,1673424000006,-0.00001768,16.06351064,MARK_PRICE_PREVIOUS_FALLBACK,1673424000000,6
SOLUSDT,1673452800004,0.0001,15.42,MARK_PRICE_PREVIOUS_FALLBACK,1673452800000,4
SOLUSDT,1673481600000,0.0001,16.355,MARK_PRICE_EXACT_OPEN,1673481600000,0
SOLUSDT,1673510400000,0.0001,16.24088245,MARK_PRICE_EXACT_OPEN,1673510400000,0
SOLUSDT,1673539200000,-0.00044772,15.953,MARK_PRICE_EXACT_OPEN,1673539200000,0
SOLUSDT,1673568000004,-0.00005616,16.578,MARK_PRICE_PREVIOUS_FALLBACK,1673568000000,4
SOLUSDT,1673596800000,0.00002603,16.89,MARK_PRICE_EXACT_OPEN,1673596800000,0
SOLUSDT,1673625600018,-0.00058902,16.77949134,MARK_PRICE_PREVIOUS_FALLBACK,1673625600000,18
SOLUSDT,1673654400000,0.0001,18.2888911,MARK_PRICE_EXACT_OPEN,1673654400000,0
SOLUSDT,1673683200001,0.00027702,23.59494329,MARK_PRICE_PREVIOUS_FALLBACK,1673683200000,1
SOLUSDT,1673712000000,0.0001,22.33131874,MARK_PRICE_EXACT_OPEN,1673712000000,0
SOLUSDT,1673740800010,0.00023978,24.12745272,MARK_PRICE_PREVIOUS_FALLBACK,1673740800000,10
SOLUSDT,1673769600002,0.00036502,22.651,MARK_PRICE_PREVIOUS_FALLBACK,1673769600000,2
SOLUSDT,1673798400000,0.00012309,23.709,MARK_PRICE_EXACT_OPEN,1673798400000,0
SOLUSDT,1673827200010,0.00019979,22.899,MARK_PRICE_PREVIOUS_FALLBACK,1673827200000,10
SOLUSDT,1673856000007,0.00041624,24.20964669,MARK_PRICE_PREVIOUS_FALLBACK,1673856000000,7
SOLUSDT,1673884800000,0.0001,23.084,MARK_PRICE_EXACT_OPEN,1673884800000,0
SOLUSDT,1673913600004,0.00012293,23.531,MARK_PRICE_PREVIOUS_FALLBACK,1673913600000,4
SOLUSDT,1673942400005,0.0001,23.407,MARK_PRICE_PREVIOUS_FALLBACK,1673942400000,5
SOLUSDT,1673971200001,0.0001,23.24,MARK_PRICE_PREVIOUS_FALLBACK,1673971200000,1
SOLUSDT,1674000000008,0.0001,22.92645937,MARK_PRICE_PREVIOUS_FALLBACK,1674000000000,8
SOLUSDT,1674028800009,0.0001,22.98694386,MARK_PRICE_PREVIOUS_FALLBACK,1674028800000,9
SOLUSDT,1674057600017,0.0001,21.591,MARK_PRICE_PREVIOUS_FALLBACK,1674057600000,17
SOLUSDT,1674086400000,0.0001,20.807,MARK_PRICE_EXACT_OPEN,1674086400000,0
SOLUSDT,1674115200015,0.0001,21.33630812,MARK_PRICE_PREVIOUS_FALLBACK,1674115200000,15
SOLUSDT,1674144000012,0.0001,21.02697063,MARK_PRICE_PREVIOUS_FALLBACK,1674144000000,12
SOLUSDT,1674172800000,0.0001,21.408,MARK_PRICE_EXACT_OPEN,1674172800000,0
SOLUSDT,1674201600000,0.0001,21.07254012,MARK_PRICE_EXACT_OPEN,1674201600000,0
SOLUSDT,1674230400000,0.0001,21.42,MARK_PRICE_EXACT_OPEN,1674230400000,0
SOLUSDT,1674259200013,0.0001,25.599,MARK_PRICE_PREVIOUS_FALLBACK,1674259200000,13
SOLUSDT,1674288000001,0.00030268,25.63863953,MARK_PRICE_PREVIOUS_FALLBACK,1674288000000,1
SOLUSDT,1674316800016,0.0001,25.285,MARK_PRICE_PREVIOUS_FALLBACK,1674316800000,16
SOLUSDT,1674345600000,0.0001,24.564,MARK_PRICE_EXACT_OPEN,1674345600000,0
SOLUSDT,1674374400000,0.0001,25.13369144,MARK_PRICE_EXACT_OPEN,1674374400000,0
SOLUSDT,1674403200023,0.0001,25.006,MARK_PRICE_PREVIOUS_FALLBACK,1674403200000,23
SOLUSDT,1674432000014,0.0001,24.22432135,MARK_PRICE_PREVIOUS_FALLBACK,1674432000000,14
SOLUSDT,1674460800014,0.0001,24.445,MARK_PRICE_PREVIOUS_FALLBACK,1674460800000,14
SOLUSDT,1674489600016,0.0001,24.18172504,MARK_PRICE_PREVIOUS_FALLBACK,1674489600000,16
SOLUSDT,1674518400008,0.0001,24.34466604,MARK_PRICE_PREVIOUS_FALLBACK,1674518400000,8
SOLUSDT,1674547200008,0.00013079,24.81131366,MARK_PRICE_PREVIOUS_FALLBACK,1674547200000,8
SOLUSDT,1674576000000,0.0001,24.48704577,MARK_PRICE_EXACT_OPEN,1674576000000,0
SOLUSDT,1674604800012,0.0001,22.72449735,MARK_PRICE_PREVIOUS_FALLBACK,1674604800000,12
SOLUSDT,1674633600000,0.00001239,23.25566772,MARK_PRICE_EXACT_OPEN,1674633600000,0
SOLUSDT,1674662400010,0.0001,23.303,MARK_PRICE_PREVIOUS_FALLBACK,1674662400000,10
SOLUSDT,1674691200010,0.0001,24.57418667,MARK_PRICE_PREVIOUS_FALLBACK,1674691200000,10
SOLUSDT,1674720000003,0.0001,24.36280267,MARK_PRICE_PREVIOUS_FALLBACK,1674720000000,3
SOLUSDT,1674748800020,0.0001,24.32,MARK_PRICE_PREVIOUS_FALLBACK,1674748800000,20
SOLUSDT,1674777600008,0.0001,24.36256302,MARK_PRICE_PREVIOUS_FALLBACK,1674777600000,8
SOLUSDT,1674806400000,0.0001,24.0244163,MARK_PRICE_EXACT_OPEN,1674806400000,0
SOLUSDT,1674835200000,0.0001,23.85222601,MARK_PRICE_EXACT_OPEN,1674835200000,0
SOLUSDT,1674864000009,0.0001,24.4435122,MARK_PRICE_PREVIOUS_FALLBACK,1674864000000,9
SOLUSDT,1674892800018,0.00013046,24.35848977,MARK_PRICE_PREVIOUS_FALLBACK,1674892800000,18
SOLUSDT,1674921600005,0.0001,24.16916814,MARK_PRICE_PREVIOUS_FALLBACK,1674921600000,5
SOLUSDT,1674950400011,0.0001,24,MARK_PRICE_PREVIOUS_FALLBACK,1674950400000,11
SOLUSDT,1674979200000,0.0001,24.14224477,MARK_PRICE_EXACT_OPEN,1674979200000,0
SOLUSDT,1675008000008,0.0001,24.71492773,MARK_PRICE_PREVIOUS_FALLBACK,1675008000000,8
SOLUSDT,1675036800001,0.00050275,26.0566211,MARK_PRICE_PREVIOUS_FALLBACK,1675036800000,1
SOLUSDT,1675065600000,0.0001,25.394,MARK_PRICE_EXACT_OPEN,1675065600000,0
SOLUSDT,1675094400000,0.0001,24.38331842,MARK_PRICE_EXACT_OPEN,1675094400000,0
SOLUSDT,1675123200005,0.0001,23.95629104,MARK_PRICE_PREVIOUS_FALLBACK,1675123200000,5
SOLUSDT,1675152000000,0.0001,24.11915961,MARK_PRICE_EXACT_OPEN,1675152000000,0
SOLUSDT,1675180800007,0.0001,24.128,MARK_PRICE_PREVIOUS_FALLBACK,1675180800000,7
SOLUSDT,1675209600013,0.0001,23.941,MARK_PRICE_PREVIOUS_FALLBACK,1675209600000,13
SOLUSDT,1675238400000,0.0001,23.55672506,MARK_PRICE_EXACT_OPEN,1675238400000,0
SOLUSDT,1675267200012,0.0001,22.73116782,MARK_PRICE_PREVIOUS_FALLBACK,1675267200000,12
SOLUSDT,1675296000004,0.0001,25.03662004,MARK_PRICE_PREVIOUS_FALLBACK,1675296000000,4
SOLUSDT,1675324800023,0.00026236,24.851,MARK_PRICE_PREVIOUS_FALLBACK,1675324800000,23
SOLUSDT,1675353600003,0.0001,25.00036702,MARK_PRICE_PREVIOUS_FALLBACK,1675353600000,3
SOLUSDT,1675382400010,0.0001,24.35901939,MARK_PRICE_PREVIOUS_FALLBACK,1675382400000,10
SOLUSDT,1675411200000,0.00006262,24.31125762,MARK_PRICE_EXACT_OPEN,1675411200000,0
SOLUSDT,1675440000000,0.00007317,24.8534098,MARK_PRICE_EXACT_OPEN,1675440000000,0
SOLUSDT,1675468800010,0.0001,24.67644022,MARK_PRICE_PREVIOUS_FALLBACK,1675468800000,10
SOLUSDT,1675497600000,0.0001,24.498,MARK_PRICE_EXACT_OPEN,1675497600000,0
SOLUSDT,1675526400000,0.0001,24.70254499,MARK_PRICE_EXACT_OPEN,1675526400000,0
SOLUSDT,1675555200016,0.0001,24.26126912,MARK_PRICE_PREVIOUS_FALLBACK,1675555200000,16
SOLUSDT,1675584000009,-0.00008182,24.33847784,MARK_PRICE_PREVIOUS_FALLBACK,1675584000000,9
SOLUSDT,1675612800018,-0.00019779,23.59619895,MARK_PRICE_PREVIOUS_FALLBACK,1675612800000,18
SOLUSDT,1675641600001,-0.00004068,23.482,MARK_PRICE_PREVIOUS_FALLBACK,1675641600000,1
SOLUSDT,1675670400000,0.0001,23.345,MARK_PRICE_EXACT_OPEN,1675670400000,0
SOLUSDT,1675699200012,0.0001,23.44950899,MARK_PRICE_PREVIOUS_FALLBACK,1675699200000,12
SOLUSDT,1675728000004,-0.00011165,22.60843742,MARK_PRICE_PREVIOUS_FALLBACK,1675728000000,4
SOLUSDT,1675756800011,0.0000294,23.212,MARK_PRICE_PREVIOUS_FALLBACK,1675756800000,11
SOLUSDT,1675785600018,0.0001,23.012,MARK_PRICE_PREVIOUS_FALLBACK,1675785600000,18
SOLUSDT,1675814400009,-0.00001031,23.89203648,MARK_PRICE_PREVIOUS_FALLBACK,1675814400000,9
SOLUSDT,1675843200010,0.0001,23.77035856,MARK_PRICE_PREVIOUS_FALLBACK,1675843200000,10
SOLUSDT,1675872000000,0.0001,23.27936961,MARK_PRICE_EXACT_OPEN,1675872000000,0
SOLUSDT,1675900800014,0.0001,23.2292629,MARK_PRICE_PREVIOUS_FALLBACK,1675900800000,14
SOLUSDT,1675929600006,-0.00018909,22.802,MARK_PRICE_PREVIOUS_FALLBACK,1675929600000,6
SOLUSDT,1675958400001,0.0001,22.61636832,MARK_PRICE_PREVIOUS_FALLBACK,1675958400000,1
SOLUSDT,1675987200012,0.0001,20.513,MARK_PRICE_PREVIOUS_FALLBACK,1675987200000,12
SOLUSDT,1676016000005,-0.0001841,21.13701421,MARK_PRICE_PREVIOUS_FALLBACK,1676016000000,5
SOLUSDT,1676044800020,-0.00011823,20.704,MARK_PRICE_PREVIOUS_FALLBACK,1676044800000,20
SOLUSDT,1676073600007,-0.00020422,20.19312978,MARK_PRICE_PREVIOUS_FALLBACK,1676073600000,7
SOLUSDT,1676102400002,-0.00007827,20.32788381,MARK_PRICE_PREVIOUS_FALLBACK,1676102400000,2
SOLUSDT,1676131200021,-0.00029396,20.4914572,MARK_PRICE_PREVIOUS_FALLBACK,1676131200000,21
SOLUSDT,1676160000004,-0.00043025,20.7725497,MARK_PRICE_PREVIOUS_FALLBACK,1676160000000,4
SOLUSDT,1676188800000,-0.00045565,20.82239838,MARK_PRICE_EXACT_OPEN,1676188800000,0
SOLUSDT,1676217600002,-0.00025702,21.41225083,MARK_PRICE_PREVIOUS_FALLBACK,1676217600000,2
SOLUSDT,1676246400006,-0.00021151,21.449,MARK_PRICE_PREVIOUS_FALLBACK,1676246400000,6
SOLUSDT,1676275200008,-0.00021904,21.16690959,MARK_PRICE_PREVIOUS_FALLBACK,1676275200000,8
SOLUSDT,1676304000002,0.0001,20.37462329,MARK_PRICE_PREVIOUS_FALLBACK,1676304000000,2
SOLUSDT,1676332800013,-0.00020755,20.759,MARK_PRICE_PREVIOUS_FALLBACK,1676332800000,13
SOLUSDT,1676361600014,-0.00022864,21.041,MARK_PRICE_PREVIOUS_FALLBACK,1676361600000,14
SOLUSDT,1676390400016,0.00001781,21.94160668,MARK_PRICE_PREVIOUS_FALLBACK,1676390400000,16
SOLUSDT,1676419200011,0.00009858,21.86285138,MARK_PRICE_PREVIOUS_FALLBACK,1676419200000,11
SOLUSDT,1676448000000,0.00008397,21.5184923,MARK_PRICE_EXACT_OPEN,1676448000000,0
SOLUSDT,1676476800005,-0.00007224,22.42690165,MARK_PRICE_PREVIOUS_FALLBACK,1676476800000,5
SOLUSDT,1676505600019,0.0001,23.86717195,MARK_PRICE_PREVIOUS_FALLBACK,1676505600000,19
SOLUSDT,1676534400000,0.0001,23.728,MARK_PRICE_EXACT_OPEN,1676534400000,0
SOLUSDT,1676563200001,0.0001,23.934,MARK_PRICE_PREVIOUS_FALLBACK,1676563200000,1
SOLUSDT,1676592000003,0.0001,22.22769576,MARK_PRICE_PREVIOUS_FALLBACK,1676592000000,3
SOLUSDT,1676620800016,0.0001,22.54779599,MARK_PRICE_PREVIOUS_FALLBACK,1676620800000,16
SOLUSDT,1676649600000,0.0001,22.79560512,MARK_PRICE_EXACT_OPEN,1676649600000,0
SOLUSDT,1676678400011,0.0001,23.15775806,MARK_PRICE_PREVIOUS_FALLBACK,1676678400000,11
SOLUSDT,1676707200000,0.0001,23.23020137,MARK_PRICE_EXACT_OPEN,1676707200000,0
SOLUSDT,1676736000007,0.0001,23.449,MARK_PRICE_PREVIOUS_FALLBACK,1676736000000,7
SOLUSDT,1676764800019,0.0001,23.44938225,MARK_PRICE_PREVIOUS_FALLBACK,1676764800000,19
SOLUSDT,1676793600005,0.0001,23.553,MARK_PRICE_PREVIOUS_FALLBACK,1676793600000,5
SOLUSDT,1676822400003,0.00014645,25.338,MARK_PRICE_PREVIOUS_FALLBACK,1676822400000,3
SOLUSDT,1676851200006,0.00017117,24.90811578,MARK_PRICE_PREVIOUS_FALLBACK,1676851200000,6
SOLUSDT,1676880000008,0.00019193,26.51857346,MARK_PRICE_PREVIOUS_FALLBACK,1676880000000,8
SOLUSDT,1676908800006,0.0001276,26.53645088,MARK_PRICE_PREVIOUS_FALLBACK,1676908800000,6
SOLUSDT,1676937600001,0.0001,26.335,MARK_PRICE_PREVIOUS_FALLBACK,1676937600000,1
SOLUSDT,1676966400004,0.00016004,26.00674184,MARK_PRICE_PREVIOUS_FALLBACK,1676966400000,4
SOLUSDT,1676995200011,0.0001,25.07356073,MARK_PRICE_PREVIOUS_FALLBACK,1676995200000,11
SOLUSDT,1677024000009,0.0001,24.964,MARK_PRICE_PREVIOUS_FALLBACK,1677024000000,9
SOLUSDT,1677052800010,0.0001,23.814,MARK_PRICE_PREVIOUS_FALLBACK,1677052800000,10
SOLUSDT,1677081600000,0.0001,23.66848177,MARK_PRICE_EXACT_OPEN,1677081600000,0
SOLUSDT,1677110400006,0.0001,24.173,MARK_PRICE_PREVIOUS_FALLBACK,1677110400000,6
SOLUSDT,1677139200005,0.0001,24.46518542,MARK_PRICE_PREVIOUS_FALLBACK,1677139200000,5
SOLUSDT,1677168000002,0.0001,23.888,MARK_PRICE_PREVIOUS_FALLBACK,1677168000000,2
SOLUSDT,1677196800015,0.0001,23.912,MARK_PRICE_PREVIOUS_FALLBACK,1677196740000,60015
SOLUSDT,1677225600011,0.0001,,MARK_PRICE_TOO_STALE,1677196740000,28860011
SOLUSDT,1677254400014,0.0001,,MARK_PRICE_TOO_STALE,1677196740000,57660014
SOLUSDT,1677283200015,-0.00003219,23.073,MARK_PRICE_PREVIOUS_FALLBACK,1677283200000,15
SOLUSDT,1677312000015,0.0001,22.92055942,MARK_PRICE_PREVIOUS_FALLBACK,1677312000000,15
SOLUSDT,1677340800015,0.0001,22.33377648,MARK_PRICE_PREVIOUS_FALLBACK,1677340800000,15
SOLUSDT,1677369600007,-0.00004144,22.35749206,MARK_PRICE_PREVIOUS_FALLBACK,1677369600000,7
SOLUSDT,1677398400012,-0.00007838,22.78563227,MARK_PRICE_PREVIOUS_FALLBACK,1677398400000,12
SOLUSDT,1677427200000,-0.00001898,22.92410848,MARK_PRICE_EXACT_OPEN,1677427200000,0
SOLUSDT,1677456000011,0.00005327,23.25492404,MARK_PRICE_PREVIOUS_FALLBACK,1677456000000,11
SOLUSDT,1677484800003,0.0001,22.894,MARK_PRICE_PREVIOUS_FALLBACK,1677484800000,3
SOLUSDT,1677513600000,0.00008837,23.05,MARK_PRICE_EXACT_OPEN,1677513600000,0
SOLUSDT,1677542400011,0.0000576,22.678,MARK_PRICE_PREVIOUS_FALLBACK,1677542400000,11
SOLUSDT,1677571200018,0.0001,22.057,MARK_PRICE_PREVIOUS_FALLBACK,1677571200000,18
SOLUSDT,1677600000005,0.00008349,22.55654011,MARK_PRICE_PREVIOUS_FALLBACK,1677600000000,5
SOLUSDT,1677628800016,0.00005877,21.87517211,MARK_PRICE_PREVIOUS_FALLBACK,1677628800000,16
SOLUSDT,1677657600000,0.0001,22.579,MARK_PRICE_EXACT_OPEN,1677657600000,0
SOLUSDT,1677686400008,0.0001,22.644,MARK_PRICE_PREVIOUS_FALLBACK,1677686400000,8
SOLUSDT,1677715200009,0.0001,22.517,MARK_PRICE_PREVIOUS_FALLBACK,1677715200000,9
SOLUSDT,1677744000013,0.0001,21.96,MARK_PRICE_PREVIOUS_FALLBACK,1677744000000,13
SOLUSDT,1677772800000,-0.00008101,21.82227733,MARK_PRICE_EXACT_OPEN,1677772800000,0
SOLUSDT,1677801600000,0.00002047,21.991,MARK_PRICE_EXACT_OPEN,1677801600000,0
SOLUSDT,1677830400013,0.00002627,21.0788902,MARK_PRICE_PREVIOUS_FALLBACK,1677830400000,13
SOLUSDT,1677859200000,0.00009745,21.25615829,MARK_PRICE_EXACT_OPEN,1677859200000,0
SOLUSDT,1677888000001,0.00006271,21.38249105,MARK_PRICE_PREVIOUS_FALLBACK,1677888000000,1
SOLUSDT,1677916800008,0.00004321,21.15847335,MARK_PRICE_PREVIOUS_FALLBACK,1677916800000,8
SOLUSDT,1677945600012,0.0001,20.94712345,MARK_PRICE_PREVIOUS_FALLBACK,1677945600000,12
SOLUSDT,1677974400000,0.0001,20.97797878,MARK_PRICE_EXACT_OPEN,1677974400000,0
SOLUSDT,1678003200000,0.0001,21.29824967,MARK_PRICE_EXACT_OPEN,1678003200000,0
SOLUSDT,1678032000015,0.0001,21.27199715,MARK_PRICE_PREVIOUS_FALLBACK,1678032000000,15
SOLUSDT,1678060800007,0.0001,20.934,MARK_PRICE_PREVIOUS_FALLBACK,1678060800000,7
SOLUSDT,1678089600017,0.00003586,20.753,MARK_PRICE_PREVIOUS_FALLBACK,1678089600000,17
SOLUSDT,1678118400000,-0.00002168,21.046,MARK_PRICE_EXACT_OPEN,1678118400000,0
SOLUSDT,1678147200009,-0.000096,20.62306968,MARK_PRICE_PREVIOUS_FALLBACK,1678147200000,9
SOLUSDT,1678176000016,-0.00007843,20.699,MARK_PRICE_PREVIOUS_FALLBACK,1678176000000,16
SOLUSDT,1678204800017,-0.00011785,20.39114439,MARK_PRICE_PREVIOUS_FALLBACK,1678204800000,17
SOLUSDT,1678233600000,-0.00005279,20.233,MARK_PRICE_EXACT_OPEN,1678233600000,0
SOLUSDT,1678262400014,-0.00015628,19.223,MARK_PRICE_PREVIOUS_FALLBACK,1678262400000,14
SOLUSDT,1678291200021,-0.00015932,19.234,MARK_PRICE_PREVIOUS_FALLBACK,1678291200000,21
SOLUSDT,1678320000010,-0.0000486,18.461,MARK_PRICE_PREVIOUS_FALLBACK,1678320000000,10
SOLUSDT,1678348800013,-0.00015189,18.49882199,MARK_PRICE_PREVIOUS_FALLBACK,1678348800000,13
SOLUSDT,1678377600002,0.0001,18.35945944,MARK_PRICE_PREVIOUS_FALLBACK,1678377600000,2
SOLUSDT,1678406400000,-0.00018592,17.318,MARK_PRICE_EXACT_OPEN,1678406400000,0
SOLUSDT,1678435200000,0.00008585,16.977,MARK_PRICE_EXACT_OPEN,1678435200000,0
SOLUSDT,1678464000005,-0.00019429,17.59543821,MARK_PRICE_PREVIOUS_FALLBACK,1678464000000,5
SOLUSDT,1678492800011,-0.00036773,18.14717243,MARK_PRICE_PREVIOUS_FALLBACK,1678492800000,11
SOLUSDT,1678521600003,-0.0001919,17.114,MARK_PRICE_PREVIOUS_FALLBACK,1678521600000,3
SOLUSDT,1678550400011,-0.00035499,17.12592929,MARK_PRICE_PREVIOUS_FALLBACK,1678550400000,11
SOLUSDT,1678579200001,-0.00013186,18.031,MARK_PRICE_PREVIOUS_FALLBACK,1678579200000,1
SOLUSDT,1678608000000,0.000068,17.829,MARK_PRICE_EXACT_OPEN,1678608000000,0
SOLUSDT,1678636800005,-0.00019726,17.78627233,MARK_PRICE_PREVIOUS_FALLBACK,1678636800000,5
SOLUSDT,1678665600010,0.0001,20.19995406,MARK_PRICE_PREVIOUS_FALLBACK,1678665600000,10
SOLUSDT,1678694400018,0.0001,19.75608685,MARK_PRICE_PREVIOUS_FALLBACK,1678694400000,18
SOLUSDT,1678723200003,0.0001,20.76585882,MARK_PRICE_PREVIOUS_FALLBACK,1678723200000,3
SOLUSDT,1678752000010,0.0001,20.39474981,MARK_PRICE_PREVIOUS_FALLBACK,1678752000000,10
SOLUSDT,1678780800009,0.0001,20.02627186,MARK_PRICE_PREVIOUS_FALLBACK,1678780800000,9
SOLUSDT,1678809600010,0.0001,21.91120656,MARK_PRICE_PREVIOUS_FALLBACK,1678809600000,10
SOLUSDT,1678838400011,0.00018064,20.90199982,MARK_PRICE_PREVIOUS_FALLBACK,1678838400000,11
SOLUSDT,1678867200000,0.0001,21.241,MARK_PRICE_EXACT_OPEN,1678867200000,0
SOLUSDT,1678896000012,0.0001,19.17254152,MARK_PRICE_PREVIOUS_FALLBACK,1678896000000,12
SOLUSDT,1678924800004,-0.00010063,19.19089905,MARK_PRICE_PREVIOUS_FALLBACK,1678924800000,4
SOLUSDT,1678953600018,0.0001,19.519,MARK_PRICE_PREVIOUS_FALLBACK,1678953600000,18
SOLUSDT,1678982400005,-0.00017595,19.56742027,MARK_PRICE_PREVIOUS_FALLBACK,1678982400000,5
SOLUSDT,1679011200017,0.00000618,19.658,MARK_PRICE_PREVIOUS_FALLBACK,1679011200000,17
SOLUSDT,1679040000010,-0.00003828,20.011,MARK_PRICE_PREVIOUS_FALLBACK,1679040000000,10
SOLUSDT,1679068800003,-0.0000587,20.01825261,MARK_PRICE_PREVIOUS_FALLBACK,1679068800000,3
SOLUSDT,1679097600012,0.0001,21.59177126,MARK_PRICE_PREVIOUS_FALLBACK,1679097600000,12
SOLUSDT,1679126400000,0.00027581,22.196,MARK_PRICE_EXACT_OPEN,1679126400000,0
SOLUSDT,1679155200016,0.0001,21.78939403,MARK_PRICE_PREVIOUS_FALLBACK,1679155200000,16
SOLUSDT,1679184000013,0.0001,21.2305887,MARK_PRICE_PREVIOUS_FALLBACK,1679184000000,13
SOLUSDT,1679212800024,0.0001,21.56257554,MARK_PRICE_PREVIOUS_FALLBACK,1679212800000,24
SOLUSDT,1679241600000,0.0001,22.01641004,MARK_PRICE_EXACT_OPEN,1679241600000,0
SOLUSDT,1679270400005,0.0001,21.86727036,MARK_PRICE_PREVIOUS_FALLBACK,1679270400000,5
SOLUSDT,1679299200012,0.0001,23.16471449,MARK_PRICE_PREVIOUS_FALLBACK,1679299200000,12
SOLUSDT,1679328000015,0.0001,23.21765669,MARK_PRICE_PREVIOUS_FALLBACK,1679328000000,15
SOLUSDT,1679356800006,0.0001,22.10322206,MARK_PRICE_PREVIOUS_FALLBACK,1679356800000,6
SOLUSDT,1679385600004,0.0001,21.91638293,MARK_PRICE_PREVIOUS_FALLBACK,1679385600000,4
SOLUSDT,1679414400003,0.0001,22.881,MARK_PRICE_PREVIOUS_FALLBACK,1679414400000,3
SOLUSDT,1679443200000,0.0001,22.52822087,MARK_PRICE_EXACT_OPEN,1679443200000,0
SOLUSDT,1679472000003,0.00006109,22.278,MARK_PRICE_PREVIOUS_FALLBACK,1679472000000,3
SOLUSDT,1679500800000,0.0001,22.624,MARK_PRICE_EXACT_OPEN,1679500800000,0
SOLUSDT,1679529600016,-0.00008698,21.39726404,MARK_PRICE_PREVIOUS_FALLBACK,1679529600000,16
SOLUSDT,1679558400001,0.00001638,21.71147775,MARK_PRICE_PREVIOUS_FALLBACK,1679558400000,1
SOLUSDT,1679587200013,0.0001,22.443,MARK_PRICE_PREVIOUS_FALLBACK,1679587200000,13
SOLUSDT,1679616000013,0.0001,22.185,MARK_PRICE_PREVIOUS_FALLBACK,1679616000000,13
SOLUSDT,1679644800012,0.0001,21.9736456,MARK_PRICE_PREVIOUS_FALLBACK,1679644800000,12
SOLUSDT,1679673600027,0.0001,21.228,MARK_PRICE_PREVIOUS_FALLBACK,1679673600000,27
SOLUSDT,1679702400015,-0.00006551,20.646,MARK_PRICE_PREVIOUS_FALLBACK,1679702400000,15
SOLUSDT,1679731200011,-0.00005825,20.628,MARK_PRICE_PREVIOUS_FALLBACK,1679731200000,11
SOLUSDT,1679760000011,-0.000046,20.892,MARK_PRICE_PREVIOUS_FALLBACK,1679760000000,11
SOLUSDT,1679788800000,-0.00010361,20.39906618,MARK_PRICE_EXACT_OPEN,1679788800000,0
SOLUSDT,1679817600015,-0.00002291,20.74744358,MARK_PRICE_PREVIOUS_FALLBACK,1679817600000,15
SOLUSDT,1679846400000,-0.00004191,20.81104056,MARK_PRICE_EXACT_OPEN,1679846400000,0
SOLUSDT,1679875200019,0.0001,20.945,MARK_PRICE_PREVIOUS_FALLBACK,1679875200000,19
SOLUSDT,1679904000009,0.00003888,20.42581996,MARK_PRICE_PREVIOUS_FALLBACK,1679904000000,9
SOLUSDT,1679932800000,0.00002013,19.76075114,MARK_PRICE_EXACT_OPEN,1679932800000,0
SOLUSDT,1679961600007,-0.00017394,19.881,MARK_PRICE_PREVIOUS_FALLBACK,1679961600000,7
SOLUSDT,1679990400000,0.0000836,19.87,MARK_PRICE_EXACT_OPEN,1679990400000,0
SOLUSDT,1680019200013,-0.00002188,20.19745942,MARK_PRICE_PREVIOUS_FALLBACK,1680019200000,13
SOLUSDT,1680048000010,-0.00016763,20.46181181,MARK_PRICE_PREVIOUS_FALLBACK,1680048000000,10
SOLUSDT,1680076800006,0.0001,21.236,MARK_PRICE_PREVIOUS_FALLBACK,1680076800000,6
SOLUSDT,1680105600014,0.00008936,21.23685206,MARK_PRICE_PREVIOUS_FALLBACK,1680105600000,14
SOLUSDT,1680134400000,0.00004312,21.09048753,MARK_PRICE_EXACT_OPEN,1680134400000,0
SOLUSDT,1680163200000,0.00007675,21.01111872,MARK_PRICE_EXACT_OPEN,1680163200000,0
SOLUSDT,1680192000006,-0.0000611,20.48985685,MARK_PRICE_PREVIOUS_FALLBACK,1680192000000,6
SOLUSDT,1680220800003,-0.00011842,20.542,MARK_PRICE_PREVIOUS_FALLBACK,1680220800000,3
SOLUSDT,1680249600006,-0.00003734,20.2703557,MARK_PRICE_PREVIOUS_FALLBACK,1680249600000,6
SOLUSDT,1680278400011,-0.00001814,20.84814037,MARK_PRICE_PREVIOUS_FALLBACK,1680278400000,11
SOLUSDT,1680307200000,0.0001,21.16214667,MARK_PRICE_EXACT_OPEN,1680307200000,0
SOLUSDT,1680336000000,0.0001,21.00918855,MARK_PRICE_EXACT_OPEN,1680336000000,0
SOLUSDT,1680364800018,0.0001,20.95251181,MARK_PRICE_PREVIOUS_FALLBACK,1680364800000,18
SOLUSDT,1680393600013,0.0001,21.077,MARK_PRICE_PREVIOUS_FALLBACK,1680393600000,13
SOLUSDT,1680422400014,0.0001,21.2,MARK_PRICE_PREVIOUS_FALLBACK,1680422400000,14
SOLUSDT,1680451200001,0.00000611,20.52029688,MARK_PRICE_PREVIOUS_FALLBACK,1680451200000,1
SOLUSDT,1680480000000,-0.00014684,20.509,MARK_PRICE_EXACT_OPEN,1680480000000,0
SOLUSDT,1680508800013,0.0000236,20.26,MARK_PRICE_PREVIOUS_FALLBACK,1680508800000,13
SOLUSDT,1680537600011,0.00007659,20.261,MARK_PRICE_PREVIOUS_FALLBACK,1680537600000,11
SOLUSDT,1680566400002,0.00007915,20.47,MARK_PRICE_PREVIOUS_FALLBACK,1680566400000,2
SOLUSDT,1680595200017,0.00002383,20.526,MARK_PRICE_PREVIOUS_FALLBACK,1680595200000,17
SOLUSDT,1680624000008,0.0001,20.83890181,MARK_PRICE_PREVIOUS_FALLBACK,1680624000000,8
SOLUSDT,1680652800000,0.0001,20.91234506,MARK_PRICE_EXACT_OPEN,1680652800000,0
SOLUSDT,1680681600016,0.0001,21.197,MARK_PRICE_PREVIOUS_FALLBACK,1680681600000,16
SOLUSDT,1680710400004,0.0001,20.76232663,MARK_PRICE_PREVIOUS_FALLBACK,1680710400000,4
SOLUSDT,1680739200000,0.0001,20.9644556,MARK_PRICE_EXACT_OPEN,1680739200000,0
SOLUSDT,1680768000011,0.00008021,20.57704962,MARK_PRICE_PREVIOUS_FALLBACK,1680768000000,11
SOLUSDT,1680796800000,0.00001019,20.73249821,MARK_PRICE_EXACT_OPEN,1680796800000,0
SOLUSDT,1680825600006,4.2e-7,20.60924125,MARK_PRICE_PREVIOUS_FALLBACK,1680825600000,6
SOLUSDT,1680854400005,-0.00007207,20.2546023,MARK_PRICE_PREVIOUS_FALLBACK,1680854400000,5
SOLUSDT,1680883200000,0.00000205,20.52883722,MARK_PRICE_EXACT_OPEN,1680883200000,0
SOLUSDT,1680912000000,0.0001,20.433,MARK_PRICE_EXACT_OPEN,1680912000000,0
SOLUSDT,1680940800014,0.00004752,20.59989436,MARK_PRICE_PREVIOUS_FALLBACK,1680940800000,14
SOLUSDT,1680969600018,0.00008084,20.435,MARK_PRICE_PREVIOUS_FALLBACK,1680969600000,18
SOLUSDT,1680998400013,0.00000852,20.02123315,MARK_PRICE_PREVIOUS_FALLBACK,1680998400000,13
SOLUSDT,1681027200024,-0.00001384,19.997,MARK_PRICE_PREVIOUS_FALLBACK,1681027200000,24
SOLUSDT,1681056000010,0.00008973,20.122,MARK_PRICE_PREVIOUS_FALLBACK,1681056000000,10
SOLUSDT,1681084800000,0.0001,20.278,MARK_PRICE_EXACT_OPEN,1681084800000,0
SOLUSDT,1681113600010,0.00006116,20.243,MARK_PRICE_PREVIOUS_FALLBACK,1681113600000,10
SOLUSDT,1681142400006,0.0001,20.212,MARK_PRICE_PREVIOUS_FALLBACK,1681142400000,6
SOLUSDT,1681171200008,0.0001,20.901,MARK_PRICE_PREVIOUS_FALLBACK,1681171200000,8
SOLUSDT,1681200000007,0.0001,22.52160554,MARK_PRICE_PREVIOUS_FALLBACK,1681200000000,7
SOLUSDT,1681228800016,0.0001,23.31770551,MARK_PRICE_PREVIOUS_FALLBACK,1681228800000,16
SOLUSDT,1681257600006,0.0001,23.068,MARK_PRICE_PREVIOUS_FALLBACK,1681257600000,6
SOLUSDT,1681286400008,0.0001,23.67956883,MARK_PRICE_PREVIOUS_FALLBACK,1681286400000,8
SOLUSDT,1681315200014,0.0001,23.585,MARK_PRICE_PREVIOUS_FALLBACK,1681315200000,14
SOLUSDT,1681344000027,0.00002795,23.842,MARK_PRICE_PREVIOUS_FALLBACK,1681344000000,27
SOLUSDT,1681372800010,0.00006992,24.147,MARK_PRICE_PREVIOUS_FALLBACK,1681372800000,10
SOLUSDT,1681401600000,0.0001,24.61365235,MARK_PRICE_EXACT_OPEN,1681401600000,0
SOLUSDT,1681430400001,0.0001,24.40124,MARK_PRICE_PREVIOUS_FALLBACK,1681430400000,1
SOLUSDT,1681459200008,0.0001,24.93893372,MARK_PRICE_PREVIOUS_FALLBACK,1681459200000,8
SOLUSDT,1681488000007,0.0001,23.828,MARK_PRICE_PREVIOUS_FALLBACK,1681488000000,7
SOLUSDT,1681516800007,0.0001,24.72466098,MARK_PRICE_PREVIOUS_FALLBACK,1681516800000,7
SOLUSDT,1681545600007,0.0001,24.431,MARK_PRICE_PREVIOUS_FALLBACK,1681545600000,7
SOLUSDT,1681574400011,0.0001,24.3247859,MARK_PRICE_PREVIOUS_FALLBACK,1681574400000,11
SOLUSDT,1681603200014,0.0001,24.04156226,MARK_PRICE_PREVIOUS_FALLBACK,1681603200000,14
SOLUSDT,1681632000007,0.00025575,24.248,MARK_PRICE_PREVIOUS_FALLBACK,1681632000000,7
SOLUSDT,1681660800002,0.0001,24.327,MARK_PRICE_PREVIOUS_FALLBACK,1681660800000,2
SOLUSDT,1681689600017,0.0002925,25.38422865,MARK_PRICE_PREVIOUS_FALLBACK,1681689600000,17
SOLUSDT,1681718400006,0.00035646,25.15660052,MARK_PRICE_PREVIOUS_FALLBACK,1681718400000,6
SOLUSDT,1681747200000,0.00013821,24.549,MARK_PRICE_EXACT_OPEN,1681747200000,0
SOLUSDT,1681776000013,0.0001,24.55637959,MARK_PRICE_PREVIOUS_FALLBACK,1681776000000,13
SOLUSDT,1681804800017,0.0001,25.09968827,MARK_PRICE_PREVIOUS_FALLBACK,1681804800000,17
SOLUSDT,1681833600000,0.0001,24.944,MARK_PRICE_EXACT_OPEN,1681833600000,0
SOLUSDT,1681862400022,0.0001,24.81683925,MARK_PRICE_PREVIOUS_FALLBACK,1681862400000,22
SOLUSDT,1681891200014,0.0001,24.33468892,MARK_PRICE_PREVIOUS_FALLBACK,1681891200000,14
SOLUSDT,1681920000000,-0.00005574,23.322,MARK_PRICE_EXACT_OPEN,1681920000000,0
SOLUSDT,1681948800010,0.0001,22.637,MARK_PRICE_PREVIOUS_FALLBACK,1681948800000,10
SOLUSDT,1681977600012,0.0001,22.61,MARK_PRICE_PREVIOUS_FALLBACK,1681977600000,12
SOLUSDT,1682006400012,0.0001,22.121,MARK_PRICE_PREVIOUS_FALLBACK,1682006400000,12
SOLUSDT,1682035200009,-0.00003575,22.14975269,MARK_PRICE_PREVIOUS_FALLBACK,1682035200000,9
SOLUSDT,1682064000009,0.0001,22.28508799,MARK_PRICE_PREVIOUS_FALLBACK,1682064000000,9
SOLUSDT,1682092800003,0.0001,21.871,MARK_PRICE_PREVIOUS_FALLBACK,1682092800000,3
SOLUSDT,1682121600000,-0.00001147,21.24874148,MARK_PRICE_EXACT_OPEN,1682121600000,0
SOLUSDT,1682150400000,0.00000914,21.27,MARK_PRICE_EXACT_OPEN,1682150400000,0
SOLUSDT,1682179200016,-0.00003008,21.67722197,MARK_PRICE_PREVIOUS_FALLBACK,1682179200000,16
SOLUSDT,1682208000009,-0.00004662,21.76741429,MARK_PRICE_PREVIOUS_FALLBACK,1682208000000,9
SOLUSDT,1682236800020,0.00007476,22.06442354,MARK_PRICE_PREVIOUS_FALLBACK,1682236800000,20
SOLUSDT,1682265600007,0.00009355,21.61459234,MARK_PRICE_PREVIOUS_FALLBACK,1682265600000,7
SOLUSDT,1682294400000,0.00000383,21.462,MARK_PRICE_EXACT_OPEN,1682294400000,0
SOLUSDT,1682323200008,0.00009297,21.283,MARK_PRICE_PREVIOUS_FALLBACK,1682323200000,8
SOLUSDT,1682352000006,0.0001,21.33276022,MARK_PRICE_PREVIOUS_FALLBACK,1682352000000,6
SOLUSDT,1682380800014,-0.0000161,21.37774398,MARK_PRICE_PREVIOUS_FALLBACK,1682380800000,14
SOLUSDT,1682409600009,-0.00002918,20.881,MARK_PRICE_PREVIOUS_FALLBACK,1682409600000,9
SOLUSDT,1682438400015,0.00001692,20.86091228,MARK_PRICE_PREVIOUS_FALLBACK,1682438400000,15
SOLUSDT,1682467200015,0.00005839,21.956,MARK_PRICE_PREVIOUS_FALLBACK,1682467200000,15
SOLUSDT,1682496000013,0.00001365,21.939262,MARK_PRICE_PREVIOUS_FALLBACK,1682496000000,13
SOLUSDT,1682524800001,0.0001,22.662,MARK_PRICE_PREVIOUS_FALLBACK,1682524800000,1
SOLUSDT,1682553600014,-0.00012155,21.2221086,MARK_PRICE_PREVIOUS_FALLBACK,1682553600000,14
SOLUSDT,1682582400008,0.0000206,21.65653224,MARK_PRICE_PREVIOUS_FALLBACK,1682582400000,8
SOLUSDT,1682611200005,0.00005188,22.298,MARK_PRICE_PREVIOUS_FALLBACK,1682611200000,5
SOLUSDT,1682640000011,0.0001,22.362,MARK_PRICE_PREVIOUS_FALLBACK,1682640000000,11
SOLUSDT,1682668800007,0.0001,22.58175847,MARK_PRICE_PREVIOUS_FALLBACK,1682668800000,7
SOLUSDT,1682697600006,0.0001,22.37887757,MARK_PRICE_PREVIOUS_FALLBACK,1682697600000,6
SOLUSDT,1682726400004,0.00006328,23.356,MARK_PRICE_PREVIOUS_FALLBACK,1682726400000,4
SOLUSDT,1682755200016,0.0001,23.25991714,MARK_PRICE_PREVIOUS_FALLBACK,1682755200000,16
SOLUSDT,1682784000001,0.0001,23.349,MARK_PRICE_PREVIOUS_FALLBACK,1682784000000,1
SOLUSDT,1682812800008,0.00005413,23.172,MARK_PRICE_PREVIOUS_FALLBACK,1682812800000,8
SOLUSDT,1682841600000,0.00007129,23.412,MARK_PRICE_EXACT_OPEN,1682841600000,0
SOLUSDT,1682870400010,0.0001,23.771,MARK_PRICE_PREVIOUS_FALLBACK,1682870400000,10
SOLUSDT,1682899200004,0.0001,22.759,MARK_PRICE_PREVIOUS_FALLBACK,1682899200000,4
SOLUSDT,1682928000008,0.00001535,22.29058742,MARK_PRICE_PREVIOUS_FALLBACK,1682928000000,8
SOLUSDT,1682956800014,0.0001,21.853,MARK_PRICE_PREVIOUS_FALLBACK,1682956800000,14
SOLUSDT,1682985600015,0.00000698,21.903,MARK_PRICE_PREVIOUS_FALLBACK,1682985600000,15
SOLUSDT,1683014400018,0.00003889,21.87637848,MARK_PRICE_PREVIOUS_FALLBACK,1683014400000,18
SOLUSDT,1683043200000,-0.00004732,22.17866937,MARK_PRICE_EXACT_OPEN,1683043200000,0
SOLUSDT,1683072000009,0.00002069,22.24133924,MARK_PRICE_PREVIOUS_FALLBACK,1683072000000,9
SOLUSDT,1683100800003,0.00003138,21.72978563,MARK_PRICE_PREVIOUS_FALLBACK,1683100800000,3
SOLUSDT,1683129600011,0.00003849,21.31805732,MARK_PRICE_PREVIOUS_FALLBACK,1683129600000,11
SOLUSDT,1683158400000,-0.00000227,22.226,MARK_PRICE_EXACT_OPEN,1683158400000,0
SOLUSDT,1683187200000,0.0001,22.105,MARK_PRICE_EXACT_OPEN,1683187200000,0
SOLUSDT,1683216000011,0.0001,21.78206705,MARK_PRICE_PREVIOUS_FALLBACK,1683216000000,11
SOLUSDT,1683244800002,0.0001,21.722016,MARK_PRICE_PREVIOUS_FALLBACK,1683244800000,2
SOLUSDT,1683273600000,0.00003223,21.776,MARK_PRICE_EXACT_OPEN,1683273600000,0
SOLUSDT,1683302400000,0.0001,22.31544075,MARK_PRICE_EXACT_OPEN,1683302400000,0
SOLUSDT,1683331200009,0.0001,22.81455516,MARK_PRICE_PREVIOUS_FALLBACK,1683331200000,9
SOLUSDT,1683360000000,0.0001,22.629,MARK_PRICE_EXACT_OPEN,1683360000000,0
SOLUSDT,1683388800000,0.00002441,21.77065939,MARK_PRICE_EXACT_OPEN,1683388800000,0
SOLUSDT,1683417600000,0.00003648,21.909,MARK_PRICE_EXACT_OPEN,1683417600000,0
SOLUSDT,1683446400000,-0.0000212,22.042,MARK_PRICE_EXACT_OPEN,1683446400000,0
SOLUSDT,1683475200006,0.00006249,22.48273994,MARK_PRICE_PREVIOUS_FALLBACK,1683475200000,6
SOLUSDT,1683504000000,0.0001,21.659,MARK_PRICE_EXACT_OPEN,1683504000000,0
SOLUSDT,1683532800007,-0.00007742,21.19152023,MARK_PRICE_PREVIOUS_FALLBACK,1683532800000,7
SOLUSDT,1683561600015,0.00002595,21.13165316,MARK_PRICE_PREVIOUS_FALLBACK,1683561600000,15
SOLUSDT,1683590400015,-0.00019637,20.57362485,MARK_PRICE_PREVIOUS_FALLBACK,1683590400000,15
SOLUSDT,1683619200000,-0.00005327,20.68110207,MARK_PRICE_EXACT_OPEN,1683619200000,0
SOLUSDT,1683648000000,-0.00005678,20.5390143,MARK_PRICE_EXACT_OPEN,1683648000000,0
SOLUSDT,1683676800007,-0.00004287,20.63928055,MARK_PRICE_PREVIOUS_FALLBACK,1683676800000,7
SOLUSDT,1683705600003,0.00002809,20.552,MARK_PRICE_PREVIOUS_FALLBACK,1683705600000,3
SOLUSDT,1683734400000,-2.9e-7,21.074,MARK_PRICE_EXACT_OPEN,1683734400000,0
SOLUSDT,1683763200011,0.00007952,20.91584087,MARK_PRICE_PREVIOUS_FALLBACK,1683763200000,11
SOLUSDT,1683792000000,0.00002605,20.58306455,MARK_PRICE_EXACT_OPEN,1683792000000,0
SOLUSDT,1683820800005,0.00002286,20.12240953,MARK_PRICE_PREVIOUS_FALLBACK,1683820800000,5
SOLUSDT,1683849600020,0.00001031,20.143,MARK_PRICE_PREVIOUS_FALLBACK,1683849600000,20
SOLUSDT,1683878400001,0.00008362,20.093,MARK_PRICE_PREVIOUS_FALLBACK,1683878400000,1
SOLUSDT,1683907200010,0.00000803,20.27258163,MARK_PRICE_PREVIOUS_FALLBACK,1683907200000,10
SOLUSDT,1683936000000,0.00001245,20.898,MARK_PRICE_EXACT_OPEN,1683936000000,0
SOLUSDT,1683964800000,0.00006953,21.20723301,MARK_PRICE_EXACT_OPEN,1683964800000,0
SOLUSDT,1683993600026,0.0001,20.83943786,MARK_PRICE_PREVIOUS_FALLBACK,1683993600000,26
SOLUSDT,1684022400029,0.0000769,20.81332995,MARK_PRICE_PREVIOUS_FALLBACK,1684022400000,29
SOLUSDT,1684051200010,0.00006449,21.08235119,MARK_PRICE_PREVIOUS_FALLBACK,1684051200000,10
SOLUSDT,1684080000008,0.00006799,21.16259708,MARK_PRICE_PREVIOUS_FALLBACK,1684080000000,8
SOLUSDT,1684108800006,0.00000894,20.91985259,MARK_PRICE_PREVIOUS_FALLBACK,1684108800000,6
SOLUSDT,1684137600005,0.00006491,21.411,MARK_PRICE_PREVIOUS_FALLBACK,1684137600000,5
SOLUSDT,1684166400008,0.00008447,21.368,MARK_PRICE_PREVIOUS_FALLBACK,1684166400000,8
SOLUSDT,1684195200021,0.0001,21.004,MARK_PRICE_PREVIOUS_FALLBACK,1684195200000,21
SOLUSDT,1684224000000,0.00006067,21.03359241,MARK_PRICE_EXACT_OPEN,1684224000000,0
SOLUSDT,1684252800000,0.0001,20.773,MARK_PRICE_EXACT_OPEN,1684252800000,0
SOLUSDT,1684281600010,0.00003051,20.63934111,MARK_PRICE_PREVIOUS_FALLBACK,1684281600000,10
SOLUSDT,1684310400000,0.0001,20.557,MARK_PRICE_EXACT_OPEN,1684310400000,0
SOLUSDT,1684339200001,0.00009695,20.60179494,MARK_PRICE_PREVIOUS_FALLBACK,1684339200000,1
SOLUSDT,1684368000000,0.0001,21.047,MARK_PRICE_EXACT_OPEN,1684368000000,0
SOLUSDT,1684396800026,0.0001,20.94520577,MARK_PRICE_PREVIOUS_FALLBACK,1684396800000,26
SOLUSDT,1684425600019,0.0000295,20.50085963,MARK_PRICE_PREVIOUS_FALLBACK,1684425600000,19
SOLUSDT,1684454400000,-0.00009122,20.32913941,MARK_PRICE_EXACT_OPEN,1684454400000,0
SOLUSDT,1684483200002,0.00002946,20.432,MARK_PRICE_PREVIOUS_FALLBACK,1684483200000,2
SOLUSDT,1684512000000,0.00008946,20.40939247,MARK_PRICE_EXACT_OPEN,1684512000000,0
SOLUSDT,1684540800005,0.00009555,20.34561264,MARK_PRICE_PREVIOUS_FALLBACK,1684540800000,5
SOLUSDT,1684569600014,0.00002515,20.159,MARK_PRICE_PREVIOUS_FALLBACK,1684569600000,14
SOLUSDT,1684598400020,0.00003057,20.27077881,MARK_PRICE_PREVIOUS_FALLBACK,1684598400000,20
SOLUSDT,1684627200014,0.0001,20.276,MARK_PRICE_PREVIOUS_FALLBACK,1684627200000,14
SOLUSDT,1684656000001,0.0001,20.281,MARK_PRICE_PREVIOUS_FALLBACK,1684656000000,1
SOLUSDT,1684684800015,0.00009479,19.914,MARK_PRICE_PREVIOUS_FALLBACK,1684684800000,15
SOLUSDT,1684713600028,0.00002963,19.58961937,MARK_PRICE_PREVIOUS_FALLBACK,1684713600000,28
SOLUSDT,1684742400000,0.00007846,19.68207841,MARK_PRICE_EXACT_OPEN,1684742400000,0
SOLUSDT,1684771200012,0.0001,19.66,MARK_PRICE_PREVIOUS_FALLBACK,1684771200000,12
SOLUSDT,1684800000006,0.0001,19.54,MARK_PRICE_PREVIOUS_FALLBACK,1684800000000,6
SOLUSDT,1684828800014,0.00009997,19.82976532,MARK_PRICE_PREVIOUS_FALLBACK,1684828800000,14
SOLUSDT,1684857600008,0.0001,19.997,MARK_PRICE_PREVIOUS_FALLBACK,1684857600000,8
SOLUSDT,1684886400000,0.0001,20.02386874,MARK_PRICE_EXACT_OPEN,1684886400000,0
SOLUSDT,1684915200025,0.00006455,19.402,MARK_PRICE_PREVIOUS_FALLBACK,1684915200000,25
SOLUSDT,1684944000008,0.0000978,19.14306566,MARK_PRICE_PREVIOUS_FALLBACK,1684944000000,8
SOLUSDT,1684972800000,0.00005668,19.20541444,MARK_PRICE_EXACT_OPEN,1684972800000,0
SOLUSDT,1685001600025,0.00005885,19.286,MARK_PRICE_PREVIOUS_FALLBACK,1685001600000,25
SOLUSDT,1685030400016,0.0001,19.20973635,MARK_PRICE_PREVIOUS_FALLBACK,1685030400000,16
SOLUSDT,1685059200000,0.0001,19.24536335,MARK_PRICE_EXACT_OPEN,1685059200000,0
SOLUSDT,1685088000024,0.0001,19.295,MARK_PRICE_PREVIOUS_FALLBACK,1685088000000,24
SOLUSDT,1685116800012,0.0001,19.41275247,MARK_PRICE_PREVIOUS_FALLBACK,1685116800000,12
SOLUSDT,1685145600012,0.0001,19.361,MARK_PRICE_PREVIOUS_FALLBACK,1685145600000,12
SOLUSDT,1685174400018,0.0001,19.53,MARK_PRICE_PREVIOUS_FALLBACK,1685174400000,18
SOLUSDT,1685203200008,0.0001,19.616,MARK_PRICE_PREVIOUS_FALLBACK,1685203200000,8
SOLUSDT,1685232000017,0.0001,20.44103466,MARK_PRICE_PREVIOUS_FALLBACK,1685232000000,17
SOLUSDT,1685260800015,0.0001,20.48556814,MARK_PRICE_PREVIOUS_FALLBACK,1685260800000,15
SOLUSDT,1685289600000,0.0001,20.501,MARK_PRICE_EXACT_OPEN,1685289600000,0
SOLUSDT,1685318400000,0.0001,20.797,MARK_PRICE_EXACT_OPEN,1685318400000,0
SOLUSDT,1685347200020,0.0001,20.73904242,MARK_PRICE_PREVIOUS_FALLBACK,1685347200000,20
SOLUSDT,1685376000011,0.0001,20.47515992,MARK_PRICE_PREVIOUS_FALLBACK,1685376000000,11
SOLUSDT,1685404800003,0.0001,20.57929296,MARK_PRICE_PREVIOUS_FALLBACK,1685404800000,3
SOLUSDT,1685433600000,0.0001,20.74154364,MARK_PRICE_EXACT_OPEN,1685433600000,0
SOLUSDT,1685462400003,0.0001,20.92907467,MARK_PRICE_PREVIOUS_FALLBACK,1685462400000,3
SOLUSDT,1685491200013,0.0001,21.204,MARK_PRICE_PREVIOUS_FALLBACK,1685491200000,13
SOLUSDT,1685520000000,0.0001,20.709,MARK_PRICE_EXACT_OPEN,1685520000000,0
SOLUSDT,1685548800000,0.0001,20.47716897,MARK_PRICE_EXACT_OPEN,1685548800000,0
SOLUSDT,1685577600008,0.0001,20.7961154,MARK_PRICE_PREVIOUS_FALLBACK,1685577600000,8
SOLUSDT,1685606400012,0.0001,20.6201656,MARK_PRICE_PREVIOUS_FALLBACK,1685606400000,12
SOLUSDT,1685635200000,0.0001,20.686,MARK_PRICE_EXACT_OPEN,1685635200000,0
SOLUSDT,1685664000000,0.0001,20.486,MARK_PRICE_EXACT_OPEN,1685664000000,0
SOLUSDT,1685692800006,0.0001,21.00174999,MARK_PRICE_PREVIOUS_FALLBACK,1685692800000,6
SOLUSDT,1685721600012,0.0001,21.18812548,MARK_PRICE_PREVIOUS_FALLBACK,1685721600000,12
SOLUSDT,1685750400000,0.0001,21.24511035,MARK_PRICE_EXACT_OPEN,1685750400000,0
SOLUSDT,1685779200011,0.0001,21.17640917,MARK_PRICE_PREVIOUS_FALLBACK,1685779200000,11
SOLUSDT,1685808000003,0.0001,21.261,MARK_PRICE_PREVIOUS_FALLBACK,1685808000000,3
SOLUSDT,1685836800000,0.0001,21.18853612,MARK_PRICE_EXACT_OPEN,1685836800000,0
SOLUSDT,1685865600000,0.0001,21.60496393,MARK_PRICE_EXACT_OPEN,1685865600000,0
SOLUSDT,1685894400000,0.0001,22.039,MARK_PRICE_EXACT_OPEN,1685894400000,0
SOLUSDT,1685923200005,0.0001,21.803,MARK_PRICE_PREVIOUS_FALLBACK,1685923200000,5
SOLUSDT,1685952000000,0.0001,21.65733937,MARK_PRICE_EXACT_OPEN,1685952000000,0
SOLUSDT,1685980800000,0.0001,19.98888024,MARK_PRICE_EXACT_OPEN,1685980800000,0
SOLUSDT,1686009600000,-0.00007522,19.996,MARK_PRICE_EXACT_OPEN,1686009600000,0
SOLUSDT,1686038400009,-0.00001215,20.09107838,MARK_PRICE_PREVIOUS_FALLBACK,1686038400000,9
SOLUSDT,1686067200013,0.00006245,19.93996921,MARK_PRICE_PREVIOUS_FALLBACK,1686067200000,13
SOLUSDT,1686096000000,0.0001,20.379,MARK_PRICE_EXACT_OPEN,1686096000000,0
SOLUSDT,1686124800016,0.0001,19.996,MARK_PRICE_PREVIOUS_FALLBACK,1686124800000,16
SOLUSDT,1686153600000,0.00008161,19.30937452,MARK_PRICE_EXACT_OPEN,1686153600000,0
SOLUSDT,1686182400006,-0.00002973,18.591,MARK_PRICE_PREVIOUS_FALLBACK,1686182400000,6
SOLUSDT,1686211200000,-0.00006138,18.638,MARK_PRICE_EXACT_OPEN,1686211200000,0
SOLUSDT,1686240000000,-0.00003987,18.90099902,MARK_PRICE_EXACT_OPEN,1686240000000,0
SOLUSDT,1686268800000,-0.0000199,18.87740552,MARK_PRICE_EXACT_OPEN,1686268800000,0
SOLUSDT,1686297600000,0.00002244,18.581,MARK_PRICE_EXACT_OPEN,1686297600000,0
SOLUSDT,1686326400000,0.00004756,18.6816422,MARK_PRICE_EXACT_OPEN,1686326400000,0
SOLUSDT,1686355200000,0.00004312,17.38566347,MARK_PRICE_EXACT_OPEN,1686355200000,0
SOLUSDT,1686384000000,-0.00018689,14.40040518,MARK_PRICE_EXACT_OPEN,1686384000000,0
SOLUSDT,1686412800000,-0.00045568,14.766,MARK_PRICE_EXACT_OPEN,1686412800000,0
SOLUSDT,1686441600001,-0.00025962,15.576,MARK_PRICE_PREVIOUS_FALLBACK,1686441600000,1
SOLUSDT,1686470400000,-0.00039139,15.38655174,MARK_PRICE_EXACT_OPEN,1686470400000,0
SOLUSDT,1686499200000,-0.00011432,15.21412117,MARK_PRICE_EXACT_OPEN,1686499200000,0
SOLUSDT,1686528000000,-0.00005452,15.53653053,MARK_PRICE_EXACT_OPEN,1686528000000,0
SOLUSDT,1686556800000,-0.00010351,15.07091452,MARK_PRICE_EXACT_OPEN,1686556800000,0
SOLUSDT,1686585600001,0.0001,15.211,MARK_PRICE_PREVIOUS_FALLBACK,1686585600000,1
SOLUSDT,1686614400000,-0.0000067,15.181,MARK_PRICE_EXACT_OPEN,1686614400000,0
SOLUSDT,1686643200000,0.00000895,15.41818873,MARK_PRICE_EXACT_OPEN,1686643200000,0
SOLUSDT,1686672000000,-0.00001734,14.794,MARK_PRICE_EXACT_OPEN,1686672000000,0
SOLUSDT,1686700800000,-0.00006216,15.02863556,MARK_PRICE_EXACT_OPEN,1686700800000,0
SOLUSDT,1686729600000,-0.00009959,15.043,MARK_PRICE_EXACT_OPEN,1686729600000,0
SOLUSDT,1686758400000,-0.00003849,15.09457561,MARK_PRICE_EXACT_OPEN,1686758400000,0
SOLUSDT,1686787200000,-0.00003913,14.47633234,MARK_PRICE_EXACT_OPEN,1686787200000,0
SOLUSDT,1686816000000,-0.0001096,14.81,MARK_PRICE_EXACT_OPEN,1686816000000,0
SOLUSDT,1686844800000,0.0001,14.471,MARK_PRICE_EXACT_OPEN,1686844800000,0
SOLUSDT,1686873600000,0.00002986,14.76606526,MARK_PRICE_EXACT_OPEN,1686873600000,0
SOLUSDT,1686902400000,0.00003481,14.846,MARK_PRICE_EXACT_OPEN,1686902400000,0
SOLUSDT,1686931200000,-0.0000046,14.99769313,MARK_PRICE_EXACT_OPEN,1686931200000,0
SOLUSDT,1686960000000,-0.00003146,15.306,MARK_PRICE_EXACT_OPEN,1686960000000,0
SOLUSDT,1686988800000,0.00005237,15.846,MARK_PRICE_EXACT_OPEN,1686988800000,0
SOLUSDT,1687017600000,0.00006248,15.647,MARK_PRICE_EXACT_OPEN,1687017600000,0
SOLUSDT,1687046400000,-0.00002892,15.63862891,MARK_PRICE_EXACT_OPEN,1687046400000,0
SOLUSDT,1687075200000,-0.00005493,15.57894646,MARK_PRICE_EXACT_OPEN,1687075200000,0
SOLUSDT,1687104000000,-0.00000103,15.70756576,MARK_PRICE_EXACT_OPEN,1687104000000,0
SOLUSDT,1687132800000,-0.0000635,15.43441286,MARK_PRICE_EXACT_OPEN,1687132800000,0
SOLUSDT,1687161600000,-0.00008954,15.464,MARK_PRICE_EXACT_OPEN,1687161600000,0
SOLUSDT,1687190400000,-0.00004972,15.554,MARK_PRICE_EXACT_OPEN,1687190400000,0
SOLUSDT,1687219200001,-0.0001454,16.07442395,MARK_PRICE_PREVIOUS_FALLBACK,1687219200000,1
SOLUSDT,1687248000000,-0.00000812,15.96991951,MARK_PRICE_EXACT_OPEN,1687248000000,0
SOLUSDT,1687276800000,0.0000017,15.939,MARK_PRICE_EXACT_OPEN,1687276800000,0
SOLUSDT,1687305600000,0.00000555,16.632,MARK_PRICE_EXACT_OPEN,1687305600000,0
SOLUSDT,1687334400000,0.0000767,16.81772498,MARK_PRICE_EXACT_OPEN,1687334400000,0
SOLUSDT,1687363200000,0.00001523,16.883,MARK_PRICE_EXACT_OPEN,1687363200000,0
SOLUSDT,1687392000000,0.00005684,17.22772006,MARK_PRICE_EXACT_OPEN,1687392000000,0
SOLUSDT,1687420800001,0.00001267,17.349,MARK_PRICE_PREVIOUS_FALLBACK,1687420800000,1
SOLUSDT,1687449600000,-0.00000997,16.88828466,MARK_PRICE_EXACT_OPEN,1687449600000,0
SOLUSDT,1687478400000,0.0000886,16.62350206,MARK_PRICE_EXACT_OPEN,1687478400000,0
SOLUSDT,1687507200000,0.0001,16.77158045,MARK_PRICE_EXACT_OPEN,1687507200000,0
SOLUSDT,1687536000000,-0.00000327,16.96303659,MARK_PRICE_EXACT_OPEN,1687536000000,0
SOLUSDT,1687564800000,-0.00005354,17.132,MARK_PRICE_EXACT_OPEN,1687564800000,0
SOLUSDT,1687593600000,0.00008164,17.064,MARK_PRICE_EXACT_OPEN,1687593600000,0
SOLUSDT,1687622400000,0.00001615,16.6149483,MARK_PRICE_EXACT_OPEN,1687622400000,0
SOLUSDT,1687651200000,-0.00009403,16.634,MARK_PRICE_EXACT_OPEN,1687651200000,0
SOLUSDT,1687680000000,0.00004045,17.28156613,MARK_PRICE_EXACT_OPEN,1687680000000,0
SOLUSDT,1687708800000,0.00002049,17.11003182,MARK_PRICE_EXACT_OPEN,1687708800000,0
SOLUSDT,1687737600000,0.00002481,16.95025612,MARK_PRICE_EXACT_OPEN,1687737600000,0
SOLUSDT,1687766400000,-0.00006749,16.92387604,MARK_PRICE_EXACT_OPEN,1687766400000,0
SOLUSDT,1687795200000,0.00005956,16.813,MARK_PRICE_EXACT_OPEN,1687795200000,0
SOLUSDT,1687824000000,-0.00002886,16.264,MARK_PRICE_EXACT_OPEN,1687824000000,0
SOLUSDT,1687852800000,0.0001,16.73335246,MARK_PRICE_EXACT_OPEN,1687852800000,0
SOLUSDT,1687881600000,0.0001,16.39195315,MARK_PRICE_EXACT_OPEN,1687881600000,0
SOLUSDT,1687910400000,0.0001,16.62415155,MARK_PRICE_EXACT_OPEN,1687910400000,0
SOLUSDT,1687939200000,-0.00001801,15.96410773,MARK_PRICE_EXACT_OPEN,1687939200000,0
SOLUSDT,1687968000000,0.00005458,16.32284363,MARK_PRICE_EXACT_OPEN,1687968000000,0
SOLUSDT,1687996800000,0.000017,15.967,MARK_PRICE_EXACT_OPEN,1687996800000,0
SOLUSDT,1688025600000,0.0001,16.25328102,MARK_PRICE_EXACT_OPEN,1688025600000,0
SOLUSDT,1688054400000,0.0001,17.66412352,MARK_PRICE_EXACT_OPEN,1688054400000,0
SOLUSDT,1688083200000,0.00004827,17.988,MARK_PRICE_EXACT_OPEN,1688083200000,0
SOLUSDT,1688112000000,0.0001,18.78603497,MARK_PRICE_EXACT_OPEN,1688112000000,0
SOLUSDT,1688140800001,0.0001,18.24,MARK_PRICE_PREVIOUS_FALLBACK,1688140800000,1
SOLUSDT,1688169600000,0.0001,18.85243929,MARK_PRICE_EXACT_OPEN,1688169600000,0
SOLUSDT,1688198400000,0.0001,18.43782117,MARK_PRICE_EXACT_OPEN,1688198400000,0
SOLUSDT,1688227200000,0.00002201,18.42472979,MARK_PRICE_EXACT_OPEN,1688227200000,0
SOLUSDT,1688256000000,0.0001,18.68925734,MARK_PRICE_EXACT_OPEN,1688256000000,0
SOLUSDT,1688284800000,0.0001,19.21583368,MARK_PRICE_EXACT_OPEN,1688284800000,0
SOLUSDT,1688313600001,0.0001,19.287,MARK_PRICE_PREVIOUS_FALLBACK,1688313600000,1
SOLUSDT,1688342400000,0.0001,19.453,MARK_PRICE_EXACT_OPEN,1688342400000,0
SOLUSDT,1688371200000,0.0001,19.42798231,MARK_PRICE_EXACT_OPEN,1688371200000,0
SOLUSDT,1688400000000,0.0001,19.28,MARK_PRICE_EXACT_OPEN,1688400000000,0
SOLUSDT,1688428800001,0.00006327,19.25957316,MARK_PRICE_PREVIOUS_FALLBACK,1688428800000,1
SOLUSDT,1688457600000,0.0001,19.09884967,MARK_PRICE_EXACT_OPEN,1688457600000,0
SOLUSDT,1688486400000,0.0001,19.84527721,MARK_PRICE_EXACT_OPEN,1688486400000,0
SOLUSDT,1688515200000,0.0001,19.13,MARK_PRICE_EXACT_OPEN,1688515200000,0
SOLUSDT,1688544000000,0.0001,19.31156681,MARK_PRICE_EXACT_OPEN,1688544000000,0
SOLUSDT,1688572800000,0.00004304,18.58197836,MARK_PRICE_EXACT_OPEN,1688572800000,0
SOLUSDT,1688601600000,-0.00000529,18.981,MARK_PRICE_EXACT_OPEN,1688601600000,0
SOLUSDT,1688630400000,0.0001,19.586,MARK_PRICE_EXACT_OPEN,1688630400000,0
SOLUSDT,1688659200000,0.0001,19.69355155,MARK_PRICE_EXACT_OPEN,1688659200000,0
SOLUSDT,1688688000000,0.0001,19.59401167,MARK_PRICE_EXACT_OPEN,1688688000000,0
SOLUSDT,1688716800000,0.00008838,19.4462311,MARK_PRICE_EXACT_OPEN,1688716800000,0
SOLUSDT,1688745600000,-0.00022841,21.22102283,MARK_PRICE_EXACT_OPEN,1688745600000,0
SOLUSDT,1688774400000,-0.00005703,21.485,MARK_PRICE_EXACT_OPEN,1688774400000,0
SOLUSDT,1688803200000,0.00001315,21.981,MARK_PRICE_EXACT_OPEN,1688803200000,0
SOLUSDT,1688832000000,0.0001,21.51512962,MARK_PRICE_EXACT_OPEN,1688832000000,0
SOLUSDT,1688860800000,-0.00011345,21.807,MARK_PRICE_EXACT_OPEN,1688860800000,0
SOLUSDT,1688889600000,0.00001049,21.54662999,MARK_PRICE_EXACT_OPEN,1688889600000,0
SOLUSDT,1688918400000,0.0001,21.25,MARK_PRICE_EXACT_OPEN,1688918400000,0
SOLUSDT,1688947200000,0.0001,21.31566493,MARK_PRICE_EXACT_OPEN,1688947200000,0
SOLUSDT,1688976000000,0.0001,20.724,MARK_PRICE_EXACT_OPEN,1688976000000,0
SOLUSDT,1689004800000,-0.00005346,21.138,MARK_PRICE_EXACT_OPEN,1689004800000,0
SOLUSDT,1689033600000,-0.00013561,21.29167506,MARK_PRICE_EXACT_OPEN,1689033600000,0
SOLUSDT,1689062400000,-0.00002651,22.099,MARK_PRICE_EXACT_OPEN,1689062400000,0
SOLUSDT,1689091200000,0.00002775,22.134,MARK_PRICE_EXACT_OPEN,1689091200000,0
SOLUSDT,1689120000000,0.00001497,22.05621107,MARK_PRICE_EXACT_OPEN,1689120000000,0
SOLUSDT,1689148800000,-0.00002714,22.014,MARK_PRICE_EXACT_OPEN,1689148800000,0
SOLUSDT,1689177600000,0.0000412,22.40575778,MARK_PRICE_EXACT_OPEN,1689177600000,0
SOLUSDT,1689206400000,0.00009789,21.92909996,MARK_PRICE_EXACT_OPEN,1689206400000,0
SOLUSDT,1689235200000,-0.00000637,21.751,MARK_PRICE_EXACT_OPEN,1689235200000,0
SOLUSDT,1689264000000,-0.00021919,24.05,MARK_PRICE_EXACT_OPEN,1689264000000,0
SOLUSDT,1689292800000,0.0001,26.021,MARK_PRICE_EXACT_OPEN,1689292800000,0
SOLUSDT,1689321600000,0.00029523,28.741,MARK_PRICE_EXACT_OPEN,1689321600000,0
SOLUSDT,1689350400000,0.00017912,28.18667384,MARK_PRICE_EXACT_OPEN,1689350400000,0
SOLUSDT,1689379200000,0.0001,26.67024647,MARK_PRICE_EXACT_OPEN,1689379200000,0
SOLUSDT,1689408000000,0.0001,28.717,MARK_PRICE_EXACT_OPEN,1689408000000,0
SOLUSDT,1689436800000,0.0001,27.55868996,MARK_PRICE_EXACT_OPEN,1689436800000,0
SOLUSDT,1689465600001,0.0001,27.47167451,MARK_PRICE_PREVIOUS_FALLBACK,1689465600000,1
SOLUSDT,1689494400000,0.0001,27.70060219,MARK_PRICE_EXACT_OPEN,1689494400000,0
SOLUSDT,1689523200000,0.0001,28.09899704,MARK_PRICE_EXACT_OPEN,1689523200000,0
SOLUSDT,1689552000000,0.0001,27.4099617,MARK_PRICE_EXACT_OPEN,1689552000000,0
SOLUSDT,1689580800000,0.0001,27.63461148,MARK_PRICE_EXACT_OPEN,1689580800000,0
SOLUSDT,1689609600000,0.0001,27.00672778,MARK_PRICE_EXACT_OPEN,1689609600000,0
SOLUSDT,1689638400000,0.00009171,26.79,MARK_PRICE_EXACT_OPEN,1689638400000,0
SOLUSDT,1689667200000,0.0001,25.71080019,MARK_PRICE_EXACT_OPEN,1689667200000,0
SOLUSDT,1689696000000,0.0001,25.52389755,MARK_PRICE_EXACT_OPEN,1689696000000,0
SOLUSDT,1689724800000,0.0001,25.544,MARK_PRICE_EXACT_OPEN,1689724800000,0
SOLUSDT,1689753600000,0.0001,26.20766514,MARK_PRICE_EXACT_OPEN,1689753600000,0
SOLUSDT,1689782400001,0.0001,26.38394518,MARK_PRICE_PREVIOUS_FALLBACK,1689782400000,1
SOLUSDT,1689811200000,0.00007165,26.29925174,MARK_PRICE_EXACT_OPEN,1689811200000,0
SOLUSDT,1689840000000,0.0001,26.853,MARK_PRICE_EXACT_OPEN,1689840000000,0
SOLUSDT,1689868800000,0.0001,25.68242449,MARK_PRICE_EXACT_OPEN,1689868800000,0
SOLUSDT,1689897600001,0.0000125,25.35750402,MARK_PRICE_PREVIOUS_FALLBACK,1689897600000,1
SOLUSDT,1689926400000,-0.00000151,25.168,MARK_PRICE_EXACT_OPEN,1689926400000,0
SOLUSDT,1689955200000,0.00007977,25.29347347,MARK_PRICE_EXACT_OPEN,1689955200000,0
SOLUSDT,1689984000000,0.00002099,25.494,MARK_PRICE_EXACT_OPEN,1689984000000,0
SOLUSDT,1690012800000,0.0001,25.763,MARK_PRICE_EXACT_OPEN,1690012800000,0
SOLUSDT,1690041600000,0.0001,25.679,MARK_PRICE_EXACT_OPEN,1690041600000,0
SOLUSDT,1690070400000,0.00008045,24.512,MARK_PRICE_EXACT_OPEN,1690070400000,0
SOLUSDT,1690099200000,0.00006786,24.6788472,MARK_PRICE_EXACT_OPEN,1690099200000,0
SOLUSDT,1690128000000,0.0001,24.67492583,MARK_PRICE_EXACT_OPEN,1690128000000,0
SOLUSDT,1690156800000,0.00005539,24.753,MARK_PRICE_EXACT_OPEN,1690156800000,0
SOLUSDT,1690185600000,0.0000879,24.57198605,MARK_PRICE_EXACT_OPEN,1690185600000,0
SOLUSDT,1690214400000,0.0001,23.206,MARK_PRICE_EXACT_OPEN,1690214400000,0
SOLUSDT,1690243200000,0.00002921,23.354,MARK_PRICE_EXACT_OPEN,1690243200000,0
SOLUSDT,1690272000000,0.00004666,23.085,MARK_PRICE_EXACT_OPEN,1690272000000,0
SOLUSDT,1690300800000,-0.00002252,23.19684468,MARK_PRICE_EXACT_OPEN,1690300800000,0
SOLUSDT,1690329600000,0.00009281,23.264,MARK_PRICE_EXACT_OPEN,1690329600000,0
SOLUSDT,1690358400001,-0.00000183,23.4887453,MARK_PRICE_PREVIOUS_FALLBACK,1690358400000,1
SOLUSDT,1690387200000,0.00004654,24.899357,MARK_PRICE_EXACT_OPEN,1690387200000,0
SOLUSDT,1690416000000,0.0001,25.16598221,MARK_PRICE_EXACT_OPEN,1690416000000,0
SOLUSDT,1690444800000,0.00002473,25.00056004,MARK_PRICE_EXACT_OPEN,1690444800000,0
SOLUSDT,1690473600001,0.00001048,25.17448486,MARK_PRICE_PREVIOUS_FALLBACK,1690473600000,1
SOLUSDT,1690502400000,0.0001,25.08739498,MARK_PRICE_EXACT_OPEN,1690502400000,0
SOLUSDT,1690531200000,0.0001,24.62700804,MARK_PRICE_EXACT_OPEN,1690531200000,0
SOLUSDT,1690560000000,0.0001,25.21733518,MARK_PRICE_EXACT_OPEN,1690560000000,0
SOLUSDT,1690588800000,0.0001,24.80431365,MARK_PRICE_EXACT_OPEN,1690588800000,0
SOLUSDT,1690617600000,0.0001,25.06321858,MARK_PRICE_EXACT_OPEN,1690617600000,0
SOLUSDT,1690646400001,0.00008555,25.073,MARK_PRICE_PREVIOUS_FALLBACK,1690646400000,1
SOLUSDT,1690675200000,0.0001,25.159,MARK_PRICE_EXACT_OPEN,1690675200000,0
SOLUSDT,1690704000000,0.00009213,24.917,MARK_PRICE_EXACT_OPEN,1690704000000,0
SOLUSDT,1690732800000,0.0001,24.88199082,MARK_PRICE_EXACT_OPEN,1690732800000,0
SOLUSDT,1690761600000,0.00009232,24.23913539,MARK_PRICE_EXACT_OPEN,1690761600000,0
SOLUSDT,1690790400000,-0.00002568,24.485,MARK_PRICE_EXACT_OPEN,1690790400000,0
SOLUSDT,1690819200001,0.00004713,23.92202893,MARK_PRICE_PREVIOUS_FALLBACK,1690819200000,1
SOLUSDT,1690848000000,0.0001,23.716,MARK_PRICE_EXACT_OPEN,1690848000000,0
SOLUSDT,1690876800000,0.00007943,23.468,MARK_PRICE_EXACT_OPEN,1690876800000,0
SOLUSDT,1690905600000,0.0000697,23.26128642,MARK_PRICE_EXACT_OPEN,1690905600000,0
SOLUSDT,1690934400000,0.00001932,24.045,MARK_PRICE_EXACT_OPEN,1690934400000,0
SOLUSDT,1690963200000,0.00001057,23.62431009,MARK_PRICE_EXACT_OPEN,1690963200000,0
SOLUSDT,1690992000000,0.00003245,23.25594854,MARK_PRICE_EXACT_OPEN,1690992000000,0
SOLUSDT,1691020800000,-0.0000237,23.1381042,MARK_PRICE_EXACT_OPEN,1691020800000,0
SOLUSDT,1691049600000,0.0001,22.696,MARK_PRICE_EXACT_OPEN,1691049600000,0
SOLUSDT,1691078400001,-0.00003185,22.779,MARK_PRICE_PREVIOUS_FALLBACK,1691078400000,1
SOLUSDT,1691107200000,0.00001777,22.628,MARK_PRICE_EXACT_OPEN,1691107200000,0
SOLUSDT,1691136000000,0.00000993,22.96529177,MARK_PRICE_EXACT_OPEN,1691136000000,0
SOLUSDT,1691164800000,0.00005856,23.346,MARK_PRICE_EXACT_OPEN,1691164800000,0
SOLUSDT,1691193600000,0.0001,22.79426935,MARK_PRICE_EXACT_OPEN,1691193600000,0
SOLUSDT,1691222400000,0.00002082,22.7566081,MARK_PRICE_EXACT_OPEN,1691222400000,0
SOLUSDT,1691251200001,0.0000443,22.56423034,MARK_PRICE_PREVIOUS_FALLBACK,1691251200000,1
SOLUSDT,1691280000000,-0.00003498,22.64187424,MARK_PRICE_EXACT_OPEN,1691280000000,0
SOLUSDT,1691308800001,0.0001,23.00216449,MARK_PRICE_PREVIOUS_FALLBACK,1691308800000,1
SOLUSDT,1691337600005,0.0001,23.038,MARK_PRICE_PREVIOUS_FALLBACK,1691337600000,5
SOLUSDT,1691366400000,0.0001,23.19119369,MARK_PRICE_EXACT_OPEN,1691366400000,0
SOLUSDT,1691395200000,0.00007203,23.144,MARK_PRICE_EXACT_OPEN,1691395200000,0
SOLUSDT,1691424000000,0.0001,22.75892289,MARK_PRICE_EXACT_OPEN,1691424000000,0
SOLUSDT,1691452800000,0.00007405,23.10847271,MARK_PRICE_EXACT_OPEN,1691452800000,0
SOLUSDT,1691481600000,0.0001,23.228,MARK_PRICE_EXACT_OPEN,1691481600000,0
SOLUSDT,1691510400000,0.00009805,23.719,MARK_PRICE_EXACT_OPEN,1691510400000,0
SOLUSDT,1691539200000,0.00009326,24.2088256,MARK_PRICE_EXACT_OPEN,1691539200000,0
SOLUSDT,1691568000000,0.00000715,24.56066092,MARK_PRICE_EXACT_OPEN,1691568000000,0
SOLUSDT,1691596800000,0.00006361,24.551,MARK_PRICE_EXACT_OPEN,1691596800000,0
SOLUSDT,1691625600001,0.0001,24.38290022,MARK_PRICE_PREVIOUS_FALLBACK,1691625600000,1
SOLUSDT,1691654400000,0.0001,24.3192049,MARK_PRICE_EXACT_OPEN,1691654400000,0
SOLUSDT,1691683200000,0.0001,24.54862206,MARK_PRICE_EXACT_OPEN,1691683200000,0
SOLUSDT,1691712000000,0.00005018,24.614,MARK_PRICE_EXACT_OPEN,1691712000000,0
SOLUSDT,1691740800000,0.0001,24.49092467,MARK_PRICE_EXACT_OPEN,1691740800000,0
SOLUSDT,1691769600000,0.0001,24.54377762,MARK_PRICE_EXACT_OPEN,1691769600000,0
SOLUSDT,1691798400000,0.0001,24.612,MARK_PRICE_EXACT_OPEN,1691798400000,0
SOLUSDT,1691827200000,0.0001,24.534,MARK_PRICE_EXACT_OPEN,1691827200000,0
SOLUSDT,1691856000000,0.0001,24.655,MARK_PRICE_EXACT_OPEN,1691856000000,0
SOLUSDT,1691884800000,0.00007464,24.904,MARK_PRICE_EXACT_OPEN,1691884800000,0
SOLUSDT,1691913600000,0.00005155,24.759,MARK_PRICE_EXACT_OPEN,1691913600000,0
SOLUSDT,1691942400000,0.0001,24.58127143,MARK_PRICE_EXACT_OPEN,1691942400000,0
SOLUSDT,1691971200001,0.0001,24.206,MARK_PRICE_PREVIOUS_FALLBACK,1691971200000,1
SOLUSDT,1692000000000,0.00007157,24.407,MARK_PRICE_EXACT_OPEN,1692000000000,0
SOLUSDT,1692028800000,0.00003069,24.803,MARK_PRICE_EXACT_OPEN,1692028800000,0
SOLUSDT,1692057600001,0.00007225,25.17728211,MARK_PRICE_PREVIOUS_FALLBACK,1692057600000,1
SOLUSDT,1692086400000,0.0001,24.87624355,MARK_PRICE_EXACT_OPEN,1692086400000,0
SOLUSDT,1692115200000,0.0001,24.711,MARK_PRICE_EXACT_OPEN,1692115200000,0
SOLUSDT,1692144000000,0.0001,23.89094553,MARK_PRICE_EXACT_OPEN,1692144000000,0
SOLUSDT,1692172800001,0.0001,23.462,MARK_PRICE_PREVIOUS_FALLBACK,1692172800000,1
SOLUSDT,1692201600000,0.00005907,23.07570439,MARK_PRICE_EXACT_OPEN,1692201600000,0
SOLUSDT,1692230400000,6.9e-7,22.81238483,MARK_PRICE_EXACT_OPEN,1692230400000,0
SOLUSDT,1692259200000,0.0001,23.25022053,MARK_PRICE_EXACT_OPEN,1692259200000,0
SOLUSDT,1692288000000,0.00003019,22.85280958,MARK_PRICE_EXACT_OPEN,1692288000000,0
SOLUSDT,1692316800000,-0.00029147,21.661,MARK_PRICE_EXACT_OPEN,1692316800000,0
SOLUSDT,1692345600000,-0.00002584,22.077,MARK_PRICE_EXACT_OPEN,1692345600000,0
SOLUSDT,1692374400000,0.00008169,21.60325678,MARK_PRICE_EXACT_OPEN,1692374400000,0
SOLUSDT,1692403200000,-0.00007003,21.336,MARK_PRICE_EXACT_OPEN,1692403200000,0
SOLUSDT,1692432000000,-0.00005498,21.8078796,MARK_PRICE_EXACT_OPEN,1692432000000,0
SOLUSDT,1692460800000,-0.0000627,21.958,MARK_PRICE_EXACT_OPEN,1692460800000,0
SOLUSDT,1692489600000,-0.00006623,21.88365111,MARK_PRICE_EXACT_OPEN,1692489600000,0
SOLUSDT,1692518400000,-0.00007076,21.736,MARK_PRICE_EXACT_OPEN,1692518400000,0
SOLUSDT,1692547200000,-0.00003023,21.7871856,MARK_PRICE_EXACT_OPEN,1692547200000,0
SOLUSDT,1692576000000,-0.00003625,21.76134852,MARK_PRICE_EXACT_OPEN,1692576000000,0
SOLUSDT,1692604800000,-0.00007183,21.33304641,MARK_PRICE_EXACT_OPEN,1692604800000,0
SOLUSDT,1692633600000,-0.00000718,20.708,MARK_PRICE_EXACT_OPEN,1692633600000,0
SOLUSDT,1692662400000,0.00001569,21.18836257,MARK_PRICE_EXACT_OPEN,1692662400000,0
SOLUSDT,1692691200000,0.00005112,21.16437958,MARK_PRICE_EXACT_OPEN,1692691200000,0
SOLUSDT,1692720000000,0.00002087,20.68755908,MARK_PRICE_EXACT_OPEN,1692720000000,0
SOLUSDT,1692748800000,-0.00012671,20.572,MARK_PRICE_EXACT_OPEN,1692748800000,0
SOLUSDT,1692777600000,-0.00003319,20.743,MARK_PRICE_EXACT_OPEN,1692777600000,0
SOLUSDT,1692806400000,0.00003526,20.90558239,MARK_PRICE_EXACT_OPEN,1692806400000,0
SOLUSDT,1692835200000,-0.00007433,21.72263716,MARK_PRICE_EXACT_OPEN,1692835200000,0
SOLUSDT,1692864000000,-0.00009124,21.72950902,MARK_PRICE_EXACT_OPEN,1692864000000,0
SOLUSDT,1692892800000,-0.00000996,21.031,MARK_PRICE_EXACT_OPEN,1692892800000,0
SOLUSDT,1692921600000,-0.00008674,21.04347092,MARK_PRICE_EXACT_OPEN,1692921600000,0
SOLUSDT,1692950400000,-0.00005421,20.54968407,MARK_PRICE_EXACT_OPEN,1692950400000,0
SOLUSDT,1692979200000,-0.00018382,20.335,MARK_PRICE_EXACT_OPEN,1692979200000,0
SOLUSDT,1693008000000,-0.00014373,20.409,MARK_PRICE_EXACT_OPEN,1693008000000,0
SOLUSDT,1693036800000,-0.00024234,20.303,MARK_PRICE_EXACT_OPEN,1693036800000,0
SOLUSDT,1693065600000,-0.00018306,20.362,MARK_PRICE_EXACT_OPEN,1693065600000,0
SOLUSDT,1693094400000,-0.00017578,20.27754742,MARK_PRICE_EXACT_OPEN,1693094400000,0
SOLUSDT,1693123200000,-0.00011914,20.371,MARK_PRICE_EXACT_OPEN,1693123200000,0
SOLUSDT,1693152000000,-0.00016818,20.74,MARK_PRICE_EXACT_OPEN,1693152000000,0
SOLUSDT,1693180800000,-0.00003451,20.77861155,MARK_PRICE_EXACT_OPEN,1693180800000,0
SOLUSDT,1693209600001,-0.00002329,20.36634696,MARK_PRICE_PREVIOUS_FALLBACK,1693209600000,1
SOLUSDT,1693238400001,0.00002945,20.52408146,MARK_PRICE_PREVIOUS_FALLBACK,1693238400000,1
SOLUSDT,1693267200000,0.00008373,20.549,MARK_PRICE_EXACT_OPEN,1693267200000,0
SOLUSDT,1693296000000,0.00000529,20.25833337,MARK_PRICE_EXACT_OPEN,1693296000000,0
SOLUSDT,1693324800000,-0.00040362,21.3231997,MARK_PRICE_EXACT_OPEN,1693324800000,0
SOLUSDT,1693353600000,0.0001,21.78154298,MARK_PRICE_EXACT_OPEN,1693353600000,0
SOLUSDT,1693382400000,0.00002088,21.62846572,MARK_PRICE_EXACT_OPEN,1693382400000,0
SOLUSDT,1693411200000,0.00008869,20.82936645,MARK_PRICE_EXACT_OPEN,1693411200000,0
SOLUSDT,1693440000000,-0.00005589,20.809,MARK_PRICE_EXACT_OPEN,1693440000000,0
SOLUSDT,1693468800000,-0.00007295,20.76204283,MARK_PRICE_EXACT_OPEN,1693468800000,0
SOLUSDT,1693497600000,-0.0000989,20.321,MARK_PRICE_EXACT_OPEN,1693497600000,0
SOLUSDT,1693526400000,-0.00013928,19.72,MARK_PRICE_EXACT_OPEN,1693526400000,0
SOLUSDT,1693555200000,-0.00009007,19.793,MARK_PRICE_EXACT_OPEN,1693555200000,0
SOLUSDT,1693584000001,0.000052,19.37037467,MARK_PRICE_PREVIOUS_FALLBACK,1693584000000,1
SOLUSDT,1693612800000,0.00000671,19.31548116,MARK_PRICE_EXACT_OPEN,1693612800000,0
SOLUSDT,1693641600000,-0.00008469,19.56300523,MARK_PRICE_EXACT_OPEN,1693641600000,0
SOLUSDT,1693670400000,-0.00005343,19.54616068,MARK_PRICE_EXACT_OPEN,1693670400000,0
SOLUSDT,1693699200000,-6.5e-7,19.48827286,MARK_PRICE_EXACT_OPEN,1693699200000,0
SOLUSDT,1693728000000,-0.00003935,19.516,MARK_PRICE_EXACT_OPEN,1693728000000,0
SOLUSDT,1693756800000,-0.0000356,19.32386597,MARK_PRICE_EXACT_OPEN,1693756800000,0
SOLUSDT,1693785600000,-0.00005078,19.55570454,MARK_PRICE_EXACT_OPEN,1693785600000,0
SOLUSDT,1693814400000,-0.00007224,19.76736794,MARK_PRICE_EXACT_OPEN,1693814400000,0
SOLUSDT,1693843200000,0.00008919,19.39822299,MARK_PRICE_EXACT_OPEN,1693843200000,0
SOLUSDT,1693872000000,0.00001756,19.514,MARK_PRICE_EXACT_OPEN,1693872000000,0
SOLUSDT,1693900800000,-0.00006252,19.394,MARK_PRICE_EXACT_OPEN,1693900800000,0
SOLUSDT,1693929600000,-0.00010758,20.39144041,MARK_PRICE_EXACT_OPEN,1693929600000,0
SOLUSDT,1693958400000,-0.00001341,20.257,MARK_PRICE_EXACT_OPEN,1693958400000,0
SOLUSDT,1693987200000,0.00000804,19.72215494,MARK_PRICE_EXACT_OPEN,1693987200000,0
SOLUSDT,1694016000001,0.00002839,19.35303946,MARK_PRICE_PREVIOUS_FALLBACK,1694016000000,1
SOLUSDT,1694044800000,-0.00002787,19.62571005,MARK_PRICE_EXACT_OPEN,1694044800000,0
SOLUSDT,1694073600000,0.00000288,19.54647798,MARK_PRICE_EXACT_OPEN,1694073600000,0
SOLUSDT,1694102400000,3.3e-7,19.513,MARK_PRICE_EXACT_OPEN,1694102400000,0
SOLUSDT,1694131200000,-0.00008527,19.90431434,MARK_PRICE_EXACT_OPEN,1694131200000,0
SOLUSDT,1694160000000,-0.00013966,19.9,MARK_PRICE_EXACT_OPEN,1694160000000,0
SOLUSDT,1694188800000,-0.00021132,19.522,MARK_PRICE_EXACT_OPEN,1694188800000,0
SOLUSDT,1694217600000,-0.0001045,19.60129555,MARK_PRICE_EXACT_OPEN,1694217600000,0
SOLUSDT,1694246400000,-0.00021188,19.457,MARK_PRICE_EXACT_OPEN,1694246400000,0
SOLUSDT,1694275200000,-0.00016996,19.50976389,MARK_PRICE_EXACT_OPEN,1694275200000,0
SOLUSDT,1694304000000,-0.0002388,19.425,MARK_PRICE_EXACT_OPEN,1694304000000,0
SOLUSDT,1694332800000,-0.00038599,18.516,MARK_PRICE_EXACT_OPEN,1694332800000,0
SOLUSDT,1694361600000,-0.00047908,18.19821179,MARK_PRICE_EXACT_OPEN,1694361600000,0
SOLUSDT,1694390400000,-0.00036941,18.22564889,MARK_PRICE_EXACT_OPEN,1694390400000,0
SOLUSDT,1694419200000,-0.00022734,18.189,MARK_PRICE_EXACT_OPEN,1694419200000,0
SOLUSDT,1694448000001,-0.00006124,17.82735661,MARK_PRICE_PREVIOUS_FALLBACK,1694448000000,1
SOLUSDT,1694476800000,-0.00003978,17.716,MARK_PRICE_EXACT_OPEN,1694476800000,0
SOLUSDT,1694505600000,-0.00005673,17.96732546,MARK_PRICE_EXACT_OPEN,1694505600000,0
SOLUSDT,1694534400000,-0.00007381,17.997,MARK_PRICE_EXACT_OPEN,1694534400000,0
SOLUSDT,1694563200000,-0.00016024,17.90678237,MARK_PRICE_EXACT_OPEN,1694563200000,0
SOLUSDT,1694592000000,-0.00017635,17.881,MARK_PRICE_EXACT_OPEN,1694592000000,0
SOLUSDT,1694620800000,-0.00004981,18.34125119,MARK_PRICE_EXACT_OPEN,1694620800000,0
SOLUSDT,1694649600000,-0.00016123,18.389,MARK_PRICE_EXACT_OPEN,1694649600000,0
SOLUSDT,1694678400001,-0.0001497,18.753,MARK_PRICE_PREVIOUS_FALLBACK,1694678400000,1
SOLUSDT,1694707200000,-0.00024678,18.966,MARK_PRICE_EXACT_OPEN,1694707200000,0
SOLUSDT,1694736000000,-0.0002153,18.83320841,MARK_PRICE_EXACT_OPEN,1694736000000,0
SOLUSDT,1694764800000,-0.00012046,19.075,MARK_PRICE_EXACT_OPEN,1694764800000,0
SOLUSDT,1694793600000,-0.00000591,18.877,MARK_PRICE_EXACT_OPEN,1694793600000,0
SOLUSDT,1694822400000,0.00001257,19.136,MARK_PRICE_EXACT_OPEN,1694822400000,0
SOLUSDT,1694851200000,-0.0000538,19.093,MARK_PRICE_EXACT_OPEN,1694851200000,0
SOLUSDT,1694880000000,-0.00014091,18.95,MARK_PRICE_EXACT_OPEN,1694880000000,0
SOLUSDT,1694908800000,-0.00021514,19.112,MARK_PRICE_EXACT_OPEN,1694908800000,0
SOLUSDT,1694937600000,-0.00007124,18.895,MARK_PRICE_EXACT_OPEN,1694937600000,0
SOLUSDT,1694966400000,-0.00005427,18.97266631,MARK_PRICE_EXACT_OPEN,1694966400000,0
SOLUSDT,1694995200000,-0.00030943,18.79748337,MARK_PRICE_EXACT_OPEN,1694995200000,0
SOLUSDT,1695024000000,-0.00007847,19.11739609,MARK_PRICE_EXACT_OPEN,1695024000000,0
SOLUSDT,1695052800000,-0.00013976,19.94,MARK_PRICE_EXACT_OPEN,1695052800000,0
SOLUSDT,1695081600000,-0.000059,19.63037348,MARK_PRICE_EXACT_OPEN,1695081600000,0
SOLUSDT,1695110400001,-0.00010841,19.788,MARK_PRICE_PREVIOUS_FALLBACK,1695110400000,1
SOLUSDT,1695139200000,0.0001,20.123,MARK_PRICE_EXACT_OPEN,1695139200000,0
SOLUSDT,1695168000000,-0.00014401,20.019,MARK_PRICE_EXACT_OPEN,1695168000000,0
SOLUSDT,1695196800000,-0.00008143,19.943,MARK_PRICE_EXACT_OPEN,1695196800000,0
SOLUSDT,1695225600000,-0.00009609,20.189,MARK_PRICE_EXACT_OPEN,1695225600000,0
SOLUSDT,1695254400001,-0.00000777,20.279,MARK_PRICE_PREVIOUS_FALLBACK,1695254400000,1
SOLUSDT,1695283200000,-0.00006489,19.90679692,MARK_PRICE_EXACT_OPEN,1695283200000,0
SOLUSDT,1695312000000,0.0001,19.597,MARK_PRICE_EXACT_OPEN,1695312000000,0
SOLUSDT,1695340800000,0.00001075,19.4481123,MARK_PRICE_EXACT_OPEN,1695340800000,0
SOLUSDT,1695369600000,0.00001389,19.629,MARK_PRICE_EXACT_OPEN,1695369600000,0
SOLUSDT,1695398400000,0.00004359,19.45799963,MARK_PRICE_EXACT_OPEN,1695398400000,0
SOLUSDT,1695427200000,0.00005987,19.41832306,MARK_PRICE_EXACT_OPEN,1695427200000,0
SOLUSDT,1695456000000,0.0001,19.5122826,MARK_PRICE_EXACT_OPEN,1695456000000,0
SOLUSDT,1695484800000,0.0000594,19.31235303,MARK_PRICE_EXACT_OPEN,1695484800000,0
SOLUSDT,1695513600000,0.00008557,19.472,MARK_PRICE_EXACT_OPEN,1695513600000,0
SOLUSDT,1695542400000,0.0000081,19.61376834,MARK_PRICE_EXACT_OPEN,1695542400000,0
SOLUSDT,1695571200000,0.00006559,19.51,MARK_PRICE_EXACT_OPEN,1695571200000,0
SOLUSDT,1695600000000,0.00001511,19.353,MARK_PRICE_EXACT_OPEN,1695600000000,0
SOLUSDT,1695628800000,-0.00003233,19.479,MARK_PRICE_EXACT_OPEN,1695628800000,0
SOLUSDT,1695657600000,0.00002778,19.554,MARK_PRICE_EXACT_OPEN,1695657600000,0
SOLUSDT,1695686400000,0.00001913,19.381,MARK_PRICE_EXACT_OPEN,1695686400000,0
SOLUSDT,1695715200000,-0.00006278,19.31845366,MARK_PRICE_EXACT_OPEN,1695715200000,0
SOLUSDT,1695744000000,0.0000189,19.16125819,MARK_PRICE_EXACT_OPEN,1695744000000,0
SOLUSDT,1695772800000,0.0000751,19.01967428,MARK_PRICE_EXACT_OPEN,1695772800000,0
SOLUSDT,1695801600001,0.00003583,18.92902124,MARK_PRICE_PREVIOUS_FALLBACK,1695801600000,1
SOLUSDT,1695830400000,0.00002165,18.93849543,MARK_PRICE_EXACT_OPEN,1695830400000,0
SOLUSDT,1695859200000,-0.00025005,19.12467466,MARK_PRICE_EXACT_OPEN,1695859200000,0
SOLUSDT,1695888000000,0.00004959,19.22031574,MARK_PRICE_EXACT_OPEN,1695888000000,0
SOLUSDT,1695916800000,0.0001,19.593,MARK_PRICE_EXACT_OPEN,1695916800000,0
SOLUSDT,1695945600000,-0.00008879,19.946,MARK_PRICE_EXACT_OPEN,1695945600000,0
SOLUSDT,1695974400000,0.00003522,20.265,MARK_PRICE_EXACT_OPEN,1695974400000,0
SOLUSDT,1696003200000,-0.00008995,20.32272373,MARK_PRICE_EXACT_OPEN,1696003200000,0
SOLUSDT,1696032000000,-0.00009192,20.26229841,MARK_PRICE_EXACT_OPEN,1696032000000,0
SOLUSDT,1696060800000,-0.00013968,20.304,MARK_PRICE_EXACT_OPEN,1696060800000,0
SOLUSDT,1696089600000,-0.00033235,21.415,MARK_PRICE_EXACT_OPEN,1696089600000,0
SOLUSDT,1696118400000,-0.00015019,21.348,MARK_PRICE_EXACT_OPEN,1696118400000,0
SOLUSDT,1696147200000,-0.00024577,21.35,MARK_PRICE_EXACT_OPEN,1696147200000,0
SOLUSDT,1696176000000,0.0000455,23.083,MARK_PRICE_EXACT_OPEN,1696176000000,0
SOLUSDT,1696204800000,0.0001,23.872,MARK_PRICE_EXACT_OPEN,1696204800000,0
SOLUSDT,1696233600000,-0.00005358,24.324,MARK_PRICE_EXACT_OPEN,1696233600000,0
SOLUSDT,1696262400000,0.00007399,24.04909824,MARK_PRICE_EXACT_OPEN,1696262400000,0
SOLUSDT,1696291200000,0.0001,23.368,MARK_PRICE_EXACT_OPEN,1696291200000,0
SOLUSDT,1696320000000,-0.00009329,23.81328966,MARK_PRICE_EXACT_OPEN,1696320000000,0
SOLUSDT,1696348800000,-0.00016715,23.98299706,MARK_PRICE_EXACT_OPEN,1696348800000,0
SOLUSDT,1696377600000,-0.00020449,23.594,MARK_PRICE_EXACT_OPEN,1696377600000,0
SOLUSDT,1696406400000,-0.00014362,23.153,MARK_PRICE_EXACT_OPEN,1696406400000,0
SOLUSDT,1696435200000,0.00001008,22.677,MARK_PRICE_EXACT_OPEN,1696435200000,0
SOLUSDT,1696464000000,-0.00019583,23.11367413,MARK_PRICE_EXACT_OPEN,1696464000000,0
SOLUSDT,1696492800000,-0.00010441,22.99765313,MARK_PRICE_EXACT_OPEN,1696492800000,0
SOLUSDT,1696521600001,-0.0002138,22.807,MARK_PRICE_PREVIOUS_FALLBACK,1696521600000,1
SOLUSDT,1696550400000,-0.00014401,22.681,MARK_PRICE_EXACT_OPEN,1696550400000,0
SOLUSDT,1696579200000,-0.00001702,23.31620958,MARK_PRICE_EXACT_OPEN,1696579200000,0
SOLUSDT,1696608000000,0.00006028,23.49,MARK_PRICE_EXACT_OPEN,1696608000000,0
SOLUSDT,1696636800000,0.00001517,23.39424333,MARK_PRICE_EXACT_OPEN,1696636800000,0
SOLUSDT,1696665600000,-0.00003624,23.51463661,MARK_PRICE_EXACT_OPEN,1696665600000,0
SOLUSDT,1696694400000,-0.00013829,23.334,MARK_PRICE_EXACT_OPEN,1696694400000,0
SOLUSDT,1696723200000,-0.00007284,23.28266266,MARK_PRICE_EXACT_OPEN,1696723200000,0
SOLUSDT,1696752000001,-0.00004763,23.2983422,MARK_PRICE_PREVIOUS_FALLBACK,1696752000000,1
SOLUSDT,1696780800000,-0.00002324,23.471,MARK_PRICE_EXACT_OPEN,1696780800000,0
SOLUSDT,1696809600000,-0.00002043,23.20628124,MARK_PRICE_EXACT_OPEN,1696809600000,0
SOLUSDT,1696838400000,-0.00010232,22.972,MARK_PRICE_EXACT_OPEN,1696838400000,0
SOLUSDT,1696867200000,-0.00008685,22.187,MARK_PRICE_EXACT_OPEN,1696867200000,0
SOLUSDT,1696896000000,-0.00026515,22.0794526,MARK_PRICE_EXACT_OPEN,1696896000000,0
SOLUSDT,1696924800000,-0.00011672,22.31328172,MARK_PRICE_EXACT_OPEN,1696924800000,0
SOLUSDT,1696953600000,-0.00004739,21.97,MARK_PRICE_EXACT_OPEN,1696953600000,0
SOLUSDT,1696982400000,-0.00008746,22.107,MARK_PRICE_EXACT_OPEN,1696982400000,0
SOLUSDT,1697011200000,-0.0000127,22.00746361,MARK_PRICE_EXACT_OPEN,1697011200000,0
SOLUSDT,1697040000000,-0.00010217,21.98284083,MARK_PRICE_EXACT_OPEN,1697040000000,0
SOLUSDT,1697068800000,-0.00005206,21.99877292,MARK_PRICE_EXACT_OPEN,1697068800000,0
SOLUSDT,1697097600000,0.00005051,21.638,MARK_PRICE_EXACT_OPEN,1697097600000,0
SOLUSDT,1697126400000,-0.00004469,21.26558155,MARK_PRICE_EXACT_OPEN,1697126400000,0
SOLUSDT,1697155200000,-0.00004739,21.2814922,MARK_PRICE_EXACT_OPEN,1697155200000,0
SOLUSDT,1697184000000,-0.00007419,21.3806348,MARK_PRICE_EXACT_OPEN,1697184000000,0
SOLUSDT,1697212800000,-0.00007301,21.41614201,MARK_PRICE_EXACT_OPEN,1697212800000,0
SOLUSDT,1697241600000,-0.00015669,21.828,MARK_PRICE_EXACT_OPEN,1697241600000,0
SOLUSDT,1697270400000,-0.0003452,22.046,MARK_PRICE_EXACT_OPEN,1697270400000,0
SOLUSDT,1697299200000,-0.00004015,22.06963863,MARK_PRICE_EXACT_OPEN,1697299200000,0
SOLUSDT,1697328000000,-0.00007073,21.98436665,MARK_PRICE_EXACT_OPEN,1697328000000,0
SOLUSDT,1697356800000,-0.00000129,21.926,MARK_PRICE_EXACT_OPEN,1697356800000,0
SOLUSDT,1697385600000,0.00002222,21.72,MARK_PRICE_EXACT_OPEN,1697385600000,0
SOLUSDT,1697414400000,-0.00010829,21.919,MARK_PRICE_EXACT_OPEN,1697414400000,0
SOLUSDT,1697443200000,-0.00006321,22.808,MARK_PRICE_EXACT_OPEN,1697443200000,0
SOLUSDT,1697472000000,-0.00013087,23.15,MARK_PRICE_EXACT_OPEN,1697472000000,0
SOLUSDT,1697500800000,0.00000845,23.93910116,MARK_PRICE_EXACT_OPEN,1697500800000,0
SOLUSDT,1697529600000,-0.00014135,24.07564685,MARK_PRICE_EXACT_OPEN,1697529600000,0
SOLUSDT,1697558400000,0.00002264,23.884,MARK_PRICE_EXACT_OPEN,1697558400000,0
SOLUSDT,1697587200000,0.00007478,23.93,MARK_PRICE_EXACT_OPEN,1697587200000,0
SOLUSDT,1697616000000,-0.00002937,23.885,MARK_PRICE_EXACT_OPEN,1697616000000,0
SOLUSDT,1697644800000,0.00009438,23.677,MARK_PRICE_EXACT_OPEN,1697644800000,0
SOLUSDT,1697673600000,0.00001267,23.40731839,MARK_PRICE_EXACT_OPEN,1697673600000,0
SOLUSDT,1697702400001,-0.00010177,23.848,MARK_PRICE_PREVIOUS_FALLBACK,1697702400000,1
SOLUSDT,1697731200000,-0.00018428,24.75443419,MARK_PRICE_EXACT_OPEN,1697731200000,0
SOLUSDT,1697760000000,-0.0000142,24.91198475,MARK_PRICE_EXACT_OPEN,1697760000000,0
SOLUSDT,1697788800005,-0.00060231,26.228,MARK_PRICE_PREVIOUS_FALLBACK,1697788800000,5
SOLUSDT,1697817600000,-0.00000618,26.873,MARK_PRICE_EXACT_OPEN,1697817600000,0
SOLUSDT,1697846400000,-0.00008888,27.01030202,MARK_PRICE_EXACT_OPEN,1697846400000,0
SOLUSDT,1697875200000,-0.00009934,28.046,MARK_PRICE_EXACT_OPEN,1697875200000,0
SOLUSDT,1697904000000,0.00006969,29.018,MARK_PRICE_EXACT_OPEN,1697904000000,0
SOLUSDT,1697932800000,-0.00009897,29.31660615,MARK_PRICE_EXACT_OPEN,1697932800000,0
SOLUSDT,1697961600000,-0.00004073,28.7963729,MARK_PRICE_EXACT_OPEN,1697961600000,0
SOLUSDT,1697990400000,0.0000508,28.41850873,MARK_PRICE_EXACT_OPEN,1697990400000,0
SOLUSDT,1698019200000,0.00000237,29.031,MARK_PRICE_EXACT_OPEN,1698019200000,0
SOLUSDT,1698048000001,-0.00000229,30.16224569,MARK_PRICE_PREVIOUS_FALLBACK,1698048000000,1
SOLUSDT,1698076800001,0.00001601,28.99523956,MARK_PRICE_PREVIOUS_FALLBACK,1698076800000,1
SOLUSDT,1698105600000,0.0001,31.93671139,MARK_PRICE_EXACT_OPEN,1698105600000,0
SOLUSDT,1698134400000,0.0001,31.23671952,MARK_PRICE_EXACT_OPEN,1698134400000,0
SOLUSDT,1698163200000,0.0001,30.88713471,MARK_PRICE_EXACT_OPEN,1698163200000,0
SOLUSDT,1698192000000,0.0001,30.161,MARK_PRICE_EXACT_OPEN,1698192000000,0
SOLUSDT,1698220800000,0.0001,30.95505307,MARK_PRICE_EXACT_OPEN,1698220800000,0
SOLUSDT,1698249600001,0.0001,33.28005797,MARK_PRICE_PREVIOUS_FALLBACK,1698249600000,1
SOLUSDT,1698278400001,0.0001,32.36799492,MARK_PRICE_PREVIOUS_FALLBACK,1698278400000,1
SOLUSDT,1698307200000,0.0001,32.837,MARK_PRICE_EXACT_OPEN,1698307200000,0
SOLUSDT,1698336000000,0.00004969,31.31187113,MARK_PRICE_EXACT_OPEN,1698336000000,0
SOLUSDT,1698364800000,0.0001,32.76923981,MARK_PRICE_EXACT_OPEN,1698364800000,0
SOLUSDT,1698393600000,0.0001,32.35248747,MARK_PRICE_EXACT_OPEN,1698393600000,0
SOLUSDT,1698422400000,0.0001,32.20556417,MARK_PRICE_EXACT_OPEN,1698422400000,0
SOLUSDT,1698451200000,0.0001,31.73087632,MARK_PRICE_EXACT_OPEN,1698451200000,0
SOLUSDT,1698480000001,0.0001,32.30231693,MARK_PRICE_PREVIOUS_FALLBACK,1698480000000,1
SOLUSDT,1698508800000,0.0001,32.02566658,MARK_PRICE_EXACT_OPEN,1698508800000,0
SOLUSDT,1698537600000,0.0001,31.61779275,MARK_PRICE_EXACT_OPEN,1698537600000,0
SOLUSDT,1698566400000,0.0001,32.27196885,MARK_PRICE_EXACT_OPEN,1698566400000,0
SOLUSDT,1698595200000,0.0001,32.61220014,MARK_PRICE_EXACT_OPEN,1698595200000,0
SOLUSDT,1698624000000,0.0001,32.825,MARK_PRICE_EXACT_OPEN,1698624000000,0
SOLUSDT,1698652800000,0.00009376,32.53026984,MARK_PRICE_EXACT_OPEN,1698652800000,0
SOLUSDT,1698681600000,0.0001,35.047,MARK_PRICE_EXACT_OPEN,1698681600000,0
SOLUSDT,1698710400001,0.0001,34.93863816,MARK_PRICE_PREVIOUS_FALLBACK,1698710400000,1
SOLUSDT,1698739200000,0.0001,35.71,MARK_PRICE_EXACT_OPEN,1698739200000,0
SOLUSDT,1698768000000,0.00004712,36.093,MARK_PRICE_EXACT_OPEN,1698768000000,0
SOLUSDT,1698796800000,0.00005676,38.37643553,MARK_PRICE_EXACT_OPEN,1698796800000,0
SOLUSDT,1698825600000,-0.0000406,38.45,MARK_PRICE_EXACT_OPEN,1698825600000,0
SOLUSDT,1698854400000,-0.00041129,40.61192141,MARK_PRICE_EXACT_OPEN,1698854400000,0
SOLUSDT,1698883200001,0.0001,41.23049858,MARK_PRICE_PREVIOUS_FALLBACK,1698883200000,1
SOLUSDT,1698912000000,0.0001,43.10486548,MARK_PRICE_EXACT_OPEN,1698912000000,0
SOLUSDT,1698940800000,0.0001,40.055,MARK_PRICE_EXACT_OPEN,1698940800000,0
SOLUSDT,1698969600000,0.0001,40.24275528,MARK_PRICE_EXACT_OPEN,1698969600000,0
SOLUSDT,1698998400000,0.0001,39.053,MARK_PRICE_EXACT_OPEN,1698998400000,0
SOLUSDT,1699027200000,0.0001,39.81048186,MARK_PRICE_EXACT_OPEN,1699027200000,0
SOLUSDT,1699056000000,0.0001,39.49273018,MARK_PRICE_EXACT_OPEN,1699056000000,0
SOLUSDT,1699084800000,0.0001,41.68932948,MARK_PRICE_EXACT_OPEN,1699084800000,0
SOLUSDT,1699113600000,0.0001,41.27451789,MARK_PRICE_EXACT_OPEN,1699113600000,0
SOLUSDT,1699142400000,0.0001,42.42135938,MARK_PRICE_EXACT_OPEN,1699142400000,0
SOLUSDT,1699171200000,0.0001,41.574,MARK_PRICE_EXACT_OPEN,1699171200000,0
SOLUSDT,1699200000000,0.0001,40.736,MARK_PRICE_EXACT_OPEN,1699200000000,0
SOLUSDT,1699228800000,0.0001,41.16142424,MARK_PRICE_EXACT_OPEN,1699228800000,0
SOLUSDT,1699257600001,0.0001,39.944,MARK_PRICE_PREVIOUS_FALLBACK,1699257600000,1
SOLUSDT,1699286400000,0.00015286,40.24859991,MARK_PRICE_EXACT_OPEN,1699286400000,0
SOLUSDT,1699315200001,0.0001,42.12408926,MARK_PRICE_PREVIOUS_FALLBACK,1699315200000,1
SOLUSDT,1699344000000,0.0001,41.5798194,MARK_PRICE_EXACT_OPEN,1699344000000,0
SOLUSDT,1699372800000,0.00020579,41.216,MARK_PRICE_EXACT_OPEN,1699372800000,0
SOLUSDT,1699401600000,0.00017143,42.97369554,MARK_PRICE_EXACT_OPEN,1699401600000,0
SOLUSDT,1699430400000,0.0001,43.485,MARK_PRICE_EXACT_OPEN,1699430400000,0
SOLUSDT,1699459200000,0.0001,42.78,MARK_PRICE_EXACT_OPEN,1699459200000,0
SOLUSDT,1699488000000,0.0001,43.144,MARK_PRICE_EXACT_OPEN,1699488000000,0
SOLUSDT,1699516800000,0.0001,43.904,MARK_PRICE_EXACT_OPEN,1699516800000,0
SOLUSDT,1699545600000,0.00028089,46.43958135,MARK_PRICE_EXACT_OPEN,1699545600000,0
SOLUSDT,1699574400000,0.0001,45.29168367,MARK_PRICE_EXACT_OPEN,1699574400000,0
SOLUSDT,1699603200000,0.00015368,47.59175706,MARK_PRICE_EXACT_OPEN,1699603200000,0
SOLUSDT,1699632000000,0.00011529,50.91,MARK_PRICE_EXACT_OPEN,1699632000000,0
SOLUSDT,1699660800000,0.0001,56.69084429,MARK_PRICE_EXACT_OPEN,1699660800000,0
SOLUSDT,1699689600000,0.0001,54.266,MARK_PRICE_EXACT_OPEN,1699689600000,0
SOLUSDT,1699718400000,0.00030654,60.974,MARK_PRICE_EXACT_OPEN,1699718400000,0
SOLUSDT,1699747200000,0.00051279,56.40258416,MARK_PRICE_EXACT_OPEN,1699747200000,0
SOLUSDT,1699776000000,0.00017231,61.13185865,MARK_PRICE_EXACT_OPEN,1699776000000,0
SOLUSDT,1699804800001,0.00016254,58.655,MARK_PRICE_PREVIOUS_FALLBACK,1699804800000,1
SOLUSDT,1699833600000,0.00050694,56.307,MARK_PRICE_EXACT_OPEN,1699833600000,0
SOLUSDT,1699862400000,0.00033025,58.288,MARK_PRICE_EXACT_OPEN,1699862400000,0
SOLUSDT,1699891200000,0.0001,55.687,MARK_PRICE_EXACT_OPEN,1699891200000,0
SOLUSDT,1699920000000,0.00047225,51.667,MARK_PRICE_EXACT_OPEN,1699920000000,0
SOLUSDT,1699948800000,0.0001,55.19,MARK_PRICE_EXACT_OPEN,1699948800000,0
SOLUSDT,1699977600001,0.00027352,56.29051777,MARK_PRICE_PREVIOUS_FALLBACK,1699977600000,1
SOLUSDT,1700006400000,0.00012356,56.83822924,MARK_PRICE_EXACT_OPEN,1700006400000,0
SOLUSDT,1700035200000,0.00010903,59.18296065,MARK_PRICE_EXACT_OPEN,1700035200000,0
SOLUSDT,1700064000000,0.00026624,62.476,MARK_PRICE_EXACT_OPEN,1700064000000,0
SOLUSDT,1700092800000,0.00031874,65.514,MARK_PRICE_EXACT_OPEN,1700092800000,0
SOLUSDT,1700121600000,0.00014572,65.72776106,MARK_PRICE_EXACT_OPEN,1700121600000,0
SOLUSDT,1700150400001,0.0003015,61.523,MARK_PRICE_PREVIOUS_FALLBACK,1700150400000,1
SOLUSDT,1700179200000,0.0001,57.79126223,MARK_PRICE_EXACT_OPEN,1700179200000,0
SOLUSDT,1700208000001,0.0001,58.04383097,MARK_PRICE_PREVIOUS_FALLBACK,1700208000000,1
SOLUSDT,1700236800001,0.0001,55.3184598,MARK_PRICE_PREVIOUS_FALLBACK,1700236800000,1
SOLUSDT,1700265600000,0.0001,58.51235903,MARK_PRICE_EXACT_OPEN,1700265600000,0
SOLUSDT,1700294400000,0.0001,56.382,MARK_PRICE_EXACT_OPEN,1700294400000,0
SOLUSDT,1700323200000,0.0001,58.0115319,MARK_PRICE_EXACT_OPEN,1700323200000,0
SOLUSDT,1700352000000,0.0001,58.57477714,MARK_PRICE_EXACT_OPEN,1700352000000,0
SOLUSDT,1700380800000,0.0001,60.4231685,MARK_PRICE_EXACT_OPEN,1700380800000,0
SOLUSDT,1700409600000,0.0001,59.99486225,MARK_PRICE_EXACT_OPEN,1700409600000,0
SOLUSDT,1700438400000,0.0001,61.105,MARK_PRICE_EXACT_OPEN,1700438400000,0
SOLUSDT,1700467200000,0.0001,59.93,MARK_PRICE_EXACT_OPEN,1700467200000,0
SOLUSDT,1700496000000,0.0001,59.011,MARK_PRICE_EXACT_OPEN,1700496000000,0
SOLUSDT,1700524800000,0.0001,56.607,MARK_PRICE_EXACT_OPEN,1700524800000,0
SOLUSDT,1700553600000,0.0001,55.39397816,MARK_PRICE_EXACT_OPEN,1700553600000,0
SOLUSDT,1700582400000,0.0001,55.1244946,MARK_PRICE_EXACT_OPEN,1700582400000,0
SOLUSDT,1700611200000,0.0001,51.68965563,MARK_PRICE_EXACT_OPEN,1700611200000,0
SOLUSDT,1700640000000,0.0001,54.65292889,MARK_PRICE_EXACT_OPEN,1700640000000,0
SOLUSDT,1700668800000,0.0001,54.944,MARK_PRICE_EXACT_OPEN,1700668800000,0
SOLUSDT,1700697600000,0.0001,57.54991597,MARK_PRICE_EXACT_OPEN,1700697600000,0
SOLUSDT,1700726400000,0.0001,57.823,MARK_PRICE_EXACT_OPEN,1700726400000,0
SOLUSDT,1700755200001,0.0001,56.617,MARK_PRICE_PREVIOUS_FALLBACK,1700755200000,1
SOLUSDT,1700784000000,0.0001,56.51530067,MARK_PRICE_EXACT_OPEN,1700784000000,0
SOLUSDT,1700812800000,0.0001,57.35789432,MARK_PRICE_EXACT_OPEN,1700812800000,0
SOLUSDT,1700841600000,0.0001,58.16112704,MARK_PRICE_EXACT_OPEN,1700841600000,0
SOLUSDT,1700870400000,0.0001,56.869,MARK_PRICE_EXACT_OPEN,1700870400000,0
SOLUSDT,1700899200000,0.0001,58.622,MARK_PRICE_EXACT_OPEN,1700899200000,0
SOLUSDT,1700928000000,0.0001,58.5423648,MARK_PRICE_EXACT_OPEN,1700928000000,0
SOLUSDT,1700956800000,0.0001,58.825,MARK_PRICE_EXACT_OPEN,1700956800000,0
SOLUSDT,1700985600000,0.0001,58.428,MARK_PRICE_EXACT_OPEN,1700985600000,0
SOLUSDT,1701014400000,0.0001,57.106,MARK_PRICE_EXACT_OPEN,1701014400000,0
SOLUSDT,1701043200000,0.0001,57.58482236,MARK_PRICE_EXACT_OPEN,1701043200000,0
SOLUSDT,1701072000001,0.0001,55.85217364,MARK_PRICE_PREVIOUS_FALLBACK,1701072000000,1
SOLUSDT,1701100800000,0.0001,53.96903927,MARK_PRICE_EXACT_OPEN,1701100800000,0
SOLUSDT,1701129600000,0.0001,55.031,MARK_PRICE_EXACT_OPEN,1701129600000,0
SOLUSDT,1701158400000,0.0001,55.08223377,MARK_PRICE_EXACT_OPEN,1701158400000,0
SOLUSDT,1701187200000,0.0001,56.06900618,MARK_PRICE_EXACT_OPEN,1701187200000,0
SOLUSDT,1701216000001,0.0001,58.243,MARK_PRICE_PREVIOUS_FALLBACK,1701216000000,1
SOLUSDT,1701244800000,0.0001,59.3108964,MARK_PRICE_EXACT_OPEN,1701244800000,0
SOLUSDT,1701273600000,0.0001,60.05036897,MARK_PRICE_EXACT_OPEN,1701273600000,0
SOLUSDT,1701302400000,0.0001,59.323,MARK_PRICE_EXACT_OPEN,1701302400000,0
SOLUSDT,1701331200000,0.0001,59.99,MARK_PRICE_EXACT_OPEN,1701331200000,0
SOLUSDT,1701360000000,0.0001,59.578,MARK_PRICE_EXACT_OPEN,1701360000000,0
SOLUSDT,1701388800000,0.0001,59.29212355,MARK_PRICE_EXACT_OPEN,1701388800000,0
SOLUSDT,1701417600000,0.0001,60.87955814,MARK_PRICE_EXACT_OPEN,1701417600000,0
SOLUSDT,1701446400000,0.0001,60.147,MARK_PRICE_EXACT_OPEN,1701446400000,0
SOLUSDT,1701475200000,0.0001,59.754,MARK_PRICE_EXACT_OPEN,1701475200000,0
SOLUSDT,1701504000000,0.00030174,62.04317118,MARK_PRICE_EXACT_OPEN,1701504000000,0
SOLUSDT,1701532800000,0.0001,61.916,MARK_PRICE_EXACT_OPEN,1701532800000,0
SOLUSDT,1701561600000,0.0001,63.684,MARK_PRICE_EXACT_OPEN,1701561600000,0
SOLUSDT,1701590400000,0.00020381,63.97884945,MARK_PRICE_EXACT_OPEN,1701590400000,0
SOLUSDT,1701619200000,0.00018264,63.01110724,MARK_PRICE_EXACT_OPEN,1701619200000,0
SOLUSDT,1701648000000,0.0001,63.0126227,MARK_PRICE_EXACT_OPEN,1701648000000,0
SOLUSDT,1701676800000,0.00053853,63.74868534,MARK_PRICE_EXACT_OPEN,1701676800000,0
SOLUSDT,1701705600000,0.0001,60.573,MARK_PRICE_EXACT_OPEN,1701705600000,0
SOLUSDT,1701734400000,0.0001,61.65544768,MARK_PRICE_EXACT_OPEN,1701734400000,0
SOLUSDT,1701763200000,0.0001,59.7,MARK_PRICE_EXACT_OPEN,1701763200000,0
SOLUSDT,1701792000000,0.0001,61.003,MARK_PRICE_EXACT_OPEN,1701792000000,0
SOLUSDT,1701820800000,0.00025226,61.04239102,MARK_PRICE_EXACT_OPEN,1701820800000,0
SOLUSDT,1701849600000,0.00045867,63.42659022,MARK_PRICE_EXACT_OPEN,1701849600000,0
SOLUSDT,1701878400000,0.00011861,62.655,MARK_PRICE_EXACT_OPEN,1701878400000,0
SOLUSDT,1701907200000,0.0001,61.865,MARK_PRICE_EXACT_OPEN,1701907200000,0
SOLUSDT,1701936000000,0.0001,63.385,MARK_PRICE_EXACT_OPEN,1701936000000,0
SOLUSDT,1701964800000,0.00036868,65.89057505,MARK_PRICE_EXACT_OPEN,1701964800000,0
SOLUSDT,1701993600000,0.00061268,67.79886323,MARK_PRICE_EXACT_OPEN,1701993600000,0
SOLUSDT,1702022400000,0.00024053,71.437,MARK_PRICE_EXACT_OPEN,1702022400000,0
SOLUSDT,1702051200000,0.0002033,72.06438261,MARK_PRICE_EXACT_OPEN,1702051200000,0
SOLUSDT,1702080000000,0.00032215,74.94925204,MARK_PRICE_EXACT_OPEN,1702080000000,0
SOLUSDT,1702108800000,0.000394,76.993,MARK_PRICE_EXACT_OPEN,1702108800000,0
SOLUSDT,1702137600000,0.0001,75.60254047,MARK_PRICE_EXACT_OPEN,1702137600000,0
SOLUSDT,1702166400000,0.00025874,72.33963705,MARK_PRICE_EXACT_OPEN,1702166400000,0
SOLUSDT,1702195200000,0.00037686,72.527,MARK_PRICE_EXACT_OPEN,1702195200000,0
SOLUSDT,1702224000000,0.00020175,73.769,MARK_PRICE_EXACT_OPEN,1702224000000,0
SOLUSDT,1702252800000,0.00027221,74.89557665,MARK_PRICE_EXACT_OPEN,1702252800000,0
SOLUSDT,1702281600000,0.0001,68.5108771,MARK_PRICE_EXACT_OPEN,1702281600000,0
SOLUSDT,1702310400000,0.0001,69.295,MARK_PRICE_EXACT_OPEN,1702310400000,0
SOLUSDT,1702339200000,0.00023316,70.288,MARK_PRICE_EXACT_OPEN,1702339200000,0
SOLUSDT,1702368000000,0.00011574,71.785,MARK_PRICE_EXACT_OPEN,1702368000000,0
SOLUSDT,1702396800000,0.00011972,68.50354989,MARK_PRICE_EXACT_OPEN,1702396800000,0
SOLUSDT,1702425600000,0.0001,68.63487581,MARK_PRICE_EXACT_OPEN,1702425600000,0
SOLUSDT,1702454400000,0.0001,64.91245511,MARK_PRICE_EXACT_OPEN,1702454400000,0
SOLUSDT,1702483200001,0.0001,67.547,MARK_PRICE_PREVIOUS_FALLBACK,1702483200000,1
SOLUSDT,1702512000000,0.0001,70.65025718,MARK_PRICE_EXACT_OPEN,1702512000000,0
SOLUSDT,1702540800000,0.0001,71.573,MARK_PRICE_EXACT_OPEN,1702540800000,0
SOLUSDT,1702569600000,0.0001,71.65858713,MARK_PRICE_EXACT_OPEN,1702569600000,0
SOLUSDT,1702598400000,0.00016198,75.72193765,MARK_PRICE_EXACT_OPEN,1702598400000,0
SOLUSDT,1702627200000,0.0001688,76.661,MARK_PRICE_EXACT_OPEN,1702627200000,0
SOLUSDT,1702656000000,0.00032874,76.101,MARK_PRICE_EXACT_OPEN,1702656000000,0
SOLUSDT,1702684800000,0.0001,72.551,MARK_PRICE_EXACT_OPEN,1702684800000,0
SOLUSDT,1702713600000,0.0001,74.38619608,MARK_PRICE_EXACT_OPEN,1702713600000,0
SOLUSDT,1702742400001,0.0001,76.976,MARK_PRICE_PREVIOUS_FALLBACK,1702742400000,1
SOLUSDT,1702771200000,0.0001,73.73523011,MARK_PRICE_EXACT_OPEN,1702771200000,0
SOLUSDT,1702800000000,0.0001,72.387,MARK_PRICE_EXACT_OPEN,1702800000000,0
SOLUSDT,1702828800000,0.0001,72.71466924,MARK_PRICE_EXACT_OPEN,1702828800000,0
SOLUSDT,1702857600000,0.0001,70.87824225,MARK_PRICE_EXACT_OPEN,1702857600000,0
SOLUSDT,1702886400001,0.0001,69.08162427,MARK_PRICE_PREVIOUS_FALLBACK,1702886400000,1
SOLUSDT,1702915200000,0.0001,70.74317973,MARK_PRICE_EXACT_OPEN,1702915200000,0
SOLUSDT,1702944000000,0.0001,74.42521584,MARK_PRICE_EXACT_OPEN,1702944000000,0
SOLUSDT,1702972800000,0.0001,75.73113316,MARK_PRICE_EXACT_OPEN,1702972800000,0
SOLUSDT,1703001600000,0.0001033,73.70865767,MARK_PRICE_EXACT_OPEN,1703001600000,0
SOLUSDT,1703030400000,0.0001,73.041,MARK_PRICE_EXACT_OPEN,1703030400000,0
SOLUSDT,1703059200000,0.00028564,76.12,MARK_PRICE_EXACT_OPEN,1703059200000,0
SOLUSDT,1703088000000,0.00018812,80.7497643,MARK_PRICE_EXACT_OPEN,1703088000000,0
SOLUSDT,1703116800000,0.0001,82.21477653,MARK_PRICE_EXACT_OPEN,1703116800000,0
SOLUSDT,1703145600000,0.0001,86.82216354,MARK_PRICE_EXACT_OPEN,1703145600000,0
SOLUSDT,1703174400000,0.0001,87.55711255,MARK_PRICE_EXACT_OPEN,1703174400000,0
SOLUSDT,1703203200000,0.00031152,93.92214644,MARK_PRICE_EXACT_OPEN,1703203200000,0
SOLUSDT,1703232000000,0.00036827,93.8663515,MARK_PRICE_EXACT_OPEN,1703232000000,0
SOLUSDT,1703260800000,0.00012814,96.34786067,MARK_PRICE_EXACT_OPEN,1703260800000,0
SOLUSDT,1703289600000,0.0001,97.967,MARK_PRICE_EXACT_OPEN,1703289600000,0
SOLUSDT,1703318400001,0.00018694,95.51412851,MARK_PRICE_PREVIOUS_FALLBACK,1703318400000,1
SOLUSDT,1703347200000,0.0001,96.83803775,MARK_PRICE_EXACT_OPEN,1703347200000,0
SOLUSDT,1703376000000,0.00034505,107.93166178,MARK_PRICE_EXACT_OPEN,1703376000000,0
SOLUSDT,1703404800000,0.00025777,114.50937791,MARK_PRICE_EXACT_OPEN,1703404800000,0
SOLUSDT,1703433600000,0.00012453,113.61441947,MARK_PRICE_EXACT_OPEN,1703433600000,0
SOLUSDT,1703462400000,0.0001913,112.56,MARK_PRICE_EXACT_OPEN,1703462400000,0
SOLUSDT,1703491200000,0.00018571,113.01709184,MARK_PRICE_EXACT_OPEN,1703491200000,0
SOLUSDT,1703520000000,0.00063964,123.18279539,MARK_PRICE_EXACT_OPEN,1703520000000,0
SOLUSDT,1703548800000,0.00029627,120.91556443,MARK_PRICE_EXACT_OPEN,1703548800000,0
SOLUSDT,1703577600000,0.00012594,113.4364673,MARK_PRICE_EXACT_OPEN,1703577600000,0
SOLUSDT,1703606400000,0.00014423,110.6804939,MARK_PRICE_EXACT_OPEN,1703606400000,0
SOLUSDT,1703635200000,0.0001,112.51565608,MARK_PRICE_EXACT_OPEN,1703635200000,0
SOLUSDT,1703664000000,0.00041146,111.48343024,MARK_PRICE_EXACT_OPEN,1703664000000,0
SOLUSDT,1703692800000,0.00067699,107.95565915,MARK_PRICE_EXACT_OPEN,1703692800000,0
SOLUSDT,1703721600000,0.00053993,107.04922669,MARK_PRICE_EXACT_OPEN,1703721600000,0
SOLUSDT,1703750400000,0.00086297,105.988,MARK_PRICE_EXACT_OPEN,1703750400000,0
SOLUSDT,1703779200000,0.00084399,99.80405513,MARK_PRICE_EXACT_OPEN,1703779200000,0
SOLUSDT,1703808000001,0.00050327,102.0729202,MARK_PRICE_PREVIOUS_FALLBACK,1703808000000,1
SOLUSDT,1703836800000,0.00040365,105.22893203,MARK_PRICE_EXACT_OPEN,1703836800000,0
SOLUSDT,1703865600000,0.00044869,106.057,MARK_PRICE_EXACT_OPEN,1703865600000,0
SOLUSDT,1703894400001,0.00046726,106.36918397,MARK_PRICE_PREVIOUS_FALLBACK,1703894400000,1
SOLUSDT,1703923200000,0.00024082,103.53517549,MARK_PRICE_EXACT_OPEN,1703923200000,0
SOLUSDT,1703952000000,0.00030813,104.3073989,MARK_PRICE_EXACT_OPEN,1703952000000,0
SOLUSDT,1703980800000,0.00034362,101.97,MARK_PRICE_EXACT_OPEN,1703980800000,0
SOLUSDT,1704009600001,0.00052654,104.05577114,MARK_PRICE_PREVIOUS_FALLBACK,1704009600000,1
SOLUSDT,1704038400000,0.00041035,102.576,MARK_PRICE_EXACT_OPEN,1704038400000,0
SOLUSDT,1704067200000,0.0002241,101.7478678,MARK_PRICE_EXACT_OPEN,1704067200000,0
SOLUSDT,1704096000000,0.00032989,102.586,MARK_PRICE_EXACT_OPEN,1704096000000,0
SOLUSDT,1704124800000,0.00051477,106.06166827,MARK_PRICE_EXACT_OPEN,1704124800000,0
SOLUSDT,1704153600000,0.00057513,109.97076271,MARK_PRICE_EXACT_OPEN,1704153600000,0
SOLUSDT,1704182400000,0.00046798,114.52340783,MARK_PRICE_EXACT_OPEN,1704182400000,0
SOLUSDT,1704211200000,0.00096801,109.69483081,MARK_PRICE_EXACT_OPEN,1704211200000,0
SOLUSDT,1704240000000,0.00032289,106.81621991,MARK_PRICE_EXACT_OPEN,1704240000000,0
SOLUSDT,1704268800000,0.00013468,107.83683162,MARK_PRICE_EXACT_OPEN,1704268800000,0
SOLUSDT,1704297600000,0.0001,101.71819785,MARK_PRICE_EXACT_OPEN,1704297600000,0
SOLUSDT,1704326400000,0.0001,98.53401017,MARK_PRICE_EXACT_OPEN,1704326400000,0
SOLUSDT,1704355200000,0.0001,98.88275921,MARK_PRICE_EXACT_OPEN,1704355200000,0
SOLUSDT,1704384000000,0.0001,103.698,MARK_PRICE_EXACT_OPEN,1704384000000,0
SOLUSDT,1704412800001,0.0001,105.1480872,MARK_PRICE_PREVIOUS_FALLBACK,1704412800000,1
SOLUSDT,1704441600000,0.0001,101.133,MARK_PRICE_EXACT_OPEN,1704441600000,0
SOLUSDT,1704470400000,0.0001,98.05,MARK_PRICE_EXACT_OPEN,1704470400000,0
SOLUSDT,1704499200000,0.0001,99.88638647,MARK_PRICE_EXACT_OPEN,1704499200000,0
SOLUSDT,1704528000000,0.0001,94.46900831,MARK_PRICE_EXACT_OPEN,1704528000000,0
SOLUSDT,1704556800000,0.0001,95.161,MARK_PRICE_EXACT_OPEN,1704556800000,0
SOLUSDT,1704585600000,0.0001,93.79671891,MARK_PRICE_EXACT_OPEN,1704585600000,0
SOLUSDT,1704614400001,0.0001,95.124,MARK_PRICE_PREVIOUS_FALLBACK,1704614400000,1
SOLUSDT,1704643200001,0.0001,93.96932425,MARK_PRICE_PREVIOUS_FALLBACK,1704643200000,1
SOLUSDT,1704672000000,0.0001,89.414,MARK_PRICE_EXACT_OPEN,1704672000000,0
SOLUSDT,1704700800000,0.0001,89.66632027,MARK_PRICE_EXACT_OPEN,1704700800000,0
SOLUSDT,1704729600000,0.0001,94.643,MARK_PRICE_EXACT_OPEN,1704729600000,0
SOLUSDT,1704758400001,0.0001,97.73455738,MARK_PRICE_PREVIOUS_FALLBACK,1704758400000,1
SOLUSDT,1704787200000,0.0001,101.909,MARK_PRICE_EXACT_OPEN,1704787200000,0
SOLUSDT,1704816000000,0.0001,99.817,MARK_PRICE_EXACT_OPEN,1704816000000,0
SOLUSDT,1704844800000,0.0001,99.36389148,MARK_PRICE_EXACT_OPEN,1704844800000,0
SOLUSDT,1704873600000,0.0001,98.1397855,MARK_PRICE_EXACT_OPEN,1704873600000,0
SOLUSDT,1704902400000,0.0001,94.80962775,MARK_PRICE_EXACT_OPEN,1704902400000,0
SOLUSDT,1704931200000,0.0001,102.063,MARK_PRICE_EXACT_OPEN,1704931200000,0
SOLUSDT,1704960000000,0.0001,99.745,MARK_PRICE_EXACT_OPEN,1704960000000,0
SOLUSDT,1704988800000,0.0001,100.808,MARK_PRICE_EXACT_OPEN,1704988800000,0
SOLUSDT,1705017600001,0.0001,99.88601722,MARK_PRICE_PREVIOUS_FALLBACK,1705017600000,1
SOLUSDT,1705046400000,0.0001,98.845,MARK_PRICE_EXACT_OPEN,1705046400000,0
SOLUSDT,1705075200000,0.0001,95.396,MARK_PRICE_EXACT_OPEN,1705075200000,0
SOLUSDT,1705104000000,0.0001,92.0483522,MARK_PRICE_EXACT_OPEN,1705104000000,0
SOLUSDT,1705132800000,0.0001,92.54741236,MARK_PRICE_EXACT_OPEN,1705132800000,0
SOLUSDT,1705161600001,0.0001,92.978,MARK_PRICE_PREVIOUS_FALLBACK,1705161600000,1
SOLUSDT,1705190400000,0.0001,95.86733498,MARK_PRICE_EXACT_OPEN,1705190400000,0
SOLUSDT,1705219200000,0.0001,98.3253464,MARK_PRICE_EXACT_OPEN,1705219200000,0
SOLUSDT,1705248000001,0.0001,99.719,MARK_PRICE_PREVIOUS_FALLBACK,1705248000000,1
SOLUSDT,1705276800000,0.0001,93.83306434,MARK_PRICE_EXACT_OPEN,1705276800000,0
SOLUSDT,1705305600000,0.0001,95.61733757,MARK_PRICE_EXACT_OPEN,1705305600000,0
SOLUSDT,1705334400000,0.0001,93.52561026,MARK_PRICE_EXACT_OPEN,1705334400000,0
SOLUSDT,1705363200000,0.0001,94.37515805,MARK_PRICE_EXACT_OPEN,1705363200000,0
SOLUSDT,1705392000000,0.0001,97.743,MARK_PRICE_EXACT_OPEN,1705392000000,0
SOLUSDT,1705420800001,0.0001,97.25278918,MARK_PRICE_PREVIOUS_FALLBACK,1705420800000,1
SOLUSDT,1705449600000,0.0001,97.637,MARK_PRICE_EXACT_OPEN,1705449600000,0
SOLUSDT,1705478400000,0.0001,97.36463021,MARK_PRICE_EXACT_OPEN,1705478400000,0
SOLUSDT,1705507200000,0.0001,99.408,MARK_PRICE_EXACT_OPEN,1705507200000,0
SOLUSDT,1705536000001,0.0001,102.36519002,MARK_PRICE_PREVIOUS_FALLBACK,1705536000000,1
SOLUSDT,1705564800000,0.0001,100.785,MARK_PRICE_EXACT_OPEN,1705564800000,0
SOLUSDT,1705593600000,0.0001,98.26896317,MARK_PRICE_EXACT_OPEN,1705593600000,0
SOLUSDT,1705622400000,0.0001,94.384,MARK_PRICE_EXACT_OPEN,1705622400000,0
SOLUSDT,1705651200000,0.0001,94.49106232,MARK_PRICE_EXACT_OPEN,1705651200000,0
SOLUSDT,1705680000002,0.0001,91.12339495,MARK_PRICE_PREVIOUS_FALLBACK,1705680000000,2
SOLUSDT,1705708800000,0.0001,93.63519353,MARK_PRICE_EXACT_OPEN,1705708800000,0
SOLUSDT,1705737600003,0.0001,91.85742497,MARK_PRICE_PREVIOUS_FALLBACK,1705737600000,3
SOLUSDT,1705766400000,0.0001,90.86,MARK_PRICE_EXACT_OPEN,1705766400000,0
SOLUSDT,1705795200000,0.0001,92.89575871,MARK_PRICE_EXACT_OPEN,1705795200000,0
SOLUSDT,1705824000000,0.0001,92.37480134,MARK_PRICE_EXACT_OPEN,1705824000000,0
SOLUSDT,1705852800000,0.0001,92.51116127,MARK_PRICE_EXACT_OPEN,1705852800000,0
SOLUSDT,1705881600000,0.0001,91.09327819,MARK_PRICE_EXACT_OPEN,1705881600000,0
SOLUSDT,1705910400000,0.0001,89.2409186,MARK_PRICE_EXACT_OPEN,1705910400000,0
SOLUSDT,1705939200000,0.0001,87.27127426,MARK_PRICE_EXACT_OPEN,1705939200000,0
SOLUSDT,1705968000000,0.0001,83.87131277,MARK_PRICE_EXACT_OPEN,1705968000000,0
SOLUSDT,1705996800000,0.0001,82.81747384,MARK_PRICE_EXACT_OPEN,1705996800000,0
SOLUSDT,1706025600000,0.0001,82.678,MARK_PRICE_EXACT_OPEN,1706025600000,0
SOLUSDT,1706054400000,0.0001,84.31496462,MARK_PRICE_EXACT_OPEN,1706054400000,0
SOLUSDT,1706083200000,0.0001,86.1056569,MARK_PRICE_EXACT_OPEN,1706083200000,0
SOLUSDT,1706112000000,0.0001,86.97934479,MARK_PRICE_EXACT_OPEN,1706112000000,0
SOLUSDT,1706140800000,0.0001,88.744,MARK_PRICE_EXACT_OPEN,1706140800000,0
SOLUSDT,1706169600001,0.0001,88.20370569,MARK_PRICE_PREVIOUS_FALLBACK,1706169600000,1
SOLUSDT,1706198400000,0.0001,86.40768457,MARK_PRICE_EXACT_OPEN,1706198400000,0
SOLUSDT,1706227200001,0.0001,86.849,MARK_PRICE_PREVIOUS_FALLBACK,1706227200000,1
SOLUSDT,1706256000000,0.0001,87,MARK_PRICE_EXACT_OPEN,1706256000000,0
SOLUSDT,1706284800000,0.00007999,92.36161472,MARK_PRICE_EXACT_OPEN,1706284800000,0
SOLUSDT,1706313600000,0.0001,92.267,MARK_PRICE_EXACT_OPEN,1706313600000,0
SOLUSDT,1706342400000,0.0001,91.18600105,MARK_PRICE_EXACT_OPEN,1706342400000,0
SOLUSDT,1706371200000,0.0001,92.782,MARK_PRICE_EXACT_OPEN,1706371200000,0
SOLUSDT,1706400000000,0.00008902,94.238,MARK_PRICE_EXACT_OPEN,1706400000000,0
SOLUSDT,1706428800000,0.00002568,95.726,MARK_PRICE_EXACT_OPEN,1706428800000,0
SOLUSDT,1706457600000,0.0001,97.052,MARK_PRICE_EXACT_OPEN,1706457600000,0
SOLUSDT,1706486400000,0.0001,95.941,MARK_PRICE_EXACT_OPEN,1706486400000,0
SOLUSDT,1706515200001,0.00003929,96.791,MARK_PRICE_PREVIOUS_FALLBACK,1706515200000,1
SOLUSDT,1706544000000,0.0001,99.90111569,MARK_PRICE_EXACT_OPEN,1706544000000,0
SOLUSDT,1706572800000,0.0001,101.626,MARK_PRICE_EXACT_OPEN,1706572800000,0
SOLUSDT,1706601600000,0.00004333,102.883,MARK_PRICE_EXACT_OPEN,1706601600000,0
SOLUSDT,1706630400001,0.0001,104.85116244,MARK_PRICE_PREVIOUS_FALLBACK,1706630400000,1
SOLUSDT,1706659200000,0.0001,101.38340785,MARK_PRICE_EXACT_OPEN,1706659200000,0
SOLUSDT,1706688000000,0.00005702,101.60687047,MARK_PRICE_EXACT_OPEN,1706688000000,0
SOLUSDT,1706716800000,0.0001,101.4885579,MARK_PRICE_EXACT_OPEN,1706716800000,0
SOLUSDT,1706745600000,0.0000515,96.92434636,MARK_PRICE_EXACT_OPEN,1706745600000,0
SOLUSDT,1706774400000,0.0001,94.89019007,MARK_PRICE_EXACT_OPEN,1706774400000,0
SOLUSDT,1706803200002,0.00007451,96.093,MARK_PRICE_PREVIOUS_FALLBACK,1706803200000,2
SOLUSDT,1706832000000,0.0001,97.775,MARK_PRICE_EXACT_OPEN,1706832000000,0
SOLUSDT,1706860800000,0.0001,101.18976366,MARK_PRICE_EXACT_OPEN,1706860800000,0
SOLUSDT,1706889600000,0.0001,101.284,MARK_PRICE_EXACT_OPEN,1706889600000,0
SOLUSDT,1706918400000,0.0001,100.551,MARK_PRICE_EXACT_OPEN,1706918400000,0
SOLUSDT,1706947200000,0.00009726,99.056,MARK_PRICE_EXACT_OPEN,1706947200000,0
SOLUSDT,1706976000001,0.0001,97.98218724,MARK_PRICE_PREVIOUS_FALLBACK,1706976000000,1
SOLUSDT,1707004800000,0.0001,97.92284693,MARK_PRICE_EXACT_OPEN,1707004800000,0
SOLUSDT,1707033600004,0.0001,96.42055791,MARK_PRICE_PREVIOUS_FALLBACK,1707033600000,4
SOLUSDT,1707062400000,0.0001,97.603,MARK_PRICE_EXACT_OPEN,1707062400000,0
SOLUSDT,1707091200000,0.0001,95.451,MARK_PRICE_EXACT_OPEN,1707091200000,0
SOLUSDT,1707120000000,0.0001,97.53972262,MARK_PRICE_EXACT_OPEN,1707120000000,0
SOLUSDT,1707148800000,0.0001,95.57325377,MARK_PRICE_EXACT_OPEN,1707148800000,0
SOLUSDT,1707177600000,0.00005616,95.60702816,MARK_PRICE_EXACT_OPEN,1707177600000,0
SOLUSDT,1707206400001,0.0001,95.871,MARK_PRICE_PREVIOUS_FALLBACK,1707206400000,1
SOLUSDT,1707235200000,0.0001,95.70701736,MARK_PRICE_EXACT_OPEN,1707235200000,0
SOLUSDT,1707264000000,0.0001,96.86159697,MARK_PRICE_EXACT_OPEN,1707264000000,0
SOLUSDT,1707292800000,0.0001,95.57182908,MARK_PRICE_EXACT_OPEN,1707292800000,0
SOLUSDT,1707321600000,0.0001,96.218,MARK_PRICE_EXACT_OPEN,1707321600000,0
SOLUSDT,1707350400000,0.0001,101.13376449,MARK_PRICE_EXACT_OPEN,1707350400000,0
SOLUSDT,1707379200000,0.0001,100.80477917,MARK_PRICE_EXACT_OPEN,1707379200000,0
SOLUSDT,1707408000000,0.0001,104.791,MARK_PRICE_EXACT_OPEN,1707408000000,0
SOLUSDT,1707436800000,0.00007069,102.744,MARK_PRICE_EXACT_OPEN,1707436800000,0
SOLUSDT,1707465600000,0.00003075,105.211,MARK_PRICE_EXACT_OPEN,1707465600000,0
SOLUSDT,1707494400001,0.0001,105.761,MARK_PRICE_PREVIOUS_FALLBACK,1707494400000,1
SOLUSDT,1707523200001,0.0001,106.907,MARK_PRICE_PREVIOUS_FALLBACK,1707523200000,1
SOLUSDT,1707552000000,0.0001,108.86984136,MARK_PRICE_EXACT_OPEN,1707552000000,0
SOLUSDT,1707580800000,0.0001,108.49598669,MARK_PRICE_EXACT_OPEN,1707580800000,0
SOLUSDT,1707609600000,0.0001,108.98526421,MARK_PRICE_EXACT_OPEN,1707609600000,0
SOLUSDT,1707638400001,0.0001,109.16128875,MARK_PRICE_PREVIOUS_FALLBACK,1707638400000,1
SOLUSDT,1707667200000,0.0001,108.81545835,MARK_PRICE_EXACT_OPEN,1707667200000,0
SOLUSDT,1707696000000,0.0001,107.45895789,MARK_PRICE_EXACT_OPEN,1707696000000,0
SOLUSDT,1707724800000,0.0001,105.92236008,MARK_PRICE_EXACT_OPEN,1707724800000,0
SOLUSDT,1707753600000,0.0001,108.8479769,MARK_PRICE_EXACT_OPEN,1707753600000,0
SOLUSDT,1707782400000,0.0001,111.739,MARK_PRICE_EXACT_OPEN,1707782400000,0
SOLUSDT,1707811200000,0.00014166,114.087,MARK_PRICE_EXACT_OPEN,1707811200000,0
SOLUSDT,1707840000000,0.0001,110.36122436,MARK_PRICE_EXACT_OPEN,1707840000000,0
SOLUSDT,1707868800000,0.0001,112.53814328,MARK_PRICE_EXACT_OPEN,1707868800000,0
SOLUSDT,1707897600000,0.0001,113.099,MARK_PRICE_EXACT_OPEN,1707897600000,0
SOLUSDT,1707926400000,0.00029225,116.99454665,MARK_PRICE_EXACT_OPEN,1707926400000,0
SOLUSDT,1707955200000,0.00013572,117.08685551,MARK_PRICE_EXACT_OPEN,1707955200000,0
SOLUSDT,1707984000000,0.00015932,115.09659855,MARK_PRICE_EXACT_OPEN,1707984000000,0
SOLUSDT,1708012800000,0.00012,114.09366403,MARK_PRICE_EXACT_OPEN,1708012800000,0
SOLUSDT,1708041600000,0.00022371,113.597,MARK_PRICE_EXACT_OPEN,1708041600000,0
SOLUSDT,1708070400000,0.00032087,111.54856334,MARK_PRICE_EXACT_OPEN,1708070400000,0
SOLUSDT,1708099200000,0.00016914,109.724,MARK_PRICE_EXACT_OPEN,1708099200000,0
SOLUSDT,1708128000000,0.00017661,110.38572286,MARK_PRICE_EXACT_OPEN,1708128000000,0
SOLUSDT,1708156800000,0.00042046,110.41,MARK_PRICE_EXACT_OPEN,1708156800000,0
SOLUSDT,1708185600000,0.00028279,107.268,MARK_PRICE_EXACT_OPEN,1708185600000,0
SOLUSDT,1708214400000,0.00022777,109.00724817,MARK_PRICE_EXACT_OPEN,1708214400000,0
SOLUSDT,1708243200000,0.00019395,109.29084412,MARK_PRICE_EXACT_OPEN,1708243200000,0
SOLUSDT,1708272000000,0.00022192,112.40701647,MARK_PRICE_EXACT_OPEN,1708272000000,0
SOLUSDT,1708300800000,0.0003023,112.32306945,MARK_PRICE_EXACT_OPEN,1708300800000,0
SOLUSDT,1708329600000,0.00029566,113.289,MARK_PRICE_EXACT_OPEN,1708329600000,0
SOLUSDT,1708358400000,0.00031944,113.78,MARK_PRICE_EXACT_OPEN,1708358400000,0
SOLUSDT,1708387200000,0.0004747,111.63358358,MARK_PRICE_EXACT_OPEN,1708387200000,0
SOLUSDT,1708416000000,0.00029934,109.51892545,MARK_PRICE_EXACT_OPEN,1708416000000,0
SOLUSDT,1708444800000,0.00031742,106.59061438,MARK_PRICE_EXACT_OPEN,1708444800000,0
SOLUSDT,1708473600000,0.00016255,108.39609459,MARK_PRICE_EXACT_OPEN,1708473600000,0
SOLUSDT,1708502400000,0.0002531,104.91685745,MARK_PRICE_EXACT_OPEN,1708502400000,0
SOLUSDT,1708531200000,0.0001773,103.904,MARK_PRICE_EXACT_OPEN,1708531200000,0
SOLUSDT,1708560000001,0.00016351,104.91273996,MARK_PRICE_PREVIOUS_FALLBACK,1708560000000,1
SOLUSDT,1708588800001,0.00021049,105.17477686,MARK_PRICE_PREVIOUS_FALLBACK,1708588800000,1
SOLUSDT,1708617600000,0.00018339,105.469,MARK_PRICE_EXACT_OPEN,1708617600000,0
SOLUSDT,1708646400000,0.00026289,101.805,MARK_PRICE_EXACT_OPEN,1708646400000,0
SOLUSDT,1708675200000,0.00032841,102.046,MARK_PRICE_EXACT_OPEN,1708675200000,0
SOLUSDT,1708704000000,0.00016957,100.34084709,MARK_PRICE_EXACT_OPEN,1708704000000,0
SOLUSDT,1708732800000,0.00027113,99.94884067,MARK_PRICE_EXACT_OPEN,1708732800000,0
SOLUSDT,1708761600001,0.00033132,102.414,MARK_PRICE_PREVIOUS_FALLBACK,1708761600000,1
SOLUSDT,1708790400000,0.0002623,102.023,MARK_PRICE_EXACT_OPEN,1708790400000,0
SOLUSDT,1708819200001,0.00027207,104.02,MARK_PRICE_PREVIOUS_FALLBACK,1708819200000,1
SOLUSDT,1708848000000,0.00041614,103.08854499,MARK_PRICE_EXACT_OPEN,1708848000000,0
SOLUSDT,1708876800000,0.00042645,102.85,MARK_PRICE_EXACT_OPEN,1708876800000,0
SOLUSDT,1708905600000,0.00055329,103.569,MARK_PRICE_EXACT_OPEN,1708905600000,0
SOLUSDT,1708934400000,0.00055349,103.38249253,MARK_PRICE_EXACT_OPEN,1708934400000,0
SOLUSDT,1708963200000,0.00038701,105.091,MARK_PRICE_EXACT_OPEN,1708963200000,0
SOLUSDT,1708992000000,0.00060184,110.02387304,MARK_PRICE_EXACT_OPEN,1708992000000,0
SOLUSDT,1709020800000,0.00069189,110.479,MARK_PRICE_EXACT_OPEN,1709020800000,0
SOLUSDT,1709049600000,0.00051508,106.88460847,MARK_PRICE_EXACT_OPEN,1709049600000,0
SOLUSDT,1709078400000,0.00032603,108.45,MARK_PRICE_EXACT_OPEN,1709078400000,0
SOLUSDT,1709107200000,0.00040753,110.17014,MARK_PRICE_EXACT_OPEN,1709107200000,0
SOLUSDT,1709136000000,0.00078549,113.17284253,MARK_PRICE_EXACT_OPEN,1709136000000,0
SOLUSDT,1709164800000,0.00089,119.2396046,MARK_PRICE_EXACT_OPEN,1709164800000,0
SOLUSDT,1709193600000,0.00098885,125.67678926,MARK_PRICE_EXACT_OPEN,1709193600000,0
SOLUSDT,1709222400000,0.00081567,132.432,MARK_PRICE_EXACT_OPEN,1709222400000,0
SOLUSDT,1709251200000,0.00060436,125.72856681,MARK_PRICE_EXACT_OPEN,1709251200000,0
SOLUSDT,1709280000000,0.00061591,132.0523722,MARK_PRICE_EXACT_OPEN,1709280000000,0
SOLUSDT,1709308800000,0.00066424,131.35739088,MARK_PRICE_EXACT_OPEN,1709308800000,0
SOLUSDT,1709337600000,0.00073268,129.447,MARK_PRICE_EXACT_OPEN,1709337600000,0
SOLUSDT,1709366400001,0.000755,129.1012182,MARK_PRICE_PREVIOUS_FALLBACK,1709366400000,1
SOLUSDT,1709395200000,0.00063147,128.01581055,MARK_PRICE_EXACT_OPEN,1709395200000,0
SOLUSDT,1709424000000,0.00076414,130.184,MARK_PRICE_EXACT_OPEN,1709424000000,0
SOLUSDT,1709452800000,0.0005416,126.863,MARK_PRICE_EXACT_OPEN,1709452800000,0
SOLUSDT,1709481600000,0.00058338,129.43783192,MARK_PRICE_EXACT_OPEN,1709481600000,0
SOLUSDT,1709510400000,0.00070533,130.308,MARK_PRICE_EXACT_OPEN,1709510400000,0
SOLUSDT,1709539200000,0.00072401,129.72164867,MARK_PRICE_EXACT_OPEN,1709539200000,0
SOLUSDT,1709568000000,0.00073074,131.884,MARK_PRICE_EXACT_OPEN,1709568000000,0
SOLUSDT,1709596800000,0.00071628,133.38137945,MARK_PRICE_EXACT_OPEN,1709596800000,0
SOLUSDT,1709625600000,0.00119261,129.6,MARK_PRICE_EXACT_OPEN,1709625600000,0
SOLUSDT,1709654400000,0.0011456,139.33123622,MARK_PRICE_EXACT_OPEN,1709654400000,0
SOLUSDT,1709683200000,0.0001,125.377,MARK_PRICE_EXACT_OPEN,1709683200000,0
SOLUSDT,1709712000001,0.00036233,133.587,MARK_PRICE_PREVIOUS_FALLBACK,1709712000000,1
SOLUSDT,1709740800000,0.00038317,128.325,MARK_PRICE_EXACT_OPEN,1709740800000,0
SOLUSDT,1709769600000,0.00038906,130.89446898,MARK_PRICE_EXACT_OPEN,1709769600000,0
SOLUSDT,1709798400000,0.00054339,138.357,MARK_PRICE_EXACT_OPEN,1709798400000,0
SOLUSDT,1709827200000,0.00052411,146.04482964,MARK_PRICE_EXACT_OPEN,1709827200000,0
SOLUSDT,1709856000000,0.00059435,143.98534669,MARK_PRICE_EXACT_OPEN,1709856000000,0
SOLUSDT,1709884800000,0.00055843,144.61435235,MARK_PRICE_EXACT_OPEN,1709884800000,0
SOLUSDT,1709913600000,0.00053032,145.53,MARK_PRICE_EXACT_OPEN,1709913600000,0
SOLUSDT,1709942400000,0.00048054,144.85847364,MARK_PRICE_EXACT_OPEN,1709942400000,0
SOLUSDT,1709971200001,0.00029228,148.79166074,MARK_PRICE_PREVIOUS_FALLBACK,1709971200000,1
SOLUSDT,1710000000000,0.00044156,147.15059187,MARK_PRICE_EXACT_OPEN,1710000000000,0
SOLUSDT,1710028800000,0.00040915,144.37884087,MARK_PRICE_EXACT_OPEN,1710028800000,0
SOLUSDT,1710057600000,0.00084919,148.44962583,MARK_PRICE_EXACT_OPEN,1710057600000,0
SOLUSDT,1710086400000,0.00033129,143.025,MARK_PRICE_EXACT_OPEN,1710086400000,0
SOLUSDT,1710115200000,0.00023257,144.48890458,MARK_PRICE_EXACT_OPEN,1710115200000,0
SOLUSDT,1710144000000,0.00066664,148.23870669,MARK_PRICE_EXACT_OPEN,1710144000000,0
SOLUSDT,1710172800000,0.00081096,147.18986622,MARK_PRICE_EXACT_OPEN,1710172800000,0
SOLUSDT,1710201600000,0.00071463,149.04855984,MARK_PRICE_EXACT_OPEN,1710201600000,0
SOLUSDT,1710230400000,0.00073858,152.035,MARK_PRICE_EXACT_OPEN,1710230400000,0
SOLUSDT,1710259200000,0.00055607,150.39890819,MARK_PRICE_EXACT_OPEN,1710259200000,0
SOLUSDT,1710288000000,0.00064251,151.1942306,MARK_PRICE_EXACT_OPEN,1710288000000,0
SOLUSDT,1710316800001,0.00069679,150.70749642,MARK_PRICE_PREVIOUS_FALLBACK,1710316800000,1
SOLUSDT,1710345600000,0.00064562,157.361,MARK_PRICE_EXACT_OPEN,1710345600000,0
SOLUSDT,1710374400001,0.0005267,164.10539876,MARK_PRICE_PREVIOUS_FALLBACK,1710374400000,1
SOLUSDT,1710403200000,0.0005183,168.443,MARK_PRICE_EXACT_OPEN,1710403200000,0
SOLUSDT,1710432000000,0.00052725,167.766,MARK_PRICE_EXACT_OPEN,1710432000000,0
SOLUSDT,1710460800000,0.00063046,176.838,MARK_PRICE_EXACT_OPEN,1710460800000,0
SOLUSDT,1710489600000,0.00034279,176.28014084,MARK_PRICE_EXACT_OPEN,1710489600000,0
SOLUSDT,1710518400000,0.0002746,181.963,MARK_PRICE_EXACT_OPEN,1710518400000,0
SOLUSDT,1710547200000,0.00014955,183.96153406,MARK_PRICE_EXACT_OPEN,1710547200000,0
SOLUSDT,1710576000000,0.00020435,192.914,MARK_PRICE_EXACT_OPEN,1710576000000,0
SOLUSDT,1710604800000,0.00015327,195.29940885,MARK_PRICE_EXACT_OPEN,1710604800000,0
SOLUSDT,1710633600000,0.00014108,182.1720746,MARK_PRICE_EXACT_OPEN,1710633600000,0
SOLUSDT,1710662400000,0.0001,181.93187688,MARK_PRICE_EXACT_OPEN,1710662400000,0
SOLUSDT,1710691200000,0.00030858,195.72345475,MARK_PRICE_EXACT_OPEN,1710691200000,0
SOLUSDT,1710720000000,0.00033129,201.962,MARK_PRICE_EXACT_OPEN,1710720000000,0
SOLUSDT,1710748800000,0.00028956,203.32000046,MARK_PRICE_EXACT_OPEN,1710748800000,0
SOLUSDT,1710777600001,0.00018996,203.893,MARK_PRICE_PREVIOUS_FALLBACK,1710777600000,1
SOLUSDT,1710806400000,0.0002092,196.07942787,MARK_PRICE_EXACT_OPEN,1710806400000,0
SOLUSDT,1710835200000,0.00020307,186.213,MARK_PRICE_EXACT_OPEN,1710835200000,0
SOLUSDT,1710864000001,0.0001,183.19298895,MARK_PRICE_PREVIOUS_FALLBACK,1710864000000,1
SOLUSDT,1710892800000,0.00018828,169.917,MARK_PRICE_EXACT_OPEN,1710892800000,0
SOLUSDT,1710921600004,0.00018831,172.86685122,MARK_PRICE_PREVIOUS_FALLBACK,1710921600000,4
SOLUSDT,1710950400000,0.00010917,170.66037781,MARK_PRICE_EXACT_OPEN,1710950400000,0
SOLUSDT,1710979200000,0.00015928,191.915,MARK_PRICE_EXACT_OPEN,1710979200000,0
SOLUSDT,1711008000000,0.00030752,188.7214408,MARK_PRICE_EXACT_OPEN,1711008000000,0
SOLUSDT,1711036800000,0.00014524,185.38044017,MARK_PRICE_EXACT_OPEN,1711036800000,0
SOLUSDT,1711065600000,0.00014092,179.535,MARK_PRICE_EXACT_OPEN,1711065600000,0
SOLUSDT,1711094400000,0.00014802,179.202666,MARK_PRICE_EXACT_OPEN,1711094400000,0
SOLUSDT,1711123200000,0.00016161,171.72810833,MARK_PRICE_EXACT_OPEN,1711123200000,0
SOLUSDT,1711152000000,0.00015244,175.20815034,MARK_PRICE_EXACT_OPEN,1711152000000,0
SOLUSDT,1711180800000,0.00015091,176.125,MARK_PRICE_EXACT_OPEN,1711180800000,0
SOLUSDT,1711209600000,0.00016841,175.262,MARK_PRICE_EXACT_OPEN,1711209600000,0
SOLUSDT,1711238400000,0.00017713,172.725,MARK_PRICE_EXACT_OPEN,1711238400000,0
SOLUSDT,1711267200000,0.00015435,173.62708428,MARK_PRICE_EXACT_OPEN,1711267200000,0
SOLUSDT,1711296000000,0.00025686,176.36844813,MARK_PRICE_EXACT_OPEN,1711296000000,0
SOLUSDT,1711324800000,0.00021466,184.00452976,MARK_PRICE_EXACT_OPEN,1711324800000,0
SOLUSDT,1711353600001,0.00017494,186.00567817,MARK_PRICE_PREVIOUS_FALLBACK,1711353600000,1
SOLUSDT,1711382400000,0.00020373,192.84830097,MARK_PRICE_EXACT_OPEN,1711382400000,0
SOLUSDT,1711411200000,0.00039207,189.15896478,MARK_PRICE_EXACT_OPEN,1711411200000,0
SOLUSDT,1711440000000,0.00020767,194.12433422,MARK_PRICE_EXACT_OPEN,1711440000000,0
SOLUSDT,1711468800000,0.00025173,190.491,MARK_PRICE_EXACT_OPEN,1711468800000,0
SOLUSDT,1711497600000,0.00032068,190.623,MARK_PRICE_EXACT_OPEN,1711497600000,0
SOLUSDT,1711526400001,0.0004048,187.047,MARK_PRICE_PREVIOUS_FALLBACK,1711526400000,1
SOLUSDT,1711555200000,0.00025221,181.225,MARK_PRICE_EXACT_OPEN,1711555200000,0
SOLUSDT,1711584000000,0.00026487,186.448,MARK_PRICE_EXACT_OPEN,1711584000000,0
SOLUSDT,1711612800000,0.00039989,187.513,MARK_PRICE_EXACT_OPEN,1711612800000,0
SOLUSDT,1711641600000,0.00036742,187.49952185,MARK_PRICE_EXACT_OPEN,1711641600000,0
SOLUSDT,1711670400000,0.00045018,189.8719052,MARK_PRICE_EXACT_OPEN,1711670400000,0
SOLUSDT,1711699200000,0.00035449,183.82788489,MARK_PRICE_EXACT_OPEN,1711699200000,0
SOLUSDT,1711728000000,0.00040773,185.01888418,MARK_PRICE_EXACT_OPEN,1711728000000,0
SOLUSDT,1711756800000,0.00052381,192.2,MARK_PRICE_EXACT_OPEN,1711756800000,0
SOLUSDT,1711785600000,0.00055026,195.97433962,MARK_PRICE_EXACT_OPEN,1711785600000,0
SOLUSDT,1711814400000,0.00058211,196.50811511,MARK_PRICE_EXACT_OPEN,1711814400000,0
SOLUSDT,1711843200000,0.00044594,194.32532408,MARK_PRICE_EXACT_OPEN,1711843200000,0
SOLUSDT,1711872000000,0.00046087,196.953,MARK_PRICE_EXACT_OPEN,1711872000000,0
SOLUSDT,1711900800001,0.00053015,195.92446029,MARK_PRICE_PREVIOUS_FALLBACK,1711900800000,1
SOLUSDT,1711929600000,0.00083459,202.678,MARK_PRICE_EXACT_OPEN,1711929600000,0
SOLUSDT,1711958400000,0.00044327,198.08340081,MARK_PRICE_EXACT_OPEN,1711958400000,0
SOLUSDT,1711987200000,0.00031429,188.217,MARK_PRICE_EXACT_OPEN,1711987200000,0
SOLUSDT,1712016000007,0.00015817,192.314,MARK_PRICE_PREVIOUS_FALLBACK,1712016000000,7
SOLUSDT,1712044800015,0.0001,183.28363927,MARK_PRICE_PREVIOUS_FALLBACK,1712044800000,15
SOLUSDT,1712073600000,0.00015893,177.554,MARK_PRICE_EXACT_OPEN,1712073600000,0
SOLUSDT,1712102400000,0.0001096,181.64800768,MARK_PRICE_EXACT_OPEN,1712102400000,0
SOLUSDT,1712131200000,0.0001,189.65,MARK_PRICE_EXACT_OPEN,1712131200000,0
SOLUSDT,1712160000000,0.00016154,189.137,MARK_PRICE_EXACT_OPEN,1712160000000,0
SOLUSDT,1712188800000,0.0001,185.16496078,MARK_PRICE_EXACT_OPEN,1712188800000,0
SOLUSDT,1712217600000,0.0001,185.03585841,MARK_PRICE_EXACT_OPEN,1712217600000,0
SOLUSDT,1712246400000,0.00016815,187.14640034,MARK_PRICE_EXACT_OPEN,1712246400000,0
SOLUSDT,1712275200000,0.0001,184.10636124,MARK_PRICE_EXACT_OPEN,1712275200000,0
SOLUSDT,1712304000000,0.0001,175.17529839,MARK_PRICE_EXACT_OPEN,1712304000000,0
SOLUSDT,1712332800000,0.0001,175.937,MARK_PRICE_EXACT_OPEN,1712332800000,0
SOLUSDT,1712361600000,0.0001,174.43028306,MARK_PRICE_EXACT_OPEN,1712361600000,0
SOLUSDT,1712390400000,0.0001,177.319,MARK_PRICE_EXACT_OPEN,1712390400000,0
SOLUSDT,1712419200000,0.0001,177.232,MARK_PRICE_EXACT_OPEN,1712419200000,0
SOLUSDT,1712448000000,0.0001,178.74801982,MARK_PRICE_EXACT_OPEN,1712448000000,0
SOLUSDT,1712476800000,0.0001,179.846,MARK_PRICE_EXACT_OPEN,1712476800000,0
SOLUSDT,1712505600000,0.0001,179.72143118,MARK_PRICE_EXACT_OPEN,1712505600000,0
SOLUSDT,1712534400001,0.00013953,179.266,MARK_PRICE_PREVIOUS_FALLBACK,1712534400000,1
SOLUSDT,1712563200000,0.00025466,180.23299002,MARK_PRICE_EXACT_OPEN,1712563200000,0
SOLUSDT,1712592000006,0.00018234,181.66457691,MARK_PRICE_PREVIOUS_FALLBACK,1712592000000,6
SOLUSDT,1712620800000,0.00013524,180.80273769,MARK_PRICE_EXACT_OPEN,1712620800000,0
SOLUSDT,1712649600001,0.00012502,175.361,MARK_PRICE_PREVIOUS_FALLBACK,1712649600000,1
SOLUSDT,1712678400001,0.00011397,172.68786342,MARK_PRICE_PREVIOUS_FALLBACK,1712678400000,1
SOLUSDT,1712707200000,0.00036513,172.55,MARK_PRICE_EXACT_OPEN,1712707200000,0
SOLUSDT,1712736000001,0.00031624,172.701,MARK_PRICE_PREVIOUS_FALLBACK,1712736000000,1
SOLUSDT,1712764800000,0.00017163,168.03909731,MARK_PRICE_EXACT_OPEN,1712764800000,0
SOLUSDT,1712793600000,0.00027306,173.42449003,MARK_PRICE_EXACT_OPEN,1712793600000,0
SOLUSDT,1712822400000,0.00024101,174.56100009,MARK_PRICE_EXACT_OPEN,1712822400000,0
SOLUSDT,1712851200000,0.00027676,173.548,MARK_PRICE_EXACT_OPEN,1712851200000,0
SOLUSDT,1712880000000,0.00026578,172.49782154,MARK_PRICE_EXACT_OPEN,1712880000000,0
SOLUSDT,1712908800001,0.0002941,173.3128986,MARK_PRICE_PREVIOUS_FALLBACK,1712908800000,1
SOLUSDT,1712937600000,0.00025596,167.46,MARK_PRICE_EXACT_OPEN,1712937600000,0
SOLUSDT,1712966400000,0.0001,153.18345357,MARK_PRICE_EXACT_OPEN,1712966400000,0
SOLUSDT,1712995200000,0.0001,151.095,MARK_PRICE_EXACT_OPEN,1712995200000,0
SOLUSDT,1713024000001,0.0001,148.889,MARK_PRICE_PREVIOUS_FALLBACK,1713024000000,1
SOLUSDT,1713052800000,0.0001,138.39379496,MARK_PRICE_EXACT_OPEN,1713052800000,0
SOLUSDT,1713081600000,0.0001,144.019,MARK_PRICE_EXACT_OPEN,1713081600000,0
SOLUSDT,1713110400000,0.0001,137.94924828,MARK_PRICE_EXACT_OPEN,1713110400000,0
SOLUSDT,1713139200000,0.00009686,151.22558184,MARK_PRICE_EXACT_OPEN,1713139200000,0
SOLUSDT,1713168000001,-0.00000758,153.965,MARK_PRICE_PREVIOUS_FALLBACK,1713168000000,1
SOLUSDT,1713196800000,0.0000637,143.232,MARK_PRICE_EXACT_OPEN,1713196800000,0
SOLUSDT,1713225600001,-0.00005815,137.9875925,MARK_PRICE_PREVIOUS_FALLBACK,1713225600000,1
SOLUSDT,1713254400000,0.00004459,137.811,MARK_PRICE_EXACT_OPEN,1713254400000,0
SOLUSDT,1713283200000,0.00002516,127.62774746,MARK_PRICE_EXACT_OPEN,1713283200000,0
SOLUSDT,1713312000000,-0.00002599,136.184,MARK_PRICE_EXACT_OPEN,1713312000000,0
SOLUSDT,1713340800000,0.00000333,139.395,MARK_PRICE_EXACT_OPEN,1713340800000,0
SOLUSDT,1713369600000,0.0001,128.7093195,MARK_PRICE_EXACT_OPEN,1713369600000,0
SOLUSDT,1713398400000,0.00006888,131.79905024,MARK_PRICE_EXACT_OPEN,1713398400000,0
SOLUSDT,1713427200000,0.00007203,129.37927863,MARK_PRICE_EXACT_OPEN,1713427200000,0
SOLUSDT,1713456000000,0.0000659,138.93497706,MARK_PRICE_EXACT_OPEN,1713456000000,0
SOLUSDT,1713484800001,-0.00001667,141.78484097,MARK_PRICE_PREVIOUS_FALLBACK,1713484800000,1
SOLUSDT,1713513600000,0.0000468,143.271,MARK_PRICE_EXACT_OPEN,1713513600000,0
SOLUSDT,1713542400000,0.00002007,146.16566985,MARK_PRICE_EXACT_OPEN,1713542400000,0
SOLUSDT,1713571200000,0.0001,142.444,MARK_PRICE_EXACT_OPEN,1713571200000,0
SOLUSDT,1713600000000,0.00004184,143.452,MARK_PRICE_EXACT_OPEN,1713600000000,0
SOLUSDT,1713628800000,0.00006594,147.11663004,MARK_PRICE_EXACT_OPEN,1713628800000,0
SOLUSDT,1713657600000,0.00007055,151.178,MARK_PRICE_EXACT_OPEN,1713657600000,0
SOLUSDT,1713686400000,-0.00002982,151.04598258,MARK_PRICE_EXACT_OPEN,1713686400000,0
SOLUSDT,1713715200000,0.00004268,150.1,MARK_PRICE_EXACT_OPEN,1713715200000,0
SOLUSDT,1713744000000,0.00003735,148.75173933,MARK_PRICE_EXACT_OPEN,1713744000000,0
SOLUSDT,1713772800000,0.00008512,153.56,MARK_PRICE_EXACT_OPEN,1713772800000,0
SOLUSDT,1713801600000,-0.00003018,153.374,MARK_PRICE_EXACT_OPEN,1713801600000,0
SOLUSDT,1713830400000,-0.0000127,156.887,MARK_PRICE_EXACT_OPEN,1713830400000,0
SOLUSDT,1713859200000,-0.00004214,153.552,MARK_PRICE_EXACT_OPEN,1713859200000,0
SOLUSDT,1713888000001,0.00001577,157.907,MARK_PRICE_PREVIOUS_FALLBACK,1713888000000,1
SOLUSDT,1713916800000,0.00000977,154.723,MARK_PRICE_EXACT_OPEN,1713916800000,0
SOLUSDT,1713945600000,0.00000643,157.74783935,MARK_PRICE_EXACT_OPEN,1713945600000,0
SOLUSDT,1713974400000,0.0001,151.474,MARK_PRICE_EXACT_OPEN,1713974400000,0
SOLUSDT,1714003200000,0.0001,147.72350799,MARK_PRICE_EXACT_OPEN,1714003200000,0
SOLUSDT,1714032000000,0.00002239,146.229,MARK_PRICE_EXACT_OPEN,1714032000000,0
SOLUSDT,1714060800010,0.0001,147.464,MARK_PRICE_PREVIOUS_FALLBACK,1714060800000,10
SOLUSDT,1714089600001,0.00006164,144.86917327,MARK_PRICE_PREVIOUS_FALLBACK,1714089600000,1
SOLUSDT,1714118400000,0.00008426,143.403,MARK_PRICE_EXACT_OPEN,1714118400000,0
SOLUSDT,1714147200000,0.00008505,142.65697578,MARK_PRICE_EXACT_OPEN,1714147200000,0
SOLUSDT,1714176000000,0.00005384,139.201,MARK_PRICE_EXACT_OPEN,1714176000000,0
SOLUSDT,1714204800001,-0.00002561,136.212,MARK_PRICE_PREVIOUS_FALLBACK,1714204800000,1
SOLUSDT,1714233600000,0.00002358,137.672,MARK_PRICE_EXACT_OPEN,1714233600000,0
SOLUSDT,1714262400000,0.00002733,141.235,MARK_PRICE_EXACT_OPEN,1714262400000,0
SOLUSDT,1714291200000,0.00003029,143.501,MARK_PRICE_EXACT_OPEN,1714291200000,0
SOLUSDT,1714320000000,0.0001,141.935,MARK_PRICE_EXACT_OPEN,1714320000000,0
SOLUSDT,1714348800000,0.0001,137.922,MARK_PRICE_EXACT_OPEN,1714348800000,0
SOLUSDT,1714377600000,0.0001,134.904,MARK_PRICE_EXACT_OPEN,1714377600000,0
SOLUSDT,1714406400000,0.0001,136.435,MARK_PRICE_EXACT_OPEN,1714406400000,0
SOLUSDT,1714435200000,0.00006384,137.699,MARK_PRICE_EXACT_OPEN,1714435200000,0
SOLUSDT,1714464000000,0.0001,135.031,MARK_PRICE_EXACT_OPEN,1714464000000,0
SOLUSDT,1714492800000,0.00004102,127.72039636,MARK_PRICE_EXACT_OPEN,1714492800000,0
SOLUSDT,1714521600000,-0.00003566,126.68838358,MARK_PRICE_EXACT_OPEN,1714521600000,0
SOLUSDT,1714550400000,0.0001,120.544,MARK_PRICE_EXACT_OPEN,1714550400000,0
SOLUSDT,1714579200000,0.00009105,123.33236117,MARK_PRICE_EXACT_OPEN,1714579200000,0
SOLUSDT,1714608000000,0.00000378,134.569,MARK_PRICE_EXACT_OPEN,1714608000000,0
SOLUSDT,1714636800000,0.00007951,131.32011754,MARK_PRICE_EXACT_OPEN,1714636800000,0
SOLUSDT,1714665600002,0.00003479,138.85,MARK_PRICE_PREVIOUS_FALLBACK,1714665600000,2
SOLUSDT,1714694400000,0.00005799,137.537,MARK_PRICE_EXACT_OPEN,1714694400000,0
SOLUSDT,1714723200000,-0.00005326,137.18840579,MARK_PRICE_EXACT_OPEN,1714723200000,0
SOLUSDT,1714752000000,0.00003126,142,MARK_PRICE_EXACT_OPEN,1714752000000,0
SOLUSDT,1714780800000,-0.00008768,143.6273127,MARK_PRICE_EXACT_OPEN,1714780800000,0
SOLUSDT,1714809600000,0.00001077,143.899,MARK_PRICE_EXACT_OPEN,1714809600000,0
SOLUSDT,1714838400000,0.00001309,146.11746137,MARK_PRICE_EXACT_OPEN,1714838400000,0
SOLUSDT,1714867200000,0.00005621,146.007,MARK_PRICE_EXACT_OPEN,1714867200000,0
SOLUSDT,1714896000000,0.00008266,145.58,MARK_PRICE_EXACT_OPEN,1714896000000,0
SOLUSDT,1714924800000,0.00007548,147.402,MARK_PRICE_EXACT_OPEN,1714924800000,0
SOLUSDT,1714953600000,0.00005854,145.673,MARK_PRICE_EXACT_OPEN,1714953600000,0
SOLUSDT,1714982400000,0.0000522,148.672407,MARK_PRICE_EXACT_OPEN,1714982400000,0
SOLUSDT,1715011200000,0.0001,153.80674223,MARK_PRICE_EXACT_OPEN,1715011200000,0
SOLUSDT,1715040000000,0.00007714,152.78,MARK_PRICE_EXACT_OPEN,1715040000000,0
SOLUSDT,1715068800000,-0.00001698,155.08575525,MARK_PRICE_EXACT_OPEN,1715068800000,0
SOLUSDT,1715097600000,0.00002502,154.61915736,MARK_PRICE_EXACT_OPEN,1715097600000,0
SOLUSDT,1715126400000,0.0001,148.03339087,MARK_PRICE_EXACT_OPEN,1715126400000,0
SOLUSDT,1715155200000,0.0001,146.406,MARK_PRICE_EXACT_OPEN,1715155200000,0
SOLUSDT,1715184000000,0.0001,145.816,MARK_PRICE_EXACT_OPEN,1715184000000,0
SOLUSDT,1715212800000,0.00005327,142.119,MARK_PRICE_EXACT_OPEN,1715212800000,0
SOLUSDT,1715241600000,0.00008335,143.2341492,MARK_PRICE_EXACT_OPEN,1715241600000,0
SOLUSDT,1715270400000,0.00007648,146.4,MARK_PRICE_EXACT_OPEN,1715270400000,0
SOLUSDT,1715299200000,0.00002012,152.457,MARK_PRICE_EXACT_OPEN,1715299200000,0
SOLUSDT,1715328000000,0.00005156,154.268,MARK_PRICE_EXACT_OPEN,1715328000000,0
SOLUSDT,1715356800000,0.0001,146.93128687,MARK_PRICE_EXACT_OPEN,1715356800000,0
SOLUSDT,1715385600000,0.00004734,145.964,MARK_PRICE_EXACT_OPEN,1715385600000,0
SOLUSDT,1715414400000,0.00009445,145.70920173,MARK_PRICE_EXACT_OPEN,1715414400000,0
SOLUSDT,1715443200000,0.00005096,145.566,MARK_PRICE_EXACT_OPEN,1715443200000,0
SOLUSDT,1715472000000,0.00004613,145.36399507,MARK_PRICE_EXACT_OPEN,1715472000000,0
SOLUSDT,1715500800000,0.000029,144.14710218,MARK_PRICE_EXACT_OPEN,1715500800000,0
SOLUSDT,1715529600000,0.00006071,145.16246871,MARK_PRICE_EXACT_OPEN,1715529600000,0
SOLUSDT,1715558400001,-0.00000724,143.602,MARK_PRICE_PREVIOUS_FALLBACK,1715558400000,1
SOLUSDT,1715587200001,0.0001,144.168,MARK_PRICE_PREVIOUS_FALLBACK,1715587200000,1
SOLUSDT,1715616000000,0.00009778,147.207,MARK_PRICE_EXACT_OPEN,1715616000000,0
SOLUSDT,1715644800000,0.0001,147.51486847,MARK_PRICE_EXACT_OPEN,1715644800000,0
SOLUSDT,1715673600000,0.00008969,146.491,MARK_PRICE_EXACT_OPEN,1715673600000,0
SOLUSDT,1715702400000,0.00004564,142.824,MARK_PRICE_EXACT_OPEN,1715702400000,0
SOLUSDT,1715731200000,0.00001738,141.963,MARK_PRICE_EXACT_OPEN,1715731200000,0
SOLUSDT,1715760000000,0.00001895,144.21587153,MARK_PRICE_EXACT_OPEN,1715760000000,0
SOLUSDT,1715788800000,0.0000836,151.93002822,MARK_PRICE_EXACT_OPEN,1715788800000,0
SOLUSDT,1715817600004,0.0001,158.3299768,MARK_PRICE_PREVIOUS_FALLBACK,1715817600000,4
SOLUSDT,1715846400000,0.0001,162.71273341,MARK_PRICE_EXACT_OPEN,1715846400000,0
SOLUSDT,1715875200000,0.0001,160.411,MARK_PRICE_EXACT_OPEN,1715875200000,0
SOLUSDT,1715904000000,0.0000745,159.303,MARK_PRICE_EXACT_OPEN,1715904000000,0
SOLUSDT,1715932800000,0.00003361,169.12662555,MARK_PRICE_EXACT_OPEN,1715932800000,0
SOLUSDT,1715961600000,0.00004112,169.585,MARK_PRICE_EXACT_OPEN,1715961600000,0
SOLUSDT,1715990400000,0.00004208,169.351,MARK_PRICE_EXACT_OPEN,1715990400000,0
SOLUSDT,1716019200000,0.00002883,172.216,MARK_PRICE_EXACT_OPEN,1716019200000,0
SOLUSDT,1716048000000,0.00006893,172.34330544,MARK_PRICE_EXACT_OPEN,1716048000000,0
SOLUSDT,1716076800000,0.00003799,172.299,MARK_PRICE_EXACT_OPEN,1716076800000,0
SOLUSDT,1716105600000,0.00001875,174.091,MARK_PRICE_EXACT_OPEN,1716105600000,0
SOLUSDT,1716134400000,0.00008795,168.20240894,MARK_PRICE_EXACT_OPEN,1716134400000,0
SOLUSDT,1716163200000,0.0001,169.853,MARK_PRICE_EXACT_OPEN,1716163200000,0
SOLUSDT,1716192000000,0.0001,177.95193284,MARK_PRICE_EXACT_OPEN,1716192000000,0
SOLUSDT,1716220800003,0.00006762,179.01292938,MARK_PRICE_PREVIOUS_FALLBACK,1716220800000,3
SOLUSDT,1716249600000,0.0001,186.68731586,MARK_PRICE_EXACT_OPEN,1716249600000,0
SOLUSDT,1716278400001,0.0001,181.5468229,MARK_PRICE_PREVIOUS_FALLBACK,1716278400000,1
SOLUSDT,1716307200000,0.0001,176.84734185,MARK_PRICE_EXACT_OPEN,1716307200000,0
SOLUSDT,1716336000000,0.0001,178.15,MARK_PRICE_EXACT_OPEN,1716336000000,0
SOLUSDT,1716364800000,0.0001,179.88731597,MARK_PRICE_EXACT_OPEN,1716364800000,0
SOLUSDT,1716393600000,0.0001,181.38775883,MARK_PRICE_EXACT_OPEN,1716393600000,0
SOLUSDT,1716422400000,0.0001,177.001,MARK_PRICE_EXACT_OPEN,1716422400000,0
SOLUSDT,1716451200000,0.0001,177.49,MARK_PRICE_EXACT_OPEN,1716451200000,0
SOLUSDT,1716480000000,0.0001,172.7,MARK_PRICE_EXACT_OPEN,1716480000000,0
SOLUSDT,1716508800000,0.0001,176.182,MARK_PRICE_EXACT_OPEN,1716508800000,0
SOLUSDT,1716537600000,0.0001,166.24,MARK_PRICE_EXACT_OPEN,1716537600000,0
SOLUSDT,1716566400000,0.0001,167.27188211,MARK_PRICE_EXACT_OPEN,1716566400000,0
SOLUSDT,1716595200000,0.0001,167.66273005,MARK_PRICE_EXACT_OPEN,1716595200000,0
SOLUSDT,1716624000000,0.0001,169.00476072,MARK_PRICE_EXACT_OPEN,1716624000000,0
SOLUSDT,1716652800000,0.0001,167.78183004,MARK_PRICE_EXACT_OPEN,1716652800000,0
SOLUSDT,1716681600000,0.0001,168.35787786,MARK_PRICE_EXACT_OPEN,1716681600000,0
SOLUSDT,1716710400000,0.0001,165.372,MARK_PRICE_EXACT_OPEN,1716710400000,0
SOLUSDT,1716739200000,0.0001,162.92251383,MARK_PRICE_EXACT_OPEN,1716739200000,0
SOLUSDT,1716768000000,0.0001,163.50975682,MARK_PRICE_EXACT_OPEN,1716768000000,0
SOLUSDT,1716796800000,0.0001,165.613,MARK_PRICE_EXACT_OPEN,1716796800000,0
SOLUSDT,1716825600000,0.0001,171.113,MARK_PRICE_EXACT_OPEN,1716825600000,0
SOLUSDT,1716854400000,0.0001,170.249,MARK_PRICE_EXACT_OPEN,1716854400000,0
SOLUSDT,1716883200000,0.0001,166.20242341,MARK_PRICE_EXACT_OPEN,1716883200000,0
SOLUSDT,1716912000000,0.00014129,168.32490203,MARK_PRICE_EXACT_OPEN,1716912000000,0
SOLUSDT,1716940800001,0.00018529,169.14515886,MARK_PRICE_PREVIOUS_FALLBACK,1716940800000,1
SOLUSDT,1716969600000,0.00013729,170.918,MARK_PRICE_EXACT_OPEN,1716969600000,0
SOLUSDT,1716998400000,0.0001,168.652,MARK_PRICE_EXACT_OPEN,1716998400000,0
SOLUSDT,1717027200000,0.0001,168.425,MARK_PRICE_EXACT_OPEN,1717027200000,0
SOLUSDT,1717056000000,0.0001,165.093,MARK_PRICE_EXACT_OPEN,1717056000000,0
SOLUSDT,1717084800000,0.0001,168.53197518,MARK_PRICE_EXACT_OPEN,1717084800000,0
SOLUSDT,1717113600000,0.0001,166.98188639,MARK_PRICE_EXACT_OPEN,1717113600000,0
SOLUSDT,1717142400000,0.0001,166.73994677,MARK_PRICE_EXACT_OPEN,1717142400000,0
SOLUSDT,1717171200000,0.0001,164.919,MARK_PRICE_EXACT_OPEN,1717171200000,0
SOLUSDT,1717200000000,0.00016081,165.74340237,MARK_PRICE_EXACT_OPEN,1717200000000,0
SOLUSDT,1717228800000,0.00011764,166.93995972,MARK_PRICE_EXACT_OPEN,1717228800000,0
SOLUSDT,1717257600001,0.00010981,167.29026269,MARK_PRICE_PREVIOUS_FALLBACK,1717257600000,1
SOLUSDT,1717286400000,0.00016684,166.27895872,MARK_PRICE_EXACT_OPEN,1717286400000,0
SOLUSDT,1717315200000,0.0001,165.108,MARK_PRICE_EXACT_OPEN,1717315200000,0
SOLUSDT,1717344000000,0.0001,165.26529806,MARK_PRICE_EXACT_OPEN,1717344000000,0
SOLUSDT,1717372800000,0.00012157,163.24919022,MARK_PRICE_EXACT_OPEN,1717372800000,0
SOLUSDT,1717401600000,0.00010832,165.433,MARK_PRICE_EXACT_OPEN,1717401600000,0
SOLUSDT,1717430400000,0.00011323,164.91957487,MARK_PRICE_EXACT_OPEN,1717430400000,0
SOLUSDT,1717459200000,0.00015497,164.995,MARK_PRICE_EXACT_OPEN,1717459200000,0
SOLUSDT,1717488000000,0.00013282,165.35698981,MARK_PRICE_EXACT_OPEN,1717488000000,0
SOLUSDT,1717516800000,0.00016338,168.01769359,MARK_PRICE_EXACT_OPEN,1717516800000,0
SOLUSDT,1717545600000,0.00021045,171.8871288,MARK_PRICE_EXACT_OPEN,1717545600000,0
SOLUSDT,1717574400000,0.00023899,173.53273185,MARK_PRICE_EXACT_OPEN,1717574400000,0
SOLUSDT,1717603200000,0.00021842,174.899,MARK_PRICE_EXACT_OPEN,1717603200000,0
SOLUSDT,1717632000000,0.00016193,173.64401175,MARK_PRICE_EXACT_OPEN,1717632000000,0
SOLUSDT,1717660800008,0.00020255,172.774,MARK_PRICE_PREVIOUS_FALLBACK,1717660800000,8
SOLUSDT,1717689600000,0.00020758,173.08976699,MARK_PRICE_EXACT_OPEN,1717689600000,0
SOLUSDT,1717718400000,0.0001,170.27099164,MARK_PRICE_EXACT_OPEN,1717718400000,0
SOLUSDT,1717747200000,0.00016418,172.121,MARK_PRICE_EXACT_OPEN,1717747200000,0
SOLUSDT,1717776000000,0.0001698,170.219,MARK_PRICE_EXACT_OPEN,1717776000000,0
SOLUSDT,1717804800000,0.0001,162.51811457,MARK_PRICE_EXACT_OPEN,1717804800000,0
SOLUSDT,1717833600000,0.0001,163.596,MARK_PRICE_EXACT_OPEN,1717833600000,0
SOLUSDT,1717862400000,0.0001,160.12756589,MARK_PRICE_EXACT_OPEN,1717862400000,0
SOLUSDT,1717891200000,0.0001,157.82745387,MARK_PRICE_EXACT_OPEN,1717891200000,0
SOLUSDT,1717920000000,0.0001,159.01010319,MARK_PRICE_EXACT_OPEN,1717920000000,0
SOLUSDT,1717948800001,0.0001,161.713,MARK_PRICE_PREVIOUS_FALLBACK,1717948800000,1
SOLUSDT,1717977600000,0.0001,162.12160957,MARK_PRICE_EXACT_OPEN,1717977600000,0
SOLUSDT,1718006400000,0.0001,157.6839026,MARK_PRICE_EXACT_OPEN,1718006400000,0
SOLUSDT,1718035200001,0.0001,162.54616484,MARK_PRICE_PREVIOUS_FALLBACK,1718035200000,1
SOLUSDT,1718064000001,0.0001,158.99286099,MARK_PRICE_PREVIOUS_FALLBACK,1718064000000,1
SOLUSDT,1718092800000,0.0001,153.39150116,MARK_PRICE_EXACT_OPEN,1718092800000,0
SOLUSDT,1718121600000,0.0001,147.61607412,MARK_PRICE_EXACT_OPEN,1718121600000,0
SOLUSDT,1718150400000,0.0001,149.24517645,MARK_PRICE_EXACT_OPEN,1718150400000,0
SOLUSDT,1718179200000,0.0001,151.765,MARK_PRICE_EXACT_OPEN,1718179200000,0
SOLUSDT,1718208000000,0.0001,158.81,MARK_PRICE_EXACT_OPEN,1718208000000,0
SOLUSDT,1718236800000,0.0001,155.18113793,MARK_PRICE_EXACT_OPEN,1718236800000,0
SOLUSDT,1718265600001,0.0001,151.91546339,MARK_PRICE_PREVIOUS_FALLBACK,1718265600000,1
SOLUSDT,1718294400000,0.0001,146.82650559,MARK_PRICE_EXACT_OPEN,1718294400000,0
SOLUSDT,1718323200000,0.0001,147.21583775,MARK_PRICE_EXACT_OPEN,1718323200000,0
SOLUSDT,1718352000000,0.00008277,147.52632094,MARK_PRICE_EXACT_OPEN,1718352000000,0
SOLUSDT,1718380800000,0.00009897,143.73676414,MARK_PRICE_EXACT_OPEN,1718380800000,0
SOLUSDT,1718409600000,0.0001,142.98790926,MARK_PRICE_EXACT_OPEN,1718409600000,0
SOLUSDT,1718438400000,0.0001,143.76,MARK_PRICE_EXACT_OPEN,1718438400000,0
SOLUSDT,1718467200000,0.0001,145.098,MARK_PRICE_EXACT_OPEN,1718467200000,0
SOLUSDT,1718496000001,0.0001,145.512,MARK_PRICE_PREVIOUS_FALLBACK,1718496000000,1
SOLUSDT,1718524800000,0.0001,144.43485774,MARK_PRICE_EXACT_OPEN,1718524800000,0
SOLUSDT,1718553600000,0.00003192,148.44629168,MARK_PRICE_EXACT_OPEN,1718553600000,0
SOLUSDT,1718582400000,0.0001,151.24554704,MARK_PRICE_EXACT_OPEN,1718582400000,0
SOLUSDT,1718611200000,0.0001,146.56590538,MARK_PRICE_EXACT_OPEN,1718611200000,0
SOLUSDT,1718640000000,0.00007161,141.178,MARK_PRICE_EXACT_OPEN,1718640000000,0
SOLUSDT,1718668800000,0.00007592,143.197,MARK_PRICE_EXACT_OPEN,1718668800000,0
SOLUSDT,1718697600000,-0.00008849,136.64129387,MARK_PRICE_EXACT_OPEN,1718697600000,0
SOLUSDT,1718726400000,0.0001,135.98541759,MARK_PRICE_EXACT_OPEN,1718726400000,0
SOLUSDT,1718755200001,0.0001,137.13423476,MARK_PRICE_PREVIOUS_FALLBACK,1718755200000,1
SOLUSDT,1718784000001,0.00004103,140.2,MARK_PRICE_PREVIOUS_FALLBACK,1718784000000,1
SOLUSDT,1718812800000,0.00006996,136.885,MARK_PRICE_EXACT_OPEN,1718812800000,0
SOLUSDT,1718841600000,0.00007341,135.557,MARK_PRICE_EXACT_OPEN,1718841600000,0
SOLUSDT,1718870400000,0.00001175,137.12095481,MARK_PRICE_EXACT_OPEN,1718870400000,0
SOLUSDT,1718899200000,-0.00002605,133.196,MARK_PRICE_EXACT_OPEN,1718899200000,0
SOLUSDT,1718928000000,0.00000876,133.51709512,MARK_PRICE_EXACT_OPEN,1718928000000,0
SOLUSDT,1718956800000,0.00004454,131.38879824,MARK_PRICE_EXACT_OPEN,1718956800000,0
SOLUSDT,1718985600000,0.00004111,131.33347481,MARK_PRICE_EXACT_OPEN,1718985600000,0
SOLUSDT,1719014400000,0.0000706,134.544,MARK_PRICE_EXACT_OPEN,1719014400000,0
SOLUSDT,1719043200000,-0.00002362,134.806,MARK_PRICE_EXACT_OPEN,1719043200000,0
SOLUSDT,1719072000000,0.0001,134.20104886,MARK_PRICE_EXACT_OPEN,1719072000000,0
SOLUSDT,1719100800000,0.00007846,133.627,MARK_PRICE_EXACT_OPEN,1719100800000,0
SOLUSDT,1719129600000,0.00003933,134.68043277,MARK_PRICE_EXACT_OPEN,1719129600000,0
SOLUSDT,1719158400000,0.00004131,131.535,MARK_PRICE_EXACT_OPEN,1719158400000,0
SOLUSDT,1719187200002,0.0001,128.60428423,MARK_PRICE_PREVIOUS_FALLBACK,1719187200000,2
SOLUSDT,1719216000000,0.00003318,125.121,MARK_PRICE_EXACT_OPEN,1719216000000,0
SOLUSDT,1719244800000,0.00002872,126.25700349,MARK_PRICE_EXACT_OPEN,1719244800000,0
SOLUSDT,1719273600000,0.00001182,132.237,MARK_PRICE_EXACT_OPEN,1719273600000,0
SOLUSDT,1719302400000,-0.00003228,134.773,MARK_PRICE_EXACT_OPEN,1719302400000,0
SOLUSDT,1719331200000,0.00008255,139.376,MARK_PRICE_EXACT_OPEN,1719331200000,0
SOLUSDT,1719360000002,0.0001,136.62,MARK_PRICE_PREVIOUS_FALLBACK,1719360000000,2
SOLUSDT,1719388800000,0.0001,137.91908321,MARK_PRICE_EXACT_OPEN,1719388800000,0
SOLUSDT,1719417600000,0.0001,136.8403753,MARK_PRICE_EXACT_OPEN,1719417600000,0
SOLUSDT,1719446400000,0.0001,136.807,MARK_PRICE_EXACT_OPEN,1719446400000,0
SOLUSDT,1719475200001,0.0001,135.96965798,MARK_PRICE_PREVIOUS_FALLBACK,1719475200000,1
SOLUSDT,1719504000000,0.0001,147.697,MARK_PRICE_EXACT_OPEN,1719504000000,0
SOLUSDT,1719532800000,0.0001,149.67091819,MARK_PRICE_EXACT_OPEN,1719532800000,0
SOLUSDT,1719561600000,0.00008707,145.309,MARK_PRICE_EXACT_OPEN,1719561600000,0
SOLUSDT,1719590400000,0.00009286,143.20280883,MARK_PRICE_EXACT_OPEN,1719590400000,0
SOLUSDT,1719619200001,0.0001,140.02410473,MARK_PRICE_PREVIOUS_FALLBACK,1719619200000,1
SOLUSDT,1719648000000,0.0001,141.932,MARK_PRICE_EXACT_OPEN,1719648000000,0
SOLUSDT,1719676800000,0.0001,142.63817401,MARK_PRICE_EXACT_OPEN,1719676800000,0
SOLUSDT,1719705600000,0.0001,140.22,MARK_PRICE_EXACT_OPEN,1719705600000,0
SOLUSDT,1719734400000,0.0001,140.58,MARK_PRICE_EXACT_OPEN,1719734400000,0
SOLUSDT,1719763200000,0.0001,143.735,MARK_PRICE_EXACT_OPEN,1719763200000,0
SOLUSDT,1719792000000,0.00008734,146.582,MARK_PRICE_EXACT_OPEN,1719792000000,0
SOLUSDT,1719820800000,0.00005816,148.249,MARK_PRICE_EXACT_OPEN,1719820800000,0
SOLUSDT,1719849600001,0.0001,148.576,MARK_PRICE_PREVIOUS_FALLBACK,1719849600000,1
SOLUSDT,1719878400000,0.0001,146.63447863,MARK_PRICE_EXACT_OPEN,1719878400000,0
SOLUSDT,1719907200000,0.00007576,147.39414119,MARK_PRICE_EXACT_OPEN,1719907200000,0
SOLUSDT,1719936000000,0.00002759,148.342,MARK_PRICE_EXACT_OPEN,1719936000000,0
SOLUSDT,1719964800000,0.0001,153.968,MARK_PRICE_EXACT_OPEN,1719964800000,0
SOLUSDT,1719993600001,0.0001,145.97218905,MARK_PRICE_PREVIOUS_FALLBACK,1719993600000,1
SOLUSDT,1720022400000,0.0001,141.64449821,MARK_PRICE_EXACT_OPEN,1720022400000,0
SOLUSDT,1720051200000,0.0001,140.745,MARK_PRICE_EXACT_OPEN,1720051200000,0
SOLUSDT,1720080000000,0.00008877,134.36,MARK_PRICE_EXACT_OPEN,1720080000000,0
SOLUSDT,1720108800000,0.0000497,135.284792,MARK_PRICE_EXACT_OPEN,1720108800000,0
SOLUSDT,1720137600000,-0.00000947,127.794,MARK_PRICE_EXACT_OPEN,1720137600000,0
SOLUSDT,1720166400000,0.0000521,126.68671406,MARK_PRICE_EXACT_OPEN,1720166400000,0
SOLUSDT,1720195200000,-0.0001139,134.81647039,MARK_PRICE_EXACT_OPEN,1720195200000,0
SOLUSDT,1720224000000,0.0000735,134.23,MARK_PRICE_EXACT_OPEN,1720224000000,0
SOLUSDT,1720252800000,0.00004265,136.85111886,MARK_PRICE_EXACT_OPEN,1720252800000,0
SOLUSDT,1720281600000,-0.00012992,141.7548761,MARK_PRICE_EXACT_OPEN,1720281600000,0
SOLUSDT,1720310400001,0.00000352,143.07418466,MARK_PRICE_PREVIOUS_FALLBACK,1720310400000,1
SOLUSDT,1720339200000,0.0001,139.074,MARK_PRICE_EXACT_OPEN,1720339200000,0
SOLUSDT,1720368000000,0.0001,137.031,MARK_PRICE_EXACT_OPEN,1720368000000,0
SOLUSDT,1720396800000,0.0001,131.599,MARK_PRICE_EXACT_OPEN,1720396800000,0
SOLUSDT,1720425600000,-0.00005629,132.525,MARK_PRICE_EXACT_OPEN,1720425600000,0
SOLUSDT,1720454400000,0.0001,137.38919096,MARK_PRICE_EXACT_OPEN,1720454400000,0
SOLUSDT,1720483200000,0.0001,139.77794388,MARK_PRICE_EXACT_OPEN,1720483200000,0
SOLUSDT,1720512000001,0.00005602,142.173,MARK_PRICE_PREVIOUS_FALLBACK,1720512000000,1
SOLUSDT,1720540800000,0.0000422,140.48573585,MARK_PRICE_EXACT_OPEN,1720540800000,0
SOLUSDT,1720569600000,0.0000878,141.391,MARK_PRICE_EXACT_OPEN,1720569600000,0
SOLUSDT,1720598400000,0.00008961,144.107,MARK_PRICE_EXACT_OPEN,1720598400000,0
SOLUSDT,1720627200000,0.00007406,141.09562629,MARK_PRICE_EXACT_OPEN,1720627200000,0
SOLUSDT,1720656000002,0.0001,141.78,MARK_PRICE_PREVIOUS_FALLBACK,1720656000000,2
SOLUSDT,1720684800002,0.00002205,142.278,MARK_PRICE_PREVIOUS_FALLBACK,1720684800000,2
SOLUSDT,1720713600004,-0.00001433,138.238,MARK_PRICE_PREVIOUS_FALLBACK,1720713600000,4
SOLUSDT,1720742400000,0.0001,135.702,MARK_PRICE_EXACT_OPEN,1720742400000,0
SOLUSDT,1720771200000,0.00004566,135.37719386,MARK_PRICE_EXACT_OPEN,1720771200000,0
SOLUSDT,1720800000000,-0.00001079,138.75858453,MARK_PRICE_EXACT_OPEN,1720800000000,0
SOLUSDT,1720828800000,0.00001668,139.37992384,MARK_PRICE_EXACT_OPEN,1720828800000,0
SOLUSDT,1720857600000,0.00008326,139.32506123,MARK_PRICE_EXACT_OPEN,1720857600000,0
SOLUSDT,1720886400000,0.00004063,140.319,MARK_PRICE_EXACT_OPEN,1720886400000,0
SOLUSDT,1720915200000,0.00008116,141.82657535,MARK_PRICE_EXACT_OPEN,1720915200000,0
SOLUSDT,1720944000000,0.0000407,144.685,MARK_PRICE_EXACT_OPEN,1720944000000,0
SOLUSDT,1720972800000,0.00002006,145.816,MARK_PRICE_EXACT_OPEN,1720972800000,0
SOLUSDT,1721001600000,-0.00001038,147.596,MARK_PRICE_EXACT_OPEN,1721001600000,0
SOLUSDT,1721030400000,0.00002402,153.168,MARK_PRICE_EXACT_OPEN,1721030400000,0
SOLUSDT,1721059200000,0.0000381,152.86039925,MARK_PRICE_EXACT_OPEN,1721059200000,0
SOLUSDT,1721088000000,-0.00003759,159.3,MARK_PRICE_EXACT_OPEN,1721088000000,0
SOLUSDT,1721116800000,0.0001,154.46676815,MARK_PRICE_EXACT_OPEN,1721116800000,0
SOLUSDT,1721145600000,0.00007774,160.905,MARK_PRICE_EXACT_OPEN,1721145600000,0
SOLUSDT,1721174400000,0.0001,160.57841174,MARK_PRICE_EXACT_OPEN,1721174400000,0
SOLUSDT,1721203200001,0.00005083,160.675,MARK_PRICE_PREVIOUS_FALLBACK,1721203200000,1
SOLUSDT,1721232000000,0.0001,158.04717751,MARK_PRICE_EXACT_OPEN,1721232000000,0
SOLUSDT,1721260800000,0.00006464,155.46460524,MARK_PRICE_EXACT_OPEN,1721260800000,0
SOLUSDT,1721289600000,0.00008411,158.608,MARK_PRICE_EXACT_OPEN,1721289600000,0
SOLUSDT,1721318400000,0.0001,156.30134932,MARK_PRICE_EXACT_OPEN,1721318400000,0
SOLUSDT,1721347200000,0.00007366,159.15035041,MARK_PRICE_EXACT_OPEN,1721347200000,0
SOLUSDT,1721376000000,0.0001,161.376,MARK_PRICE_EXACT_OPEN,1721376000000,0
SOLUSDT,1721404800000,0.00005128,168.76,MARK_PRICE_EXACT_OPEN,1721404800000,0
SOLUSDT,1721433600001,0.0001,169.224,MARK_PRICE_PREVIOUS_FALLBACK,1721433600000,1
SOLUSDT,1721462400000,0.00002379,168.48879772,MARK_PRICE_EXACT_OPEN,1721462400000,0
SOLUSDT,1721491200000,0.00000305,169.18899855,MARK_PRICE_EXACT_OPEN,1721491200000,0
SOLUSDT,1721520000000,0.0001,173.532,MARK_PRICE_EXACT_OPEN,1721520000000,0
SOLUSDT,1721548800000,0.0001,171.26,MARK_PRICE_EXACT_OPEN,1721548800000,0
SOLUSDT,1721577600000,0.00005463,175.366,MARK_PRICE_EXACT_OPEN,1721577600000,0
SOLUSDT,1721606400000,0.0001,184.472,MARK_PRICE_EXACT_OPEN,1721606400000,0
SOLUSDT,1721635200000,0.0001,178.29596074,MARK_PRICE_EXACT_OPEN,1721635200000,0
SOLUSDT,1721664000000,0.00007105,179.791,MARK_PRICE_EXACT_OPEN,1721664000000,0
SOLUSDT,1721692800000,0.0001,178.82780794,MARK_PRICE_EXACT_OPEN,1721692800000,0
SOLUSDT,1721721600000,0.0001,175.958,MARK_PRICE_EXACT_OPEN,1721721600000,0
SOLUSDT,1721750400000,0.0001,176.429,MARK_PRICE_EXACT_OPEN,1721750400000,0
SOLUSDT,1721779200000,0.00004584,172.92821656,MARK_PRICE_EXACT_OPEN,1721779200000,0
SOLUSDT,1721808000000,0.0001,174.16194272,MARK_PRICE_EXACT_OPEN,1721808000000,0
SOLUSDT,1721836800000,0.0000712,177.73526899,MARK_PRICE_EXACT_OPEN,1721836800000,0
SOLUSDT,1721865600000,0.00008091,177.983,MARK_PRICE_EXACT_OPEN,1721865600000,0
SOLUSDT,1721894400000,0.00009813,169.33041276,MARK_PRICE_EXACT_OPEN,1721894400000,0
SOLUSDT,1721923200000,0.00007841,170.376,MARK_PRICE_EXACT_OPEN,1721923200000,0
SOLUSDT,1721952000000,0.00007483,171.76,MARK_PRICE_EXACT_OPEN,1721952000000,0
SOLUSDT,1721980800000,0.00003235,176.696,MARK_PRICE_EXACT_OPEN,1721980800000,0
SOLUSDT,1722009600000,0.00006143,181.45303333,MARK_PRICE_EXACT_OPEN,1722009600000,0
SOLUSDT,1722038400000,0.0000476,182.991,MARK_PRICE_EXACT_OPEN,1722038400000,0
SOLUSDT,1722067200000,0.00003411,185.78404636,MARK_PRICE_EXACT_OPEN,1722067200000,0
SOLUSDT,1722096000000,0.00008705,182.43173275,MARK_PRICE_EXACT_OPEN,1722096000000,0
SOLUSDT,1722124800000,0.0001,183.89650632,MARK_PRICE_EXACT_OPEN,1722124800000,0
SOLUSDT,1722153600000,0.0001,183.78392387,MARK_PRICE_EXACT_OPEN,1722153600000,0
SOLUSDT,1722182400001,0.00008932,184.0369958,MARK_PRICE_PREVIOUS_FALLBACK,1722182400000,1
SOLUSDT,1722211200001,0.00003694,184.879,MARK_PRICE_PREVIOUS_FALLBACK,1722211200000,1
SOLUSDT,1722240000000,0.0001,192.302,MARK_PRICE_EXACT_OPEN,1722240000000,0
SOLUSDT,1722268800001,0.0001,186.57930604,MARK_PRICE_PREVIOUS_FALLBACK,1722268800000,1
SOLUSDT,1722297600000,0.00007783,182.509,MARK_PRICE_EXACT_OPEN,1722297600000,0
SOLUSDT,1722326400001,0.0001,181.93860127,MARK_PRICE_PREVIOUS_FALLBACK,1722326400000,1
SOLUSDT,1722355200000,0.0001,180.94437741,MARK_PRICE_EXACT_OPEN,1722355200000,0
SOLUSDT,1722384000000,0.00003184,179.072,MARK_PRICE_EXACT_OPEN,1722384000000,0
SOLUSDT,1722412800000,0.00007743,183.04619766,MARK_PRICE_EXACT_OPEN,1722412800000,0
SOLUSDT,1722441600000,0.00008931,180.018,MARK_PRICE_EXACT_OPEN,1722441600000,0
SOLUSDT,1722470400000,0.00009291,171.65147143,MARK_PRICE_EXACT_OPEN,1722470400000,0
SOLUSDT,1722499200000,0.0001,168.17256356,MARK_PRICE_EXACT_OPEN,1722499200000,0
SOLUSDT,1722528000000,0.0001,162.57516787,MARK_PRICE_EXACT_OPEN,1722528000000,0
SOLUSDT,1722556800000,0.00003639,167.293,MARK_PRICE_EXACT_OPEN,1722556800000,0
SOLUSDT,1722585600001,0.0001,161.45713817,MARK_PRICE_PREVIOUS_FALLBACK,1722585600000,1
SOLUSDT,1722614400000,0.0001,156.67294435,MARK_PRICE_EXACT_OPEN,1722614400000,0
SOLUSDT,1722643200000,0.00009802,152.71688301,MARK_PRICE_EXACT_OPEN,1722643200000,0
SOLUSDT,1722672000000,0.0001,151.58508645,MARK_PRICE_EXACT_OPEN,1722672000000,0
SOLUSDT,1722700800001,0.00008073,146.16207304,MARK_PRICE_PREVIOUS_FALLBACK,1722700800000,1
SOLUSDT,1722729600000,-0.00001748,142.464,MARK_PRICE_EXACT_OPEN,1722729600000,0
SOLUSDT,1722758400000,0.00008871,140.829,MARK_PRICE_EXACT_OPEN,1722758400000,0
SOLUSDT,1722787200000,0.00004224,135.156,MARK_PRICE_EXACT_OPEN,1722787200000,0
SOLUSDT,1722816000000,0.00006211,138.27594987,MARK_PRICE_EXACT_OPEN,1722816000000,0
SOLUSDT,1722844800000,-0.00000757,122.861,MARK_PRICE_EXACT_OPEN,1722844800000,0
SOLUSDT,1722873600000,0.00000463,130.417,MARK_PRICE_EXACT_OPEN,1722873600000,0
SOLUSDT,1722902400000,0.00008019,129.75068174,MARK_PRICE_EXACT_OPEN,1722902400000,0
SOLUSDT,1722931200000,-0.00005258,141.93209064,MARK_PRICE_EXACT_OPEN,1722931200000,0
SOLUSDT,1722960000000,-0.00000323,145.816,MARK_PRICE_EXACT_OPEN,1722960000000,0
SOLUSDT,1722988800000,0.00002337,144.35382492,MARK_PRICE_EXACT_OPEN,1722988800000,0
SOLUSDT,1723017600001,-0.00008086,152.20296913,MARK_PRICE_PREVIOUS_FALLBACK,1723017600000,1
SOLUSDT,1723046400000,0.00001745,148.381,MARK_PRICE_EXACT_OPEN,1723046400000,0
SOLUSDT,1723075200001,0.00007141,144.38418295,MARK_PRICE_PREVIOUS_FALLBACK,1723075200000,1
SOLUSDT,1723104000000,0.00002523,153.615,MARK_PRICE_EXACT_OPEN,1723104000000,0
SOLUSDT,1723132800000,-0.00002941,160.4898759,MARK_PRICE_EXACT_OPEN,1723132800000,0
SOLUSDT,1723161600000,0.00003148,163.08625714,MARK_PRICE_EXACT_OPEN,1723161600000,0
SOLUSDT,1723190400000,0.00001575,157.861,MARK_PRICE_EXACT_OPEN,1723190400000,0
SOLUSDT,1723219200000,0.00002642,151.12976098,MARK_PRICE_EXACT_OPEN,1723219200000,0
SOLUSDT,1723248000000,-0.00006621,156.19549235,MARK_PRICE_EXACT_OPEN,1723248000000,0
SOLUSDT,1723276800000,0.00004285,155.35881252,MARK_PRICE_EXACT_OPEN,1723276800000,0
SOLUSDT,1723305600000,0.00005146,153.91199371,MARK_PRICE_EXACT_OPEN,1723305600000,0
SOLUSDT,1723334400000,-0.00003889,153.932,MARK_PRICE_EXACT_OPEN,1723334400000,0
SOLUSDT,1723363200000,-0.0000162,156.61012165,MARK_PRICE_EXACT_OPEN,1723363200000,0
SOLUSDT,1723392000001,0.00002894,148.522,MARK_PRICE_PREVIOUS_FALLBACK,1723392000000,1
SOLUSDT,1723420800000,0.00009903,141.497,MARK_PRICE_EXACT_OPEN,1723420800000,0
SOLUSDT,1723449600000,0.00000688,145.84236083,MARK_PRICE_EXACT_OPEN,1723449600000,0
SOLUSDT,1723478400000,-0.00000932,147.49223832,MARK_PRICE_EXACT_OPEN,1723478400000,0
SOLUSDT,1723507200000,-0.0000062,146.241,MARK_PRICE_EXACT_OPEN,1723507200000,0
SOLUSDT,1723536000000,0.00005492,145.948,MARK_PRICE_EXACT_OPEN,1723536000000,0
SOLUSDT,1723564800000,0.00008364,146.02814345,MARK_PRICE_EXACT_OPEN,1723564800000,0
SOLUSDT,1723593600000,-1e-7,146.58689376,MARK_PRICE_EXACT_OPEN,1723593600000,0
SOLUSDT,1723622400000,0.00002644,145.654,MARK_PRICE_EXACT_OPEN,1723622400000,0
SOLUSDT,1723651200000,0.00000821,146.591,MARK_PRICE_EXACT_OPEN,1723651200000,0
SOLUSDT,1723680000000,0.00000588,143.644,MARK_PRICE_EXACT_OPEN,1723680000000,0
SOLUSDT,1723708800000,0.00004403,142.43327542,MARK_PRICE_EXACT_OPEN,1723708800000,0
SOLUSDT,1723737600000,-0.00002764,145.891,MARK_PRICE_EXACT_OPEN,1723737600000,0
SOLUSDT,1723766400000,-0.00006592,142.539,MARK_PRICE_EXACT_OPEN,1723766400000,0
SOLUSDT,1723795200000,0.00002572,144.465,MARK_PRICE_EXACT_OPEN,1723795200000,0
SOLUSDT,1723824000000,-0.00003407,137.87384297,MARK_PRICE_EXACT_OPEN,1723824000000,0
SOLUSDT,1723852800000,0.00002001,138.986,MARK_PRICE_EXACT_OPEN,1723852800000,0
SOLUSDT,1723881600000,-0.0000128,139.38311827,MARK_PRICE_EXACT_OPEN,1723881600000,0
SOLUSDT,1723910400000,-0.00000703,140.129,MARK_PRICE_EXACT_OPEN,1723910400000,0
SOLUSDT,1723939200000,0.00000455,141.8447208,MARK_PRICE_EXACT_OPEN,1723939200000,0
SOLUSDT,1723968000000,-0.00002019,141.47503113,MARK_PRICE_EXACT_OPEN,1723968000000,0
SOLUSDT,1723996800000,-0.00010289,145.728,MARK_PRICE_EXACT_OPEN,1723996800000,0
SOLUSDT,1724025600000,0.00001862,142.365,MARK_PRICE_EXACT_OPEN,1724025600000,0
SOLUSDT,1724054400000,-0.00000928,142.21383884,MARK_PRICE_EXACT_OPEN,1724054400000,0
SOLUSDT,1724083200002,0.00005854,143.7283702,MARK_PRICE_PREVIOUS_FALLBACK,1724083200000,2
SOLUSDT,1724112000000,0.00003839,144.21592446,MARK_PRICE_EXACT_OPEN,1724112000000,0
SOLUSDT,1724140800000,-0.0000296,147.397,MARK_PRICE_EXACT_OPEN,1724140800000,0
SOLUSDT,1724169600001,-0.00003807,141.886,MARK_PRICE_PREVIOUS_FALLBACK,1724169600000,1
SOLUSDT,1724198400001,0.00002703,142.374,MARK_PRICE_PREVIOUS_FALLBACK,1724198400000,1
SOLUSDT,1724227200000,0.00000862,143.13,MARK_PRICE_EXACT_OPEN,1724227200000,0
SOLUSDT,1724256000001,-0.00001553,140.22104033,MARK_PRICE_PREVIOUS_FALLBACK,1724256000000,1
SOLUSDT,1724284800000,0.00000611,142.72967722,MARK_PRICE_EXACT_OPEN,1724284800000,0
SOLUSDT,1724313600000,0.00006844,143.258,MARK_PRICE_EXACT_OPEN,1724313600000,0
SOLUSDT,1724342400008,0.00002936,142.49194206,MARK_PRICE_PREVIOUS_FALLBACK,1724342400000,8
SOLUSDT,1724371200000,0.00004556,143.159,MARK_PRICE_EXACT_OPEN,1724371200000,0
SOLUSDT,1724400000000,0.0000405,145.099,MARK_PRICE_EXACT_OPEN,1724400000000,0
SOLUSDT,1724428800000,-0.00004648,144.34,MARK_PRICE_EXACT_OPEN,1724428800000,0
SOLUSDT,1724457600000,0.00007101,153.228,MARK_PRICE_EXACT_OPEN,1724457600000,0
SOLUSDT,1724486400005,0.00002046,154.41359853,MARK_PRICE_PREVIOUS_FALLBACK,1724486400000,5
SOLUSDT,1724515200000,0.00006232,159.372,MARK_PRICE_EXACT_OPEN,1724515200000,0
SOLUSDT,1724544000000,0.00009763,160.57013837,MARK_PRICE_EXACT_OPEN,1724544000000,0
SOLUSDT,1724572800000,0.0001,156.09624416,MARK_PRICE_EXACT_OPEN,1724572800000,0
SOLUSDT,1724601600000,-0.00001338,159.3,MARK_PRICE_EXACT_OPEN,1724601600000,0
SOLUSDT,1724630400000,0.00001048,158.88,MARK_PRICE_EXACT_OPEN,1724630400000,0
SOLUSDT,1724659200001,0.0001,158.77710723,MARK_PRICE_PREVIOUS_FALLBACK,1724659200000,1
SOLUSDT,1724688000000,0.00002054,157.532,MARK_PRICE_EXACT_OPEN,1724688000000,0
SOLUSDT,1724716800001,0.0001,157.244,MARK_PRICE_PREVIOUS_FALLBACK,1724716800000,1
SOLUSDT,1724745600000,0.00004402,157.682,MARK_PRICE_EXACT_OPEN,1724745600000,0
SOLUSDT,1724774400000,0.00005909,153.69837286,MARK_PRICE_EXACT_OPEN,1724774400000,0
SOLUSDT,1724803200000,-0.00001779,146.727,MARK_PRICE_EXACT_OPEN,1724803200000,0
SOLUSDT,1724832000000,0.00001753,143.912,MARK_PRICE_EXACT_OPEN,1724832000000,0
SOLUSDT,1724860800001,0.00002718,143.84496968,MARK_PRICE_PREVIOUS_FALLBACK,1724860800000,1
SOLUSDT,1724889600000,-0.00001723,143.875,MARK_PRICE_EXACT_OPEN,1724889600000,0
SOLUSDT,1724918400001,-0.00008639,144.65118145,MARK_PRICE_PREVIOUS_FALLBACK,1724918400000,1
SOLUSDT,1724947200000,-0.00009711,146.02427813,MARK_PRICE_EXACT_OPEN,1724947200000,0
SOLUSDT,1724976000000,-0.00003891,139.948,MARK_PRICE_EXACT_OPEN,1724976000000,0
SOLUSDT,1725004800000,0.00003115,138.932,MARK_PRICE_EXACT_OPEN,1725004800000,0
SOLUSDT,1725033600000,-0.0000569,133.257,MARK_PRICE_EXACT_OPEN,1725033600000,0
SOLUSDT,1725062400000,-0.00006239,137.916,MARK_PRICE_EXACT_OPEN,1725062400000,0
SOLUSDT,1725091200000,0.000049,137.547,MARK_PRICE_EXACT_OPEN,1725091200000,0
SOLUSDT,1725120000000,0.00001853,136.57,MARK_PRICE_EXACT_OPEN,1725120000000,0
SOLUSDT,1725148800000,-0.00000959,135.27756038,MARK_PRICE_EXACT_OPEN,1725148800000,0
SOLUSDT,1725177600001,-0.00002631,132.73748942,MARK_PRICE_PREVIOUS_FALLBACK,1725177600000,1
SOLUSDT,1725206400000,-0.00002877,134.19245547,MARK_PRICE_EXACT_OPEN,1725206400000,0
SOLUSDT,1725235200001,-0.00004426,128.751,MARK_PRICE_PREVIOUS_FALLBACK,1725235200000,1
SOLUSDT,1725264000001,0.00000521,127.77665675,MARK_PRICE_PREVIOUS_FALLBACK,1725264000000,1
SOLUSDT,1725292800000,-0.00005556,132.45481665,MARK_PRICE_EXACT_OPEN,1725292800000,0
SOLUSDT,1725321600000,-0.00008288,134.865,MARK_PRICE_EXACT_OPEN,1725321600000,0
SOLUSDT,1725350400001,0.00003441,134.373,MARK_PRICE_PREVIOUS_FALLBACK,1725350400000,1
SOLUSDT,1725379200000,0.00005362,129.76300685,MARK_PRICE_EXACT_OPEN,1725379200000,0
SOLUSDT,1725408000000,0.00008904,127.507,MARK_PRICE_EXACT_OPEN,1725408000000,0
SOLUSDT,1725436800000,-0.000013,130.23382062,MARK_PRICE_EXACT_OPEN,1725436800000,0
SOLUSDT,1725465600000,0.00003561,133.736411,MARK_PRICE_EXACT_OPEN,1725465600000,0
SOLUSDT,1725494400000,0.00006659,133.57767135,MARK_PRICE_EXACT_OPEN,1725494400000,0
SOLUSDT,1725523200000,0.00005123,133.043,MARK_PRICE_EXACT_OPEN,1725523200000,0
SOLUSDT,1725552000005,0.00001522,130.542,MARK_PRICE_PREVIOUS_FALLBACK,1725552000000,5
SOLUSDT,1725580800000,0.00005678,129.3545323,MARK_PRICE_EXACT_OPEN,1725580800000,0
SOLUSDT,1725609600001,0.00004047,128.226,MARK_PRICE_PREVIOUS_FALLBACK,1725609600000,1
SOLUSDT,1725638400000,-0.00001324,128.0234636,MARK_PRICE_EXACT_OPEN,1725638400000,0
SOLUSDT,1725667200000,-0.00002225,124.96124802,MARK_PRICE_EXACT_OPEN,1725667200000,0
SOLUSDT,1725696000000,-0.00002317,127.57761694,MARK_PRICE_EXACT_OPEN,1725696000000,0
SOLUSDT,1725724800000,0.00000599,128.769172,MARK_PRICE_EXACT_OPEN,1725724800000,0
SOLUSDT,1725753600000,0.00008148,127.656,MARK_PRICE_EXACT_OPEN,1725753600000,0
SOLUSDT,1725782400000,0.00006264,129.549,MARK_PRICE_EXACT_OPEN,1725782400000,0
SOLUSDT,1725811200000,0.00006412,126.711,MARK_PRICE_EXACT_OPEN,1725811200000,0
SOLUSDT,1725840000000,0.00003966,130.073,MARK_PRICE_EXACT_OPEN,1725840000000,0
SOLUSDT,1725868800000,-0.00005564,129.24458443,MARK_PRICE_EXACT_OPEN,1725868800000,0
SOLUSDT,1725897600001,-0.00004794,128.3,MARK_PRICE_PREVIOUS_FALLBACK,1725897600000,1
SOLUSDT,1725926400000,0.00009587,135.02226581,MARK_PRICE_EXACT_OPEN,1725926400000,0
SOLUSDT,1725955200000,-0.00001672,134.889,MARK_PRICE_EXACT_OPEN,1725955200000,0
SOLUSDT,1725984000000,0.00002349,134.06019467,MARK_PRICE_EXACT_OPEN,1725984000000,0
SOLUSDT,1726012800000,-0.00006617,135.563,MARK_PRICE_EXACT_OPEN,1726012800000,0
SOLUSDT,1726041600000,-0.00001813,132.34209368,MARK_PRICE_EXACT_OPEN,1726041600000,0
SOLUSDT,1726070400000,-0.00002041,131.12310238,MARK_PRICE_EXACT_OPEN,1726070400000,0
SOLUSDT,1726099200000,-0.0000281,132.359,MARK_PRICE_EXACT_OPEN,1726099200000,0
SOLUSDT,1726128000000,-0.0000086,134.831,MARK_PRICE_EXACT_OPEN,1726128000000,0
SOLUSDT,1726156800000,0.0000132,133.499,MARK_PRICE_EXACT_OPEN,1726156800000,0
SOLUSDT,1726185600000,0.00002638,135.998,MARK_PRICE_EXACT_OPEN,1726185600000,0
SOLUSDT,1726214400001,0.00001756,134.528,MARK_PRICE_PREVIOUS_FALLBACK,1726214400000,1
SOLUSDT,1726243200001,0.00001798,136.85976323,MARK_PRICE_PREVIOUS_FALLBACK,1726243200000,1
SOLUSDT,1726272000000,-0.0000012,138.94989985,MARK_PRICE_EXACT_OPEN,1726272000000,0
SOLUSDT,1726300800000,0.00003207,137.43995527,MARK_PRICE_EXACT_OPEN,1726300800000,0
SOLUSDT,1726329600001,0.00000555,137.36095717,MARK_PRICE_PREVIOUS_FALLBACK,1726329600000,1
SOLUSDT,1726358400000,0.00001401,137.068,MARK_PRICE_EXACT_OPEN,1726358400000,0
SOLUSDT,1726387200000,0.00000107,137.1,MARK_PRICE_EXACT_OPEN,1726387200000,0
SOLUSDT,1726416000000,0.00001278,135.685,MARK_PRICE_EXACT_OPEN,1726416000000,0
SOLUSDT,1726444800000,0.00001892,131.319,MARK_PRICE_EXACT_OPEN,1726444800000,0
SOLUSDT,1726473600001,-0.00005218,131.17602601,MARK_PRICE_PREVIOUS_FALLBACK,1726473600000,1
SOLUSDT,1726502400000,0.00007164,131.41445866,MARK_PRICE_EXACT_OPEN,1726502400000,0
SOLUSDT,1726531200001,0.0001,131.389,MARK_PRICE_PREVIOUS_FALLBACK,1726531200000,1
SOLUSDT,1726560000000,0.00002206,132.191,MARK_PRICE_EXACT_OPEN,1726560000000,0
SOLUSDT,1726588800000,0.00002153,134.605,MARK_PRICE_EXACT_OPEN,1726588800000,0
SOLUSDT,1726617600000,-0.00000161,131.467,MARK_PRICE_EXACT_OPEN,1726617600000,0
SOLUSDT,1726646400000,-0.00003792,131.26387229,MARK_PRICE_EXACT_OPEN,1726646400000,0
SOLUSDT,1726675200004,0.00002354,127.639,MARK_PRICE_PREVIOUS_FALLBACK,1726675200000,4
SOLUSDT,1726704000000,0.00006423,134.28195896,MARK_PRICE_EXACT_OPEN,1726704000000,0
SOLUSDT,1726732800000,0.00008771,138.509,MARK_PRICE_EXACT_OPEN,1726732800000,0
SOLUSDT,1726761600001,0.00001474,142.92205314,MARK_PRICE_PREVIOUS_FALLBACK,1726761600000,1
SOLUSDT,1726790400000,0.0001,142.82865086,MARK_PRICE_EXACT_OPEN,1726790400000,0
SOLUSDT,1726819200001,0.0001,150.88474817,MARK_PRICE_PREVIOUS_FALLBACK,1726819200000,1
SOLUSDT,1726848000000,0.0001,147.79,MARK_PRICE_EXACT_OPEN,1726848000000,0
SOLUSDT,1726876800001,0.0001,146.585,MARK_PRICE_PREVIOUS_FALLBACK,1726876800000,1
SOLUSDT,1726905600000,0.0001,147.37631199,MARK_PRICE_EXACT_OPEN,1726905600000,0
SOLUSDT,1726934400000,0.00004074,147.56794132,MARK_PRICE_EXACT_OPEN,1726934400000,0
SOLUSDT,1726963200000,0.0001,149.372,MARK_PRICE_EXACT_OPEN,1726963200000,0
SOLUSDT,1726992000000,0.00007587,147.148,MARK_PRICE_EXACT_OPEN,1726992000000,0
SOLUSDT,1727020800000,0.00001979,143.10112223,MARK_PRICE_EXACT_OPEN,1727020800000,0
SOLUSDT,1727049600000,-0.00004401,144.588,MARK_PRICE_EXACT_OPEN,1727049600000,0
SOLUSDT,1727078400000,0.00005545,145.42892087,MARK_PRICE_EXACT_OPEN,1727078400000,0
SOLUSDT,1727107200000,-0.00002612,144.16758145,MARK_PRICE_EXACT_OPEN,1727107200000,0
SOLUSDT,1727136000000,0.00004827,144.701,MARK_PRICE_EXACT_OPEN,1727136000000,0
SOLUSDT,1727164800000,0.0000692,147.14765087,MARK_PRICE_EXACT_OPEN,1727164800000,0
SOLUSDT,1727193600001,0.00000557,145.64716964,MARK_PRICE_PREVIOUS_FALLBACK,1727193600000,1
SOLUSDT,1727222400000,0.0001,152.712,MARK_PRICE_EXACT_OPEN,1727222400000,0
SOLUSDT,1727251200003,0.0001,149.65636771,MARK_PRICE_PREVIOUS_FALLBACK,1727251200000,3
SOLUSDT,1727280000000,0.00005783,150.34842029,MARK_PRICE_EXACT_OPEN,1727280000000,0
SOLUSDT,1727308800005,0.00003616,148.075,MARK_PRICE_PREVIOUS_FALLBACK,1727308800000,5
SOLUSDT,1727337600000,0.00006697,151.764,MARK_PRICE_EXACT_OPEN,1727337600000,0
SOLUSDT,1727366400000,0.0001,157.084,MARK_PRICE_EXACT_OPEN,1727366400000,0
SOLUSDT,1727395200000,0.0001,155.48,MARK_PRICE_EXACT_OPEN,1727395200000,0
SOLUSDT,1727424000000,0.00000981,157.4,MARK_PRICE_EXACT_OPEN,1727424000000,0
SOLUSDT,1727452800000,0.0001,158.99930152,MARK_PRICE_EXACT_OPEN,1727452800000,0
SOLUSDT,1727481600000,0.0001,157.591,MARK_PRICE_EXACT_OPEN,1727481600000,0
SOLUSDT,1727510400001,0.000098,156.32174528,MARK_PRICE_PREVIOUS_FALLBACK,1727510400000,1
SOLUSDT,1727539200000,0.0001,156.808,MARK_PRICE_EXACT_OPEN,1727539200000,0
SOLUSDT,1727568000001,0.00009314,156.727,MARK_PRICE_PREVIOUS_FALLBACK,1727568000000,1
SOLUSDT,1727596800000,0.0001,155.431,MARK_PRICE_EXACT_OPEN,1727596800000,0
SOLUSDT,1727625600000,0.0001,157.21763567,MARK_PRICE_EXACT_OPEN,1727625600000,0
SOLUSDT,1727654400000,0.0001,158.39813308,MARK_PRICE_EXACT_OPEN,1727654400000,0
SOLUSDT,1727683200001,0.0001,156.74650947,MARK_PRICE_PREVIOUS_FALLBACK,1727683200000,1
SOLUSDT,1727712000000,0.0001,154.12176345,MARK_PRICE_EXACT_OPEN,1727712000000,0
SOLUSDT,1727740800000,0.0001,152.47015802,MARK_PRICE_EXACT_OPEN,1727740800000,0
SOLUSDT,1727769600000,0.0001,156.757,MARK_PRICE_EXACT_OPEN,1727769600000,0
SOLUSDT,1727798400001,0.0001,149.172,MARK_PRICE_PREVIOUS_FALLBACK,1727798400000,1
SOLUSDT,1727827200000,0.0001,145.131,MARK_PRICE_EXACT_OPEN,1727827200000,0
SOLUSDT,1727856000000,0.00001306,147.68535531,MARK_PRICE_EXACT_OPEN,1727856000000,0
SOLUSDT,1727884800000,0.00007012,147.39968742,MARK_PRICE_EXACT_OPEN,1727884800000,0
SOLUSDT,1727913600000,0.00000107,140.11,MARK_PRICE_EXACT_OPEN,1727913600000,0
SOLUSDT,1727942400000,0.00005138,139.85569955,MARK_PRICE_EXACT_OPEN,1727942400000,0
SOLUSDT,1727971200000,-0.00000381,135.50486859,MARK_PRICE_EXACT_OPEN,1727971200000,0
SOLUSDT,1728000000000,0.00003715,136.74019051,MARK_PRICE_EXACT_OPEN,1728000000000,0
SOLUSDT,1728028800000,-0.00004939,139.47658405,MARK_PRICE_EXACT_OPEN,1728028800000,0
SOLUSDT,1728057600001,0.00000524,142.41771507,MARK_PRICE_PREVIOUS_FALLBACK,1728057600000,1
SOLUSDT,1728086400000,0.00005818,143.158,MARK_PRICE_EXACT_OPEN,1728086400000,0
SOLUSDT,1728115200000,0.00009502,143.764,MARK_PRICE_EXACT_OPEN,1728115200000,0
SOLUSDT,1728144000000,0.00000449,142.83167707,MARK_PRICE_EXACT_OPEN,1728144000000,0
SOLUSDT,1728172800000,0.0001,142.528,MARK_PRICE_EXACT_OPEN,1728172800000,0
SOLUSDT,1728201600001,0.0001,142.98134637,MARK_PRICE_PREVIOUS_FALLBACK,1728201600000,1
SOLUSDT,1728230400000,0.00003507,145.904,MARK_PRICE_EXACT_OPEN,1728230400000,0
SOLUSDT,1728259200000,0.00003973,146.41919561,MARK_PRICE_EXACT_OPEN,1728259200000,0
SOLUSDT,1728288000000,0.00007543,147.982,MARK_PRICE_EXACT_OPEN,1728288000000,0
SOLUSDT,1728316800001,0.00000543,148.8,MARK_PRICE_PREVIOUS_FALLBACK,1728316800000,1
SOLUSDT,1728345600000,3.9e-7,143.91764584,MARK_PRICE_EXACT_OPEN,1728345600000,0
SOLUSDT,1728374400000,0.0001,143.02,MARK_PRICE_EXACT_OPEN,1728374400000,0
SOLUSDT,1728403200000,-0.00002549,142.728,MARK_PRICE_EXACT_OPEN,1728403200000,0
SOLUSDT,1728432000000,0.00000884,143.42485094,MARK_PRICE_EXACT_OPEN,1728432000000,0
SOLUSDT,1728460800000,-0.00003713,143.10568868,MARK_PRICE_EXACT_OPEN,1728460800000,0
SOLUSDT,1728489600000,0.0001,142.72877971,MARK_PRICE_EXACT_OPEN,1728489600000,0
SOLUSDT,1728518400000,0.0001,139.266,MARK_PRICE_EXACT_OPEN,1728518400000,0
SOLUSDT,1728547200000,-0.00003657,139.62,MARK_PRICE_EXACT_OPEN,1728547200000,0
SOLUSDT,1728576000000,0.00005098,138.599,MARK_PRICE_EXACT_OPEN,1728576000000,0
SOLUSDT,1728604800000,0.00000545,138.97948197,MARK_PRICE_EXACT_OPEN,1728604800000,0
SOLUSDT,1728633600000,0.00000289,141.12136254,MARK_PRICE_EXACT_OPEN,1728633600000,0
SOLUSDT,1728662400001,-0.00006334,144.571,MARK_PRICE_PREVIOUS_FALLBACK,1728662400000,1
SOLUSDT,1728691200000,-0.00003249,145.469,MARK_PRICE_EXACT_OPEN,1728691200000,0
SOLUSDT,1728720000001,0.0000695,145.50246536,MARK_PRICE_PREVIOUS_FALLBACK,1728720000000,1
SOLUSDT,1728748800000,-0.00004766,146.03041963,MARK_PRICE_EXACT_OPEN,1728748800000,0
SOLUSDT,1728777600000,0.00000522,146.318,MARK_PRICE_EXACT_OPEN,1728777600000,0
SOLUSDT,1728806400000,0.00005938,146.38290563,MARK_PRICE_EXACT_OPEN,1728806400000,0
SOLUSDT,1728835200000,0.00005394,145.26917063,MARK_PRICE_EXACT_OPEN,1728835200000,0
SOLUSDT,1728864000000,0.00001631,147.63255737,MARK_PRICE_EXACT_OPEN,1728864000000,0
SOLUSDT,1728892800000,0.00007203,152.94336157,MARK_PRICE_EXACT_OPEN,1728892800000,0
SOLUSDT,1728921600000,0.00007332,156.66202954,MARK_PRICE_EXACT_OPEN,1728921600000,0
SOLUSDT,1728950400000,0.0001,157.53,MARK_PRICE_EXACT_OPEN,1728950400000,0
SOLUSDT,1728979200000,0.0001,155.07,MARK_PRICE_EXACT_OPEN,1728979200000,0
SOLUSDT,1729008000000,0.0001,153.23,MARK_PRICE_EXACT_OPEN,1729008000000,0
SOLUSDT,1729036800000,0.00006943,154.69,MARK_PRICE_EXACT_OPEN,1729036800000,0
SOLUSDT,1729065600001,0.00002087,153.61,MARK_PRICE_PREVIOUS_FALLBACK,1729065600000,1
SOLUSDT,1729094400000,0.00009905,155.64,MARK_PRICE_EXACT_OPEN,1729094400000,0
SOLUSDT,1729123200000,0.00004579,154.19,MARK_PRICE_EXACT_OPEN,1729123200000,0
SOLUSDT,1729152000000,0.00009905,152.53175378,MARK_PRICE_EXACT_OPEN,1729152000000,0
SOLUSDT,1729180800001,0.0001,152.68839092,MARK_PRICE_PREVIOUS_FALLBACK,1729180800000,1
SOLUSDT,1729209600010,0.00007589,150.29744053,MARK_PRICE_PREVIOUS_FALLBACK,1729209600000,10
SOLUSDT,1729238400001,0.00003467,153.90874049,MARK_PRICE_PREVIOUS_FALLBACK,1729238400000,1
SOLUSDT,1729267200000,0.00009885,154.65,MARK_PRICE_EXACT_OPEN,1729267200000,0
SOLUSDT,1729296000000,0.00003918,154.86,MARK_PRICE_EXACT_OPEN,1729296000000,0
SOLUSDT,1729324800000,0.00005265,154.49,MARK_PRICE_EXACT_OPEN,1729324800000,0
SOLUSDT,1729353600000,0.00007269,156.44242324,MARK_PRICE_EXACT_OPEN,1729353600000,0
SOLUSDT,1729382400000,0.0001,159.70637472,MARK_PRICE_EXACT_OPEN,1729382400000,0
SOLUSDT,1729411200000,0.00004903,158.71452213,MARK_PRICE_EXACT_OPEN,1729411200000,0
SOLUSDT,1729440000000,0.0000701,159.94,MARK_PRICE_EXACT_OPEN,1729440000000,0
SOLUSDT,1729468800000,0.0001,167.40094988,MARK_PRICE_EXACT_OPEN,1729468800000,0
SOLUSDT,1729497600000,0.0001,168.69803437,MARK_PRICE_EXACT_OPEN,1729497600000,0
SOLUSDT,1729526400000,0.0001,165.34841102,MARK_PRICE_EXACT_OPEN,1729526400000,0
SOLUSDT,1729555200000,0.0001,166.17735196,MARK_PRICE_EXACT_OPEN,1729555200000,0
SOLUSDT,1729584000000,0.0001,167.09739629,MARK_PRICE_EXACT_OPEN,1729584000000,0
SOLUSDT,1729612800000,0.0001,167.76859178,MARK_PRICE_EXACT_OPEN,1729612800000,0
SOLUSDT,1729641600000,0.0001,167.56,MARK_PRICE_EXACT_OPEN,1729641600000,0
SOLUSDT,1729670400000,0.0001,165.69,MARK_PRICE_EXACT_OPEN,1729670400000,0
SOLUSDT,1729699200000,0.0001,168.07162947,MARK_PRICE_EXACT_OPEN,1729699200000,0
SOLUSDT,1729728000000,0.0001,170.81,MARK_PRICE_EXACT_OPEN,1729728000000,0
SOLUSDT,1729756800000,0.0001,173.51,MARK_PRICE_EXACT_OPEN,1729756800000,0
SOLUSDT,1729785600000,0.0001,175.36273877,MARK_PRICE_EXACT_OPEN,1729785600000,0
SOLUSDT,1729814400000,0.0001,177.1013854,MARK_PRICE_EXACT_OPEN,1729814400000,0
SOLUSDT,1729843200000,0.0001,171.86,MARK_PRICE_EXACT_OPEN,1729843200000,0
SOLUSDT,1729872000000,0.0000316,172.38078514,MARK_PRICE_EXACT_OPEN,1729872000000,0
SOLUSDT,1729900800000,0.00005848,164.87129438,MARK_PRICE_EXACT_OPEN,1729900800000,0
SOLUSDT,1729929600001,0.00005269,167.32,MARK_PRICE_PREVIOUS_FALLBACK,1729929600000,1
SOLUSDT,1729958400000,0.0001,168.55,MARK_PRICE_EXACT_OPEN,1729958400000,0
SOLUSDT,1729987200000,0.0001,170.82024015,MARK_PRICE_EXACT_OPEN,1729987200000,0
SOLUSDT,1730016000000,0.00004801,173.17978124,MARK_PRICE_EXACT_OPEN,1730016000000,0
SOLUSDT,1730044800000,-0.00001684,175.71,MARK_PRICE_EXACT_OPEN,1730044800000,0
SOLUSDT,1730073600000,0.00008656,176.75,MARK_PRICE_EXACT_OPEN,1730073600000,0
SOLUSDT,1730102400001,0.0001,175.70314517,MARK_PRICE_PREVIOUS_FALLBACK,1730102400000,1
SOLUSDT,1730131200000,0.00002332,173.36135549,MARK_PRICE_EXACT_OPEN,1730131200000,0
SOLUSDT,1730160000000,0.0001,178.2,MARK_PRICE_EXACT_OPEN,1730160000000,0
SOLUSDT,1730188800000,0.0001,180.10329966,MARK_PRICE_EXACT_OPEN,1730188800000,0
SOLUSDT,1730217600004,0.0001,181.1,MARK_PRICE_PREVIOUS_FALLBACK,1730217600000,4
SOLUSDT,1730246400000,0.0001,179.4,MARK_PRICE_EXACT_OPEN,1730246400000,0
SOLUSDT,1730275200000,0.0001,178.71,MARK_PRICE_EXACT_OPEN,1730275200000,0
SOLUSDT,1730304000013,0.0001,173.573901,MARK_PRICE_PREVIOUS_FALLBACK,1730304000000,13
SOLUSDT,1730332800000,0.0001,174.83,MARK_PRICE_EXACT_OPEN,1730332800000,0
SOLUSDT,1730361600000,0.0001,174.49,MARK_PRICE_EXACT_OPEN,1730361600000,0
SOLUSDT,1730390400000,0.0001,170.6,MARK_PRICE_EXACT_OPEN,1730390400000,0
SOLUSDT,1730419200000,0.0001,168.66043629,MARK_PRICE_EXACT_OPEN,1730419200000,0
SOLUSDT,1730448000000,0.0001,165.95347708,MARK_PRICE_EXACT_OPEN,1730448000000,0
SOLUSDT,1730476800000,0.0001,164.01129694,MARK_PRICE_EXACT_OPEN,1730476800000,0
SOLUSDT,1730505600000,0.00006813,166.02,MARK_PRICE_EXACT_OPEN,1730505600000,0
SOLUSDT,1730534400000,0.00009387,167.54,MARK_PRICE_EXACT_OPEN,1730534400000,0
SOLUSDT,1730563200000,0.000069,163.74894889,MARK_PRICE_EXACT_OPEN,1730563200000,0
SOLUSDT,1730592000000,0.0000398,166.09,MARK_PRICE_EXACT_OPEN,1730592000000,0
SOLUSDT,1730620800000,0.00003241,163.46,MARK_PRICE_EXACT_OPEN,1730620800000,0
SOLUSDT,1730649600000,0.00008014,159.9171981,MARK_PRICE_EXACT_OPEN,1730649600000,0
SOLUSDT,1730678400000,0.00004818,162.45,MARK_PRICE_EXACT_OPEN,1730678400000,0
SOLUSDT,1730707200000,0.00006725,161.32612342,MARK_PRICE_EXACT_OPEN,1730707200000,0
SOLUSDT,1730736000000,0.00006216,162.97,MARK_PRICE_EXACT_OPEN,1730736000000,0
SOLUSDT,1730764800000,0.00005868,157.88426653,MARK_PRICE_EXACT_OPEN,1730764800000,0
SOLUSDT,1730793600003,0.0000451,162.03,MARK_PRICE_PREVIOUS_FALLBACK,1730793600000,3
SOLUSDT,1730822400001,0.00000717,165.61,MARK_PRICE_PREVIOUS_FALLBACK,1730822400000,1
SOLUSDT,1730851200000,-0.00001892,166.54,MARK_PRICE_EXACT_OPEN,1730851200000,0
SOLUSDT,1730880000000,0.0001,183.99683598,MARK_PRICE_EXACT_OPEN,1730880000000,0
SOLUSDT,1730908800000,0.0001,185.56,MARK_PRICE_EXACT_OPEN,1730908800000,0
SOLUSDT,1730937600000,0.0001,186.61533504,MARK_PRICE_EXACT_OPEN,1730937600000,0
SOLUSDT,1730966400000,0.0001,188.08,MARK_PRICE_EXACT_OPEN,1730966400000,0
SOLUSDT,1730995200000,0.0001,192.75,MARK_PRICE_EXACT_OPEN,1730995200000,0
SOLUSDT,1731024000000,0.0001,196.43913809,MARK_PRICE_EXACT_OPEN,1731024000000,0
SOLUSDT,1731052800000,0.0001,200.49763248,MARK_PRICE_EXACT_OPEN,1731052800000,0
SOLUSDT,1731081600000,0.0001,201.03598205,MARK_PRICE_EXACT_OPEN,1731081600000,0
SOLUSDT,1731110400000,0.0001,199.88480296,MARK_PRICE_EXACT_OPEN,1731110400000,0
SOLUSDT,1731139200000,0.0001,200.30924843,MARK_PRICE_EXACT_OPEN,1731139200000,0
SOLUSDT,1731168000000,0.0001,198.41130103,MARK_PRICE_EXACT_OPEN,1731168000000,0
SOLUSDT,1731196800000,0.0001,199.93,MARK_PRICE_EXACT_OPEN,1731196800000,0
SOLUSDT,1731225600000,0.00019071,205.08,MARK_PRICE_EXACT_OPEN,1731225600000,0
SOLUSDT,1731254400000,0.00041975,212.51,MARK_PRICE_EXACT_OPEN,1731254400000,0
SOLUSDT,1731283200001,0.00034668,210.16968665,MARK_PRICE_PREVIOUS_FALLBACK,1731283200000,1
SOLUSDT,1731312000000,0.00011081,208.08,MARK_PRICE_EXACT_OPEN,1731312000000,0
SOLUSDT,1731340800000,0.00022373,219.16411723,MARK_PRICE_EXACT_OPEN,1731340800000,0
SOLUSDT,1731369600002,0.00035969,222.30699774,MARK_PRICE_PREVIOUS_FALLBACK,1731369600000,2
SOLUSDT,1731398400000,0.00043733,221.99238924,MARK_PRICE_EXACT_OPEN,1731398400000,0
SOLUSDT,1731427200000,0.00048819,210.58699233,MARK_PRICE_EXACT_OPEN,1731427200000,0
SOLUSDT,1731456000000,0.00032823,211.73920236,MARK_PRICE_EXACT_OPEN,1731456000000,0
SOLUSDT,1731484800010,0.00020936,205.03,MARK_PRICE_PREVIOUS_FALLBACK,1731484800000,10
SOLUSDT,1731513600000,0.00022016,216.7,MARK_PRICE_EXACT_OPEN,1731513600000,0
SOLUSDT,1731542400001,0.00020764,215.41,MARK_PRICE_PREVIOUS_FALLBACK,1731542400000,1
SOLUSDT,1731571200000,0.00022462,218.27711396,MARK_PRICE_EXACT_OPEN,1731571200000,0
SOLUSDT,1731600000000,0.0001,211.00958458,MARK_PRICE_EXACT_OPEN,1731600000000,0
SOLUSDT,1731628800000,0.0001,209.64995188,MARK_PRICE_EXACT_OPEN,1731628800000,0
SOLUSDT,1731657600000,0.0001,209.28493283,MARK_PRICE_EXACT_OPEN,1731657600000,0
SOLUSDT,1731686400000,0.0001,208.32929382,MARK_PRICE_EXACT_OPEN,1731686400000,0
SOLUSDT,1731715200001,0.0001,218.37,MARK_PRICE_PREVIOUS_FALLBACK,1731715200000,1
SOLUSDT,1731744000001,0.00023693,219.25356122,MARK_PRICE_PREVIOUS_FALLBACK,1731744000000,1
SOLUSDT,1731772800000,0.00016028,215.10609345,MARK_PRICE_EXACT_OPEN,1731772800000,0
SOLUSDT,1731801600000,0.0001,215.82610157,MARK_PRICE_EXACT_OPEN,1731801600000,0
SOLUSDT,1731830400000,0.00044518,237.49,MARK_PRICE_EXACT_OPEN,1731830400000,0
SOLUSDT,1731859200001,0.00021627,234.14,MARK_PRICE_PREVIOUS_FALLBACK,1731859200000,1
SOLUSDT,1731888000000,0.00023762,237.60711286,MARK_PRICE_EXACT_OPEN,1731888000000,0
SOLUSDT,1731916800000,0.0001653,242.20519141,MARK_PRICE_EXACT_OPEN,1731916800000,0
SOLUSDT,1731945600000,0.0002213,243.51855761,MARK_PRICE_EXACT_OPEN,1731945600000,0
SOLUSDT,1731974400000,0.00022018,239.96,MARK_PRICE_EXACT_OPEN,1731974400000,0
SOLUSDT,1732003200000,0.00019184,243.48799301,MARK_PRICE_EXACT_OPEN,1732003200000,0
SOLUSDT,1732032000000,0.00012644,240.64,MARK_PRICE_EXACT_OPEN,1732032000000,0
SOLUSDT,1732060800003,0.0001,237.55,MARK_PRICE_PREVIOUS_FALLBACK,1732060800000,3
SOLUSDT,1732089600000,0.0001,235.9634653,MARK_PRICE_EXACT_OPEN,1732089600000,0
SOLUSDT,1732118400000,0.0001,238.36412736,MARK_PRICE_EXACT_OPEN,1732118400000,0
SOLUSDT,1732147200001,0.0001,235.44156328,MARK_PRICE_PREVIOUS_FALLBACK,1732147200000,1
SOLUSDT,1732176000000,0.0001,241.46093337,MARK_PRICE_EXACT_OPEN,1732176000000,0
SOLUSDT,1732204800001,0.0001,248.9,MARK_PRICE_PREVIOUS_FALLBACK,1732204800000,1
SOLUSDT,1732233600000,0.00043945,256.63238106,MARK_PRICE_EXACT_OPEN,1732233600000,0
SOLUSDT,1732262400000,0.00022593,259.37146192,MARK_PRICE_EXACT_OPEN,1732262400000,0
SOLUSDT,1732291200001,0.0001702,255.48,MARK_PRICE_PREVIOUS_FALLBACK,1732291200000,1
SOLUSDT,1732320000000,0.0001,257.03697866,MARK_PRICE_EXACT_OPEN,1732320000000,0
SOLUSDT,1732348800000,0.00028946,258.45,MARK_PRICE_EXACT_OPEN,1732348800000,0
SOLUSDT,1732377600000,0.00025577,259.94,MARK_PRICE_EXACT_OPEN,1732377600000,0
SOLUSDT,1732406400001,0.00018175,254.84,MARK_PRICE_PREVIOUS_FALLBACK,1732406400000,1
SOLUSDT,1732435200000,0.00033189,256.84,MARK_PRICE_EXACT_OPEN,1732435200000,0
SOLUSDT,1732464000000,0.00025244,244.39219352,MARK_PRICE_EXACT_OPEN,1732464000000,0
SOLUSDT,1732492800000,0.00014445,252.92688727,MARK_PRICE_EXACT_OPEN,1732492800000,0
SOLUSDT,1732521600000,0.00019888,253.45837047,MARK_PRICE_EXACT_OPEN,1732521600000,0
SOLUSDT,1732550400000,0.00010485,245.07,MARK_PRICE_EXACT_OPEN,1732550400000,0
SOLUSDT,1732579200000,0.0001,234.28960341,MARK_PRICE_EXACT_OPEN,1732579200000,0
SOLUSDT,1732608000000,0.0001,235.82,MARK_PRICE_EXACT_OPEN,1732608000000,0
SOLUSDT,1732636800000,0.0001,227.38613496,MARK_PRICE_EXACT_OPEN,1732636800000,0
SOLUSDT,1732665600000,0.0001,230.71854924,MARK_PRICE_EXACT_OPEN,1732665600000,0
SOLUSDT,1732694400000,0.0001,234.33,MARK_PRICE_EXACT_OPEN,1732694400000,0
SOLUSDT,1732723200001,0.0001,240.74,MARK_PRICE_PREVIOUS_FALLBACK,1732723200000,1
SOLUSDT,1732752000000,0.0001,242.03883135,MARK_PRICE_EXACT_OPEN,1732752000000,0
SOLUSDT,1732780800000,0.0001,238.01727444,MARK_PRICE_EXACT_OPEN,1732780800000,0
SOLUSDT,1732809600000,0.0001,233.03019139,MARK_PRICE_EXACT_OPEN,1732809600000,0
SOLUSDT,1732838400000,0.0001,237.6043055,MARK_PRICE_EXACT_OPEN,1732838400000,0
SOLUSDT,1732867200000,0.0001,237.66259077,MARK_PRICE_EXACT_OPEN,1732867200000,0
SOLUSDT,1732896000000,0.0001,243.57,MARK_PRICE_EXACT_OPEN,1732896000000,0
SOLUSDT,1732924800000,0.0001,243.42,MARK_PRICE_EXACT_OPEN,1732924800000,0
SOLUSDT,1732953600000,0.0001,244.35803166,MARK_PRICE_EXACT_OPEN,1732953600000,0
SOLUSDT,1732982400000,0.0001,240,MARK_PRICE_EXACT_OPEN,1732982400000,0
SOLUSDT,1733011200000,0.00011575,237.73,MARK_PRICE_EXACT_OPEN,1733011200000,0
SOLUSDT,1733040000000,0.0001,235.6156002,MARK_PRICE_EXACT_OPEN,1733040000000,0
SOLUSDT,1733068800000,0.00021606,238.69455528,MARK_PRICE_EXACT_OPEN,1733068800000,0
SOLUSDT,1733097600001,0.00037518,237.13,MARK_PRICE_PREVIOUS_FALLBACK,1733097600000,1
SOLUSDT,1733126400001,0.00025587,228.51,MARK_PRICE_PREVIOUS_FALLBACK,1733126400000,1
SOLUSDT,1733155200000,0.00026772,229.36,MARK_PRICE_EXACT_OPEN,1733155200000,0
SOLUSDT,1733184000000,0.00032728,225.87,MARK_PRICE_EXACT_OPEN,1733184000000,0
SOLUSDT,1733212800000,0.00031454,227.12,MARK_PRICE_EXACT_OPEN,1733212800000,0
SOLUSDT,1733241600000,0.00030312,223.39912943,MARK_PRICE_EXACT_OPEN,1733241600000,0
SOLUSDT,1733270400000,0.00035501,234.09,MARK_PRICE_EXACT_OPEN,1733270400000,0
SOLUSDT,1733299200000,0.00023264,236.79860887,MARK_PRICE_EXACT_OPEN,1733299200000,0
SOLUSDT,1733328000000,0.00036215,233.95235681,MARK_PRICE_EXACT_OPEN,1733328000000,0
SOLUSDT,1733356800001,0.00027166,229.42478644,MARK_PRICE_PREVIOUS_FALLBACK,1733356800000,1
SOLUSDT,1733385600000,0.00055995,234.07486047,MARK_PRICE_EXACT_OPEN,1733385600000,0
SOLUSDT,1733414400000,0.0005091,239.24,MARK_PRICE_EXACT_OPEN,1733414400000,0
SOLUSDT,1733443200000,0.00032251,236.05,MARK_PRICE_EXACT_OPEN,1733443200000,0
SOLUSDT,1733472000000,0.00032302,239.47367249,MARK_PRICE_EXACT_OPEN,1733472000000,0
SOLUSDT,1733500800000,0.00012425,238.12641675,MARK_PRICE_EXACT_OPEN,1733500800000,0
SOLUSDT,1733529600000,0.00041557,237.06497881,MARK_PRICE_EXACT_OPEN,1733529600000,0
SOLUSDT,1733558400000,0.00034529,236.36,MARK_PRICE_EXACT_OPEN,1733558400000,0
SOLUSDT,1733587200000,0.00038467,241.01,MARK_PRICE_EXACT_OPEN,1733587200000,0
SOLUSDT,1733616000000,0.00045069,238.3,MARK_PRICE_EXACT_OPEN,1733616000000,0
SOLUSDT,1733644800000,0.00019374,237.74,MARK_PRICE_EXACT_OPEN,1733644800000,0
SOLUSDT,1733673600000,0.00013754,237.53,MARK_PRICE_EXACT_OPEN,1733673600000,0
SOLUSDT,1733702400000,0.00025945,237.23141997,MARK_PRICE_EXACT_OPEN,1733702400000,0
SOLUSDT,1733731200000,0.00015891,231.68,MARK_PRICE_EXACT_OPEN,1733731200000,0
SOLUSDT,1733760000001,0.00012595,224.22338425,MARK_PRICE_PREVIOUS_FALLBACK,1733760000000,1
SOLUSDT,1733788800007,0.0001,216.35,MARK_PRICE_PREVIOUS_FALLBACK,1733788800000,7
SOLUSDT,1733817600000,0.0001,217.32,MARK_PRICE_EXACT_OPEN,1733817600000,0
SOLUSDT,1733846400000,0.0001,206.48,MARK_PRICE_EXACT_OPEN,1733846400000,0
SOLUSDT,1733875200000,0.0001,213.5899608,MARK_PRICE_EXACT_OPEN,1733875200000,0
SOLUSDT,1733904000000,0.0001,218.4,MARK_PRICE_EXACT_OPEN,1733904000000,0
SOLUSDT,1733932800001,0.0001,228.87,MARK_PRICE_PREVIOUS_FALLBACK,1733932800000,1
SOLUSDT,1733961600001,0.0001,227.25445483,MARK_PRICE_PREVIOUS_FALLBACK,1733961600000,1
SOLUSDT,1733990400000,0.0001,229.99,MARK_PRICE_EXACT_OPEN,1733990400000,0
SOLUSDT,1734019200001,0.0001,231.57119808,MARK_PRICE_PREVIOUS_FALLBACK,1734019200000,1
SOLUSDT,1734048000000,0.0001,226.90230934,MARK_PRICE_EXACT_OPEN,1734048000000,0
SOLUSDT,1734076800000,0.0001,224.71,MARK_PRICE_EXACT_OPEN,1734076800000,0
SOLUSDT,1734105600001,0.0001,221.64,MARK_PRICE_PREVIOUS_FALLBACK,1734105600000,1
SOLUSDT,1734134400000,0.0001,224.72440941,MARK_PRICE_EXACT_OPEN,1734134400000,0
SOLUSDT,1734163200000,0.0001,225.8785505,MARK_PRICE_EXACT_OPEN,1734163200000,0
SOLUSDT,1734192000000,0.0001,222.4822469,MARK_PRICE_EXACT_OPEN,1734192000000,0
SOLUSDT,1734220800000,0.0001,219.84,MARK_PRICE_EXACT_OPEN,1734220800000,0
SOLUSDT,1734249600000,0.00006761,217.1700023,MARK_PRICE_EXACT_OPEN,1734249600000,0
SOLUSDT,1734278400000,0.0001,220.82764674,MARK_PRICE_EXACT_OPEN,1734278400000,0
SOLUSDT,1734307200000,0.0001,224.22,MARK_PRICE_EXACT_OPEN,1734307200000,0
SOLUSDT,1734336000001,0.0001,223.15231399,MARK_PRICE_PREVIOUS_FALLBACK,1734336000000,1
SOLUSDT,1734364800000,0.0001,216.94416601,MARK_PRICE_EXACT_OPEN,1734364800000,0
SOLUSDT,1734393600000,0.0001,216.09981268,MARK_PRICE_EXACT_OPEN,1734393600000,0
SOLUSDT,1734422400000,0.00004064,215.4963049,MARK_PRICE_EXACT_OPEN,1734422400000,0
SOLUSDT,1734451200000,0.0001,220.47388302,MARK_PRICE_EXACT_OPEN,1734451200000,0
SOLUSDT,1734480000000,0.0001,223.14,MARK_PRICE_EXACT_OPEN,1734480000000,0
SOLUSDT,1734508800000,0.00009102,215.78440736,MARK_PRICE_EXACT_OPEN,1734508800000,0
SOLUSDT,1734537600000,0.00000623,217.638513,MARK_PRICE_EXACT_OPEN,1734537600000,0
SOLUSDT,1734566400000,-0.000036,206.49462983,MARK_PRICE_EXACT_OPEN,1734566400000,0
SOLUSDT,1734595200000,-0.00001903,211.67,MARK_PRICE_EXACT_OPEN,1734595200000,0
SOLUSDT,1734624000000,0.00001572,205.3863534,MARK_PRICE_EXACT_OPEN,1734624000000,0
SOLUSDT,1734652800000,-0.00001795,193.71171105,MARK_PRICE_EXACT_OPEN,1734652800000,0
SOLUSDT,1734681600001,-0.00002757,190.93771812,MARK_PRICE_PREVIOUS_FALLBACK,1734681600000,1
SOLUSDT,1734710400014,-0.00006045,188.84,MARK_PRICE_PREVIOUS_FALLBACK,1734710400000,14
SOLUSDT,1734739200000,-0.00018625,194.33740729,MARK_PRICE_EXACT_OPEN,1734739200000,0
SOLUSDT,1734768000000,-0.00013946,198.69274961,MARK_PRICE_EXACT_OPEN,1734768000000,0
SOLUSDT,1734796800001,-0.000042,186.39,MARK_PRICE_PREVIOUS_FALLBACK,1734796800000,1
SOLUSDT,1734825600000,-0.00011655,181.33,MARK_PRICE_EXACT_OPEN,1734825600000,0
SOLUSDT,1734854400000,0.0000297,184.20289167,MARK_PRICE_EXACT_OPEN,1734854400000,0
SOLUSDT,1734883200000,-0.00010865,181.77,MARK_PRICE_EXACT_OPEN,1734883200000,0
SOLUSDT,1734912000000,-0.00005764,180.42181577,MARK_PRICE_EXACT_OPEN,1734912000000,0
SOLUSDT,1734940800000,-0.00002514,182.15,MARK_PRICE_EXACT_OPEN,1734940800000,0
SOLUSDT,1734969600001,-0.00001518,180.87,MARK_PRICE_PREVIOUS_FALLBACK,1734969600000,1
SOLUSDT,1734998400000,0.00000456,190.06,MARK_PRICE_EXACT_OPEN,1734998400000,0
SOLUSDT,1735027200000,-0.00000887,191.42,MARK_PRICE_EXACT_OPEN,1735027200000,0
SOLUSDT,1735056000001,-0.00002528,197.42779908,MARK_PRICE_PREVIOUS_FALLBACK,1735056000000,1
SOLUSDT,1735084800001,-0.00001032,196.9550614,MARK_PRICE_PREVIOUS_FALLBACK,1735084800000,1
SOLUSDT,1735113600000,-0.00002015,198.05,MARK_PRICE_EXACT_OPEN,1735113600000,0
SOLUSDT,1735142400000,0.00003692,198.18,MARK_PRICE_EXACT_OPEN,1735142400000,0
SOLUSDT,1735171200000,0.00002735,197.34,MARK_PRICE_EXACT_OPEN,1735171200000,0
SOLUSDT,1735200000000,0.0001,193.38,MARK_PRICE_EXACT_OPEN,1735200000000,0
SOLUSDT,1735228800000,0.00001522,188.60189688,MARK_PRICE_EXACT_OPEN,1735228800000,0
SOLUSDT,1735257600000,0.00003726,188.37224036,MARK_PRICE_EXACT_OPEN,1735257600000,0
SOLUSDT,1735286400000,-0.00002625,186.57648132,MARK_PRICE_EXACT_OPEN,1735286400000,0
SOLUSDT,1735315200000,-0.00008145,184.01787277,MARK_PRICE_EXACT_OPEN,1735315200000,0
SOLUSDT,1735344000001,0.00009283,184.28752532,MARK_PRICE_PREVIOUS_FALLBACK,1735344000000,1
SOLUSDT,1735372800000,0.00001275,185.04321141,MARK_PRICE_EXACT_OPEN,1735372800000,0
SOLUSDT,1735401600000,-0.00000903,190.11,MARK_PRICE_EXACT_OPEN,1735401600000,0
SOLUSDT,1735430400000,0.00000778,195.39,MARK_PRICE_EXACT_OPEN,1735430400000,0
SOLUSDT,1735459200000,-0.00002727,195.93762021,MARK_PRICE_EXACT_OPEN,1735459200000,0
SOLUSDT,1735488000000,0.0000614,195.05893395,MARK_PRICE_EXACT_OPEN,1735488000000,0
SOLUSDT,1735516800000,0.0001,189.85,MARK_PRICE_EXACT_OPEN,1735516800000,0
SOLUSDT,1735545600001,0.0000476,192.75,MARK_PRICE_PREVIOUS_FALLBACK,1735545600000,1
SOLUSDT,1735574400000,0.00005906,187.24,MARK_PRICE_EXACT_OPEN,1735574400000,0
SOLUSDT,1735603200000,0.00008373,191.26513271,MARK_PRICE_EXACT_OPEN,1735603200000,0
SOLUSDT,1735632000000,0.00002697,189.94239343,MARK_PRICE_EXACT_OPEN,1735632000000,0
SOLUSDT,1735660800000,0.00006744,198.32110606,MARK_PRICE_EXACT_OPEN,1735660800000,0
SOLUSDT,1735689600015,-0.00005587,189.63,MARK_PRICE_PREVIOUS_FALLBACK,1735689600000,15
SOLUSDT,1735718400000,-0.00002663,189.96,MARK_PRICE_EXACT_OPEN,1735718400000,0
SOLUSDT,1735747200001,-0.00001487,192.01,MARK_PRICE_PREVIOUS_FALLBACK,1735747200000,1
SOLUSDT,1735776000000,0.0001,194.22,MARK_PRICE_EXACT_OPEN,1735776000000,0
SOLUSDT,1735804800006,0.0001,205.94,MARK_PRICE_PREVIOUS_FALLBACK,1735804800000,6
SOLUSDT,1735833600000,0.00009337,206.68,MARK_PRICE_EXACT_OPEN,1735833600000,0
SOLUSDT,1735862400000,0.0001,208.17047387,MARK_PRICE_EXACT_OPEN,1735862400000,0
SOLUSDT,1735891200000,-0.0000147,207.86,MARK_PRICE_EXACT_OPEN,1735891200000,0
SOLUSDT,1735920000000,-0.00007967,217.27,MARK_PRICE_EXACT_OPEN,1735920000000,0
SOLUSDT,1735948800000,-0.00007358,217.92,MARK_PRICE_EXACT_OPEN,1735948800000,0
SOLUSDT,1735977600000,0.00004915,216.62872987,MARK_PRICE_EXACT_OPEN,1735977600000,0
SOLUSDT,1736006400000,0.00005813,214.26508239,MARK_PRICE_EXACT_OPEN,1736006400000,0
SOLUSDT,1736035200000,0.00009572,216.56121034,MARK_PRICE_EXACT_OPEN,1736035200000,0
SOLUSDT,1736064000000,-0.00003098,216.35,MARK_PRICE_EXACT_OPEN,1736064000000,0
SOLUSDT,1736092800000,0.0001,213.47752759,MARK_PRICE_EXACT_OPEN,1736092800000,0
SOLUSDT,1736121600000,-0.00000103,213.3,MARK_PRICE_EXACT_OPEN,1736121600000,0
SOLUSDT,1736150400001,-0.00001539,215.09165881,MARK_PRICE_PREVIOUS_FALLBACK,1736150400000,1
SOLUSDT,1736179200000,0.00005815,221.53336027,MARK_PRICE_EXACT_OPEN,1736179200000,0
SOLUSDT,1736208000000,-0.00002492,218.10315182,MARK_PRICE_EXACT_OPEN,1736208000000,0
SOLUSDT,1736236800000,0.0000188,215.97,MARK_PRICE_EXACT_OPEN,1736236800000,0
SOLUSDT,1736265600008,0.00001765,206.83844502,MARK_PRICE_PREVIOUS_FALLBACK,1736265600000,8
SOLUSDT,1736294400001,0.00000947,202.43,MARK_PRICE_PREVIOUS_FALLBACK,1736294400000,1
SOLUSDT,1736323200000,0.00009384,195.59194327,MARK_PRICE_EXACT_OPEN,1736323200000,0
SOLUSDT,1736352000000,-0.00002658,197.69578628,MARK_PRICE_EXACT_OPEN,1736352000000,0
SOLUSDT,1736380800000,-0.00004356,197.40056516,MARK_PRICE_EXACT_OPEN,1736380800000,0
SOLUSDT,1736409600000,0.0001,190.07,MARK_PRICE_EXACT_OPEN,1736409600000,0
SOLUSDT,1736438400000,-0.00001659,192.08,MARK_PRICE_EXACT_OPEN,1736438400000,0
SOLUSDT,1736467200000,0.00000873,184.89423939,MARK_PRICE_EXACT_OPEN,1736467200000,0
SOLUSDT,1736496000000,-0.00007385,191.63766796,MARK_PRICE_EXACT_OPEN,1736496000000,0
SOLUSDT,1736524800000,0.00003388,187.20588983,MARK_PRICE_EXACT_OPEN,1736524800000,0
SOLUSDT,1736553600000,0.00000989,187.59,MARK_PRICE_EXACT_OPEN,1736553600000,0
SOLUSDT,1736582400000,-0.00003578,186.14,MARK_PRICE_EXACT_OPEN,1736582400000,0
SOLUSDT,1736611200000,-0.00004343,186.84,MARK_PRICE_EXACT_OPEN,1736611200000,0
SOLUSDT,1736640000000,0.00002102,188,MARK_PRICE_EXACT_OPEN,1736640000000,0
SOLUSDT,1736668800000,-0.00004366,186.47,MARK_PRICE_EXACT_OPEN,1736668800000,0
SOLUSDT,1736697600000,0.00003548,190.38089626,MARK_PRICE_EXACT_OPEN,1736697600000,0
SOLUSDT,1736726400000,0.0001,188.43,MARK_PRICE_EXACT_OPEN,1736726400000,0
SOLUSDT,1736755200000,0.0000266,182.39,MARK_PRICE_EXACT_OPEN,1736755200000,0
SOLUSDT,1736784000000,0.00000817,178.69,MARK_PRICE_EXACT_OPEN,1736784000000,0
SOLUSDT,1736812800000,-0.00004601,182.77,MARK_PRICE_EXACT_OPEN,1736812800000,0
SOLUSDT,1736841600000,-0.00002434,185.52,MARK_PRICE_EXACT_OPEN,1736841600000,0
SOLUSDT,1736870400000,0.00002374,186.75,MARK_PRICE_EXACT_OPEN,1736870400000,0
SOLUSDT,1736899200000,0.00003357,187.46,MARK_PRICE_EXACT_OPEN,1736899200000,0
SOLUSDT,1736928000000,-0.00005153,189.87536362,MARK_PRICE_EXACT_OPEN,1736928000000,0
SOLUSDT,1736956800000,-0.00002957,196.39,MARK_PRICE_EXACT_OPEN,1736956800000,0
SOLUSDT,1736985600000,0.0001,205.76,MARK_PRICE_EXACT_OPEN,1736985600000,0
SOLUSDT,1737014400000,0.0001,203.06407101,MARK_PRICE_EXACT_OPEN,1737014400000,0
SOLUSDT,1737043200000,0.0001,208.99660387,MARK_PRICE_EXACT_OPEN,1737043200000,0
SOLUSDT,1737072000004,0.0001,211.31,MARK_PRICE_PREVIOUS_FALLBACK,1737072000000,4
SOLUSDT,1737100800000,0.0000822,213.2,MARK_PRICE_EXACT_OPEN,1737100800000,0
SOLUSDT,1737129600008,0.0001,218.37997612,MARK_PRICE_PREVIOUS_FALLBACK,1737129600000,8
SOLUSDT,1737158400000,0.0001,219.46,MARK_PRICE_EXACT_OPEN,1737158400000,0
SOLUSDT,1737187200007,0.00001883,232.41148636,MARK_PRICE_PREVIOUS_FALLBACK,1737187200000,7
SOLUSDT,1737216000000,0.00005671,257.60576295,MARK_PRICE_EXACT_OPEN,1737216000000,0
SOLUSDT,1737244800000,0.0001,261.91991607,MARK_PRICE_EXACT_OPEN,1737244800000,0
SOLUSDT,1737273600000,0.00009252,271.39665661,MARK_PRICE_EXACT_OPEN,1737273600000,0
SOLUSDT,1737302400000,0.00005667,270.47,MARK_PRICE_EXACT_OPEN,1737302400000,0
SOLUSDT,1737331200000,-0.0007115,252.51,MARK_PRICE_EXACT_OPEN,1737331200000,0
SOLUSDT,1737360000009,-0.00007723,260.92708827,MARK_PRICE_PREVIOUS_FALLBACK,1737360000000,9
SOLUSDT,1737388800000,0.00008924,253.86476275,MARK_PRICE_EXACT_OPEN,1737388800000,0
SOLUSDT,1737417600000,-0.00027508,241.81,MARK_PRICE_EXACT_OPEN,1737417600000,0
SOLUSDT,1737446400000,0.0000931,236.75,MARK_PRICE_EXACT_OPEN,1737446400000,0
SOLUSDT,1737475200000,-0.00003008,240.83634734,MARK_PRICE_EXACT_OPEN,1737475200000,0
SOLUSDT,1737504000000,0.0001,250.26,MARK_PRICE_EXACT_OPEN,1737504000000,0
SOLUSDT,1737532800000,-0.00002092,258.4,MARK_PRICE_EXACT_OPEN,1737532800000,0
SOLUSDT,1737561600000,0.0000864,257.20951588,MARK_PRICE_EXACT_OPEN,1737561600000,0
SOLUSDT,1737590400001,0.0001,257.63,MARK_PRICE_PREVIOUS_FALLBACK,1737590400000,1
SOLUSDT,1737619200000,0.00008081,249.41,MARK_PRICE_EXACT_OPEN,1737619200000,0
SOLUSDT,1737648000000,-0.0000798,249.15,MARK_PRICE_EXACT_OPEN,1737648000000,0
SOLUSDT,1737676800000,0.00006903,253.01,MARK_PRICE_EXACT_OPEN,1737676800000,0
SOLUSDT,1737705600000,0.00009064,259.60161528,MARK_PRICE_EXACT_OPEN,1737705600000,0
SOLUSDT,1737734400000,0.0001,262.14642847,MARK_PRICE_EXACT_OPEN,1737734400000,0
SOLUSDT,1737763200000,-0.00001473,253.23302231,MARK_PRICE_EXACT_OPEN,1737763200000,0
SOLUSDT,1737792000000,-0.00000482,247.15,MARK_PRICE_EXACT_OPEN,1737792000000,0
SOLUSDT,1737820800001,-0.00012014,253.28,MARK_PRICE_PREVIOUS_FALLBACK,1737820800000,1
SOLUSDT,1737849600000,0.0001,256.36,MARK_PRICE_EXACT_OPEN,1737849600000,0
SOLUSDT,1737878400000,0.00008407,258.85,MARK_PRICE_EXACT_OPEN,1737878400000,0
SOLUSDT,1737907200000,0.00002626,254.45,MARK_PRICE_EXACT_OPEN,1737907200000,0
SOLUSDT,1737936000000,-0.00003653,240.41,MARK_PRICE_EXACT_OPEN,1737936000000,0
SOLUSDT,1737964800000,0.00005173,227.39,MARK_PRICE_EXACT_OPEN,1737964800000,0
SOLUSDT,1737993600000,-0.00018696,233.46651246,MARK_PRICE_EXACT_OPEN,1737993600000,0
SOLUSDT,1738022400000,0.00007942,234.76724218,MARK_PRICE_EXACT_OPEN,1738022400000,0
SOLUSDT,1738051200000,-0.00004139,238.70291296,MARK_PRICE_EXACT_OPEN,1738051200000,0
SOLUSDT,1738080000000,0.00003672,237.36062279,MARK_PRICE_EXACT_OPEN,1738080000000,0
SOLUSDT,1738108800000,0.00008718,226.91633567,MARK_PRICE_EXACT_OPEN,1738108800000,0
SOLUSDT,1738137600000,0.00005356,234.32,MARK_PRICE_EXACT_OPEN,1738137600000,0
SOLUSDT,1738166400000,-0.00001196,228.3,MARK_PRICE_EXACT_OPEN,1738166400000,0
SOLUSDT,1738195200000,0.00001678,228.04,MARK_PRICE_EXACT_OPEN,1738195200000,0
SOLUSDT,1738224000000,0.0001,238.81,MARK_PRICE_EXACT_OPEN,1738224000000,0
SOLUSDT,1738252800000,0.00002727,240.98,MARK_PRICE_EXACT_OPEN,1738252800000,0
SOLUSDT,1738281600000,-0.00000761,238.16283674,MARK_PRICE_EXACT_OPEN,1738281600000,0
SOLUSDT,1738310400000,-0.0000497,235.58,MARK_PRICE_EXACT_OPEN,1738310400000,0
SOLUSDT,1738339200000,0.00005524,240.05162558,MARK_PRICE_EXACT_OPEN,1738339200000,0
SOLUSDT,1738368000000,-0.00006866,231.61372216,MARK_PRICE_EXACT_OPEN,1738368000000,0
SOLUSDT,1738396800000,0.00003033,230.55031523,MARK_PRICE_EXACT_OPEN,1738396800000,0
SOLUSDT,1738425600000,-0.00005063,226.2415288,MARK_PRICE_EXACT_OPEN,1738425600000,0
SOLUSDT,1738454400001,-0.00005306,213.5,MARK_PRICE_PREVIOUS_FALLBACK,1738454400000,1
SOLUSDT,1738483200000,0.00000721,211.69,MARK_PRICE_EXACT_OPEN,1738483200000,0
SOLUSDT,1738512000000,0.00000268,211.91,MARK_PRICE_EXACT_OPEN,1738512000000,0
SOLUSDT,1738540800000,0.00000772,203.40179306,MARK_PRICE_EXACT_OPEN,1738540800000,0
SOLUSDT,1738569600000,-0.00012368,198.95,MARK_PRICE_EXACT_OPEN,1738569600000,0
SOLUSDT,1738598400000,-0.00008808,206.9354732,MARK_PRICE_EXACT_OPEN,1738598400000,0
SOLUSDT,1738627200000,-0.00055791,216.19700776,MARK_PRICE_EXACT_OPEN,1738627200000,0
SOLUSDT,1738656000001,-0.0000435,203.66676398,MARK_PRICE_PREVIOUS_FALLBACK,1738656000000,1
SOLUSDT,1738684800000,0.000057,215.58,MARK_PRICE_EXACT_OPEN,1738684800000,0
SOLUSDT,1738713600001,-0.00003571,206.86,MARK_PRICE_PREVIOUS_FALLBACK,1738713600000,1
SOLUSDT,1738742400001,-0.00004834,205.07,MARK_PRICE_PREVIOUS_FALLBACK,1738742400000,1
SOLUSDT,1738771200000,-0.0001085,201.73,MARK_PRICE_EXACT_OPEN,1738771200000,0
SOLUSDT,1738800000001,-0.00004538,197.02,MARK_PRICE_PREVIOUS_FALLBACK,1738800000000,1
SOLUSDT,1738828800001,-0.00001671,201.96,MARK_PRICE_PREVIOUS_FALLBACK,1738828800000,1
SOLUSDT,1738857600000,0.00006857,191.15523484,MARK_PRICE_EXACT_OPEN,1738857600000,0
SOLUSDT,1738886400000,0.00002703,189.46392217,MARK_PRICE_EXACT_OPEN,1738886400000,0
SOLUSDT,1738915200000,0.00000695,192.42,MARK_PRICE_EXACT_OPEN,1738915200000,0
SOLUSDT,1738944000000,0.00000727,197.96,MARK_PRICE_EXACT_OPEN,1738944000000,0
SOLUSDT,1738972800000,-0.00002483,191.8821788,MARK_PRICE_EXACT_OPEN,1738972800000,0
SOLUSDT,1739001600000,0.00002105,192.68347861,MARK_PRICE_EXACT_OPEN,1739001600000,0
SOLUSDT,1739030400000,0.00005719,193.32108023,MARK_PRICE_EXACT_OPEN,1739030400000,0
SOLUSDT,1739059200000,-0.00011027,199.2,MARK_PRICE_EXACT_OPEN,1739059200000,0
SOLUSDT,1739088000000,-0.00004053,203.87,MARK_PRICE_EXACT_OPEN,1739088000000,0
SOLUSDT,1739116800000,-0.00021227,200.51578273,MARK_PRICE_EXACT_OPEN,1739116800000,0
SOLUSDT,1739145600000,-0.00016119,200.32956786,MARK_PRICE_EXACT_OPEN,1739145600000,0
SOLUSDT,1739174400000,-0.00002743,202.72,MARK_PRICE_EXACT_OPEN,1739174400000,0
SOLUSDT,1739203200000,-0.00004863,202.96,MARK_PRICE_EXACT_OPEN,1739203200000,0
SOLUSDT,1739232000000,-0.00018095,200.33738274,MARK_PRICE_EXACT_OPEN,1739232000000,0
SOLUSDT,1739260800000,-0.00011994,204.31284024,MARK_PRICE_EXACT_OPEN,1739260800000,0
SOLUSDT,1739289600000,-0.00027714,199.3,MARK_PRICE_EXACT_OPEN,1739289600000,0
SOLUSDT,1739318400000,-0.00022332,197.88156182,MARK_PRICE_EXACT_OPEN,1739318400000,0
SOLUSDT,1739347200000,0.00001847,195.169188,MARK_PRICE_EXACT_OPEN,1739347200000,0
SOLUSDT,1739376000001,0.00007002,191.38008439,MARK_PRICE_PREVIOUS_FALLBACK,1739376000000,1
SOLUSDT,1739404800001,0.00003627,196.41596397,MARK_PRICE_PREVIOUS_FALLBACK,1739404800000,1
SOLUSDT,1739433600000,-0.00003212,192.98,MARK_PRICE_EXACT_OPEN,1739433600000,0
SOLUSDT,1739462400001,-0.00012867,191.56566204,MARK_PRICE_PREVIOUS_FALLBACK,1739462400000,1
SOLUSDT,1739491200000,-0.00001559,194.14399628,MARK_PRICE_EXACT_OPEN,1739491200000,0
SOLUSDT,1739520000001,0.0000832,196.52260034,MARK_PRICE_PREVIOUS_FALLBACK,1739520000000,1
SOLUSDT,1739548800000,0.00008466,200.77,MARK_PRICE_EXACT_OPEN,1739548800000,0
SOLUSDT,1739577600000,0.00008582,199.36178104,MARK_PRICE_EXACT_OPEN,1739577600000,0
SOLUSDT,1739606400000,0.00003121,195.79615983,MARK_PRICE_EXACT_OPEN,1739606400000,0
SOLUSDT,1739635200000,-0.0000505,194.53440901,MARK_PRICE_EXACT_OPEN,1739635200000,0
SOLUSDT,1739664000000,-0.00005811,194.36630934,MARK_PRICE_EXACT_OPEN,1739664000000,0
SOLUSDT,1739692800000,-0.00002569,192.79,MARK_PRICE_EXACT_OPEN,1739692800000,0
SOLUSDT,1739721600000,-0.00016876,190.2,MARK_PRICE_EXACT_OPEN,1739721600000,0
SOLUSDT,1739750400000,-0.00015544,188.1455202,MARK_PRICE_EXACT_OPEN,1739750400000,0
SOLUSDT,1739779200000,-0.00016029,181.26216702,MARK_PRICE_EXACT_OPEN,1739779200000,0
SOLUSDT,1739808000000,0.00002136,180.26427814,MARK_PRICE_EXACT_OPEN,1739808000000,0
SOLUSDT,1739836800000,0.000035,177.4702155,MARK_PRICE_EXACT_OPEN,1739836800000,0
SOLUSDT,1739865600000,0.00003939,165.58,MARK_PRICE_EXACT_OPEN,1739865600000,0
SOLUSDT,1739894400000,0.00007053,165.86,MARK_PRICE_EXACT_OPEN,1739894400000,0
SOLUSDT,1739923200000,-0.00001072,169.21263823,MARK_PRICE_EXACT_OPEN,1739923200000,0
SOLUSDT,1739952000000,0.00000353,168.86,MARK_PRICE_EXACT_OPEN,1739952000000,0
SOLUSDT,1739980800000,-0.00003859,169.66528311,MARK_PRICE_EXACT_OPEN,1739980800000,0
SOLUSDT,1740009600000,-0.00006024,168.85,MARK_PRICE_EXACT_OPEN,1740009600000,0
SOLUSDT,1740038400000,0.00001172,171.66044675,MARK_PRICE_EXACT_OPEN,1740038400000,0
SOLUSDT,1740067200000,-0.00002991,171.5,MARK_PRICE_EXACT_OPEN,1740067200000,0
SOLUSDT,1740096000001,0.00007497,176.00099022,MARK_PRICE_PREVIOUS_FALLBACK,1740096000000,1
SOLUSDT,1740124800000,0.00001692,175.75027027,MARK_PRICE_EXACT_OPEN,1740124800000,0
SOLUSDT,1740153600000,-0.00004765,173.08,MARK_PRICE_EXACT_OPEN,1740153600000,0
SOLUSDT,1740182400000,-0.00011947,168.84,MARK_PRICE_EXACT_OPEN,1740182400000,0
SOLUSDT,1740211200000,-0.00006714,171.65,MARK_PRICE_EXACT_OPEN,1740211200000,0
SOLUSDT,1740240000000,-0.00006107,174.1254488,MARK_PRICE_EXACT_OPEN,1740240000000,0
SOLUSDT,1740268800000,0.00009111,171.99,MARK_PRICE_EXACT_OPEN,1740268800000,0
SOLUSDT,1740297600000,0.0000731,172.79099313,MARK_PRICE_EXACT_OPEN,1740297600000,0
SOLUSDT,1740326400000,-0.00005162,166.68616616,MARK_PRICE_EXACT_OPEN,1740326400000,0
SOLUSDT,1740355200000,-0.0000607,167.84,MARK_PRICE_EXACT_OPEN,1740355200000,0
SOLUSDT,1740384000000,-0.00006256,160.90150654,MARK_PRICE_EXACT_OPEN,1740384000000,0
SOLUSDT,1740412800000,0.00006005,152.61,MARK_PRICE_EXACT_OPEN,1740412800000,0
SOLUSDT,1740441600000,0.00002735,141.75021548,MARK_PRICE_EXACT_OPEN,1740441600000,0
SOLUSDT,1740470400000,0.00003295,136.25566291,MARK_PRICE_EXACT_OPEN,1740470400000,0
SOLUSDT,1740499200000,-0.00005354,138.79367504,MARK_PRICE_EXACT_OPEN,1740499200000,0
SOLUSDT,1740528000000,-0.00010562,144.25,MARK_PRICE_EXACT_OPEN,1740528000000,0
SOLUSDT,1740556800000,0.0000246,140.12,MARK_PRICE_EXACT_OPEN,1740556800000,0
SOLUSDT,1740585600000,0.00003131,139.21,MARK_PRICE_EXACT_OPEN,1740585600000,0
SOLUSDT,1740614400001,0.00007728,135.61,MARK_PRICE_PREVIOUS_FALLBACK,1740614400000,1
SOLUSDT,1740643200000,0.00002605,140.93,MARK_PRICE_EXACT_OPEN,1740643200000,0
SOLUSDT,1740672000000,0.0001,139.6,MARK_PRICE_EXACT_OPEN,1740672000000,0
SOLUSDT,1740700800001,0.0001,137.69,MARK_PRICE_PREVIOUS_FALLBACK,1740700800000,1
SOLUSDT,1740729600000,0.0001,128.47911893,MARK_PRICE_EXACT_OPEN,1740729600000,0
SOLUSDT,1740758400000,0.0001,145.63,MARK_PRICE_EXACT_OPEN,1740758400000,0
SOLUSDT,1740787200000,0.0001,148.0804872,MARK_PRICE_EXACT_OPEN,1740787200000,0
SOLUSDT,1740816000000,0.00008741,142.46,MARK_PRICE_EXACT_OPEN,1740816000000,0
SOLUSDT,1740844800001,0.00007852,140.33,MARK_PRICE_PREVIOUS_FALLBACK,1740844800000,1
SOLUSDT,1740873600000,-0.00008161,143.56,MARK_PRICE_EXACT_OPEN,1740873600000,0
SOLUSDT,1740902400000,0.0000993,143.72,MARK_PRICE_EXACT_OPEN,1740902400000,0
SOLUSDT,1740931200000,0.0000781,157.29,MARK_PRICE_EXACT_OPEN,1740931200000,0
SOLUSDT,1740960000001,-0.00003892,179.10742554,MARK_PRICE_PREVIOUS_FALLBACK,1740960000000,1
SOLUSDT,1740988800000,0.00006535,162.18,MARK_PRICE_EXACT_OPEN,1740988800000,0
SOLUSDT,1741017600000,-0.00008506,157.7,MARK_PRICE_EXACT_OPEN,1741017600000,0
SOLUSDT,1741046400001,-0.00007114,141.68,MARK_PRICE_PREVIOUS_FALLBACK,1741046400000,1
SOLUSDT,1741075200005,-0.00008372,136.16,MARK_PRICE_PREVIOUS_FALLBACK,1741075200000,5
SOLUSDT,1741104000000,0.00003869,138.51280685,MARK_PRICE_EXACT_OPEN,1741104000000,0
SOLUSDT,1741132800000,-0.00014911,144.7036974,MARK_PRICE_EXACT_OPEN,1741132800000,0
SOLUSDT,1741161600000,0.00002866,142.8,MARK_PRICE_EXACT_OPEN,1741161600000,0
SOLUSDT,1741190400000,-0.00006413,141.56049877,MARK_PRICE_EXACT_OPEN,1741190400000,0
SOLUSDT,1741219200000,-0.00011916,146.15682397,MARK_PRICE_EXACT_OPEN,1741219200000,0
SOLUSDT,1741248000001,-0.00001489,148.7513711,MARK_PRICE_PREVIOUS_FALLBACK,1741248000000,1
SOLUSDT,1741276800000,-0.00003599,148.96,MARK_PRICE_EXACT_OPEN,1741276800000,0
SOLUSDT,1741305600000,-0.00011194,143.22,MARK_PRICE_EXACT_OPEN,1741305600000,0
SOLUSDT,1741334400001,-0.00008351,144.28,MARK_PRICE_PREVIOUS_FALLBACK,1741334400000,1
SOLUSDT,1741363200000,0.00004709,144.7984886,MARK_PRICE_EXACT_OPEN,1741363200000,0
SOLUSDT,1741392000000,0.0000615,139.31,MARK_PRICE_EXACT_OPEN,1741392000000,0
SOLUSDT,1741420800001,-0.00003422,138.71,MARK_PRICE_PREVIOUS_FALLBACK,1741420800000,1
SOLUSDT,1741449600001,-0.00006242,136.97813146,MARK_PRICE_PREVIOUS_FALLBACK,1741449600000,1
SOLUSDT,1741478400001,-0.00010535,136.76,MARK_PRICE_PREVIOUS_FALLBACK,1741478400000,1
SOLUSDT,1741507200000,0.00000562,139.56127583,MARK_PRICE_EXACT_OPEN,1741507200000,0
SOLUSDT,1741536000000,0.00006936,130.13,MARK_PRICE_EXACT_OPEN,1741536000000,0
SOLUSDT,1741564800000,-0.00005692,126.42510977,MARK_PRICE_EXACT_OPEN,1741564800000,0
SOLUSDT,1741593600000,-0.00010237,128.02625226,MARK_PRICE_EXACT_OPEN,1741593600000,0
SOLUSDT,1741622400000,-0.00009844,121.88,MARK_PRICE_EXACT_OPEN,1741622400000,0
SOLUSDT,1741651200000,-0.00011653,118.26,MARK_PRICE_EXACT_OPEN,1741651200000,0
SOLUSDT,1741680000000,0.00009198,123.05,MARK_PRICE_EXACT_OPEN,1741680000000,0
SOLUSDT,1741708800001,0.00008681,124.58,MARK_PRICE_PREVIOUS_FALLBACK,1741708800000,1
SOLUSDT,1741737600000,-0.00000798,125.29,MARK_PRICE_EXACT_OPEN,1741737600000,0
SOLUSDT,1741766400000,0.00000325,123.12761296,MARK_PRICE_EXACT_OPEN,1741766400000,0
SOLUSDT,1741795200001,-0.00003859,124.25,MARK_PRICE_PREVIOUS_FALLBACK,1741795200000,1
SOLUSDT,1741824000000,0.00001189,126.55655286,MARK_PRICE_EXACT_OPEN,1741824000000,0
SOLUSDT,1741852800000,-0.00007287,124.18,MARK_PRICE_EXACT_OPEN,1741852800000,0
SOLUSDT,1741881600000,0.00007399,124.27303681,MARK_PRICE_EXACT_OPEN,1741881600000,0
SOLUSDT,1741910400000,0.00003347,123.32,MARK_PRICE_EXACT_OPEN,1741910400000,0
SOLUSDT,1741939200000,0.0001,124.61,MARK_PRICE_EXACT_OPEN,1741939200000,0
SOLUSDT,1741968000000,0.00009595,132.0859409,MARK_PRICE_EXACT_OPEN,1741968000000,0
SOLUSDT,1741996800000,0.0001,133.53,MARK_PRICE_EXACT_OPEN,1741996800000,0
SOLUSDT,1742025600000,0.00007299,132.85895928,MARK_PRICE_EXACT_OPEN,1742025600000,0
SOLUSDT,1742054400000,-0.00002397,135.04,MARK_PRICE_EXACT_OPEN,1742054400000,0
SOLUSDT,1742083200000,0.00000393,135.79,MARK_PRICE_EXACT_OPEN,1742083200000,0
SOLUSDT,1742112000000,0.0000558,134.58,MARK_PRICE_EXACT_OPEN,1742112000000,0
SOLUSDT,1742140800000,-0.00003228,128.6944615,MARK_PRICE_EXACT_OPEN,1742140800000,0
SOLUSDT,1742169600000,-0.00008027,126.05,MARK_PRICE_EXACT_OPEN,1742169600000,0
SOLUSDT,1742198400000,-0.00005403,129.19,MARK_PRICE_EXACT_OPEN,1742198400000,0
SOLUSDT,1742227200000,-0.00003998,127.47,MARK_PRICE_EXACT_OPEN,1742227200000,0
SOLUSDT,1742256000000,-0.00006365,127.93427695,MARK_PRICE_EXACT_OPEN,1742256000000,0
SOLUSDT,1742284800000,-0.00008081,125.10114641,MARK_PRICE_EXACT_OPEN,1742284800000,0
SOLUSDT,1742313600000,-0.0000271,122.49298813,MARK_PRICE_EXACT_OPEN,1742313600000,0
SOLUSDT,1742342400000,-0.00006788,125.26230239,MARK_PRICE_EXACT_OPEN,1742342400000,0
SOLUSDT,1742371200000,0.00007274,125.63,MARK_PRICE_EXACT_OPEN,1742371200000,0
SOLUSDT,1742400000000,0.0001,132.26495301,MARK_PRICE_EXACT_OPEN,1742400000000,0
SOLUSDT,1742428800000,0.0001,135.3,MARK_PRICE_EXACT_OPEN,1742428800000,0
SOLUSDT,1742457600000,0.0001,133.9596567,MARK_PRICE_EXACT_OPEN,1742457600000,0
SOLUSDT,1742486400000,-0.00001871,128.88559503,MARK_PRICE_EXACT_OPEN,1742486400000,0
SOLUSDT,1742515200000,-0.00003932,127.53191199,MARK_PRICE_EXACT_OPEN,1742515200000,0
SOLUSDT,1742544000000,-0.00001407,128,MARK_PRICE_EXACT_OPEN,1742544000000,0
SOLUSDT,1742572800000,-0.00003604,125.92,MARK_PRICE_EXACT_OPEN,1742572800000,0
SOLUSDT,1742601600000,-0.00003723,128.40449159,MARK_PRICE_EXACT_OPEN,1742601600000,0
SOLUSDT,1742630400004,-0.00002882,128.85,MARK_PRICE_PREVIOUS_FALLBACK,1742630400000,4
SOLUSDT,1742659200000,-0.00000849,129.1567204,MARK_PRICE_EXACT_OPEN,1742659200000,0
SOLUSDT,1742688000000,-0.00006482,128.44,MARK_PRICE_EXACT_OPEN,1742688000000,0
SOLUSDT,1742716800000,0.00002642,131.08120568,MARK_PRICE_EXACT_OPEN,1742716800000,0
SOLUSDT,1742745600000,0.00005551,132.44591081,MARK_PRICE_EXACT_OPEN,1742745600000,0
SOLUSDT,1742774400000,-0.00002538,132.77574635,MARK_PRICE_EXACT_OPEN,1742774400000,0
SOLUSDT,1742803200000,0.0001,138.83,MARK_PRICE_EXACT_OPEN,1742803200000,0
SOLUSDT,1742832000000,0.00005301,143.18,MARK_PRICE_EXACT_OPEN,1742832000000,0
SOLUSDT,1742860800001,0.0001,140.69384911,MARK_PRICE_PREVIOUS_FALLBACK,1742860800000,1
SOLUSDT,1742889600000,0.00001127,139.39331957,MARK_PRICE_EXACT_OPEN,1742889600000,0
SOLUSDT,1742918400000,0.00001713,145.22322878,MARK_PRICE_EXACT_OPEN,1742918400000,0
SOLUSDT,1742947200000,0.00000616,143.6,MARK_PRICE_EXACT_OPEN,1742947200000,0
SOLUSDT,1742976000000,-0.00004441,144.44,MARK_PRICE_EXACT_OPEN,1742976000000,0
SOLUSDT,1743004800001,-0.00012817,139.05,MARK_PRICE_PREVIOUS_FALLBACK,1743004800000,1
SOLUSDT,1743033600001,-0.00013711,137.31,MARK_PRICE_PREVIOUS_FALLBACK,1743033600000,1
SOLUSDT,1743062400001,-0.00005633,138.93164298,MARK_PRICE_PREVIOUS_FALLBACK,1743062400000,1
SOLUSDT,1743091200002,-0.00002555,137.88381691,MARK_PRICE_PREVIOUS_FALLBACK,1743091200000,2
SOLUSDT,1743120000001,-0.00003227,138.41,MARK_PRICE_PREVIOUS_FALLBACK,1743120000000,1
SOLUSDT,1743148800001,-0.00010137,131.51,MARK_PRICE_PREVIOUS_FALLBACK,1743148800000,1
SOLUSDT,1743177600000,-0.00009351,129.85266281,MARK_PRICE_EXACT_OPEN,1743177600000,0
SOLUSDT,1743206400000,-0.00004899,129.39644792,MARK_PRICE_EXACT_OPEN,1743206400000,0
SOLUSDT,1743235200000,0.00002251,126.33,MARK_PRICE_EXACT_OPEN,1743235200000,0
SOLUSDT,1743264000000,-0.00008909,126.23,MARK_PRICE_EXACT_OPEN,1743264000000,0
SOLUSDT,1743292800000,-0.00025778,124.5,MARK_PRICE_EXACT_OPEN,1743292800000,0
SOLUSDT,1743321600000,-0.00040116,125.38,MARK_PRICE_EXACT_OPEN,1743321600000,0
SOLUSDT,1743350400000,-0.00018023,124.85,MARK_PRICE_EXACT_OPEN,1743350400000,0
SOLUSDT,1743379200000,-0.0002337,124.74,MARK_PRICE_EXACT_OPEN,1743379200000,0
SOLUSDT,1743408000000,-0.00000784,125.83,MARK_PRICE_EXACT_OPEN,1743408000000,0
SOLUSDT,1743436800000,-0.00000424,126.71,MARK_PRICE_EXACT_OPEN,1743436800000,0
SOLUSDT,1743465600000,-0.00009179,124.49277192,MARK_PRICE_EXACT_OPEN,1743465600000,0
SOLUSDT,1743494400001,-0.00000566,126.77,MARK_PRICE_PREVIOUS_FALLBACK,1743494400000,1
SOLUSDT,1743523200000,-0.00005281,129.21,MARK_PRICE_EXACT_OPEN,1743523200000,0
SOLUSDT,1743552000001,-0.00006427,126.431787,MARK_PRICE_PREVIOUS_FALLBACK,1743552000000,1
SOLUSDT,1743580800000,-0.00013428,124.46488475,MARK_PRICE_EXACT_OPEN,1743580800000,0
SOLUSDT,1743609600000,0.00004319,130.36914386,MARK_PRICE_EXACT_OPEN,1743609600000,0
SOLUSDT,1743638400000,-0.00007645,117.33,MARK_PRICE_EXACT_OPEN,1743638400000,0
SOLUSDT,1743667200000,-0.00007305,118.58233938,MARK_PRICE_EXACT_OPEN,1743667200000,0
SOLUSDT,1743696000000,-0.00011099,114.08504991,MARK_PRICE_EXACT_OPEN,1743696000000,0
SOLUSDT,1743724800000,-0.00033632,117.05,MARK_PRICE_EXACT_OPEN,1743724800000,0
SOLUSDT,1743753600000,-0.00000152,118.12,MARK_PRICE_EXACT_OPEN,1743753600000,0
SOLUSDT,1743782400000,0.0000056,118.54,MARK_PRICE_EXACT_OPEN,1743782400000,0
SOLUSDT,1743811200000,0.00004038,122.73914211,MARK_PRICE_EXACT_OPEN,1743811200000,0
SOLUSDT,1743840000000,0.00009687,121.02,MARK_PRICE_EXACT_OPEN,1743840000000,0
SOLUSDT,1743868800000,0.0000206,117.49301842,MARK_PRICE_EXACT_OPEN,1743868800000,0
SOLUSDT,1743897600000,-0.00005619,120.24932368,MARK_PRICE_EXACT_OPEN,1743897600000,0
SOLUSDT,1743926400000,0.0001,119.14,MARK_PRICE_EXACT_OPEN,1743926400000,0
SOLUSDT,1743955200002,-0.00005463,114.89,MARK_PRICE_PREVIOUS_FALLBACK,1743955200000,2
SOLUSDT,1743984000000,-0.00000572,105.85953176,MARK_PRICE_EXACT_OPEN,1743984000000,0
SOLUSDT,1744012800000,0.00003966,97.09,MARK_PRICE_EXACT_OPEN,1744012800000,0
SOLUSDT,1744041600000,-0.00005584,106.62697982,MARK_PRICE_EXACT_OPEN,1744041600000,0
SOLUSDT,1744070400000,-0.00011753,106.9127807,MARK_PRICE_EXACT_OPEN,1744070400000,0
SOLUSDT,1744099200000,-0.00004472,108.63369825,MARK_PRICE_EXACT_OPEN,1744099200000,0
SOLUSDT,1744128000000,-0.00023327,107.15,MARK_PRICE_EXACT_OPEN,1744128000000,0
SOLUSDT,1744156800000,-0.0000809,105.32,MARK_PRICE_EXACT_OPEN,1744156800000,0
SOLUSDT,1744185600001,-0.00007831,107.37,MARK_PRICE_PREVIOUS_FALLBACK,1744185600000,1
SOLUSDT,1744214400000,0.00007621,106.49,MARK_PRICE_EXACT_OPEN,1744214400000,0
SOLUSDT,1744243200000,0.0001,119.01472105,MARK_PRICE_EXACT_OPEN,1744243200000,0
SOLUSDT,1744272000000,0.0001,114.75,MARK_PRICE_EXACT_OPEN,1744272000000,0
SOLUSDT,1744300800000,0.00003456,109.53,MARK_PRICE_EXACT_OPEN,1744300800000,0
SOLUSDT,1744329600001,-0.00006109,112.59557532,MARK_PRICE_PREVIOUS_FALLBACK,1744329600000,1
SOLUSDT,1744358400000,0.00004298,116.53,MARK_PRICE_EXACT_OPEN,1744358400000,0
SOLUSDT,1744387200000,0.0001,119.88132456,MARK_PRICE_EXACT_OPEN,1744387200000,0
SOLUSDT,1744416000000,0.00005911,121.32872807,MARK_PRICE_EXACT_OPEN,1744416000000,0
SOLUSDT,1744444800001,-0.00001714,124.08934211,MARK_PRICE_PREVIOUS_FALLBACK,1744444800000,1
SOLUSDT,1744473600000,0.00002768,130.43,MARK_PRICE_EXACT_OPEN,1744473600000,0
SOLUSDT,1744502400000,-0.00000335,132.17894386,MARK_PRICE_EXACT_OPEN,1744502400000,0
SOLUSDT,1744531200000,0.0001,128.50478596,MARK_PRICE_EXACT_OPEN,1744531200000,0
SOLUSDT,1744560000000,0.00008174,128.66694123,MARK_PRICE_EXACT_OPEN,1744560000000,0
SOLUSDT,1744588800000,0.00009053,128.3,MARK_PRICE_EXACT_OPEN,1744588800000,0
SOLUSDT,1744617600000,-0.00003957,132.23249825,MARK_PRICE_EXACT_OPEN,1744617600000,0
SOLUSDT,1744646400000,-0.0000945,128.71949002,MARK_PRICE_EXACT_OPEN,1744646400000,0
SOLUSDT,1744675200000,-0.00005912,129.34,MARK_PRICE_EXACT_OPEN,1744675200000,0
SOLUSDT,1744704000000,-0.00013087,131.48,MARK_PRICE_EXACT_OPEN,1744704000000,0
SOLUSDT,1744732800001,0.00001824,129.55805439,MARK_PRICE_PREVIOUS_FALLBACK,1744732800000,1
SOLUSDT,1744761600000,-0.00009158,126.06,MARK_PRICE_EXACT_OPEN,1744761600000,0
SOLUSDT,1744790400000,-0.00003187,124.7198167,MARK_PRICE_EXACT_OPEN,1744790400000,0
SOLUSDT,1744819200000,-0.00002327,128.32305439,MARK_PRICE_EXACT_OPEN,1744819200000,0
SOLUSDT,1744848000001,0.0001,131.34,MARK_PRICE_PREVIOUS_FALLBACK,1744848000000,1
SOLUSDT,1744876800000,0.0001,134.22,MARK_PRICE_EXACT_OPEN,1744876800000,0
SOLUSDT,1744905600001,0.00001614,133.29,MARK_PRICE_PREVIOUS_FALLBACK,1744905600000,1
SOLUSDT,1744934400000,0.00000184,134.76002105,MARK_PRICE_EXACT_OPEN,1744934400000,0
SOLUSDT,1744963200000,-0.00001498,134.86,MARK_PRICE_EXACT_OPEN,1744963200000,0
SOLUSDT,1744992000000,-0.00003334,132.81459211,MARK_PRICE_EXACT_OPEN,1744992000000,0
SOLUSDT,1745020800000,-0.00005659,133.97070145,MARK_PRICE_EXACT_OPEN,1745020800000,0
SOLUSDT,1745049600000,-0.00005634,138.67,MARK_PRICE_EXACT_OPEN,1745049600000,0
SOLUSDT,1745078400000,-0.00013071,138.87,MARK_PRICE_EXACT_OPEN,1745078400000,0
SOLUSDT,1745107200000,-0.00007971,139.77,MARK_PRICE_EXACT_OPEN,1745107200000,0
SOLUSDT,1745136000000,-0.00016975,139.52275877,MARK_PRICE_EXACT_OPEN,1745136000000,0
SOLUSDT,1745164800000,-0.00013544,135.88,MARK_PRICE_EXACT_OPEN,1745164800000,0
SOLUSDT,1745193600000,-0.00019655,137.77072105,MARK_PRICE_EXACT_OPEN,1745193600000,0
SOLUSDT,1745222400005,-0.0001549,140.17,MARK_PRICE_PREVIOUS_FALLBACK,1745222400000,5
SOLUSDT,1745251200003,-0.00010934,138.10376491,MARK_PRICE_PREVIOUS_FALLBACK,1745251200000,3
SOLUSDT,1745280000008,-0.00025936,136.52,MARK_PRICE_PREVIOUS_FALLBACK,1745280000000,8
SOLUSDT,1745308800000,0.00003362,140.12,MARK_PRICE_EXACT_OPEN,1745308800000,0
SOLUSDT,1745337600000,0.00004549,145.25889649,MARK_PRICE_EXACT_OPEN,1745337600000,0
SOLUSDT,1745366400000,0.0001,148.7,MARK_PRICE_EXACT_OPEN,1745366400000,0
SOLUSDT,1745395200002,-0.00003559,151.37445702,MARK_PRICE_PREVIOUS_FALLBACK,1745395200000,2
SOLUSDT,1745424000000,0.00006137,151.35349792,MARK_PRICE_EXACT_OPEN,1745424000000,0
SOLUSDT,1745452800000,0.0001,151.09161875,MARK_PRICE_EXACT_OPEN,1745452800000,0
SOLUSDT,1745481600001,0.0001,147.36027188,MARK_PRICE_PREVIOUS_FALLBACK,1745481600000,1
SOLUSDT,1745510400001,0.00005163,149.26468125,MARK_PRICE_PREVIOUS_FALLBACK,1745510400000,1
SOLUSDT,1745539200007,0.0001,152.39662292,MARK_PRICE_PREVIOUS_FALLBACK,1745539200000,7
SOLUSDT,1745568000002,0.0001,154.75,MARK_PRICE_PREVIOUS_FALLBACK,1745568000000,2
SOLUSDT,1745596800003,0.00001235,152.99,MARK_PRICE_PREVIOUS_FALLBACK,1745596800000,3
SOLUSDT,1745625600002,0.0000105,150.86,MARK_PRICE_PREVIOUS_FALLBACK,1745625600000,2
SOLUSDT,1745654400000,-0.00004023,151.28,MARK_PRICE_EXACT_OPEN,1745654400000,0
SOLUSDT,1745683200002,-0.00007805,149.19,MARK_PRICE_PREVIOUS_FALLBACK,1745683200000,2
SOLUSDT,1745712000001,0.00001325,149.12151724,MARK_PRICE_PREVIOUS_FALLBACK,1745712000000,1
SOLUSDT,1745740800000,-0.00007219,147.35,MARK_PRICE_EXACT_OPEN,1745740800000,0
SOLUSDT,1745769600000,0.00005977,148.94,MARK_PRICE_EXACT_OPEN,1745769600000,0
SOLUSDT,1745798400001,-0.000023,147.85386562,MARK_PRICE_PREVIOUS_FALLBACK,1745798400000,1
SOLUSDT,1745827200003,0.00005514,151.14299353,MARK_PRICE_PREVIOUS_FALLBACK,1745827200000,3
SOLUSDT,1745856000005,-0.00010338,146.07,MARK_PRICE_PREVIOUS_FALLBACK,1745856000000,5
SOLUSDT,1745884800000,-0.00016044,147.76,MARK_PRICE_EXACT_OPEN,1745884800000,0
SOLUSDT,1745913600000,-0.00004373,148.82,MARK_PRICE_EXACT_OPEN,1745913600000,0
SOLUSDT,1745942400010,0.00002238,147.88,MARK_PRICE_PREVIOUS_FALLBACK,1745942400000,10
SOLUSDT,1745971200001,-0.00006214,146.1054114,MARK_PRICE_PREVIOUS_FALLBACK,1745971200000,1
SOLUSDT,1746000000000,-0.00005841,146.33,MARK_PRICE_EXACT_OPEN,1746000000000,0
SOLUSDT,1746028800003,-0.0001511,141.94,MARK_PRICE_PREVIOUS_FALLBACK,1746028800000,3
SOLUSDT,1746057600000,0.00004946,147.4772386,MARK_PRICE_EXACT_OPEN,1746057600000,0
SOLUSDT,1746086400000,0.00008433,149.72746667,MARK_PRICE_EXACT_OPEN,1746086400000,0
SOLUSDT,1746115200001,0.0000056,151.9,MARK_PRICE_PREVIOUS_FALLBACK,1746115200000,1
SOLUSDT,1746144000000,0.0000249,150.76346579,MARK_PRICE_EXACT_OPEN,1746144000000,0
SOLUSDT,1746172800000,-0.00005683,148.43,MARK_PRICE_EXACT_OPEN,1746172800000,0
SOLUSDT,1746201600003,-0.00005442,149.90900351,MARK_PRICE_PREVIOUS_FALLBACK,1746201600000,3
SOLUSDT,1746230400000,-0.00012523,147.94767604,MARK_PRICE_EXACT_OPEN,1746230400000,0
SOLUSDT,1746259200000,-0.00003821,148.02040877,MARK_PRICE_EXACT_OPEN,1746259200000,0
SOLUSDT,1746288000000,-0.00009958,148.38497544,MARK_PRICE_EXACT_OPEN,1746288000000,0
SOLUSDT,1746316800001,-0.00000404,146.56,MARK_PRICE_PREVIOUS_FALLBACK,1746316800000,1
SOLUSDT,1746345600001,-0.00004138,145.54192895,MARK_PRICE_PREVIOUS_FALLBACK,1746345600000,1
SOLUSDT,1746374400002,-0.00012151,146.93,MARK_PRICE_PREVIOUS_FALLBACK,1746374400000,2
SOLUSDT,1746403200000,-0.00006756,143.87029825,MARK_PRICE_EXACT_OPEN,1746403200000,0
SOLUSDT,1746432000000,0.00001617,146.8,MARK_PRICE_EXACT_OPEN,1746432000000,0
SOLUSDT,1746460800006,-0.00009298,143.64708904,MARK_PRICE_PREVIOUS_FALLBACK,1746460800000,6
SOLUSDT,1746489600002,0.00006405,146.7337614,MARK_PRICE_PREVIOUS_FALLBACK,1746489600000,2
SOLUSDT,1746518400005,-0.00004546,145.06,MARK_PRICE_PREVIOUS_FALLBACK,1746518400000,5
SOLUSDT,1746547200000,-0.00002434,143.11,MARK_PRICE_EXACT_OPEN,1746547200000,0
SOLUSDT,1746576000002,0.00008971,146.85,MARK_PRICE_PREVIOUS_FALLBACK,1746576000000,2
SOLUSDT,1746604800000,0.00003313,147.19097544,MARK_PRICE_EXACT_OPEN,1746604800000,0
SOLUSDT,1746633600006,0.00006688,145.6,MARK_PRICE_PREVIOUS_FALLBACK,1746633600000,6
SOLUSDT,1746662400000,0.00002457,147.27,MARK_PRICE_EXACT_OPEN,1746662400000,0
SOLUSDT,1746691200001,0.00005832,151.65,MARK_PRICE_PREVIOUS_FALLBACK,1746691200000,1
SOLUSDT,1746720000002,0.0000964,160.56912149,MARK_PRICE_PREVIOUS_FALLBACK,1746720000000,2
SOLUSDT,1746748800001,0.0001,164.03466228,MARK_PRICE_PREVIOUS_FALLBACK,1746748800000,1
SOLUSDT,1746777600006,0.0001,165.29,MARK_PRICE_PREVIOUS_FALLBACK,1746777600000,6
SOLUSDT,1746806400000,0.0001,170.73,MARK_PRICE_EXACT_OPEN,1746806400000,0
SOLUSDT,1746835200001,0.0001,172.83650088,MARK_PRICE_PREVIOUS_FALLBACK,1746835200000,1
SOLUSDT,1746864000000,0.0001,172.29862412,MARK_PRICE_EXACT_OPEN,1746864000000,0
SOLUSDT,1746892800001,0.0001,170.89,MARK_PRICE_PREVIOUS_FALLBACK,1746892800000,1
SOLUSDT,1746921600000,0.0001,177.87069825,MARK_PRICE_EXACT_OPEN,1746921600000,0
SOLUSDT,1746950400001,0.0001,172.91,MARK_PRICE_PREVIOUS_FALLBACK,1746950400000,1
SOLUSDT,1746979200001,0.00005117,170.53,MARK_PRICE_PREVIOUS_FALLBACK,1746979200000,1
SOLUSDT,1747008000004,0.00003571,173.23,MARK_PRICE_PREVIOUS_FALLBACK,1747008000000,4
SOLUSDT,1747036800000,0.00006886,176.03,MARK_PRICE_EXACT_OPEN,1747036800000,0
SOLUSDT,1747065600000,0.0001,174.34647193,MARK_PRICE_EXACT_OPEN,1747065600000,0
SOLUSDT,1747094400000,0.00008216,174.14,MARK_PRICE_EXACT_OPEN,1747094400000,0
SOLUSDT,1747123200008,0.0001,171.57425,MARK_PRICE_PREVIOUS_FALLBACK,1747123200000,8
SOLUSDT,1747152000001,0.00004667,175.99620789,MARK_PRICE_PREVIOUS_FALLBACK,1747152000000,1
SOLUSDT,1747180800007,0.0001,183.86886053,MARK_PRICE_PREVIOUS_FALLBACK,1747180800000,7
SOLUSDT,1747209600000,0.0001,181.68896579,MARK_PRICE_EXACT_OPEN,1747209600000,0
SOLUSDT,1747238400002,0.00002295,177.1734603,MARK_PRICE_PREVIOUS_FALLBACK,1747238400000,2
SOLUSDT,1747267200000,-0.00002267,176.52094781,MARK_PRICE_EXACT_OPEN,1747267200000,0
SOLUSDT,1747296000003,0.00000924,170.42,MARK_PRICE_PREVIOUS_FALLBACK,1747296000000,3
SOLUSDT,1747324800000,0.00003324,172.14,MARK_PRICE_EXACT_OPEN,1747324800000,0
SOLUSDT,1747353600001,-0.00001229,168.76,MARK_PRICE_PREVIOUS_FALLBACK,1747353600000,1
SOLUSDT,1747382400000,0.00008483,172.07,MARK_PRICE_EXACT_OPEN,1747382400000,0
SOLUSDT,1747411200000,-0.00001038,172.01804474,MARK_PRICE_EXACT_OPEN,1747411200000,0
SOLUSDT,1747440000000,-0.00004807,167.36287412,MARK_PRICE_EXACT_OPEN,1747440000000,0
SOLUSDT,1747468800001,0.00003475,168.44669649,MARK_PRICE_PREVIOUS_FALLBACK,1747468800000,1
SOLUSDT,1747497600004,0.00001111,167.25414912,MARK_PRICE_PREVIOUS_FALLBACK,1747497600000,4
SOLUSDT,1747526400000,0.0000202,165.88,MARK_PRICE_EXACT_OPEN,1747526400000,0
SOLUSDT,1747555200000,0.00007853,170.59,MARK_PRICE_EXACT_OPEN,1747555200000,0
SOLUSDT,1747584000000,0.00005057,176.2,MARK_PRICE_EXACT_OPEN,1747584000000,0
SOLUSDT,1747612800000,-0.00001197,173.24,MARK_PRICE_EXACT_OPEN,1747612800000,0
SOLUSDT,1747641600006,-0.00013744,161.6,MARK_PRICE_PREVIOUS_FALLBACK,1747641600000,6
SOLUSDT,1747670400010,-0.00010509,163.99,MARK_PRICE_PREVIOUS_FALLBACK,1747670400000,10
SOLUSDT,1747699200000,0.00007217,166.72727018,MARK_PRICE_EXACT_OPEN,1747699200000,0
SOLUSDT,1747728000002,0.0001,167.35,MARK_PRICE_PREVIOUS_FALLBACK,1747728000000,2
SOLUSDT,1747756800000,-0.00002235,166.54,MARK_PRICE_EXACT_OPEN,1747756800000,0
SOLUSDT,1747785600000,0.00006901,168.51,MARK_PRICE_EXACT_OPEN,1747785600000,0
SOLUSDT,1747814400001,0.0000958,168.77,MARK_PRICE_PREVIOUS_FALLBACK,1747814400000,1
SOLUSDT,1747843200004,0.00009897,172.38,MARK_PRICE_PREVIOUS_FALLBACK,1747843200000,4
SOLUSDT,1747872000001,0.00007607,173.5,MARK_PRICE_PREVIOUS_FALLBACK,1747872000000,1
SOLUSDT,1747900800000,0.0001,178.45,MARK_PRICE_EXACT_OPEN,1747900800000,0
SOLUSDT,1747929600002,0.0001,179.04840877,MARK_PRICE_PREVIOUS_FALLBACK,1747929600000,2
SOLUSDT,1747958400006,0.0001,179.54,MARK_PRICE_PREVIOUS_FALLBACK,1747958400000,6
SOLUSDT,1747987200000,0.0001,182.49,MARK_PRICE_EXACT_OPEN,1747987200000,0
SOLUSDT,1748016000007,0.0001,180.92063991,MARK_PRICE_PREVIOUS_FALLBACK,1748016000000,7
SOLUSDT,1748044800010,0.0001,174.1052193,MARK_PRICE_PREVIOUS_FALLBACK,1748044800000,10
SOLUSDT,1748073600000,-0.00002064,173.8414386,MARK_PRICE_EXACT_OPEN,1748073600000,0
SOLUSDT,1748102400003,0.00001263,176.16,MARK_PRICE_PREVIOUS_FALLBACK,1748102400000,3
SOLUSDT,1748131200004,0.00006352,175.98,MARK_PRICE_PREVIOUS_FALLBACK,1748131200000,4
SOLUSDT,1748160000000,-0.00003821,172.27559693,MARK_PRICE_EXACT_OPEN,1748160000000,0
SOLUSDT,1748188800000,-0.00003651,170.21376447,MARK_PRICE_EXACT_OPEN,1748188800000,0
SOLUSDT,1748217600000,-0.0000099,175.65,MARK_PRICE_EXACT_OPEN,1748217600000,0
SOLUSDT,1748246400000,0.00001765,178.07513684,MARK_PRICE_EXACT_OPEN,1748246400000,0
SOLUSDT,1748275200002,0.00008686,177.51496272,MARK_PRICE_PREVIOUS_FALLBACK,1748275200000,2
SOLUSDT,1748304000003,-0.00008877,174.71566325,MARK_PRICE_PREVIOUS_FALLBACK,1748304000000,3
SOLUSDT,1748332800001,-0.00002909,175.79,MARK_PRICE_PREVIOUS_FALLBACK,1748332800000,1
SOLUSDT,1748361600005,0.0001,178.26024737,MARK_PRICE_PREVIOUS_FALLBACK,1748361600000,5
SOLUSDT,1748390400002,0.0001,176.69880395,MARK_PRICE_PREVIOUS_FALLBACK,1748390400000,2
SOLUSDT,1748419200003,-0.00002762,173.71346491,MARK_PRICE_PREVIOUS_FALLBACK,1748419200000,3
SOLUSDT,1748448000002,-0.00013891,169.68,MARK_PRICE_PREVIOUS_FALLBACK,1748448000000,2
SOLUSDT,1748476800000,-0.00008565,172.12576447,MARK_PRICE_EXACT_OPEN,1748476800000,0
SOLUSDT,1748505600006,0.00007947,172.13315343,MARK_PRICE_PREVIOUS_FALLBACK,1748505600000,6
SOLUSDT,1748534400000,-0.00003067,169.65,MARK_PRICE_EXACT_OPEN,1748534400000,0
SOLUSDT,1748563200003,-0.00001093,166.65,MARK_PRICE_PREVIOUS_FALLBACK,1748563200000,3
SOLUSDT,1748592000003,-0.00005322,162.51328509,MARK_PRICE_PREVIOUS_FALLBACK,1748592000000,3
SOLUSDT,1748620800000,0.00003101,161.11,MARK_PRICE_EXACT_OPEN,1748620800000,0
SOLUSDT,1748649600000,0.00003422,156.12199123,MARK_PRICE_EXACT_OPEN,1748649600000,0
SOLUSDT,1748678400000,0.00001633,154.77,MARK_PRICE_EXACT_OPEN,1748678400000,0
SOLUSDT,1748707200000,-0.00010143,155.52383728,MARK_PRICE_EXACT_OPEN,1748707200000,0
SOLUSDT,1748736000001,-0.00006233,156.46,MARK_PRICE_PREVIOUS_FALLBACK,1748736000000,1
SOLUSDT,1748764800002,-0.00008005,154.31,MARK_PRICE_PREVIOUS_FALLBACK,1748764800000,2
SOLUSDT,1748793600000,-0.00004325,154.08,MARK_PRICE_EXACT_OPEN,1748793600000,0
SOLUSDT,1748822400001,0.00004401,157.56603772,MARK_PRICE_PREVIOUS_FALLBACK,1748822400000,1
SOLUSDT,1748851200000,0.00004587,155.46115877,MARK_PRICE_EXACT_OPEN,1748851200000,0
SOLUSDT,1748880000000,-0.00000375,153.09,MARK_PRICE_EXACT_OPEN,1748880000000,0
SOLUSDT,1748908800000,0.00004371,156.74,MARK_PRICE_EXACT_OPEN,1748908800000,0
SOLUSDT,1748937600000,0.00006746,159.75,MARK_PRICE_EXACT_OPEN,1748937600000,0
SOLUSDT,1748966400001,0.00000576,161.93670789,MARK_PRICE_PREVIOUS_FALLBACK,1748966400000,1
SOLUSDT,1748995200000,-0.00004581,155.10815746,MARK_PRICE_EXACT_OPEN,1748995200000,0
SOLUSDT,1749024000000,0.00005065,156.34891228,MARK_PRICE_EXACT_OPEN,1749024000000,0
SOLUSDT,1749052800000,0.00001795,157.06,MARK_PRICE_EXACT_OPEN,1749052800000,0
SOLUSDT,1749081600016,0.00001332,153.14,MARK_PRICE_PREVIOUS_FALLBACK,1749081600000,16
SOLUSDT,1749110400000,0.00003552,152.36,MARK_PRICE_EXACT_OPEN,1749110400000,0
SOLUSDT,1749139200000,-0.00000604,150.81,MARK_PRICE_EXACT_OPEN,1749139200000,0
SOLUSDT,1749168000002,-0.00006476,144.29427719,MARK_PRICE_PREVIOUS_FALLBACK,1749168000000,2
SOLUSDT,1749196800000,-0.00011387,147.29542281,MARK_PRICE_EXACT_OPEN,1749196800000,0
SOLUSDT,1749225600006,-0.00001384,151.05,MARK_PRICE_PREVIOUS_FALLBACK,1749225600000,6
SOLUSDT,1749254400000,0.00006211,147.77,MARK_PRICE_EXACT_OPEN,1749254400000,0
SOLUSDT,1749283200000,0.000013,152.30123596,MARK_PRICE_EXACT_OPEN,1749283200000,0
SOLUSDT,1749312000002,-0.00002393,150.88,MARK_PRICE_PREVIOUS_FALLBACK,1749312000000,2
SOLUSDT,1749340800000,-7.4e-7,149.98,MARK_PRICE_EXACT_OPEN,1749340800000,0
SOLUSDT,1749369600000,0.00004196,149.22,MARK_PRICE_EXACT_OPEN,1749369600000,0
SOLUSDT,1749398400000,-0.00002649,150.63,MARK_PRICE_EXACT_OPEN,1749398400000,0
SOLUSDT,1749427200000,0.0001,152.39030175,MARK_PRICE_EXACT_OPEN,1749427200000,0
SOLUSDT,1749456000001,0.00002864,150.71,MARK_PRICE_PREVIOUS_FALLBACK,1749456000000,1
SOLUSDT,1749484800001,0.0000481,155.04593509,MARK_PRICE_PREVIOUS_FALLBACK,1749484800000,1
SOLUSDT,1749513600000,0.00009077,161.09,MARK_PRICE_EXACT_OPEN,1749513600000,0
SOLUSDT,1749542400001,0.0001,158.43,MARK_PRICE_PREVIOUS_FALLBACK,1749542400000,1
SOLUSDT,1749571200003,-0.00000113,157.99,MARK_PRICE_PREVIOUS_FALLBACK,1749571200000,3
SOLUSDT,1749600000000,0.0001,165.06,MARK_PRICE_EXACT_OPEN,1749600000000,0
SOLUSDT,1749628800000,0.0001,166.59149167,MARK_PRICE_EXACT_OPEN,1749628800000,0
SOLUSDT,1749657600010,0.0001,167.2,MARK_PRICE_PREVIOUS_FALLBACK,1749657600000,10
SOLUSDT,1749686400002,0.00005193,160.60407588,MARK_PRICE_PREVIOUS_FALLBACK,1749686400000,2
SOLUSDT,1749715200003,0.00003997,158.76,MARK_PRICE_PREVIOUS_FALLBACK,1749715200000,3
SOLUSDT,1749744000001,-0.00000202,156.97558333,MARK_PRICE_PREVIOUS_FALLBACK,1749744000000,1
SOLUSDT,1749772800000,-0.00001707,152.25097588,MARK_PRICE_EXACT_OPEN,1749772800000,0
SOLUSDT,1749801600001,-0.0000927,144.90363246,MARK_PRICE_PREVIOUS_FALLBACK,1749801600000,1
SOLUSDT,1749830400004,0.00001064,147.00336404,MARK_PRICE_PREVIOUS_FALLBACK,1749830400000,4
SOLUSDT,1749859200000,0.00008928,148.53,MARK_PRICE_EXACT_OPEN,1749859200000,0
SOLUSDT,1749888000000,0.00002159,146.11,MARK_PRICE_EXACT_OPEN,1749888000000,0
SOLUSDT,1749916800000,-0.0000048,144.46155175,MARK_PRICE_EXACT_OPEN,1749916800000,0
SOLUSDT,1749945600005,-0.0000376,144.62,MARK_PRICE_PREVIOUS_FALLBACK,1749945600000,5
SOLUSDT,1749974400009,0.00007334,145.94,MARK_PRICE_PREVIOUS_FALLBACK,1749974400000,9
SOLUSDT,1750003200000,0.00008709,150.77,MARK_PRICE_EXACT_OPEN,1750003200000,0
SOLUSDT,1750032000000,0.0001,152.89,MARK_PRICE_EXACT_OPEN,1750032000000,0
SOLUSDT,1750060800000,0.0001,157.19949956,MARK_PRICE_EXACT_OPEN,1750060800000,0
SOLUSDT,1750089600003,-0.00000624,156.56,MARK_PRICE_PREVIOUS_FALLBACK,1750089600000,3
SOLUSDT,1750118400000,0.00000996,150.66936491,MARK_PRICE_EXACT_OPEN,1750118400000,0
SOLUSDT,1750147200006,0.0001,152.72004474,MARK_PRICE_PREVIOUS_FALLBACK,1750147200000,6
SOLUSDT,1750176000001,0.00005322,147.46474518,MARK_PRICE_PREVIOUS_FALLBACK,1750176000000,1
SOLUSDT,1750204800001,0.00005552,147.48131053,MARK_PRICE_PREVIOUS_FALLBACK,1750204800000,1
SOLUSDT,1750233600001,-0.0000071,147.9,MARK_PRICE_PREVIOUS_FALLBACK,1750233600000,1
SOLUSDT,1750262400001,-0.00002074,145.44,MARK_PRICE_PREVIOUS_FALLBACK,1750262400000,1
SOLUSDT,1750291200005,0.00002853,146.38,MARK_PRICE_PREVIOUS_FALLBACK,1750291200000,5
SOLUSDT,1750320000003,0.00002565,145.06263509,MARK_PRICE_PREVIOUS_FALLBACK,1750320000000,3
SOLUSDT,1750348800000,0.00001075,143.08,MARK_PRICE_EXACT_OPEN,1750348800000,0
SOLUSDT,1750377600000,0.00005538,146.97565746,MARK_PRICE_EXACT_OPEN,1750377600000,0
SOLUSDT,1750406400002,0.0000409,147.36,MARK_PRICE_PREVIOUS_FALLBACK,1750406400000,2
SOLUSDT,1750435200001,0.00001443,142.84,MARK_PRICE_PREVIOUS_FALLBACK,1750435200000,1
SOLUSDT,1750464000002,-0.00005118,139.97697281,MARK_PRICE_PREVIOUS_FALLBACK,1750464000000,2
SOLUSDT,1750492800005,-0.00007613,140.67010526,MARK_PRICE_PREVIOUS_FALLBACK,1750492800000,5
SOLUSDT,1750521600000,0.00002732,140.23,MARK_PRICE_EXACT_OPEN,1750521600000,0
SOLUSDT,1750550400005,-0.00003464,135.69747939,MARK_PRICE_PREVIOUS_FALLBACK,1750550400000,5
SOLUSDT,1750579200000,0.00003965,134.75,MARK_PRICE_EXACT_OPEN,1750579200000,0
SOLUSDT,1750608000003,0.00000855,128.78294095,MARK_PRICE_PREVIOUS_FALLBACK,1750608000000,3
SOLUSDT,1750636800000,0.00004979,131.675925,MARK_PRICE_EXACT_OPEN,1750636800000,0
SOLUSDT,1750665600004,0.00000469,134.41,MARK_PRICE_PREVIOUS_FALLBACK,1750665600000,4
SOLUSDT,1750694400013,0.0000144,133.55,MARK_PRICE_PREVIOUS_FALLBACK,1750694400000,13
SOLUSDT,1750723200003,0.00008638,144.33095132,MARK_PRICE_PREVIOUS_FALLBACK,1750723200000,3
SOLUSDT,1750752000000,-0.00002013,143.96364693,MARK_PRICE_EXACT_OPEN,1750752000000,0
SOLUSDT,1750780800000,0.00002041,144.24,MARK_PRICE_EXACT_OPEN,1750780800000,0
SOLUSDT,1750809600005,-0.00001345,145.79610921,MARK_PRICE_PREVIOUS_FALLBACK,1750809600000,5
SOLUSDT,1750838400000,0.0001,146.94988728,MARK_PRICE_EXACT_OPEN,1750838400000,0
SOLUSDT,1750867200005,0.00004739,143.64126316,MARK_PRICE_PREVIOUS_FALLBACK,1750867200000,5
SOLUSDT,1750896000000,0.00003413,143.49,MARK_PRICE_EXACT_OPEN,1750896000000,0
SOLUSDT,1750924800006,0.00002145,145.13142281,MARK_PRICE_PREVIOUS_FALLBACK,1750924800000,6
SOLUSDT,1750953600007,-0.00006184,142.99,MARK_PRICE_PREVIOUS_FALLBACK,1750953600000,7
SOLUSDT,1750982400000,-0.00006442,138.98,MARK_PRICE_EXACT_OPEN,1750982400000,0
SOLUSDT,1751011200000,0.00001541,140.26209054,MARK_PRICE_EXACT_OPEN,1751011200000,0
SOLUSDT,1751040000009,0.00001738,143.50187237,MARK_PRICE_PREVIOUS_FALLBACK,1751040000000,9
SOLUSDT,1751068800001,0.00006933,142.04,MARK_PRICE_PREVIOUS_FALLBACK,1751068800000,1
SOLUSDT,1751097600002,0.0001,146.45873596,MARK_PRICE_PREVIOUS_FALLBACK,1751097600000,2
SOLUSDT,1751126400000,0.0001,148.10836491,MARK_PRICE_EXACT_OPEN,1751126400000,0
SOLUSDT,1751155200004,0.0001,150.84599561,MARK_PRICE_PREVIOUS_FALLBACK,1751155200000,4
SOLUSDT,1751184000001,0.0001,150.3,MARK_PRICE_PREVIOUS_FALLBACK,1751184000000,1
SOLUSDT,1751212800001,0.0000346,150.74,MARK_PRICE_PREVIOUS_FALLBACK,1751212800000,1
SOLUSDT,1751241600000,0.00006987,153.22808158,MARK_PRICE_EXACT_OPEN,1751241600000,0
SOLUSDT,1751270400005,0.00000833,150.66062632,MARK_PRICE_PREVIOUS_FALLBACK,1751270400000,5
SOLUSDT,1751299200002,0.00003926,157.38,MARK_PRICE_PREVIOUS_FALLBACK,1751299200000,2
SOLUSDT,1751328000007,0.00009123,154.84132281,MARK_PRICE_PREVIOUS_FALLBACK,1751328000000,7
SOLUSDT,1751356800002,0.0000505,149.83822807,MARK_PRICE_PREVIOUS_FALLBACK,1751356800000,2
SOLUSDT,1751385600000,-0.00007235,147.13,MARK_PRICE_EXACT_OPEN,1751385600000,0
SOLUSDT,1751414400001,-0.00005826,146.77,MARK_PRICE_PREVIOUS_FALLBACK,1751414400000,1
SOLUSDT,1751443200000,-0.00004281,149.03,MARK_PRICE_EXACT_OPEN,1751443200000,0
SOLUSDT,1751472000003,-0.00000492,151.26640901,MARK_PRICE_PREVIOUS_FALLBACK,1751472000000,3
SOLUSDT,1751500800006,0.00007514,152.3,MARK_PRICE_PREVIOUS_FALLBACK,1751500800000,6
SOLUSDT,1751529600003,0.00008784,155.58039912,MARK_PRICE_PREVIOUS_FALLBACK,1751529600000,3
SOLUSDT,1751558400003,-0.00000808,150.4,MARK_PRICE_PREVIOUS_FALLBACK,1751558400000,3
SOLUSDT,1751587200005,-0.00001339,152.29072456,MARK_PRICE_PREVIOUS_FALLBACK,1751587200000,5
SOLUSDT,1751616000003,0.00009974,150.3,MARK_PRICE_PREVIOUS_FALLBACK,1751616000000,3
SOLUSDT,1751644800001,-0.00006162,146.52656447,MARK_PRICE_PREVIOUS_FALLBACK,1751644800000,1
SOLUSDT,1751673600004,-0.00015145,147.51,MARK_PRICE_PREVIOUS_FALLBACK,1751673600000,4
SOLUSDT,1751702400009,-0.00007863,147.79,MARK_PRICE_PREVIOUS_FALLBACK,1751702400000,9
SOLUSDT,1751731200006,-0.00006498,147.1,MARK_PRICE_PREVIOUS_FALLBACK,1751731200000,6
SOLUSDT,1751760000001,-0.00003364,147.51809649,MARK_PRICE_PREVIOUS_FALLBACK,1751760000000,1
SOLUSDT,1751788800002,-0.0000754,147.83302412,MARK_PRICE_PREVIOUS_FALLBACK,1751788800000,2
SOLUSDT,1751817600004,0.00003442,151.76777105,MARK_PRICE_PREVIOUS_FALLBACK,1751817600000,4
SOLUSDT,1751846400000,0.0001,151.81,MARK_PRICE_EXACT_OPEN,1751846400000,0
SOLUSDT,1751875200007,0.0000688,152.41,MARK_PRICE_PREVIOUS_FALLBACK,1751875200000,7
SOLUSDT,1751904000000,0.0000357,150.99421184,MARK_PRICE_EXACT_OPEN,1751904000000,0
SOLUSDT,1751932800010,0.00003474,148.69,MARK_PRICE_PREVIOUS_FALLBACK,1751932800000,10
SOLUSDT,1751961600003,-0.00003311,149.49,MARK_PRICE_PREVIOUS_FALLBACK,1751961600000,3
SOLUSDT,1751990400000,-0.00000741,149.79,MARK_PRICE_EXACT_OPEN,1751990400000,0
SOLUSDT,1752019200002,0.00002053,151.5764943,MARK_PRICE_PREVIOUS_FALLBACK,1752019200000,2
SOLUSDT,1752048000006,1.7e-7,152.97517038,MARK_PRICE_PREVIOUS_FALLBACK,1752048000000,6
SOLUSDT,1752076800001,0.00000552,153.92554956,MARK_PRICE_PREVIOUS_FALLBACK,1752076800000,1
SOLUSDT,1752105600003,0.0001,157.03844558,MARK_PRICE_PREVIOUS_FALLBACK,1752105600000,3
SOLUSDT,1752134400000,0.00002127,157.83,MARK_PRICE_EXACT_OPEN,1752134400000,0
SOLUSDT,1752163200004,0.0000169,156.4,MARK_PRICE_PREVIOUS_FALLBACK,1752163200000,4
SOLUSDT,1752192000004,0.0001,164.09713728,MARK_PRICE_PREVIOUS_FALLBACK,1752192000000,4
SOLUSDT,1752220800007,0.00004064,163.57,MARK_PRICE_PREVIOUS_FALLBACK,1752220800000,7
SOLUSDT,1752249600001,0.0001,162.59858026,MARK_PRICE_PREVIOUS_FALLBACK,1752249600000,1
SOLUSDT,1752278400000,0.0001,162.8788386,MARK_PRICE_EXACT_OPEN,1752278400000,0
SOLUSDT,1752307200001,0.0001,163.2,MARK_PRICE_PREVIOUS_FALLBACK,1752307200000,1
SOLUSDT,1752336000002,0.0001,158.07231009,MARK_PRICE_PREVIOUS_FALLBACK,1752336000000,2
SOLUSDT,1752364800006,0.0001,160.57483596,MARK_PRICE_PREVIOUS_FALLBACK,1752364800000,6
SOLUSDT,1752393600001,0.0001,162.65,MARK_PRICE_PREVIOUS_FALLBACK,1752393600000,1
SOLUSDT,1752422400003,0.00007719,161.92,MARK_PRICE_PREVIOUS_FALLBACK,1752422400000,3
SOLUSDT,1752451200000,0.0000359,161.05029868,MARK_PRICE_EXACT_OPEN,1752451200000,0
SOLUSDT,1752480000000,0.0001,167.18102982,MARK_PRICE_EXACT_OPEN,1752480000000,0
SOLUSDT,1752508800000,0.0001,163.92936535,MARK_PRICE_EXACT_OPEN,1752508800000,0
SOLUSDT,1752537600002,0.00007758,162,MARK_PRICE_PREVIOUS_FALLBACK,1752537600000,2
SOLUSDT,1752566400000,-0.00000361,159.45340526,MARK_PRICE_EXACT_OPEN,1752566400000,0
SOLUSDT,1752595200000,0.00002244,160.39,MARK_PRICE_EXACT_OPEN,1752595200000,0
SOLUSDT,1752624000000,0.0001,163.99210044,MARK_PRICE_EXACT_OPEN,1752624000000,0
SOLUSDT,1752652800000,0.0001,164.03167105,MARK_PRICE_EXACT_OPEN,1752652800000,0
SOLUSDT,1752681600008,0.0001,169.26671535,MARK_PRICE_PREVIOUS_FALLBACK,1752681600000,8
SOLUSDT,1752710400003,0.0001,173.73891184,MARK_PRICE_PREVIOUS_FALLBACK,1752710400000,3
SOLUSDT,1752739200000,0.0001,173.98,MARK_PRICE_EXACT_OPEN,1752739200000,0
SOLUSDT,1752768000000,0.0001,174.12,MARK_PRICE_EXACT_OPEN,1752768000000,0
SOLUSDT,1752796800004,0.0001,175.86,MARK_PRICE_PREVIOUS_FALLBACK,1752796800000,4
SOLUSDT,1752825600000,0.0001,181.15,MARK_PRICE_EXACT_OPEN,1752825600000,0
SOLUSDT,1752854400000,0.0001,177.02986842,MARK_PRICE_EXACT_OPEN,1752854400000,0
SOLUSDT,1752883200009,0.0001,177.15820746,MARK_PRICE_PREVIOUS_FALLBACK,1752883200000,9
SOLUSDT,1752912000000,0.0001,176.99,MARK_PRICE_EXACT_OPEN,1752912000000,0
SOLUSDT,1752940800002,0.0001,177.2760307,MARK_PRICE_PREVIOUS_FALLBACK,1752940800000,2
SOLUSDT,1752969600000,0.0001,176.93442456,MARK_PRICE_EXACT_OPEN,1752969600000,0
SOLUSDT,1752998400000,0.0001,177.92,MARK_PRICE_EXACT_OPEN,1752998400000,0
SOLUSDT,1753027200000,0.0001,181.93,MARK_PRICE_EXACT_OPEN,1753027200000,0
SOLUSDT,1753056000001,0.0001,181.38,MARK_PRICE_PREVIOUS_FALLBACK,1753056000000,1
SOLUSDT,1753084800000,0.0001,190.1,MARK_PRICE_EXACT_OPEN,1753084800000,0
SOLUSDT,1753113600001,0.000129,196.86478114,MARK_PRICE_PREVIOUS_FALLBACK,1753113600000,1
SOLUSDT,1753142400000,0.0001,195.73310482,MARK_PRICE_EXACT_OPEN,1753142400000,0
SOLUSDT,1753171200010,0.0001,197.52,MARK_PRICE_PREVIOUS_FALLBACK,1753171200000,10
SOLUSDT,1753200000007,0.0001,201.68233543,MARK_PRICE_PREVIOUS_FALLBACK,1753200000000,7
SOLUSDT,1753228800000,0.0001,205.77987588,MARK_PRICE_EXACT_OPEN,1753228800000,0
SOLUSDT,1753257600004,0.0001,199.51,MARK_PRICE_PREVIOUS_FALLBACK,1753257600000,4
SOLUSDT,1753286400002,0.0001,192.56,MARK_PRICE_PREVIOUS_FALLBACK,1753286400000,2
SOLUSDT,1753315200000,0.0001,189.38281579,MARK_PRICE_EXACT_OPEN,1753315200000,0
SOLUSDT,1753344000001,0.0001,183.58086754,MARK_PRICE_PREVIOUS_FALLBACK,1753344000000,1
SOLUSDT,1753372800000,0.0001,188.47,MARK_PRICE_EXACT_OPEN,1753372800000,0
SOLUSDT,1753401600000,0.0001,182.77,MARK_PRICE_EXACT_OPEN,1753401600000,0
SOLUSDT,1753430400000,0.00006102,177.47048947,MARK_PRICE_EXACT_OPEN,1753430400000,0
SOLUSDT,1753459200000,0.0001,178.14628904,MARK_PRICE_EXACT_OPEN,1753459200000,0
SOLUSDT,1753488000001,0.0001,186.59537719,MARK_PRICE_PREVIOUS_FALLBACK,1753488000000,1
SOLUSDT,1753516800005,0.0001,186.53,MARK_PRICE_PREVIOUS_FALLBACK,1753516800000,5
SOLUSDT,1753545600001,0.0001,187.60006579,MARK_PRICE_PREVIOUS_FALLBACK,1753545600000,1
SOLUSDT,1753574400001,0.0001,184.76927193,MARK_PRICE_PREVIOUS_FALLBACK,1753574400000,1
SOLUSDT,1753603200000,0.0001,187.17980833,MARK_PRICE_EXACT_OPEN,1753603200000,0
SOLUSDT,1753632000008,0.0001,186.60019123,MARK_PRICE_PREVIOUS_FALLBACK,1753632000000,8
SOLUSDT,1753660800005,0.0001,188.21519386,MARK_PRICE_PREVIOUS_FALLBACK,1753660800000,5
SOLUSDT,1753689600000,0.0001,192.32797632,MARK_PRICE_EXACT_OPEN,1753689600000,0
SOLUSDT,1753718400000,0.0001,187.14,MARK_PRICE_EXACT_OPEN,1753718400000,0
SOLUSDT,1753747200001,-0.00000347,182.89653684,MARK_PRICE_PREVIOUS_FALLBACK,1753747200000,1
SOLUSDT,1753776000000,0.00000817,185.95,MARK_PRICE_EXACT_OPEN,1753776000000,0
SOLUSDT,1753804800000,0.00004218,180.74365351,MARK_PRICE_EXACT_OPEN,1753804800000,0
SOLUSDT,1753833600011,0.00001098,181.35959474,MARK_PRICE_PREVIOUS_FALLBACK,1753833600000,11
SOLUSDT,1753862400000,0.00007655,180.78109518,MARK_PRICE_EXACT_OPEN,1753862400000,0
SOLUSDT,1753891200008,-0.00001266,178.92501293,MARK_PRICE_PREVIOUS_FALLBACK,1753891200000,8
SOLUSDT,1753920000000,-0.00000814,177.68,MARK_PRICE_EXACT_OPEN,1753920000000,0
SOLUSDT,1753948800009,0.00004662,181.13,MARK_PRICE_PREVIOUS_FALLBACK,1753948800000,9
SOLUSDT,1753977600000,0.00000862,177.24208596,MARK_PRICE_EXACT_OPEN,1753977600000,0
SOLUSDT,1754006400001,0.00004034,172.01837939,MARK_PRICE_PREVIOUS_FALLBACK,1754006400000,1
SOLUSDT,1754035200003,-0.0000144,168.92,MARK_PRICE_PREVIOUS_FALLBACK,1754035200000,3
SOLUSDT,1754064000000,0.00003852,168.5,MARK_PRICE_EXACT_OPEN,1754064000000,0
SOLUSDT,1754092800004,-0.00003851,162.71746754,MARK_PRICE_PREVIOUS_FALLBACK,1754092800000,4
SOLUSDT,1754121600000,0.00003654,164.3449943,MARK_PRICE_EXACT_OPEN,1754121600000,0
SOLUSDT,1754150400000,0.00003981,161.45,MARK_PRICE_EXACT_OPEN,1754150400000,0
SOLUSDT,1754179200000,-0.00010062,158.39208465,MARK_PRICE_EXACT_OPEN,1754179200000,0
SOLUSDT,1754208000000,-0.0000592,161.25,MARK_PRICE_EXACT_OPEN,1754208000000,0
SOLUSDT,1754236800003,-0.00007571,161.92,MARK_PRICE_PREVIOUS_FALLBACK,1754236800000,3
SOLUSDT,1754265600004,-0.00014534,161.80075439,MARK_PRICE_PREVIOUS_FALLBACK,1754265600000,4
SOLUSDT,1754294400000,-0.00006297,162.95,MARK_PRICE_EXACT_OPEN,1754294400000,0
SOLUSDT,1754323200002,-0.00006458,165.43392456,MARK_PRICE_PREVIOUS_FALLBACK,1754323200000,2
SOLUSDT,1754352000000,-0.00003577,169.46286447,MARK_PRICE_EXACT_OPEN,1754352000000,0
SOLUSDT,1754380800000,-0.00002117,166.14,MARK_PRICE_EXACT_OPEN,1754380800000,0
SOLUSDT,1754409600000,-0.00004816,163.68,MARK_PRICE_EXACT_OPEN,1754409600000,0
SOLUSDT,1754438400005,-0.0000684,163.86329737,MARK_PRICE_PREVIOUS_FALLBACK,1754438400000,5
SOLUSDT,1754467200000,-0.00003584,164.16,MARK_PRICE_EXACT_OPEN,1754467200000,0
SOLUSDT,1754496000000,0.0000184,168.97,MARK_PRICE_EXACT_OPEN,1754496000000,0
SOLUSDT,1754524800003,0.0001,167.9798519,MARK_PRICE_PREVIOUS_FALLBACK,1754524800000,3
SOLUSDT,1754553600002,0.00001246,169.83,MARK_PRICE_PREVIOUS_FALLBACK,1754553600000,2
SOLUSDT,1754582400002,0.00004431,170.33501974,MARK_PRICE_PREVIOUS_FALLBACK,1754582400000,2
SOLUSDT,1754611200002,0.00006422,174.81345208,MARK_PRICE_PREVIOUS_FALLBACK,1754611200000,2
SOLUSDT,1754640000004,0.00001197,177.34,MARK_PRICE_PREVIOUS_FALLBACK,1754640000000,4
SOLUSDT,1754668800000,0.00003043,175.14138333,MARK_PRICE_EXACT_OPEN,1754668800000,0
SOLUSDT,1754697600005,0.0001,176.73694167,MARK_PRICE_PREVIOUS_FALLBACK,1754697600000,5
SOLUSDT,1754726400000,0.00008345,180.54,MARK_PRICE_EXACT_OPEN,1754726400000,0
SOLUSDT,1754755200007,0.00007712,180.22,MARK_PRICE_PREVIOUS_FALLBACK,1754755200000,7
SOLUSDT,1754784000003,0.00009612,179.95,MARK_PRICE_PREVIOUS_FALLBACK,1754784000000,3
SOLUSDT,1754812800005,0.00007842,178.62640677,MARK_PRICE_PREVIOUS_FALLBACK,1754812800000,5
SOLUSDT,1754841600002,0.0001,181.2968651,MARK_PRICE_PREVIOUS_FALLBACK,1754841600000,2
SOLUSDT,1754870400000,0.00009508,182.59,MARK_PRICE_EXACT_OPEN,1754870400000,0
SOLUSDT,1754899200000,0.0001,182.93,MARK_PRICE_EXACT_OPEN,1754899200000,0
SOLUSDT,1754928000000,0.00000319,180.10106579,MARK_PRICE_EXACT_OPEN,1754928000000,0
SOLUSDT,1754956800000,-0.00002394,174.75,MARK_PRICE_EXACT_OPEN,1754956800000,0
SOLUSDT,1754985600001,-0.00001203,175.77,MARK_PRICE_PREVIOUS_FALLBACK,1754985600000,1
SOLUSDT,1755014400005,-0.00002257,181.34756579,MARK_PRICE_PREVIOUS_FALLBACK,1755014400000,5
SOLUSDT,1755043200000,0.0001,191.76,MARK_PRICE_EXACT_OPEN,1755043200000,0
SOLUSDT,1755072000002,0.0001,198.45980335,MARK_PRICE_PREVIOUS_FALLBACK,1755072000000,2
SOLUSDT,1755100800006,0.0001,197.6,MARK_PRICE_PREVIOUS_FALLBACK,1755100800000,6
SOLUSDT,1755129600002,0.0001,201.43,MARK_PRICE_PREVIOUS_FALLBACK,1755129600000,2
SOLUSDT,1755158400003,0.00025876,205.89,MARK_PRICE_PREVIOUS_FALLBACK,1755158400000,3
SOLUSDT,1755187200000,0.0001,194.87115789,MARK_PRICE_EXACT_OPEN,1755187200000,0
SOLUSDT,1755216000000,0.0001,192.41275877,MARK_PRICE_EXACT_OPEN,1755216000000,0
SOLUSDT,1755244800000,0.0001,196.89107456,MARK_PRICE_EXACT_OPEN,1755244800000,0
SOLUSDT,1755273600000,0.00004024,185.45,MARK_PRICE_EXACT_OPEN,1755273600000,0
SOLUSDT,1755302400004,-0.00004219,185.349375,MARK_PRICE_PREVIOUS_FALLBACK,1755302400000,4
SOLUSDT,1755331200000,0.00006279,189.01,MARK_PRICE_EXACT_OPEN,1755331200000,0
SOLUSDT,1755360000002,0.00007134,188.70635938,MARK_PRICE_PREVIOUS_FALLBACK,1755360000000,2
SOLUSDT,1755388800000,0.0001,189.52,MARK_PRICE_EXACT_OPEN,1755388800000,0
SOLUSDT,1755417600001,0.0000963,191.75,MARK_PRICE_PREVIOUS_FALLBACK,1755417600000,1
SOLUSDT,1755446400007,0.00005105,195.52013021,MARK_PRICE_PREVIOUS_FALLBACK,1755446400000,7
SOLUSDT,1755475200000,0.0000886,190.92166667,MARK_PRICE_EXACT_OPEN,1755475200000,0
SOLUSDT,1755504000001,-0.00005077,180.69068229,MARK_PRICE_PREVIOUS_FALLBACK,1755504000000,1
SOLUSDT,1755532800002,-0.00006163,183.02,MARK_PRICE_PREVIOUS_FALLBACK,1755532800000,2
SOLUSDT,1755561600000,-0.00001986,182.84,MARK_PRICE_EXACT_OPEN,1755561600000,0
SOLUSDT,1755590400001,0.00004048,180.16,MARK_PRICE_PREVIOUS_FALLBACK,1755590400000,1
SOLUSDT,1755619200000,0.00006293,177.89,MARK_PRICE_EXACT_OPEN,1755619200000,0
SOLUSDT,1755648000000,0.00002581,176.1,MARK_PRICE_EXACT_OPEN,1755648000000,0
SOLUSDT,1755676800000,0.0000881,180.45,MARK_PRICE_EXACT_OPEN,1755676800000,0
SOLUSDT,1755705600000,0.0001,182.95,MARK_PRICE_EXACT_OPEN,1755705600000,0
SOLUSDT,1755734400006,0.0001,187.75309649,MARK_PRICE_PREVIOUS_FALLBACK,1755734400000,6
SOLUSDT,1755763200000,0.0001,186.93,MARK_PRICE_EXACT_OPEN,1755763200000,0
SOLUSDT,1755792000003,0.00001366,181.42,MARK_PRICE_PREVIOUS_FALLBACK,1755792000000,3
SOLUSDT,1755820800010,0.00003301,180.51,MARK_PRICE_PREVIOUS_FALLBACK,1755820800000,10
SOLUSDT,1755849600007,0.0001,183.9406886,MARK_PRICE_PREVIOUS_FALLBACK,1755849600000,7
SOLUSDT,1755878400001,0.0001,193.89171053,MARK_PRICE_PREVIOUS_FALLBACK,1755878400000,1
SOLUSDT,1755907200004,0.0001,200.67686668,MARK_PRICE_PREVIOUS_FALLBACK,1755907200000,4
SOLUSDT,1755936000006,0.0001,205.54406334,MARK_PRICE_PREVIOUS_FALLBACK,1755936000000,6
SOLUSDT,1755964800000,0.0001,202.68060088,MARK_PRICE_EXACT_OPEN,1755964800000,0
SOLUSDT,1755993600001,0.0001,204.50802632,MARK_PRICE_PREVIOUS_FALLBACK,1755993600000,1
SOLUSDT,1756022400002,0.0001,206.80059649,MARK_PRICE_PREVIOUS_FALLBACK,1756022400000,2
SOLUSDT,1756051200001,0.0001,205.80159211,MARK_PRICE_PREVIOUS_FALLBACK,1756051200000,1
SOLUSDT,1756080000000,0.0001,206.06179386,MARK_PRICE_EXACT_OPEN,1756080000000,0
SOLUSDT,1756108800002,0.0001,199.53301316,MARK_PRICE_PREVIOUS_FALLBACK,1756108800000,2
SOLUSDT,1756137600002,0.0001,196.15,MARK_PRICE_PREVIOUS_FALLBACK,1756137600000,2
SOLUSDT,1756166400000,0.00002857,187.08518421,MARK_PRICE_EXACT_OPEN,1756166400000,0
SOLUSDT,1756195200000,-0.00000898,188.82,MARK_PRICE_EXACT_OPEN,1756195200000,0
SOLUSDT,1756224000000,0.0000527,190.71867105,MARK_PRICE_EXACT_OPEN,1756224000000,0
SOLUSDT,1756252800003,0.0001,195.78635526,MARK_PRICE_PREVIOUS_FALLBACK,1756252800000,3
SOLUSDT,1756281600000,0.0001,202.37,MARK_PRICE_EXACT_OPEN,1756281600000,0
SOLUSDT,1756310400009,0.0001,208.5749693,MARK_PRICE_PREVIOUS_FALLBACK,1756310400000,9
SOLUSDT,1756339200000,0.0001,202.93,MARK_PRICE_EXACT_OPEN,1756339200000,0
SOLUSDT,1756368000005,0.0001,214.27695614,MARK_PRICE_PREVIOUS_FALLBACK,1756368000000,5
SOLUSDT,1756396800004,0.0001,211.60901018,MARK_PRICE_PREVIOUS_FALLBACK,1756396800000,4
SOLUSDT,1756425600000,0.00008562,214.30363596,MARK_PRICE_EXACT_OPEN,1756425600000,0
SOLUSDT,1756454400000,0.00007793,208.73,MARK_PRICE_EXACT_OPEN,1756454400000,0
SOLUSDT,1756483200005,0.00007047,204.76850877,MARK_PRICE_PREVIOUS_FALLBACK,1756483200000,5
SOLUSDT,1756512000000,-0.00001362,204.98,MARK_PRICE_EXACT_OPEN,1756512000000,0
SOLUSDT,1756540800002,0.00005373,204.81231579,MARK_PRICE_PREVIOUS_FALLBACK,1756540800000,2
SOLUSDT,1756569600003,-0.0000314,200.54163596,MARK_PRICE_PREVIOUS_FALLBACK,1756569600000,3
SOLUSDT,1756598400016,0.00001753,202.66068421,MARK_PRICE_PREVIOUS_FALLBACK,1756598400000,16
SOLUSDT,1756627200000,0.00009518,203.44,MARK_PRICE_EXACT_OPEN,1756627200000,0
SOLUSDT,1756656000001,0.00009036,204.28069298,MARK_PRICE_PREVIOUS_FALLBACK,1756656000000,1
SOLUSDT,1756684800000,0.00009019,200.57673952,MARK_PRICE_EXACT_OPEN,1756684800000,0
SOLUSDT,1756713600000,0.00000792,202.84,MARK_PRICE_EXACT_OPEN,1756713600000,0
SOLUSDT,1756742400001,0.00002302,198.13855263,MARK_PRICE_PREVIOUS_FALLBACK,1756742400000,1
SOLUSDT,1756771200000,0.00004576,197.22,MARK_PRICE_EXACT_OPEN,1756771200000,0
SOLUSDT,1756800000005,0.0001,202.20634211,MARK_PRICE_PREVIOUS_FALLBACK,1756800000000,5
SOLUSDT,1756828800007,0.00009872,200.75,MARK_PRICE_PREVIOUS_FALLBACK,1756828800000,7
SOLUSDT,1756857600006,0.0001,209.21360839,MARK_PRICE_PREVIOUS_FALLBACK,1756857600000,6
SOLUSDT,1756886400002,0.00008685,209.31,MARK_PRICE_PREVIOUS_FALLBACK,1756886400000,2
SOLUSDT,1756915200002,0.00000761,211.57,MARK_PRICE_PREVIOUS_FALLBACK,1756915200000,2
SOLUSDT,1756944000002,0.00003074,210.77,MARK_PRICE_PREVIOUS_FALLBACK,1756944000000,2
SOLUSDT,1756972800000,0.00006703,206.56035526,MARK_PRICE_EXACT_OPEN,1756972800000,0
SOLUSDT,1757001600000,0.00006691,203.71,MARK_PRICE_EXACT_OPEN,1757001600000,0
SOLUSDT,1757030400001,-0.00000457,202.43,MARK_PRICE_PREVIOUS_FALLBACK,1757030400000,1
SOLUSDT,1757059200006,0.00001493,207.72783333,MARK_PRICE_PREVIOUS_FALLBACK,1757059200000,6
SOLUSDT,1757088000000,0.00001122,203.46,MARK_PRICE_EXACT_OPEN,1757088000000,0
SOLUSDT,1757116800000,0.000089,203.2922807,MARK_PRICE_EXACT_OPEN,1757116800000,0
SOLUSDT,1757145600005,0.0001,202.97,MARK_PRICE_PREVIOUS_FALLBACK,1757145600000,5
SOLUSDT,1757174400000,0.00001754,201.16,MARK_PRICE_EXACT_OPEN,1757174400000,0
SOLUSDT,1757203200000,6e-8,200.06,MARK_PRICE_EXACT_OPEN,1757203200000,0
SOLUSDT,1757232000000,0.00006542,202.9,MARK_PRICE_EXACT_OPEN,1757232000000,0
SOLUSDT,1757260800000,0.00003077,205.09890351,MARK_PRICE_EXACT_OPEN,1757260800000,0
SOLUSDT,1757289600007,0.0001,206.33669737,MARK_PRICE_PREVIOUS_FALLBACK,1757289600000,7
SOLUSDT,1757318400000,0.0001,207.85,MARK_PRICE_EXACT_OPEN,1757318400000,0
SOLUSDT,1757347200000,0.0001,214.98114912,MARK_PRICE_EXACT_OPEN,1757347200000,0
SOLUSDT,1757376000000,0.00008916,214.03,MARK_PRICE_EXACT_OPEN,1757376000000,0
SOLUSDT,1757404800000,0.0001,219.17894737,MARK_PRICE_EXACT_OPEN,1757404800000,0
SOLUSDT,1757433600000,0.0001,212.97100439,MARK_PRICE_EXACT_OPEN,1757433600000,0
SOLUSDT,1757462400000,0.00003617,217.11,MARK_PRICE_EXACT_OPEN,1757462400000,0
SOLUSDT,1757491200002,0.0001,222.11,MARK_PRICE_PREVIOUS_FALLBACK,1757491200000,2
SOLUSDT,1757520000000,0.0001,223.04,MARK_PRICE_EXACT_OPEN,1757520000000,0
SOLUSDT,1757548800000,0.00004953,223.94159233,MARK_PRICE_EXACT_OPEN,1757548800000,0
SOLUSDT,1757577600000,-0.0000199,223.09880702,MARK_PRICE_EXACT_OPEN,1757577600000,0
SOLUSDT,1757606400001,0.00009486,226.96918376,MARK_PRICE_PREVIOUS_FALLBACK,1757606400000,1
SOLUSDT,1757635200002,0.00000236,228.55,MARK_PRICE_PREVIOUS_FALLBACK,1757635200000,2
SOLUSDT,1757664000001,0.00000469,237.46466228,MARK_PRICE_PREVIOUS_FALLBACK,1757664000000,1
SOLUSDT,1757692800005,0.00000719,239.12638158,MARK_PRICE_PREVIOUS_FALLBACK,1757692800000,5
SOLUSDT,1757721600005,0.00001709,241.77535965,MARK_PRICE_PREVIOUS_FALLBACK,1757721600000,5
SOLUSDT,1757750400002,0.00006327,242.49,MARK_PRICE_PREVIOUS_FALLBACK,1757750400000,2
SOLUSDT,1757779200000,0.00005623,239.39,MARK_PRICE_EXACT_OPEN,1757779200000,0
SOLUSDT,1757808000006,-0.00000376,242.33817982,MARK_PRICE_PREVIOUS_FALLBACK,1757808000000,6
SOLUSDT,1757836800000,0.00005813,246.27228509,MARK_PRICE_EXACT_OPEN,1757836800000,0
SOLUSDT,1757865600001,0.0000292,243.35,MARK_PRICE_PREVIOUS_FALLBACK,1757865600000,1
SOLUSDT,1757894400006,-0.00000717,240.07846491,MARK_PRICE_PREVIOUS_FALLBACK,1757894400000,6
SOLUSDT,1757923200002,0.00000858,237.95477632,MARK_PRICE_PREVIOUS_FALLBACK,1757923200000,2
SOLUSDT,1757952000001,0.00004813,232.71,MARK_PRICE_PREVIOUS_FALLBACK,1757952000000,1
SOLUSDT,1757980800001,0.00006405,234.03327632,MARK_PRICE_PREVIOUS_FALLBACK,1757980800000,1
SOLUSDT,1758009600000,0.00007636,235.68,MARK_PRICE_EXACT_OPEN,1758009600000,0
SOLUSDT,1758038400000,0.00007783,237.67937719,MARK_PRICE_EXACT_OPEN,1758038400000,0
SOLUSDT,1758067200001,-0.00001958,236.72,MARK_PRICE_PREVIOUS_FALLBACK,1758067200000,1
SOLUSDT,1758096000000,0.00003782,237.64,MARK_PRICE_EXACT_OPEN,1758096000000,0
SOLUSDT,1758124800003,0.00003428,233.62,MARK_PRICE_PREVIOUS_FALLBACK,1758124800000,3
SOLUSDT,1758153600006,0.00008719,244.80138158,MARK_PRICE_PREVIOUS_FALLBACK,1758153600000,6
SOLUSDT,1758182400002,0.0001,244.74,MARK_PRICE_PREVIOUS_FALLBACK,1758182400000,2
SOLUSDT,1758211200000,0.00001468,248.13,MARK_PRICE_EXACT_OPEN,1758211200000,0
SOLUSDT,1758240000000,0.0001,247.35885088,MARK_PRICE_EXACT_OPEN,1758240000000,0
SOLUSDT,1758268800005,0.00009667,243.8,MARK_PRICE_PREVIOUS_FALLBACK,1758268800000,5
SOLUSDT,1758297600000,0.00000803,237.38,MARK_PRICE_EXACT_OPEN,1758297600000,0
SOLUSDT,1758326400000,-0.00003324,238.4,MARK_PRICE_EXACT_OPEN,1758326400000,0
SOLUSDT,1758355200000,-0.0000698,239.64240351,MARK_PRICE_EXACT_OPEN,1758355200000,0
SOLUSDT,1758384000002,-0.00002909,240.23295826,MARK_PRICE_PREVIOUS_FALLBACK,1758384000000,2
SOLUSDT,1758412800000,-0.00000439,239.38,MARK_PRICE_EXACT_OPEN,1758412800000,0
SOLUSDT,1758441600000,0.00004391,239.75105263,MARK_PRICE_EXACT_OPEN,1758441600000,0
SOLUSDT,1758470400000,0.00000963,237.78,MARK_PRICE_EXACT_OPEN,1758470400000,0
SOLUSDT,1758499200005,0.00000406,235.82,MARK_PRICE_PREVIOUS_FALLBACK,1758499200000,5
SOLUSDT,1758528000003,-0.00001362,221.96667544,MARK_PRICE_PREVIOUS_FALLBACK,1758528000000,3
SOLUSDT,1758556800000,-0.00010344,220.62,MARK_PRICE_EXACT_OPEN,1758556800000,0
SOLUSDT,1758585600000,0.00004622,220.28330702,MARK_PRICE_EXACT_OPEN,1758585600000,0
SOLUSDT,1758614400001,0.00004873,218.85,MARK_PRICE_PREVIOUS_FALLBACK,1758614400000,1
SOLUSDT,1758643200000,0.00000593,219.18,MARK_PRICE_EXACT_OPEN,1758643200000,0
SOLUSDT,1758672000003,0.00002831,213.39715789,MARK_PRICE_PREVIOUS_FALLBACK,1758672000000,3
SOLUSDT,1758700800001,0.00003094,210.48,MARK_PRICE_PREVIOUS_FALLBACK,1758700800000,1
SOLUSDT,1758729600002,-0.0000034,213.38,MARK_PRICE_PREVIOUS_FALLBACK,1758729600000,2
SOLUSDT,1758758400000,-0.0001284,211.45650877,MARK_PRICE_EXACT_OPEN,1758758400000,0
SOLUSDT,1758787200001,-0.00003446,204.23,MARK_PRICE_PREVIOUS_FALLBACK,1758787200000,1
SOLUSDT,1758816000000,0.00003595,201.05,MARK_PRICE_EXACT_OPEN,1758816000000,0
SOLUSDT,1758844800000,0.00003743,192.62,MARK_PRICE_EXACT_OPEN,1758844800000,0
SOLUSDT,1758873600000,-0.00003977,196.2607193,MARK_PRICE_EXACT_OPEN,1758873600000,0
SOLUSDT,1758902400008,-0.00004772,195.7,MARK_PRICE_PREVIOUS_FALLBACK,1758902400000,8
SOLUSDT,1758931200000,-0.00009862,205.03,MARK_PRICE_EXACT_OPEN,1758931200000,0
SOLUSDT,1758960000010,0.00006955,201.94,MARK_PRICE_PREVIOUS_FALLBACK,1758960000000,10
SOLUSDT,1758988800003,-0.00002293,203.29941228,MARK_PRICE_PREVIOUS_FALLBACK,1758988800000,3
SOLUSDT,1759017600000,0.00002105,203.32218421,MARK_PRICE_EXACT_OPEN,1759017600000,0
SOLUSDT,1759046400000,-0.00003715,202,MARK_PRICE_EXACT_OPEN,1759046400000,0
SOLUSDT,1759075200000,0.0000197,203.33,MARK_PRICE_EXACT_OPEN,1759075200000,0
SOLUSDT,1759104000000,0.00004762,210.72236842,MARK_PRICE_EXACT_OPEN,1759104000000,0
SOLUSDT,1759132800002,0.0001,208.92,MARK_PRICE_PREVIOUS_FALLBACK,1759132800000,2
SOLUSDT,1759161600001,-0.00007412,210.42725439,MARK_PRICE_PREVIOUS_FALLBACK,1759161600000,1
SOLUSDT,1759190400002,-0.00005066,212.54009649,MARK_PRICE_PREVIOUS_FALLBACK,1759190400000,2
SOLUSDT,1759219200005,-0.00016084,208.86586842,MARK_PRICE_PREVIOUS_FALLBACK,1759219200000,5
SOLUSDT,1759248000000,-0.00003859,205.92147368,MARK_PRICE_EXACT_OPEN,1759248000000,0
SOLUSDT,1759276800000,0.0000707,208.6,MARK_PRICE_EXACT_OPEN,1759276800000,0
SOLUSDT,1759305600000,0.0001,210.09137931,MARK_PRICE_EXACT_OPEN,1759305600000,0
SOLUSDT,1759334400000,-0.00000702,220.13,MARK_PRICE_EXACT_OPEN,1759334400000,0
SOLUSDT,1759363200000,0.00007943,221.92,MARK_PRICE_EXACT_OPEN,1759363200000,0
SOLUSDT,1759392000013,-0.00009812,223,MARK_PRICE_PREVIOUS_FALLBACK,1759392000000,13
SOLUSDT,1759420800000,-0.00002091,227.09,MARK_PRICE_EXACT_OPEN,1759420800000,0
SOLUSDT,1759449600006,-0.00009937,233.95100877,MARK_PRICE_PREVIOUS_FALLBACK,1759449600000,6
SOLUSDT,1759478400006,0.00006248,229.48425439,MARK_PRICE_PREVIOUS_FALLBACK,1759478400000,6
SOLUSDT,1759507200000,0.00007389,234.67,MARK_PRICE_EXACT_OPEN,1759507200000,0
SOLUSDT,1759536000001,0.00007725,232.79395614,MARK_PRICE_PREVIOUS_FALLBACK,1759536000000,1
SOLUSDT,1759564800000,0.00000517,229.02445554,MARK_PRICE_EXACT_OPEN,1759564800000,0
SOLUSDT,1759593600000,0.0000104,224.55,MARK_PRICE_EXACT_OPEN,1759593600000,0
SOLUSDT,1759622400000,0.00001013,227.7387193,MARK_PRICE_EXACT_OPEN,1759622400000,0
SOLUSDT,1759651200003,0.0000881,236.64,MARK_PRICE_PREVIOUS_FALLBACK,1759651200000,3
SOLUSDT,1759680000009,-0.00004722,230.11,MARK_PRICE_PREVIOUS_FALLBACK,1759680000000,9
SOLUSDT,1759708800004,-0.00007241,228.39,MARK_PRICE_PREVIOUS_FALLBACK,1759708800000,4
SOLUSDT,1759737600002,0.00002963,231.76,MARK_PRICE_PREVIOUS_FALLBACK,1759737600000,2
SOLUSDT,1759766400004,0.00005395,235.92,MARK_PRICE_PREVIOUS_FALLBACK,1759766400000,4
SOLUSDT,1759795200000,0.00001768,232.27,MARK_PRICE_EXACT_OPEN,1759795200000,0
SOLUSDT,1759824000003,-0.00006695,230.60675439,MARK_PRICE_PREVIOUS_FALLBACK,1759824000000,3
SOLUSDT,1759852800000,-0.00002108,223.66,MARK_PRICE_EXACT_OPEN,1759852800000,0
SOLUSDT,1759881600000,-0.00006781,219.84930702,MARK_PRICE_EXACT_OPEN,1759881600000,0
SOLUSDT,1759910400006,-0.00000605,220.90744737,MARK_PRICE_PREVIOUS_FALLBACK,1759910400000,6
SOLUSDT,1759939200002,-0.00003581,220.93878947,MARK_PRICE_PREVIOUS_FALLBACK,1759939200000,2
SOLUSDT,1759968000001,0.0001,229.21933333,MARK_PRICE_PREVIOUS_FALLBACK,1759968000000,1
SOLUSDT,1759996800000,0.0001,224.4009386,MARK_PRICE_EXACT_OPEN,1759996800000,0
SOLUSDT,1760025600000,-0.00000236,219.05704386,MARK_PRICE_EXACT_OPEN,1760025600000,0
SOLUSDT,1760054400005,-0.00002367,220.74,MARK_PRICE_PREVIOUS_FALLBACK,1760054400000,5
SOLUSDT,1760083200002,0.00002784,217.86235088,MARK_PRICE_PREVIOUS_FALLBACK,1760083200000,2
SOLUSDT,1760112000014,0.00000306,210.17,MARK_PRICE_PREVIOUS_FALLBACK,1760112000000,14
SOLUSDT,1760140800000,-0.00302761,187.65,MARK_PRICE_EXACT_OPEN,1760140800000,0
SOLUSDT,1760169600003,-0.00203878,182.23764912,MARK_PRICE_PREVIOUS_FALLBACK,1760169600000,3
SOLUSDT,1760198400000,-0.00158704,183.58,MARK_PRICE_EXACT_OPEN,1760198400000,0
SOLUSDT,1760227200004,-0.00124994,176.91,MARK_PRICE_PREVIOUS_FALLBACK,1760227200000,4
SOLUSDT,1760256000002,-0.00123408,181.88127193,MARK_PRICE_PREVIOUS_FALLBACK,1760256000000,2
SOLUSDT,1760284800000,-0.00057183,191.04957895,MARK_PRICE_EXACT_OPEN,1760284800000,0
SOLUSDT,1760313600003,-0.00060725,196.34669298,MARK_PRICE_PREVIOUS_FALLBACK,1760313600000,3
SOLUSDT,1760342400002,-0.00023311,196.68064912,MARK_PRICE_PREVIOUS_FALLBACK,1760342400000,2
SOLUSDT,1760371200003,-0.00005122,196.15,MARK_PRICE_PREVIOUS_FALLBACK,1760371200000,3
SOLUSDT,1760400000000,0.00000621,208.58263158,MARK_PRICE_EXACT_OPEN,1760400000000,0
SOLUSDT,1760428800000,0.00004088,194.38,MARK_PRICE_EXACT_OPEN,1760428800000,0
SOLUSDT,1760457600000,-0.0000711,202.05735965,MARK_PRICE_EXACT_OPEN,1760457600000,0
SOLUSDT,1760486400006,-0.00006096,202.47,MARK_PRICE_PREVIOUS_FALLBACK,1760486400000,6
SOLUSDT,1760515200002,0.00005749,204.4554265,MARK_PRICE_PREVIOUS_FALLBACK,1760515200000,2
SOLUSDT,1760544000000,0.00004099,197.06,MARK_PRICE_EXACT_OPEN,1760544000000,0
SOLUSDT,1760572800000,-0.00006784,193.73,MARK_PRICE_EXACT_OPEN,1760572800000,0
SOLUSDT,1760601600003,-0.00004113,192.82,MARK_PRICE_PREVIOUS_FALLBACK,1760601600000,3
SOLUSDT,1760630400002,-0.00007614,186.67,MARK_PRICE_PREVIOUS_FALLBACK,1760630400000,2
SOLUSDT,1760659200001,-0.00002994,184.5,MARK_PRICE_PREVIOUS_FALLBACK,1760659200000,1
SOLUSDT,1760688000005,0.00007329,177.78,MARK_PRICE_PREVIOUS_FALLBACK,1760688000000,5
SOLUSDT,1760716800003,0.00009462,183.49561404,MARK_PRICE_PREVIOUS_FALLBACK,1760716800000,3
SOLUSDT,1760745600000,-0.00008545,181.89,MARK_PRICE_EXACT_OPEN,1760745600000,0
SOLUSDT,1760774400002,-0.00000155,186.13,MARK_PRICE_PREVIOUS_FALLBACK,1760774400000,2
SOLUSDT,1760803200001,-0.00003501,184.98,MARK_PRICE_PREVIOUS_FALLBACK,1760803200000,1
SOLUSDT,1760832000001,0.0001,187.60189474,MARK_PRICE_PREVIOUS_FALLBACK,1760832000000,1
SOLUSDT,1760860800001,0.00001997,185.94869328,MARK_PRICE_PREVIOUS_FALLBACK,1760860800000,1
SOLUSDT,1760889600001,0.0000225,190.69325439,MARK_PRICE_PREVIOUS_FALLBACK,1760889600000,1
SOLUSDT,1760918400004,-0.00008569,187.64,MARK_PRICE_PREVIOUS_FALLBACK,1760918400000,4
SOLUSDT,1760947200001,0.0000053,193.06157018,MARK_PRICE_PREVIOUS_FALLBACK,1760947200000,1
SOLUSDT,1760976000000,-0.00003004,190.42,MARK_PRICE_EXACT_OPEN,1760976000000,0
SOLUSDT,1761004800009,-0.00000342,189.46,MARK_PRICE_PREVIOUS_FALLBACK,1761004800000,9
SOLUSDT,1761033600000,-0.00008944,184.90031579,MARK_PRICE_EXACT_OPEN,1761033600000,0
SOLUSDT,1761062400000,0.00004135,196.17,MARK_PRICE_EXACT_OPEN,1761062400000,0
SOLUSDT,1761091200004,0.0001,185.56294737,MARK_PRICE_PREVIOUS_FALLBACK,1761091200000,4
SOLUSDT,1761120000000,-0.00009872,184.9,MARK_PRICE_EXACT_OPEN,1761120000000,0
SOLUSDT,1761148800000,-0.0000223,183.91,MARK_PRICE_EXACT_OPEN,1761148800000,0
SOLUSDT,1761177600000,-0.00003216,179.98452632,MARK_PRICE_EXACT_OPEN,1761177600000,0
SOLUSDT,1761206400001,0.00000684,187.48,MARK_PRICE_PREVIOUS_FALLBACK,1761206400000,1
SOLUSDT,1761235200004,0.0001,191.13,MARK_PRICE_PREVIOUS_FALLBACK,1761235200000,4
SOLUSDT,1761264000000,0.0001,191.27,MARK_PRICE_EXACT_OPEN,1761264000000,0
SOLUSDT,1761292800000,0.0001,192.09,MARK_PRICE_EXACT_OPEN,1761292800000,0
SOLUSDT,1761321600009,0.00001595,189.51,MARK_PRICE_PREVIOUS_FALLBACK,1761321600000,9
SOLUSDT,1761350400000,0.0001,193.51140653,MARK_PRICE_EXACT_OPEN,1761350400000,0
SOLUSDT,1761379200001,0.0001,193.85,MARK_PRICE_PREVIOUS_FALLBACK,1761379200000,1
SOLUSDT,1761408000001,0.00005536,191.84,MARK_PRICE_PREVIOUS_FALLBACK,1761408000000,1
SOLUSDT,1761436800001,0.00006721,193.72,MARK_PRICE_PREVIOUS_FALLBACK,1761436800000,1
SOLUSDT,1761465600001,0.00004492,193.89269298,MARK_PRICE_PREVIOUS_FALLBACK,1761465600000,1
SOLUSDT,1761494400000,0.00005882,199.42445614,MARK_PRICE_EXACT_OPEN,1761494400000,0
SOLUSDT,1761523200000,0.0001,199.95,MARK_PRICE_EXACT_OPEN,1761523200000,0
SOLUSDT,1761552000005,0.0001,202.12,MARK_PRICE_PREVIOUS_FALLBACK,1761552000000,5
SOLUSDT,1761580800000,0.00003983,200.01012281,MARK_PRICE_EXACT_OPEN,1761580800000,0
SOLUSDT,1761609600000,0.0000182,198.61111615,MARK_PRICE_EXACT_OPEN,1761609600000,0
SOLUSDT,1761638400000,0.00007929,202.29150877,MARK_PRICE_EXACT_OPEN,1761638400000,0
SOLUSDT,1761667200004,0.00000617,198.68,MARK_PRICE_PREVIOUS_FALLBACK,1761667200000,4
SOLUSDT,1761696000004,-0.0001386,193.94054386,MARK_PRICE_PREVIOUS_FALLBACK,1761696000000,4
SOLUSDT,1761724800005,-0.00005808,195.44,MARK_PRICE_PREVIOUS_FALLBACK,1761724800000,5
SOLUSDT,1761753600000,0.00008873,196.72,MARK_PRICE_EXACT_OPEN,1761753600000,0
SOLUSDT,1761782400004,7.1e-7,193.71061404,MARK_PRICE_PREVIOUS_FALLBACK,1761782400000,4
SOLUSDT,1761811200008,0.00002026,195.57658772,MARK_PRICE_PREVIOUS_FALLBACK,1761811200000,8
SOLUSDT,1761840000001,-0.00016797,184.48,MARK_PRICE_PREVIOUS_FALLBACK,1761840000000,1
SOLUSDT,1761868800000,-0.00022069,184.51,MARK_PRICE_EXACT_OPEN,1761868800000,0
SOLUSDT,1761897600008,-0.00007523,185.08,MARK_PRICE_PREVIOUS_FALLBACK,1761897600000,8
SOLUSDT,1761926400007,-0.00000138,187.71,MARK_PRICE_PREVIOUS_FALLBACK,1761926400000,7
SOLUSDT,1761955200001,0.0000015,187.1,MARK_PRICE_PREVIOUS_FALLBACK,1761955200000,1
SOLUSDT,1761984000000,0.0000293,185.71,MARK_PRICE_EXACT_OPEN,1761984000000,0
SOLUSDT,1762012800000,-0.00005041,186.30282456,MARK_PRICE_EXACT_OPEN,1762012800000,0
SOLUSDT,1762041600007,0.00005263,186.2,MARK_PRICE_PREVIOUS_FALLBACK,1762041600000,7
SOLUSDT,1762070400000,0.00002822,187.62594737,MARK_PRICE_EXACT_OPEN,1762070400000,0
SOLUSDT,1762099200001,-0.00007385,183.49,MARK_PRICE_PREVIOUS_FALLBACK,1762099200000,1
SOLUSDT,1762128000000,0.00002882,187.68483333,MARK_PRICE_EXACT_OPEN,1762128000000,0
SOLUSDT,1762156800010,-0.00017049,176.16,MARK_PRICE_PREVIOUS_FALLBACK,1762156800000,10
SOLUSDT,1762185600000,-0.00015146,166.7,MARK_PRICE_EXACT_OPEN,1762185600000,0
SOLUSDT,1762214400002,-0.00004994,165.69,MARK_PRICE_PREVIOUS_FALLBACK,1762214400000,2
SOLUSDT,1762243200004,-0.00013832,157.14,MARK_PRICE_PREVIOUS_FALLBACK,1762243200000,4
SOLUSDT,1762272000000,0.00001759,161.4,MARK_PRICE_EXACT_OPEN,1762272000000,0
SOLUSDT,1762300800000,0.00003273,154.95,MARK_PRICE_EXACT_OPEN,1762300800000,0
SOLUSDT,1762329600000,0.00005027,156.41,MARK_PRICE_EXACT_OPEN,1762329600000,0
SOLUSDT,1762358400004,-0.00011308,160.14158772,MARK_PRICE_PREVIOUS_FALLBACK,1762358400000,4
SOLUSDT,1762387200001,-0.0001041,162.07159649,MARK_PRICE_PREVIOUS_FALLBACK,1762387200000,1
SOLUSDT,1762416000000,-0.00004391,158.78,MARK_PRICE_EXACT_OPEN,1762416000000,0
SOLUSDT,1762444800001,0.00007661,155.97,MARK_PRICE_PREVIOUS_FALLBACK,1762444800000,1
SOLUSDT,1762473600005,-0.00001927,155.02531579,MARK_PRICE_PREVIOUS_FALLBACK,1762473600000,5
SOLUSDT,1762502400003,-0.00000473,157.63,MARK_PRICE_PREVIOUS_FALLBACK,1762502400000,3
SOLUSDT,1762531200005,0.00001958,155.22,MARK_PRICE_PREVIOUS_FALLBACK,1762531200000,5
SOLUSDT,1762560000011,0.0000895,161.89,MARK_PRICE_PREVIOUS_FALLBACK,1762560000000,11
SOLUSDT,1762588800015,-0.00001277,160.93,MARK_PRICE_PREVIOUS_FALLBACK,1762588800000,15
SOLUSDT,1762617600001,0.00000485,156.7,MARK_PRICE_PREVIOUS_FALLBACK,1762617600000,1
SOLUSDT,1762646400004,-0.00009501,157.65722807,MARK_PRICE_PREVIOUS_FALLBACK,1762646400000,4
SOLUSDT,1762675200000,-0.00002922,159.19086842,MARK_PRICE_EXACT_OPEN,1762675200000,0
SOLUSDT,1762704000005,0.00004444,162.59,MARK_PRICE_PREVIOUS_FALLBACK,1762704000000,5
SOLUSDT,1762732800000,0.0001,164.46,MARK_PRICE_EXACT_OPEN,1762732800000,0
SOLUSDT,1762761600000,-0.00011243,167.30646491,MARK_PRICE_EXACT_OPEN,1762761600000,0
SOLUSDT,1762790400003,-0.0000796,165.89,MARK_PRICE_PREVIOUS_FALLBACK,1762790400000,3
SOLUSDT,1762819200007,-0.000045,167.43630702,MARK_PRICE_PREVIOUS_FALLBACK,1762819200000,7
SOLUSDT,1762848000000,-0.00020845,163.88464912,MARK_PRICE_EXACT_OPEN,1762848000000,0
SOLUSDT,1762876800009,-0.00001407,161,MARK_PRICE_PREVIOUS_FALLBACK,1762876800000,9
SOLUSDT,1762905600000,-0.00002,154.5,MARK_PRICE_EXACT_OPEN,1762905600000,0
SOLUSDT,1762934400002,-0.00015825,154.95616667,MARK_PRICE_PREVIOUS_FALLBACK,1762934400000,2
SOLUSDT,1762963200000,-0.0000365,155.67933757,MARK_PRICE_EXACT_OPEN,1762963200000,0
SOLUSDT,1762992000002,-0.00008205,153.25,MARK_PRICE_PREVIOUS_FALLBACK,1762992000000,2
SOLUSDT,1763020800000,0.00003785,155.23678766,MARK_PRICE_EXACT_OPEN,1763020800000,0
SOLUSDT,1763049600001,-0.00001195,153.00035965,MARK_PRICE_PREVIOUS_FALLBACK,1763049600000,1
SOLUSDT,1763078400000,-0.00019091,144.63,MARK_PRICE_EXACT_OPEN,1763078400000,0
SOLUSDT,1763107200000,-0.00000995,142.77992502,MARK_PRICE_EXACT_OPEN,1763107200000,0
SOLUSDT,1763136000001,0.0001,141.93934402,MARK_PRICE_PREVIOUS_FALLBACK,1763136000000,1
SOLUSDT,1763164800005,0.0001,139.13,MARK_PRICE_PREVIOUS_FALLBACK,1763164800000,5
SOLUSDT,1763193600000,0.00005851,142.66,MARK_PRICE_EXACT_OPEN,1763193600000,0
SOLUSDT,1763222400001,-0.00001324,141.49,MARK_PRICE_PREVIOUS_FALLBACK,1763222400000,1
SOLUSDT,1763251200001,0.00004071,139.42868951,MARK_PRICE_PREVIOUS_FALLBACK,1763251200000,1
SOLUSDT,1763280000000,0.00007161,142.23,MARK_PRICE_EXACT_OPEN,1763280000000,0
SOLUSDT,1763308800000,-0.00000532,137.36,MARK_PRICE_EXACT_OPEN,1763308800000,0
SOLUSDT,1763337600003,0.0001,137.02,MARK_PRICE_PREVIOUS_FALLBACK,1763337600000,3
SOLUSDT,1763366400003,0.0001,141.25107875,MARK_PRICE_PREVIOUS_FALLBACK,1763366400000,3
SOLUSDT,1763395200000,0.00009994,137.05371218,MARK_PRICE_EXACT_OPEN,1763395200000,0
SOLUSDT,1763424000002,0.00002095,130.77,MARK_PRICE_PREVIOUS_FALLBACK,1763424000000,2
SOLUSDT,1763452800004,0.0001,136.96165865,MARK_PRICE_PREVIOUS_FALLBACK,1763452800000,4
SOLUSDT,1763481600000,0.00008922,139.62,MARK_PRICE_EXACT_OPEN,1763481600000,0
SOLUSDT,1763510400000,0.00002756,140.61,MARK_PRICE_EXACT_OPEN,1763510400000,0
SOLUSDT,1763539200000,0.00008916,140.49795401,MARK_PRICE_EXACT_OPEN,1763539200000,0
SOLUSDT,1763568000008,-0.00000686,134.64875054,MARK_PRICE_PREVIOUS_FALLBACK,1763568000000,8
SOLUSDT,1763596800000,-0.00010212,136.95450283,MARK_PRICE_EXACT_OPEN,1763596800000,0
SOLUSDT,1763625600000,0.0001,143.74,MARK_PRICE_EXACT_OPEN,1763625600000,0
SOLUSDT,1763654400000,0.0001,138.51605206,MARK_PRICE_EXACT_OPEN,1763654400000,0
SOLUSDT,1763683200001,-0.00009397,133.86668803,MARK_PRICE_PREVIOUS_FALLBACK,1763683200000,1
SOLUSDT,1763712000000,0.00005033,127.44652399,MARK_PRICE_EXACT_OPEN,1763712000000,0
SOLUSDT,1763740800001,-0.00012104,125.41,MARK_PRICE_PREVIOUS_FALLBACK,1763740800000,1
SOLUSDT,1763769600004,-0.00005419,128.67,MARK_PRICE_PREVIOUS_FALLBACK,1763769600000,4
SOLUSDT,1763798400000,-0.00003816,127.64001836,MARK_PRICE_EXACT_OPEN,1763798400000,0
SOLUSDT,1763827200000,-0.00005023,127.06788184,MARK_PRICE_EXACT_OPEN,1763827200000,0
SOLUSDT,1763856000000,0.00004294,127.51447344,MARK_PRICE_EXACT_OPEN,1763856000000,0
SOLUSDT,1763884800008,-0.00004937,128.87219652,MARK_PRICE_PREVIOUS_FALLBACK,1763884800000,8
SOLUSDT,1763913600003,0.00002945,132.72391276,MARK_PRICE_PREVIOUS_FALLBACK,1763913600000,3
SOLUSDT,1763942400004,0.00001509,130.32,MARK_PRICE_PREVIOUS_FALLBACK,1763942400000,4
SOLUSDT,1763971200000,0.00003449,130.24,MARK_PRICE_EXACT_OPEN,1763971200000,0
SOLUSDT,1764000000006,0.00000457,131.9,MARK_PRICE_PREVIOUS_FALLBACK,1764000000000,6
SOLUSDT,1764028800000,-0.00004847,138.3858728,MARK_PRICE_EXACT_OPEN,1764028800000,0
SOLUSDT,1764057600009,0.00008543,136.26,MARK_PRICE_PREVIOUS_FALLBACK,1764057600000,9
SOLUSDT,1764086400007,-0.00018105,134.8,MARK_PRICE_PREVIOUS_FALLBACK,1764086400000,7
SOLUSDT,1764115200001,-0.00000675,138.94,MARK_PRICE_PREVIOUS_FALLBACK,1764115200000,1
SOLUSDT,1764144000001,0.0001,139.71,MARK_PRICE_PREVIOUS_FALLBACK,1764144000000,1
SOLUSDT,1764172800000,-0.00008604,136.59395896,MARK_PRICE_EXACT_OPEN,1764172800000,0
SOLUSDT,1764201600013,0.0000882,142.96,MARK_PRICE_PREVIOUS_FALLBACK,1764201600000,13
SOLUSDT,1764230400000,-0.00001255,143.6720802,MARK_PRICE_EXACT_OPEN,1764230400000,0
SOLUSDT,1764259200004,0.00002643,141.96427538,MARK_PRICE_PREVIOUS_FALLBACK,1764259200000,4
SOLUSDT,1764288000008,-0.00006408,140.76342075,MARK_PRICE_PREVIOUS_FALLBACK,1764288000000,8
SOLUSDT,1764316800000,-0.00015136,138.89203804,MARK_PRICE_EXACT_OPEN,1764316800000,0
SOLUSDT,1764345600008,0.00002204,141.37218937,MARK_PRICE_PREVIOUS_FALLBACK,1764345600000,8
SOLUSDT,1764374400000,-0.00008328,137.27,MARK_PRICE_EXACT_OPEN,1764374400000,0
SOLUSDT,1764403200005,0.000061,137.21,MARK_PRICE_PREVIOUS_FALLBACK,1764403200000,5
SOLUSDT,1764432000001,0.00001089,137.52142754,MARK_PRICE_PREVIOUS_FALLBACK,1764432000000,1
SOLUSDT,1764460800003,0.00007173,135.93056187,MARK_PRICE_PREVIOUS_FALLBACK,1764460800000,3
SOLUSDT,1764489600000,0.00006664,136.44537986,MARK_PRICE_EXACT_OPEN,1764489600000,0
SOLUSDT,1764518400004,0.00008402,138.38399596,MARK_PRICE_PREVIOUS_FALLBACK,1764518400000,4
SOLUSDT,1764547200000,0.0001,133.39616862,MARK_PRICE_EXACT_OPEN,1764547200000,0
SOLUSDT,1764576000004,-0.00009161,127.17,MARK_PRICE_PREVIOUS_FALLBACK,1764576000000,4
SOLUSDT,1764604800000,0.00000707,125.05,MARK_PRICE_EXACT_OPEN,1764604800000,0
SOLUSDT,1764633600004,-0.00006147,126.63775233,MARK_PRICE_PREVIOUS_FALLBACK,1764633600000,4
SOLUSDT,1764662400000,0.00001549,127.18,MARK_PRICE_EXACT_OPEN,1764662400000,0
SOLUSDT,1764691200000,0.00002488,137.79831584,MARK_PRICE_EXACT_OPEN,1764691200000,0
SOLUSDT,1764720000000,0.0001,138.6340024,MARK_PRICE_EXACT_OPEN,1764720000000,0
SOLUSDT,1764748800000,0.00008835,141.82,MARK_PRICE_EXACT_OPEN,1764748800000,0
SOLUSDT,1764777600005,0.00006438,141.05617214,MARK_PRICE_PREVIOUS_FALLBACK,1764777600000,5
SOLUSDT,1764806400012,0.0001,144.75099012,MARK_PRICE_PREVIOUS_FALLBACK,1764806400000,12
SOLUSDT,1764835200000,0.00007212,143.38,MARK_PRICE_EXACT_OPEN,1764835200000,0
SOLUSDT,1764864000011,0.0001,142.98,MARK_PRICE_PREVIOUS_FALLBACK,1764864000000,11
SOLUSDT,1764892800000,0.00002583,138.95572447,MARK_PRICE_EXACT_OPEN,1764892800000,0
SOLUSDT,1764921600000,0.00004599,139.61,MARK_PRICE_EXACT_OPEN,1764921600000,0
SOLUSDT,1764950400010,0.00006353,134.90659357,MARK_PRICE_PREVIOUS_FALLBACK,1764950400000,10
SOLUSDT,1764979200001,-0.00002519,133.03,MARK_PRICE_PREVIOUS_FALLBACK,1764979200000,1
SOLUSDT,1765008000001,-0.00001154,132.64,MARK_PRICE_PREVIOUS_FALLBACK,1765008000000,1
SOLUSDT,1765036800008,-0.00002208,132.76343834,MARK_PRICE_PREVIOUS_FALLBACK,1765036800000,8
SOLUSDT,1765065600000,0.00004977,132.14,MARK_PRICE_EXACT_OPEN,1765065600000,0
SOLUSDT,1765094400004,0.00002491,131.86736592,MARK_PRICE_PREVIOUS_FALLBACK,1765094400000,4
SOLUSDT,1765123200000,-0.00004449,131.96,MARK_PRICE_EXACT_OPEN,1765123200000,0
SOLUSDT,1765152000000,-0.00004676,132.17,MARK_PRICE_EXACT_OPEN,1765152000000,0
SOLUSDT,1765180800000,0.00006981,135.79642378,MARK_PRICE_EXACT_OPEN,1765180800000,0
SOLUSDT,1765209600001,0.00007621,135.34151347,MARK_PRICE_PREVIOUS_FALLBACK,1765209600000,1
SOLUSDT,1765238400001,-0.00004393,132.98095835,MARK_PRICE_PREVIOUS_FALLBACK,1765238400000,1
SOLUSDT,1765267200001,0.00003189,133.09904302,MARK_PRICE_PREVIOUS_FALLBACK,1765267200000,1
SOLUSDT,1765296000007,-0.0000138,138.97548665,MARK_PRICE_PREVIOUS_FALLBACK,1765296000000,7
SOLUSDT,1765324800007,0.0001,137.81,MARK_PRICE_PREVIOUS_FALLBACK,1765324800000,7
SOLUSDT,1765353600002,0.00002067,139.01,MARK_PRICE_PREVIOUS_FALLBACK,1765353600000,2
SOLUSDT,1765382400012,0.0000231,136.09,MARK_PRICE_PREVIOUS_FALLBACK,1765382400000,12
SOLUSDT,1765411200001,0.00000945,136.13670967,MARK_PRICE_PREVIOUS_FALLBACK,1765411200000,1
SOLUSDT,1765440000000,-0.00016369,130.94044331,MARK_PRICE_EXACT_OPEN,1765440000000,0
SOLUSDT,1765468800000,-0.00006531,131.10957885,MARK_PRICE_EXACT_OPEN,1765468800000,0
SOLUSDT,1765497600005,0.00009412,136.58,MARK_PRICE_PREVIOUS_FALLBACK,1765497600000,5
SOLUSDT,1765526400007,0.0001,139.05237901,MARK_PRICE_PREVIOUS_FALLBACK,1765526400000,7
SOLUSDT,1765555200002,0.0001,133.48,MARK_PRICE_PREVIOUS_FALLBACK,1765555200000,2
SOLUSDT,1765584000001,-0.00007703,132.24306637,MARK_PRICE_PREVIOUS_FALLBACK,1765584000000,1
SOLUSDT,1765612800006,-0.00002011,132.95,MARK_PRICE_PREVIOUS_FALLBACK,1765612800000,6
SOLUSDT,1765641600000,-0.00002083,133.21568344,MARK_PRICE_EXACT_OPEN,1765641600000,0
SOLUSDT,1765670400000,-0.0000151,133.05,MARK_PRICE_EXACT_OPEN,1765670400000,0
SOLUSDT,1765699200003,-0.00002194,133.26074347,MARK_PRICE_PREVIOUS_FALLBACK,1765699200000,3
SOLUSDT,1765728000005,-0.00009436,130.4612286,MARK_PRICE_PREVIOUS_FALLBACK,1765728000000,5
SOLUSDT,1765756800000,-0.00009823,129.28,MARK_PRICE_EXACT_OPEN,1765756800000,0
SOLUSDT,1765785600000,0.00002213,132.29,MARK_PRICE_EXACT_OPEN,1765785600000,0
SOLUSDT,1765814400000,0.00002482,126.81163833,MARK_PRICE_EXACT_OPEN,1765814400000,0
SOLUSDT,1765843200002,-0.00012962,127.57112816,MARK_PRICE_PREVIOUS_FALLBACK,1765843200000,2
SOLUSDT,1765872000000,-0.00006503,125.48633544,MARK_PRICE_EXACT_OPEN,1765872000000,0
SOLUSDT,1765900800002,0.00006541,129.59670644,MARK_PRICE_PREVIOUS_FALLBACK,1765900800000,2
SOLUSDT,1765929600004,0.00003595,128.94363887,MARK_PRICE_PREVIOUS_FALLBACK,1765929600000,4
SOLUSDT,1765958400000,0.0000339,128.20336562,MARK_PRICE_EXACT_OPEN,1765958400000,0
SOLUSDT,1765987200000,0.00005848,126.72,MARK_PRICE_EXACT_OPEN,1765987200000,0
SOLUSDT,1766016000005,-0.00017374,123.22364502,MARK_PRICE_PREVIOUS_FALLBACK,1766016000000,5
SOLUSDT,1766044800007,-0.00003187,122.75,MARK_PRICE_PREVIOUS_FALLBACK,1766044800000,7
SOLUSDT,1766073600001,0.00004877,127.34,MARK_PRICE_PREVIOUS_FALLBACK,1766073600000,1
SOLUSDT,1766102400000,-0.00003298,119.53,MARK_PRICE_EXACT_OPEN,1766102400000,0
SOLUSDT,1766131200001,0.00007363,124.48,MARK_PRICE_PREVIOUS_FALLBACK,1766131200000,1
SOLUSDT,1766160000000,0.0001,125.02653782,MARK_PRICE_EXACT_OPEN,1766160000000,0
SOLUSDT,1766188800005,0.0001,126.23,MARK_PRICE_PREVIOUS_FALLBACK,1766188800000,5
SOLUSDT,1766217600000,0.00006912,126.13288035,MARK_PRICE_EXACT_OPEN,1766217600000,0
SOLUSDT,1766246400002,0.00006936,126.42,MARK_PRICE_PREVIOUS_FALLBACK,1766246400000,2
SOLUSDT,1766275200000,0.00008009,125.74,MARK_PRICE_EXACT_OPEN,1766275200000,0
SOLUSDT,1766304000009,0.00009929,125.18727764,MARK_PRICE_PREVIOUS_FALLBACK,1766304000000,9
SOLUSDT,1766332800000,-0.00001358,124.98986373,MARK_PRICE_EXACT_OPEN,1766332800000,0
SOLUSDT,1766361600000,0.00003525,125.97,MARK_PRICE_EXACT_OPEN,1766361600000,0
SOLUSDT,1766390400005,0.00004368,126.34237998,MARK_PRICE_PREVIOUS_FALLBACK,1766390400000,5
SOLUSDT,1766419200009,0.00005393,128.28,MARK_PRICE_PREVIOUS_FALLBACK,1766419200000,9
SOLUSDT,1766448000000,-0.000062,125.86,MARK_PRICE_EXACT_OPEN,1766448000000,0
SOLUSDT,1766476800000,0.00002113,124.14,MARK_PRICE_EXACT_OPEN,1766476800000,0
SOLUSDT,1766505600001,-0.00007533,123.05,MARK_PRICE_PREVIOUS_FALLBACK,1766505600000,1
SOLUSDT,1766534400001,0.00007105,124.11961168,MARK_PRICE_PREVIOUS_FALLBACK,1766534400000,1
SOLUSDT,1766563200001,-0.00000347,121.26,MARK_PRICE_PREVIOUS_FALLBACK,1766563200000,1
SOLUSDT,1766592000000,0.00002942,122.6860402,MARK_PRICE_EXACT_OPEN,1766592000000,0
SOLUSDT,1766620800000,0.0001,122.49,MARK_PRICE_EXACT_OPEN,1766620800000,0
SOLUSDT,1766649600001,0.0001,122.24,MARK_PRICE_PREVIOUS_FALLBACK,1766649600000,1
SOLUSDT,1766678400005,0.0000298,123.74137884,MARK_PRICE_PREVIOUS_FALLBACK,1766678400000,5
SOLUSDT,1766707200004,0.0000816,119.86746475,MARK_PRICE_PREVIOUS_FALLBACK,1766707200000,4
SOLUSDT,1766736000001,0.00004708,122.85,MARK_PRICE_PREVIOUS_FALLBACK,1766736000000,1
SOLUSDT,1766764800007,0.0001,121.61219199,MARK_PRICE_PREVIOUS_FALLBACK,1766764800000,7
SOLUSDT,1766793600000,0.00000489,122.21685571,MARK_PRICE_EXACT_OPEN,1766793600000,0
SOLUSDT,1766822400000,0.0001,123.11,MARK_PRICE_EXACT_OPEN,1766822400000,0
SOLUSDT,1766851200011,0.0001,123.3,MARK_PRICE_PREVIOUS_FALLBACK,1766851200000,11
SOLUSDT,1766880000008,0.0001,124.76208499,MARK_PRICE_PREVIOUS_FALLBACK,1766880000000,8
SOLUSDT,1766908800000,0.0001,124.17,MARK_PRICE_EXACT_OPEN,1766908800000,0
SOLUSDT,1766937600000,0.0001,124.4,MARK_PRICE_EXACT_OPEN,1766937600000,0
SOLUSDT,1766966400016,0.00005464,125.15905784,MARK_PRICE_PREVIOUS_FALLBACK,1766966400000,16
SOLUSDT,1766995200001,0.0001,127.88,MARK_PRICE_PREVIOUS_FALLBACK,1766995200000,1
SOLUSDT,1767024000000,-0.00003375,123.36978281,MARK_PRICE_EXACT_OPEN,1767024000000,0
SOLUSDT,1767052800005,-0.00002097,123.14,MARK_PRICE_PREVIOUS_FALLBACK,1767052800000,5
SOLUSDT,1767081600001,-0.00003541,123.93056049,MARK_PRICE_PREVIOUS_FALLBACK,1767081600000,1
SOLUSDT,1767110400003,0.0001,125.28,MARK_PRICE_PREVIOUS_FALLBACK,1767110400000,3
SOLUSDT,1767139200004,0.0001,124.69,MARK_PRICE_PREVIOUS_FALLBACK,1767139200000,4
SOLUSDT,1767168000001,0.00002078,125.92079395,MARK_PRICE_PREVIOUS_FALLBACK,1767168000000,1
SOLUSDT,1767196800001,0.0001,125.60109411,MARK_PRICE_PREVIOUS_FALLBACK,1767196800000,1
SOLUSDT,1767225600008,0.00002778,124.55,MARK_PRICE_PREVIOUS_FALLBACK,1767225600000,8
SOLUSDT,1767254400002,0.00001759,124.21,MARK_PRICE_PREVIOUS_FALLBACK,1767254400000,2
SOLUSDT,1767283200001,0.00002227,124.91371105,MARK_PRICE_PREVIOUS_FALLBACK,1767283200000,1
SOLUSDT,1767312000006,0.0001,126.99,MARK_PRICE_PREVIOUS_FALLBACK,1767312000000,6
SOLUSDT,1767340800007,0.0001,127.12,MARK_PRICE_PREVIOUS_FALLBACK,1767340800000,7
SOLUSDT,1767369600000,0.0001,128.95,MARK_PRICE_EXACT_OPEN,1767369600000,0
SOLUSDT,1767398400001,0.0001,132.30845541,MARK_PRICE_PREVIOUS_FALLBACK,1767398400000,1
SOLUSDT,1767427200000,0.00008286,130.04561207,MARK_PRICE_EXACT_OPEN,1767427200000,0
SOLUSDT,1767456000000,0.00006427,131.41171045,MARK_PRICE_EXACT_OPEN,1767456000000,0
SOLUSDT,1767484800000,0.0001,133.31,MARK_PRICE_EXACT_OPEN,1767484800000,0
SOLUSDT,1767513600000,0.00004499,133.76582109,MARK_PRICE_EXACT_OPEN,1767513600000,0
SOLUSDT,1767542400001,0.00004667,134.82,MARK_PRICE_PREVIOUS_FALLBACK,1767542400000,1
SOLUSDT,1767571200000,0.00005164,134.05546468,MARK_PRICE_EXACT_OPEN,1767571200000,0
SOLUSDT,1767600000000,0.00001007,135.34642229,MARK_PRICE_EXACT_OPEN,1767600000000,0
SOLUSDT,1767628800000,0.00001357,136.11752274,MARK_PRICE_EXACT_OPEN,1767628800000,0
SOLUSDT,1767657600010,0.0001,137.95,MARK_PRICE_PREVIOUS_FALLBACK,1767657600000,10
SOLUSDT,1767686400000,0.00003473,137.52,MARK_PRICE_EXACT_OPEN,1767686400000,0
SOLUSDT,1767715200000,0.0001,141.56,MARK_PRICE_EXACT_OPEN,1767715200000,0
SOLUSDT,1767744000001,0.0001,140.81,MARK_PRICE_PREVIOUS_FALLBACK,1767744000000,1
SOLUSDT,1767772800001,-0.00000147,139.4005877,MARK_PRICE_PREVIOUS_FALLBACK,1767772800000,1
SOLUSDT,1767801600001,-0.00004471,135.79805082,MARK_PRICE_PREVIOUS_FALLBACK,1767801600000,1
SOLUSDT,1767830400001,0.00002799,136.22,MARK_PRICE_PREVIOUS_FALLBACK,1767830400000,1
SOLUSDT,1767859200000,0.00007768,135.82,MARK_PRICE_EXACT_OPEN,1767859200000,0
SOLUSDT,1767888000000,8.5e-7,136.35028542,MARK_PRICE_EXACT_OPEN,1767888000000,0
SOLUSDT,1767916800003,0.0001,138.38,MARK_PRICE_PREVIOUS_FALLBACK,1767916800000,3
SOLUSDT,1767945600000,0.00009569,139.51,MARK_PRICE_EXACT_OPEN,1767945600000,0
SOLUSDT,1767974400001,0.0001,138.7,MARK_PRICE_PREVIOUS_FALLBACK,1767974400000,1
SOLUSDT,1768003200000,-0.00009725,135.89376587,MARK_PRICE_EXACT_OPEN,1768003200000,0
SOLUSDT,1768032000002,-0.00006589,136.04598724,MARK_PRICE_PREVIOUS_FALLBACK,1768032000000,2
SOLUSDT,1768060800001,-0.00000182,136.36052758,MARK_PRICE_PREVIOUS_FALLBACK,1768060800000,1
SOLUSDT,1768089600003,0.00008687,135.76957391,MARK_PRICE_PREVIOUS_FALLBACK,1768089600000,3
SOLUSDT,1768118400006,0.0001,136.15726414,MARK_PRICE_PREVIOUS_FALLBACK,1768118400000,6
SOLUSDT,1768147200000,0.00004403,138.38,MARK_PRICE_EXACT_OPEN,1768147200000,0
SOLUSDT,1768176000005,0.0001,139.44,MARK_PRICE_PREVIOUS_FALLBACK,1768176000000,5
SOLUSDT,1768204800000,0.0001,141.34,MARK_PRICE_EXACT_OPEN,1768204800000,0
SOLUSDT,1768233600000,0.0000369,142.55,MARK_PRICE_EXACT_OPEN,1768233600000,0
SOLUSDT,1768262400007,0.00003697,139.07,MARK_PRICE_PREVIOUS_FALLBACK,1768262400000,7
SOLUSDT,1768291200009,0.00002223,140.05085447,MARK_PRICE_PREVIOUS_FALLBACK,1768291200000,9
SOLUSDT,1768320000002,0.0001,143.75927214,MARK_PRICE_PREVIOUS_FALLBACK,1768320000000,2
SOLUSDT,1768348800000,0.0001,145.47779433,MARK_PRICE_EXACT_OPEN,1768348800000,0
SOLUSDT,1768377600001,0.0001,144.78,MARK_PRICE_PREVIOUS_FALLBACK,1768377600000,1
SOLUSDT,1768406400004,0.00009806,147.18,MARK_PRICE_PREVIOUS_FALLBACK,1768406400000,4
SOLUSDT,1768435200000,0.0001,146.61552552,MARK_PRICE_EXACT_OPEN,1768435200000,0
SOLUSDT,1768464000004,0.00000975,144.91577894,MARK_PRICE_PREVIOUS_FALLBACK,1768464000000,4
SOLUSDT,1768492800002,-0.00001293,143.41,MARK_PRICE_PREVIOUS_FALLBACK,1768492800000,2
SOLUSDT,1768521600000,-0.00004172,142.3258028,MARK_PRICE_EXACT_OPEN,1768521600000,0
SOLUSDT,1768550400000,-0.00001717,142.85,MARK_PRICE_EXACT_OPEN,1768550400000,0
SOLUSDT,1768579200001,0.0000127,140.87,MARK_PRICE_PREVIOUS_FALLBACK,1768579200000,1
SOLUSDT,1768608000000,0.0001,144.83553814,MARK_PRICE_EXACT_OPEN,1768608000000,0
SOLUSDT,1768636800000,0.00007146,143.56213667,MARK_PRICE_EXACT_OPEN,1768636800000,0
SOLUSDT,1768665600002,-0.00001012,144.1277411,MARK_PRICE_PREVIOUS_FALLBACK,1768665600000,2
SOLUSDT,1768694400001,0.00001596,143.61,MARK_PRICE_PREVIOUS_FALLBACK,1768694400000,1
SOLUSDT,1768723200000,-0.00009483,142.03184718,MARK_PRICE_EXACT_OPEN,1768723200000,0
SOLUSDT,1768752000000,-0.0000306,141.91242695,MARK_PRICE_EXACT_OPEN,1768752000000,0
SOLUSDT,1768780800007,-0.00001163,135.46792346,MARK_PRICE_PREVIOUS_FALLBACK,1768780800000,7
SOLUSDT,1768809600007,0.00002229,133.23377546,MARK_PRICE_PREVIOUS_FALLBACK,1768809600000,7
SOLUSDT,1768838400007,0.00009979,133.49,MARK_PRICE_PREVIOUS_FALLBACK,1768838400000,7
SOLUSDT,1768867200005,0.00002304,133.37790737,MARK_PRICE_PREVIOUS_FALLBACK,1768867200000,5
SOLUSDT,1768896000001,0.00008389,130.54026901,MARK_PRICE_PREVIOUS_FALLBACK,1768896000000,1
SOLUSDT,1768924800009,-0.00006674,127.91069754,MARK_PRICE_PREVIOUS_FALLBACK,1768924800000,9
SOLUSDT,1768953600001,0.00000213,126.00323632,MARK_PRICE_PREVIOUS_FALLBACK,1768953600000,1
SOLUSDT,1768982400011,-0.0000273,127.39,MARK_PRICE_PREVIOUS_FALLBACK,1768982400000,11
SOLUSDT,1769011200011,0.00000381,130.29,MARK_PRICE_PREVIOUS_FALLBACK,1769011200000,11
SOLUSDT,1769040000010,0.00006571,129.69,MARK_PRICE_PREVIOUS_FALLBACK,1769040000000,10
SOLUSDT,1769068800003,-0.00006167,129.77,MARK_PRICE_PREVIOUS_FALLBACK,1769068800000,3
SOLUSDT,1769097600005,-0.00006749,127.65,MARK_PRICE_PREVIOUS_FALLBACK,1769097600000,5
SOLUSDT,1769126400005,-0.00001016,128.42513116,MARK_PRICE_PREVIOUS_FALLBACK,1769126400000,5
SOLUSDT,1769155200000,0.00001237,127.84286467,MARK_PRICE_EXACT_OPEN,1769155200000,0
SOLUSDT,1769184000011,-0.00006703,127.73069347,MARK_PRICE_PREVIOUS_FALLBACK,1769184000000,11
SOLUSDT,1769212800011,-0.00001852,127.36943936,MARK_PRICE_PREVIOUS_FALLBACK,1769212800000,11
SOLUSDT,1769241600002,-0.00000928,127.09,MARK_PRICE_PREVIOUS_FALLBACK,1769241600000,2
SOLUSDT,1769270400001,0.00000543,126.82,MARK_PRICE_PREVIOUS_FALLBACK,1769270400000,1
SOLUSDT,1769299200002,-0.00007297,127.20072648,MARK_PRICE_PREVIOUS_FALLBACK,1769299200000,2
SOLUSDT,1769328000011,-0.00003952,126.4,MARK_PRICE_PREVIOUS_FALLBACK,1769328000000,11
SOLUSDT,1769356800005,0.00005353,125.34,MARK_PRICE_PREVIOUS_FALLBACK,1769356800000,5
SOLUSDT,1769385600000,-0.00020746,118.77551437,MARK_PRICE_EXACT_OPEN,1769385600000,0
SOLUSDT,1769414400003,0.00000717,122.81,MARK_PRICE_PREVIOUS_FALLBACK,1769414400000,3
SOLUSDT,1769443200000,0.00002194,123.46,MARK_PRICE_EXACT_OPEN,1769443200000,0
SOLUSDT,1769472000002,0.00008056,124.09135667,MARK_PRICE_PREVIOUS_FALLBACK,1769472000000,2
SOLUSDT,1769500800000,0.00007857,124.45982222,MARK_PRICE_EXACT_OPEN,1769500800000,0
SOLUSDT,1769529600000,0.00002427,124.96456833,MARK_PRICE_EXACT_OPEN,1769529600000,0
SOLUSDT,1769558400000,0.00008604,127.12,MARK_PRICE_EXACT_OPEN,1769558400000,0
SOLUSDT,1769587200000,0.00006014,127.04,MARK_PRICE_EXACT_OPEN,1769587200000,0
SOLUSDT,1769616000000,0.00003305,126.01,MARK_PRICE_EXACT_OPEN,1769616000000,0
SOLUSDT,1769644800000,0.0000145,125.29,MARK_PRICE_EXACT_OPEN,1769644800000,0
SOLUSDT,1769673600009,-0.00005141,123.55733988,MARK_PRICE_PREVIOUS_FALLBACK,1769673600000,9
SOLUSDT,1769702400000,-0.0000762,117.59121661,MARK_PRICE_EXACT_OPEN,1769702400000,0
SOLUSDT,1769731200008,-0.000182,117.83887883,MARK_PRICE_PREVIOUS_FALLBACK,1769731200000,8
SOLUSDT,1769760000000,-0.00008985,115.72893809,MARK_PRICE_EXACT_OPEN,1769760000000,0
SOLUSDT,1769788800001,-0.00004603,116.71926559,MARK_PRICE_PREVIOUS_FALLBACK,1769788800000,1
SOLUSDT,1769817600000,-0.00000473,117.53,MARK_PRICE_EXACT_OPEN,1769817600000,0
SOLUSDT,1769846400001,-0.00019176,117.37,MARK_PRICE_PREVIOUS_FALLBACK,1769846400000,1
SOLUSDT,1769875200009,-0.00015483,108.8,MARK_PRICE_PREVIOUS_FALLBACK,1769875200000,9
SOLUSDT,1769904000001,-0.00069212,105.31,MARK_PRICE_PREVIOUS_FALLBACK,1769904000000,1
SOLUSDT,1769932800004,-0.00019219,105.13,MARK_PRICE_PREVIOUS_FALLBACK,1769932800000,4
SOLUSDT,1769961600000,-0.00008954,101.61,MARK_PRICE_EXACT_OPEN,1769961600000,0
SOLUSDT,1769990400000,-0.00014659,100.72,MARK_PRICE_EXACT_OPEN,1769990400000,0
SOLUSDT,1770019200014,-0.00007189,101.53,MARK_PRICE_PREVIOUS_FALLBACK,1770019200000,14
SOLUSDT,1770048000000,-0.00005479,104.6312824,MARK_PRICE_EXACT_OPEN,1770048000000,0
SOLUSDT,1770076800000,-0.00012874,104.47417437,MARK_PRICE_EXACT_OPEN,1770076800000,0
SOLUSDT,1770105600007,-0.00009347,104.56,MARK_PRICE_PREVIOUS_FALLBACK,1770105600000,7
SOLUSDT,1770134400000,-0.00016414,102.52093071,MARK_PRICE_EXACT_OPEN,1770134400000,0
SOLUSDT,1770163200002,-0.00017777,97.7315454,MARK_PRICE_PREVIOUS_FALLBACK,1770163200000,2
SOLUSDT,1770192000007,-0.00047041,97.84,MARK_PRICE_PREVIOUS_FALLBACK,1770192000000,7
SOLUSDT,1770220800000,-0.00033402,92.69,MARK_PRICE_EXACT_OPEN,1770220800000,0
SOLUSDT,1770249600011,-0.00002794,92.06,MARK_PRICE_PREVIOUS_FALLBACK,1770249600000,11
SOLUSDT,1770278400000,0.00000948,90.5,MARK_PRICE_EXACT_OPEN,1770278400000,0
SOLUSDT,1770307200007,-0.00002324,84.67,MARK_PRICE_PREVIOUS_FALLBACK,1770307200000,7
SOLUSDT,1770336000000,-0.00016041,78.29703527,MARK_PRICE_EXACT_OPEN,1770336000000,0
SOLUSDT,1770364800001,-0.00043701,79.42236061,MARK_PRICE_PREVIOUS_FALLBACK,1770364800000,1
SOLUSDT,1770393600000,-0.00055144,84.39,MARK_PRICE_EXACT_OPEN,1770393600000,0
SOLUSDT,1770422400003,-0.00053126,87.04,MARK_PRICE_PREVIOUS_FALLBACK,1770422400000,3
SOLUSDT,1770451200000,-0.00024143,85.26068912,MARK_PRICE_EXACT_OPEN,1770451200000,0
SOLUSDT,1770480000010,-0.00015393,86.48,MARK_PRICE_PREVIOUS_FALLBACK,1770480000000,10
SOLUSDT,1770508800003,-0.00028211,87.38,MARK_PRICE_PREVIOUS_FALLBACK,1770508800000,3
SOLUSDT,1770537600000,-0.00039857,87.3212335,MARK_PRICE_EXACT_OPEN,1770537600000,0
SOLUSDT,1770566400000,-0.00030758,87.72,MARK_PRICE_EXACT_OPEN,1770566400000,0
SOLUSDT,1770595200002,-0.00018599,86.90910586,MARK_PRICE_PREVIOUS_FALLBACK,1770595200000,2
SOLUSDT,1770624000001,-0.00015733,85.46,MARK_PRICE_PREVIOUS_FALLBACK,1770624000000,1
SOLUSDT,1770652800007,-0.00001919,85.26,MARK_PRICE_PREVIOUS_FALLBACK,1770652800000,7
SOLUSDT,1770681600000,-0.00012797,86.71341251,MARK_PRICE_EXACT_OPEN,1770681600000,0
SOLUSDT,1770710400007,-0.00009266,84.65854854,MARK_PRICE_PREVIOUS_FALLBACK,1770710400000,7
SOLUSDT,1770739200000,-0.00015079,84.25,MARK_PRICE_EXACT_OPEN,1770739200000,0
SOLUSDT,1770768000000,0.00003598,82.96,MARK_PRICE_EXACT_OPEN,1770768000000,0
SOLUSDT,1770796800006,-0.00009212,80.97626559,MARK_PRICE_PREVIOUS_FALLBACK,1770796800000,6
SOLUSDT,1770825600000,-0.00008635,79.66036535,MARK_PRICE_EXACT_OPEN,1770825600000,0
SOLUSDT,1770854400000,-0.0001924,79.26506784,MARK_PRICE_EXACT_OPEN,1770854400000,0
SOLUSDT,1770883200001,-0.00007372,80.81,MARK_PRICE_PREVIOUS_FALLBACK,1770883200000,1
SOLUSDT,1770912000001,-0.00016709,80.10388462,MARK_PRICE_PREVIOUS_FALLBACK,1770912000000,1
SOLUSDT,1770940800007,-0.00004022,78.35096156,MARK_PRICE_PREVIOUS_FALLBACK,1770940800000,7
SOLUSDT,1770969600003,-0.00000612,78.95410682,MARK_PRICE_PREVIOUS_FALLBACK,1770969600000,3
SOLUSDT,1770998400005,0.0000071,83.08,MARK_PRICE_PREVIOUS_FALLBACK,1770998400000,5
SOLUSDT,1771027200002,0.00002902,84.28,MARK_PRICE_PREVIOUS_FALLBACK,1771027200000,2
SOLUSDT,1771056000004,-0.00007743,85.14850128,MARK_PRICE_PREVIOUS_FALLBACK,1771056000000,4
SOLUSDT,1771084800002,-0.00005619,87.32633508,MARK_PRICE_PREVIOUS_FALLBACK,1771084800000,2
SOLUSDT,1771113600000,-0.00017847,88.01,MARK_PRICE_EXACT_OPEN,1771113600000,0
SOLUSDT,1771142400002,-0.0000101,90.72273723,MARK_PRICE_PREVIOUS_FALLBACK,1771142400000,2
SOLUSDT,1771171200000,0.00005339,87.36140729,MARK_PRICE_EXACT_OPEN,1771171200000,0
SOLUSDT,1771200000001,-0.00004817,85.96117421,MARK_PRICE_PREVIOUS_FALLBACK,1771200000000,1
SOLUSDT,1771228800003,-0.0000066,85.02032304,MARK_PRICE_PREVIOUS_FALLBACK,1771228800000,3
SOLUSDT,1771257600000,-0.00015888,83.16,MARK_PRICE_EXACT_OPEN,1771257600000,0
SOLUSDT,1771286400008,-0.00003812,86.40779926,MARK_PRICE_PREVIOUS_FALLBACK,1771286400000,8
SOLUSDT,1771315200001,-0.00005851,86.54,MARK_PRICE_PREVIOUS_FALLBACK,1771315200000,1
SOLUSDT,1771344000002,-0.00012454,83.8,MARK_PRICE_PREVIOUS_FALLBACK,1771344000000,2
SOLUSDT,1771372800000,-0.00009696,85.03,MARK_PRICE_EXACT_OPEN,1771372800000,0
SOLUSDT,1771401600000,-0.00003984,85.22,MARK_PRICE_EXACT_OPEN,1771401600000,0
SOLUSDT,1771430400011,-0.0002287,82.91,MARK_PRICE_PREVIOUS_FALLBACK,1771430400000,11
SOLUSDT,1771459200013,-0.00012426,81.53673663,MARK_PRICE_PREVIOUS_FALLBACK,1771459200000,13
SOLUSDT,1771488000000,-0.00012365,82.35184032,MARK_PRICE_EXACT_OPEN,1771488000000,0
SOLUSDT,1771516800003,0.00003106,80.5,MARK_PRICE_PREVIOUS_FALLBACK,1771516800000,3
SOLUSDT,1771545600000,0.00002253,82.46,MARK_PRICE_EXACT_OPEN,1771545600000,0
SOLUSDT,1771574400000,-0.00009514,83.39413085,MARK_PRICE_EXACT_OPEN,1771574400000,0
SOLUSDT,1771603200000,0.00000303,84.33,MARK_PRICE_EXACT_OPEN,1771603200000,0
SOLUSDT,1771632000004,0.00005856,84.57784696,MARK_PRICE_PREVIOUS_FALLBACK,1771632000000,4
SOLUSDT,1771660800000,-0.00009185,84.18,MARK_PRICE_EXACT_OPEN,1771660800000,0
SOLUSDT,1771689600005,-0.00000616,86.59,MARK_PRICE_PREVIOUS_FALLBACK,1771689600000,5
SOLUSDT,1771718400001,-0.00005057,85.11,MARK_PRICE_PREVIOUS_FALLBACK,1771718400000,1
SOLUSDT,1771747200004,-0.00010584,85.1306784,MARK_PRICE_PREVIOUS_FALLBACK,1771747200000,4
SOLUSDT,1771776000000,-0.00006575,83.45453353,MARK_PRICE_EXACT_OPEN,1771776000000,0
SOLUSDT,1771804800001,-0.00007447,82.71063972,MARK_PRICE_PREVIOUS_FALLBACK,1771804800000,1
SOLUSDT,1771833600000,-0.00053535,79.3336457,MARK_PRICE_EXACT_OPEN,1771833600000,0
SOLUSDT,1771862400000,-0.00014788,79.38274202,MARK_PRICE_EXACT_OPEN,1771862400000,0
SOLUSDT,1771891200007,-0.00004143,78.08,MARK_PRICE_PREVIOUS_FALLBACK,1771891200000,7
SOLUSDT,1771920000000,-0.00007491,76.81636569,MARK_PRICE_EXACT_OPEN,1771920000000,0
SOLUSDT,1771948800001,-0.00005768,77.24,MARK_PRICE_PREVIOUS_FALLBACK,1771948800000,1
SOLUSDT,1771977600001,-0.00017258,78.97,MARK_PRICE_PREVIOUS_FALLBACK,1771977600000,1
SOLUSDT,1772006400007,0.00006827,82.14,MARK_PRICE_PREVIOUS_FALLBACK,1772006400000,7
SOLUSDT,1772035200000,0.0000624,85.9523839,MARK_PRICE_EXACT_OPEN,1772035200000,0
SOLUSDT,1772064000000,0.0001,88.01446853,MARK_PRICE_EXACT_OPEN,1772064000000,0
SOLUSDT,1772092800006,0.00001584,87.36,MARK_PRICE_PREVIOUS_FALLBACK,1772092800000,6
SOLUSDT,1772121600002,-0.00006714,86.71,MARK_PRICE_PREVIOUS_FALLBACK,1772121600000,2
SOLUSDT,1772150400007,-0.00000235,85.84004002,MARK_PRICE_PREVIOUS_FALLBACK,1772150400000,7
SOLUSDT,1772179200000,-0.00008411,87.27350697,MARK_PRICE_EXACT_OPEN,1772179200000,0
SOLUSDT,1772208000001,-0.00018881,82.48,MARK_PRICE_PREVIOUS_FALLBACK,1772208000000,1
SOLUSDT,1772236800000,0.00000504,81.8,MARK_PRICE_EXACT_OPEN,1772236800000,0
SOLUSDT,1772265600000,-0.00020116,78.66,MARK_PRICE_EXACT_OPEN,1772265600000,0
SOLUSDT,1772294400004,-0.00022315,80.73,MARK_PRICE_PREVIOUS_FALLBACK,1772294400000,4
SOLUSDT,1772323200005,-0.00004585,84.50416738,MARK_PRICE_PREVIOUS_FALLBACK,1772323200000,5
SOLUSDT,1772352000000,0.0001,86.58,MARK_PRICE_EXACT_OPEN,1772352000000,0
SOLUSDT,1772380800002,0.00005377,85.44820579,MARK_PRICE_PREVIOUS_FALLBACK,1772380800000,2
SOLUSDT,1772409600001,0.00002413,83.50854346,MARK_PRICE_PREVIOUS_FALLBACK,1772409600000,1
SOLUSDT,1772438400007,-0.0000858,82.77164478,MARK_PRICE_PREVIOUS_FALLBACK,1772438400000,7
SOLUSDT,1772467200000,-0.00001424,88.75543251,MARK_PRICE_EXACT_OPEN,1772467200000,0
SOLUSDT,1772496000000,-0.00003622,86.6,MARK_PRICE_EXACT_OPEN,1772496000000,0
SOLUSDT,1772524800000,-0.00006186,85.54365058,MARK_PRICE_EXACT_OPEN,1772524800000,0
SOLUSDT,1772553600007,-0.00014862,85.00727583,MARK_PRICE_PREVIOUS_FALLBACK,1772553600000,7
SOLUSDT,1772582400001,0.00000307,86.82436764,MARK_PRICE_PREVIOUS_FALLBACK,1772582400000,1
SOLUSDT,1772611200005,0.00001145,87.65631198,MARK_PRICE_PREVIOUS_FALLBACK,1772611200000,5
SOLUSDT,1772640000000,0.000024,92.89,MARK_PRICE_EXACT_OPEN,1772640000000,0
SOLUSDT,1772668800000,0.00005985,90.82713925,MARK_PRICE_EXACT_OPEN,1772668800000,0
SOLUSDT,1772697600000,-0.00007723,90.1,MARK_PRICE_EXACT_OPEN,1772697600000,0
SOLUSDT,1772726400004,-0.00011105,89.475096,MARK_PRICE_PREVIOUS_FALLBACK,1772726400000,4
SOLUSDT,1772755200001,0.00006362,88.77043357,MARK_PRICE_PREVIOUS_FALLBACK,1772755200000,1
SOLUSDT,1772784000001,-0.00007936,88.56613045,MARK_PRICE_PREVIOUS_FALLBACK,1772784000000,1
SOLUSDT,1772812800004,-0.00013058,84.55765301,MARK_PRICE_PREVIOUS_FALLBACK,1772812800000,4
SOLUSDT,1772841600001,-0.00006121,84.6381833,MARK_PRICE_PREVIOUS_FALLBACK,1772841600000,1
SOLUSDT,1772870400012,0.00000298,84.21,MARK_PRICE_PREVIOUS_FALLBACK,1772870400000,12
SOLUSDT,1772899200001,-0.00012228,83.61937975,MARK_PRICE_PREVIOUS_FALLBACK,1772899200000,1
SOLUSDT,1772928000001,-0.00010523,83.23,MARK_PRICE_PREVIOUS_FALLBACK,1772928000000,1
SOLUSDT,1772956800000,-0.00016925,82.90461995,MARK_PRICE_EXACT_OPEN,1772956800000,0
SOLUSDT,1772985600002,-0.00019962,81.95702092,MARK_PRICE_PREVIOUS_FALLBACK,1772985600000,2
SOLUSDT,1773014400000,-0.00010144,81.57,MARK_PRICE_EXACT_OPEN,1773014400000,0
SOLUSDT,1773043200004,-0.00008215,83.13843375,MARK_PRICE_PREVIOUS_FALLBACK,1773043200000,4
SOLUSDT,1773072000003,-0.00001812,85.06343503,MARK_PRICE_PREVIOUS_FALLBACK,1773072000000,3
SOLUSDT,1773100800012,0.00003046,84.88859303,MARK_PRICE_PREVIOUS_FALLBACK,1773100800000,12
SOLUSDT,1773129600002,0.00006257,86.83,MARK_PRICE_PREVIOUS_FALLBACK,1773129600000,2
SOLUSDT,1773158400001,-0.00001909,88.35,MARK_PRICE_PREVIOUS_FALLBACK,1773158400000,1
SOLUSDT,1773187200000,0.00000661,85.83,MARK_PRICE_EXACT_OPEN,1773187200000,0
SOLUSDT,1773216000007,-0.00009673,85.37,MARK_PRICE_PREVIOUS_FALLBACK,1773216000000,7
SOLUSDT,1773244800010,-0.00010183,85.36,MARK_PRICE_PREVIOUS_FALLBACK,1773244800000,10
SOLUSDT,1773273600000,0.00004554,86.53,MARK_PRICE_EXACT_OPEN,1773273600000,0
SOLUSDT,1773302400000,-0.00016439,85.78,MARK_PRICE_EXACT_OPEN,1773302400000,0
SOLUSDT,1773331200000,-0.00000363,86.53,MARK_PRICE_EXACT_OPEN,1773331200000,0
SOLUSDT,1773360000006,0.00007234,86.79,MARK_PRICE_PREVIOUS_FALLBACK,1773360000000,6
SOLUSDT,1773388800001,0.00007241,88.66,MARK_PRICE_PREVIOUS_FALLBACK,1773388800000,1
SOLUSDT,1773417600000,0.00009095,89.42798954,MARK_PRICE_EXACT_OPEN,1773417600000,0
SOLUSDT,1773446400001,-0.0000265,88.02536835,MARK_PRICE_PREVIOUS_FALLBACK,1773446400000,1
SOLUSDT,1773475200000,-0.00006738,87.28271729,MARK_PRICE_EXACT_OPEN,1773475200000,0
SOLUSDT,1773504000007,-0.00009915,86.66,MARK_PRICE_PREVIOUS_FALLBACK,1773504000000,7
SOLUSDT,1773532800000,-0.00010764,88,MARK_PRICE_EXACT_OPEN,1773532800000,0
SOLUSDT,1773561600000,-0.00005506,88.18093381,MARK_PRICE_EXACT_OPEN,1773561600000,0
SOLUSDT,1773590400000,0.00001663,87.86,MARK_PRICE_EXACT_OPEN,1773590400000,0
SOLUSDT,1773619200000,0.00009583,92.29,MARK_PRICE_EXACT_OPEN,1773619200000,0
SOLUSDT,1773648000010,0.0001,93.75139435,MARK_PRICE_PREVIOUS_FALLBACK,1773648000000,10
SOLUSDT,1773676800000,0.00005241,93.14,MARK_PRICE_EXACT_OPEN,1773676800000,0
SOLUSDT,1773705600000,0.00008675,96.15546577,MARK_PRICE_EXACT_OPEN,1773705600000,0
SOLUSDT,1773734400002,0.00000497,94.54344191,MARK_PRICE_PREVIOUS_FALLBACK,1773734400000,2
SOLUSDT,1773763200011,-0.0000143,93.82,MARK_PRICE_PREVIOUS_FALLBACK,1773763200000,11
SOLUSDT,1773792000002,-0.00000883,94.62780174,MARK_PRICE_PREVIOUS_FALLBACK,1773792000000,2
SOLUSDT,1773820800002,-0.00004951,93.93,MARK_PRICE_PREVIOUS_FALLBACK,1773820800000,2
SOLUSDT,1773849600005,-0.00006465,89.09,MARK_PRICE_PREVIOUS_FALLBACK,1773849600000,5
SOLUSDT,1773878400000,-0.00010064,90.03187831,MARK_PRICE_EXACT_OPEN,1773878400000,0
SOLUSDT,1773907200003,-0.00000165,89.49,MARK_PRICE_PREVIOUS_FALLBACK,1773907200000,3
SOLUSDT,1773936000003,-0.0000038,87.49,MARK_PRICE_PREVIOUS_FALLBACK,1773936000000,3
SOLUSDT,1773964800002,0.00000387,88.90749147,MARK_PRICE_PREVIOUS_FALLBACK,1773964800000,2
SOLUSDT,1773993600000,-0.00004929,89.32032084,MARK_PRICE_EXACT_OPEN,1773993600000,0
SOLUSDT,1774022400000,-0.00006064,88.91371153,MARK_PRICE_EXACT_OPEN,1774022400000,0
SOLUSDT,1774051200000,0.00002431,89.81,MARK_PRICE_EXACT_OPEN,1774051200000,0
SOLUSDT,1774080000000,-0.0000116,90.09,MARK_PRICE_EXACT_OPEN,1774080000000,0
SOLUSDT,1774108800014,-0.00012136,89.72906882,MARK_PRICE_PREVIOUS_FALLBACK,1774108800000,14
SOLUSDT,1774137600012,-0.00012994,87.3876933,MARK_PRICE_PREVIOUS_FALLBACK,1774137600000,12
SOLUSDT,1774166400007,-0.00013452,87.66,MARK_PRICE_PREVIOUS_FALLBACK,1774166400000,7
SOLUSDT,1774195200002,-0.00012882,87.44788575,MARK_PRICE_PREVIOUS_FALLBACK,1774195200000,2
SOLUSDT,1774224000000,-0.00006305,86.17476311,MARK_PRICE_EXACT_OPEN,1774224000000,0
SOLUSDT,1774252800003,-0.00001921,85.99,MARK_PRICE_PREVIOUS_FALLBACK,1774252800000,3
SOLUSDT,1774281600002,0.00004974,89.98420914,MARK_PRICE_PREVIOUS_FALLBACK,1774281600000,2
SOLUSDT,1774310400000,0.0001,91.4,MARK_PRICE_EXACT_OPEN,1774310400000,0
SOLUSDT,1774339200000,0.00002758,91.7,MARK_PRICE_EXACT_OPEN,1774339200000,0
SOLUSDT,1774368000003,-0.00011027,89.66389526,MARK_PRICE_PREVIOUS_FALLBACK,1774368000000,3
SOLUSDT,1774396800000,-0.00004578,90.75223957,MARK_PRICE_EXACT_OPEN,1774396800000,0
SOLUSDT,1774425600000,0.00006687,91.78,MARK_PRICE_EXACT_OPEN,1774425600000,0
SOLUSDT,1774454400013,0.00009615,91.71632324,MARK_PRICE_PREVIOUS_FALLBACK,1774454400000,13
SOLUSDT,1774483200001,0.00008033,91.6258276,MARK_PRICE_PREVIOUS_FALLBACK,1774483200000,1
SOLUSDT,1774512000001,-0.00019611,89.00895732,MARK_PRICE_PREVIOUS_FALLBACK,1774512000000,1
SOLUSDT,1774540800000,-0.00022349,87.47489853,MARK_PRICE_EXACT_OPEN,1774540800000,0
SOLUSDT,1774569600006,-0.00022517,86.38025516,MARK_PRICE_PREVIOUS_FALLBACK,1774569600000,6
SOLUSDT,1774598400000,-0.00019053,85.86,MARK_PRICE_EXACT_OPEN,1774598400000,0
SOLUSDT,1774627200000,-0.0003981,83.25282812,MARK_PRICE_EXACT_OPEN,1774627200000,0
SOLUSDT,1774656000005,-0.00028259,82.9427142,MARK_PRICE_PREVIOUS_FALLBACK,1774656000000,5
SOLUSDT,1774684800005,-0.00021298,83.48401757,MARK_PRICE_PREVIOUS_FALLBACK,1774684800000,5
SOLUSDT,1774713600000,-0.00016926,83.75,MARK_PRICE_EXACT_OPEN,1774713600000,0
SOLUSDT,1774742400003,-0.00030226,82.02,MARK_PRICE_PREVIOUS_FALLBACK,1774742400000,3
SOLUSDT,1774771200001,-0.00023173,82.39164819,MARK_PRICE_PREVIOUS_FALLBACK,1774771200000,1
SOLUSDT,1774800000000,-0.00014871,81.75,MARK_PRICE_EXACT_OPEN,1774800000000,0
SOLUSDT,1774828800000,-0.00027324,81.33633904,MARK_PRICE_EXACT_OPEN,1774828800000,0
SOLUSDT,1774857600005,-0.0000071,84.07,MARK_PRICE_PREVIOUS_FALLBACK,1774857600000,5
SOLUSDT,1774886400000,-0.00001962,84.46,MARK_PRICE_EXACT_OPEN,1774886400000,0
SOLUSDT,1774915200000,-0.00008653,82.51,MARK_PRICE_EXACT_OPEN,1774915200000,0
SOLUSDT,1774944000000,0.00003994,83.06,MARK_PRICE_EXACT_OPEN,1774944000000,0
SOLUSDT,1774972800000,-0.0001383,80.82,MARK_PRICE_EXACT_OPEN,1774972800000,0
SOLUSDT,1775001600000,0.00001608,83.15,MARK_PRICE_EXACT_OPEN,1775001600000,0
SOLUSDT,1775030400000,-0.00000642,83.8,MARK_PRICE_EXACT_OPEN,1775030400000,0
SOLUSDT,1775059200000,-0.00001877,83.58217839,MARK_PRICE_EXACT_OPEN,1775059200000,0
SOLUSDT,1775088000003,0.00001042,81.1108567,MARK_PRICE_PREVIOUS_FALLBACK,1775088000000,3
SOLUSDT,1775116800001,-0.00023581,79.49611984,MARK_PRICE_PREVIOUS_FALLBACK,1775116800000,1
SOLUSDT,1775145600001,-0.00006199,78.93074344,MARK_PRICE_PREVIOUS_FALLBACK,1775145600000,1
SOLUSDT,1775174400000,-0.0000068,78.91,MARK_PRICE_EXACT_OPEN,1775174400000,0
SOLUSDT,1775203200008,-0.00002576,79.90498454,MARK_PRICE_PREVIOUS_FALLBACK,1775203200000,8
SOLUSDT,1775232000008,0.00004323,80.26,MARK_PRICE_PREVIOUS_FALLBACK,1775232000000,8
SOLUSDT,1775260800000,-0.00004223,80.35,MARK_PRICE_EXACT_OPEN,1775260800000,0
SOLUSDT,1775289600003,-0.00007014,80.30081215,MARK_PRICE_PREVIOUS_FALLBACK,1775289600000,3
SOLUSDT,1775318400000,-0.00003973,81.06,MARK_PRICE_EXACT_OPEN,1775318400000,0
SOLUSDT,1775347200008,-0.00004086,80.8,MARK_PRICE_PREVIOUS_FALLBACK,1775347200000,8
SOLUSDT,1775376000000,-0.00009381,79.55921111,MARK_PRICE_EXACT_OPEN,1775376000000,0
SOLUSDT,1775404800001,-0.00007917,79.58,MARK_PRICE_PREVIOUS_FALLBACK,1775404800000,1
SOLUSDT,1775433600004,-0.00001272,82.12290367,MARK_PRICE_PREVIOUS_FALLBACK,1775433600000,4
SOLUSDT,1775462400001,0.00007896,81.79326262,MARK_PRICE_PREVIOUS_FALLBACK,1775462400000,1
SOLUSDT,1775491200003,-0.00001845,82.15,MARK_PRICE_PREVIOUS_FALLBACK,1775491200000,3
SOLUSDT,1775520000000,-0.00010287,79.98,MARK_PRICE_EXACT_OPEN,1775520000000,0
SOLUSDT,1775548800000,-0.00021212,79.81323189,MARK_PRICE_EXACT_OPEN,1775548800000,0
SOLUSDT,1775577600000,-0.00006822,78.82883087,MARK_PRICE_EXACT_OPEN,1775577600000,0
SOLUSDT,1775606400000,0.0001,85.53,MARK_PRICE_EXACT_OPEN,1775606400000,0
SOLUSDT,1775635200000,0.0001,84.48030435,MARK_PRICE_EXACT_OPEN,1775635200000,0
SOLUSDT,1775664000006,0.0001,83.33,MARK_PRICE_PREVIOUS_FALLBACK,1775664000000,6
SOLUSDT,1775692800000,0.00004258,82.52333903,MARK_PRICE_EXACT_OPEN,1775692800000,0
SOLUSDT,1775721600010,-0.00001292,82.2,MARK_PRICE_PREVIOUS_FALLBACK,1775721600000,10
SOLUSDT,1775750400001,0.00002462,83.93709104,MARK_PRICE_PREVIOUS_FALLBACK,1775750400000,1
SOLUSDT,1775779200000,0.0001,83.28958469,MARK_PRICE_EXACT_OPEN,1775779200000,0
SOLUSDT,1775808000005,0.000001,82.88,MARK_PRICE_PREVIOUS_FALLBACK,1775808000000,5
SOLUSDT,1775836800000,0.00008338,84.2,MARK_PRICE_EXACT_OPEN,1775836800000,0
SOLUSDT,1775865600000,0.0000433,84.78327925,MARK_PRICE_EXACT_OPEN,1775865600000,0
SOLUSDT,1775894400000,-0.00001872,84.2220571,MARK_PRICE_EXACT_OPEN,1775894400000,0
SOLUSDT,1775923200003,-0.0000122,84.67,MARK_PRICE_PREVIOUS_FALLBACK,1775923200000,3
SOLUSDT,1775952000000,0.0001,84.89158292,MARK_PRICE_EXACT_OPEN,1775952000000,0
SOLUSDT,1775980800000,-0.00011509,82.23285191,MARK_PRICE_EXACT_OPEN,1775980800000,0
SOLUSDT,1776009600000,-0.00006761,81.55,MARK_PRICE_EXACT_OPEN,1776009600000,0
SOLUSDT,1776038400011,0.00003827,81.39,MARK_PRICE_PREVIOUS_FALLBACK,1776038400000,11
SOLUSDT,1776067200006,-0.00000936,82.09,MARK_PRICE_PREVIOUS_FALLBACK,1776067200000,6
SOLUSDT,1776096000000,0.0001,82.63,MARK_PRICE_EXACT_OPEN,1776096000000,0
SOLUSDT,1776124800005,0.0001,86.61,MARK_PRICE_PREVIOUS_FALLBACK,1776124800000,5
SOLUSDT,1776153600003,0.0001,85.82,MARK_PRICE_PREVIOUS_FALLBACK,1776153600000,3
SOLUSDT,1776182400001,0.0001,85.93,MARK_PRICE_PREVIOUS_FALLBACK,1776182400000,1
SOLUSDT,1776211200000,0.00000164,83.67031638,MARK_PRICE_EXACT_OPEN,1776211200000,0
SOLUSDT,1776240000000,-0.00009128,82.88042011,MARK_PRICE_EXACT_OPEN,1776240000000,0
SOLUSDT,1776268800000,-0.00002279,83.9781297,MARK_PRICE_EXACT_OPEN,1776268800000,0
SOLUSDT,1776297600013,0.0001,84.88,MARK_PRICE_PREVIOUS_FALLBACK,1776297600000,13
SOLUSDT,1776326400000,0.0001,85.15379003,MARK_PRICE_EXACT_OPEN,1776326400000,0
SOLUSDT,1776355200000,0.00007305,86.58066229,MARK_PRICE_EXACT_OPEN,1776355200000,0
SOLUSDT,1776384000001,0.0001,89.1,MARK_PRICE_PREVIOUS_FALLBACK,1776384000000,1
SOLUSDT,1776412800011,0.00003085,88.15,MARK_PRICE_PREVIOUS_FALLBACK,1776412800000,11
SOLUSDT,1776441600001,0.00001016,89.88004159,MARK_PRICE_PREVIOUS_FALLBACK,1776441600000,1
SOLUSDT,1776470400001,0.00000264,88.78260595,MARK_PRICE_PREVIOUS_FALLBACK,1776470400000,1
SOLUSDT,1776499200006,-0.00008193,88.38,MARK_PRICE_PREVIOUS_FALLBACK,1776499200000,6
SOLUSDT,1776528000000,-0.00007993,86.70366441,MARK_PRICE_EXACT_OPEN,1776528000000,0
SOLUSDT,1776556800002,-0.00006547,86.09,MARK_PRICE_PREVIOUS_FALLBACK,1776556800000,2
SOLUSDT,1776585600010,-0.00009117,84.81,MARK_PRICE_PREVIOUS_FALLBACK,1776585600000,10
SOLUSDT,1776614400001,-0.00007527,86.25,MARK_PRICE_PREVIOUS_FALLBACK,1776614400000,1
SOLUSDT,1776643200000,-0.00008585,83.41,MARK_PRICE_EXACT_OPEN,1776643200000,0
SOLUSDT,1776672000000,-0.00001265,84.7,MARK_PRICE_EXACT_OPEN,1776672000000,0
SOLUSDT,1776700800001,0.0000488,85.65,MARK_PRICE_PREVIOUS_FALLBACK,1776700800000,1
SOLUSDT,1776729600000,0.00008917,85.24544125,MARK_PRICE_EXACT_OPEN,1776729600000,0
SOLUSDT,1776758400004,0.00002729,85.65340769,MARK_PRICE_PREVIOUS_FALLBACK,1776758400000,4
SOLUSDT,1776787200004,-7.3e-7,86.09,MARK_PRICE_PREVIOUS_FALLBACK,1776787200000,4
SOLUSDT,1776816000004,0.00006371,86.02068239,MARK_PRICE_PREVIOUS_FALLBACK,1776816000000,4
SOLUSDT,1776844800000,0.0001,88.03,MARK_PRICE_EXACT_OPEN,1776844800000,0
SOLUSDT,1776873600000,0.0001,88.13404507,MARK_PRICE_EXACT_OPEN,1776873600000,0
SOLUSDT,1776902400000,0.00008553,86.83162359,MARK_PRICE_EXACT_OPEN,1776902400000,0
SOLUSDT,1776931200000,-0.0000421,85.86,MARK_PRICE_EXACT_OPEN,1776931200000,0
SOLUSDT,1776960000004,0.00001908,86.28,MARK_PRICE_PREVIOUS_FALLBACK,1776960000000,4
SOLUSDT,1776988800006,-0.00007719,86.13,MARK_PRICE_PREVIOUS_FALLBACK,1776988800000,6
SOLUSDT,1777017600000,-0.00002981,85.45,MARK_PRICE_EXACT_OPEN,1777017600000,0
SOLUSDT,1777046400000,-0.00005314,86.47899113,MARK_PRICE_EXACT_OPEN,1777046400000,0
SOLUSDT,1777075200000,0.00005235,86.13327371,MARK_PRICE_EXACT_OPEN,1777075200000,0
SOLUSDT,1777104000002,0.00001927,86.31,MARK_PRICE_PREVIOUS_FALLBACK,1777104000000,2
SOLUSDT,1777132800002,-0.00005575,86.24,MARK_PRICE_PREVIOUS_FALLBACK,1777132800000,2
SOLUSDT,1777161600003,-0.00004604,86.11746055,MARK_PRICE_PREVIOUS_FALLBACK,1777161600000,3
SOLUSDT,1777190400007,0.00009411,86.65,MARK_PRICE_PREVIOUS_FALLBACK,1777190400000,7
SOLUSDT,1777219200004,-0.00000344,86.48825727,MARK_PRICE_PREVIOUS_FALLBACK,1777219200000,4
SOLUSDT,1777248000004,-0.00001262,86.97,MARK_PRICE_PREVIOUS_FALLBACK,1777248000000,4
SOLUSDT,1777276800000,-0.0000208,85.21,MARK_PRICE_EXACT_OPEN,1777276800000,0
SOLUSDT,1777305600002,-0.00011407,84.01632163,MARK_PRICE_PREVIOUS_FALLBACK,1777305600000,2
SOLUSDT,1777334400001,-0.00011394,84.71,MARK_PRICE_PREVIOUS_FALLBACK,1777334400000,1
SOLUSDT,1777363200000,0.00000841,83.96779,MARK_PRICE_EXACT_OPEN,1777363200000,0
SOLUSDT,1777392000004,-0.00004511,83.40514712,MARK_PRICE_PREVIOUS_FALLBACK,1777392000000,4
SOLUSDT,1777420800006,-0.00001641,84.00642076,MARK_PRICE_PREVIOUS_FALLBACK,1777420800000,6
SOLUSDT,1777449600011,0.00007892,84.71,MARK_PRICE_PREVIOUS_FALLBACK,1777449600000,11
SOLUSDT,1777478400003,-0.00006745,83.17317912,MARK_PRICE_PREVIOUS_FALLBACK,1777478400000,3
SOLUSDT,1777507200002,-0.00003778,83.06066256,MARK_PRICE_PREVIOUS_FALLBACK,1777507200000,2
SOLUSDT,1777536000000,0.00007422,83.32,MARK_PRICE_EXACT_OPEN,1777536000000,0
SOLUSDT,1777564800000,0.00007585,83.31,MARK_PRICE_EXACT_OPEN,1777564800000,0
SOLUSDT,1777593600000,0.0000601,83.04780485,MARK_PRICE_EXACT_OPEN,1777593600000,0
SOLUSDT,1777622400005,0.00001697,83.88,MARK_PRICE_PREVIOUS_FALLBACK,1777622400000,5
SOLUSDT,1777651200000,0.00004955,84.43305074,MARK_PRICE_EXACT_OPEN,1777651200000,0
SOLUSDT,1777680000006,0.00007261,83.73,MARK_PRICE_PREVIOUS_FALLBACK,1777680000000,6
SOLUSDT,1777708800000,-0.00003588,83.6720912,MARK_PRICE_EXACT_OPEN,1777708800000,0
SOLUSDT,1777737600010,-0.00001782,83.98297972,MARK_PRICE_PREVIOUS_FALLBACK,1777737600000,10
SOLUSDT,1777766400005,0.0000438,84.2431324,MARK_PRICE_PREVIOUS_FALLBACK,1777766400000,5
SOLUSDT,1777795200003,-0.00002973,83.83223436,MARK_PRICE_PREVIOUS_FALLBACK,1777795200000,3
SOLUSDT,1777824000000,-0.00001872,84.11554793,MARK_PRICE_EXACT_OPEN,1777824000000,0
SOLUSDT,1777852800000,0.00007211,83.87,MARK_PRICE_EXACT_OPEN,1777852800000,0
SOLUSDT,1777881600000,0.0001,84.83561947,MARK_PRICE_EXACT_OPEN,1777881600000,0
SOLUSDT,1777910400003,0.00002423,84.490514,MARK_PRICE_PREVIOUS_FALLBACK,1777910400000,3
SOLUSDT,1777939200000,0.00006511,84.05,MARK_PRICE_EXACT_OPEN,1777939200000,0
SOLUSDT,1777968000011,0.00007893,84.85,MARK_PRICE_PREVIOUS_FALLBACK,1777968000000,11
SOLUSDT,1777996800000,0.0001,85.45276051,MARK_PRICE_EXACT_OPEN,1777996800000,0
SOLUSDT,1778025600010,0.0001,86.33,MARK_PRICE_PREVIOUS_FALLBACK,1778025600000,10
SOLUSDT,1778054400000,0.00005677,87.65494104,MARK_PRICE_EXACT_OPEN,1778054400000,0
SOLUSDT,1778083200002,0.0001,88.92,MARK_PRICE_PREVIOUS_FALLBACK,1778083200000,2
SOLUSDT,1778112000000,0.00008995,89.10517415,MARK_PRICE_EXACT_OPEN,1778112000000,0
SOLUSDT,1778140800000,0.00008232,90.12,MARK_PRICE_EXACT_OPEN,1778140800000,0
SOLUSDT,1778169600004,-0.0000596,88.27836125,MARK_PRICE_PREVIOUS_FALLBACK,1778169600000,4
SOLUSDT,1778198400003,0.00009448,88.43,MARK_PRICE_PREVIOUS_FALLBACK,1778198400000,3
SOLUSDT,1778227200002,0.0001,88.22,MARK_PRICE_PREVIOUS_FALLBACK,1778227200000,2
SOLUSDT,1778256000003,-0.00000997,89.59,MARK_PRICE_PREVIOUS_FALLBACK,1778256000000,3
SOLUSDT,1778284800000,0.0001,91.98812002,MARK_PRICE_EXACT_OPEN,1778284800000,0
SOLUSDT,1778313600001,0.00004331,93.6812264,MARK_PRICE_PREVIOUS_FALLBACK,1778313600000,1
SOLUSDT,1778342400002,0.00001497,92.88662292,MARK_PRICE_PREVIOUS_FALLBACK,1778342400000,2
SOLUSDT,1778371200003,-0.00005236,93.05351247,MARK_PRICE_PREVIOUS_FALLBACK,1778371200000,3
SOLUSDT,1778400000000,0.00001717,93.40583883,MARK_PRICE_EXACT_OPEN,1778400000000,0
SOLUSDT,1778428800000,-0.00000859,94.49775566,MARK_PRICE_EXACT_OPEN,1778428800000,0
SOLUSDT,1778457600000,0.00008884,96.43,MARK_PRICE_EXACT_OPEN,1778457600000,0
SOLUSDT,1778486400000,0.00003592,95.30607942,MARK_PRICE_EXACT_OPEN,1778486400000,0
SOLUSDT,1778515200000,0.00006498,96.76044297,MARK_PRICE_EXACT_OPEN,1778515200000,0
SOLUSDT,1778544000002,0.00003539,97.15921044,MARK_PRICE_PREVIOUS_FALLBACK,1778544000000,2
SOLUSDT,1778572800008,-0.00006049,96.01199023,MARK_PRICE_PREVIOUS_FALLBACK,1778572800000,8
SOLUSDT,1778601600000,0.00008095,93.81503128,MARK_PRICE_EXACT_OPEN,1778601600000,0
SOLUSDT,1778630400010,0.0001,94.25442628,MARK_PRICE_PREVIOUS_FALLBACK,1778630400000,10
SOLUSDT,1778659200003,-0.00001573,95.17402583,MARK_PRICE_PREVIOUS_FALLBACK,1778659200000,3
SOLUSDT,1778688000001,-0.00012043,90.71455178,MARK_PRICE_PREVIOUS_FALLBACK,1778688000000,1
SOLUSDT,1778716800005,-0.0001508,91.26017053,MARK_PRICE_PREVIOUS_FALLBACK,1778716800000,5
SOLUSDT,1778745600000,-0.00003038,90.83,MARK_PRICE_EXACT_OPEN,1778745600000,0
SOLUSDT,1778774400000,-0.00005361,93.11237674,MARK_PRICE_EXACT_OPEN,1778774400000,0
SOLUSDT,1778803200000,-0.00001584,92.11,MARK_PRICE_EXACT_OPEN,1778803200000,0
SOLUSDT,1778832000016,0.00004052,91.46386844,MARK_PRICE_PREVIOUS_FALLBACK,1778832000000,16
SOLUSDT,1778860800012,0.00002053,89,MARK_PRICE_PREVIOUS_FALLBACK,1778860800000,12
SOLUSDT,1778889600005,0.0001,89.11630671,MARK_PRICE_PREVIOUS_FALLBACK,1778889600000,5
SOLUSDT,1778918400000,0.00005209,87.42042235,MARK_PRICE_EXACT_OPEN,1778918400000,0
SOLUSDT,1778947200005,-0.00015361,86.41,MARK_PRICE_PREVIOUS_FALLBACK,1778947200000,5
SOLUSDT,1778976000000,-0.00005139,86.49857949,MARK_PRICE_EXACT_OPEN,1778976000000,0
SOLUSDT,1779004800010,-0.00005436,86.91,MARK_PRICE_PREVIOUS_FALLBACK,1779004800000,10
SOLUSDT,1779033600009,-0.00012569,86.42,MARK_PRICE_PREVIOUS_FALLBACK,1779033600000,9
SOLUSDT,1779062400007,-0.00010788,85.01430291,MARK_PRICE_PREVIOUS_FALLBACK,1779062400000,7
SOLUSDT,1779091200002,0.00000336,84.79,MARK_PRICE_PREVIOUS_FALLBACK,1779091200000,2
SOLUSDT,1779120000007,0.00000509,84.07407741,MARK_PRICE_PREVIOUS_FALLBACK,1779120000000,7
SOLUSDT,1779148800001,0.00000387,85.37974473,MARK_PRICE_PREVIOUS_FALLBACK,1779148800000,1
SOLUSDT,1779177600001,-0.00002902,85.39,MARK_PRICE_PREVIOUS_FALLBACK,1779177600000,1
SOLUSDT,1779206400009,-0.00010936,84.29,MARK_PRICE_PREVIOUS_FALLBACK,1779206400000,9
SOLUSDT,1779235200001,0.00002839,84.20547873,MARK_PRICE_PREVIOUS_FALLBACK,1779235200000,1
SOLUSDT,1779264000006,-0.00000666,84.72191351,MARK_PRICE_PREVIOUS_FALLBACK,1779264000000,6
SOLUSDT,1779292800000,-0.00001433,85.89,MARK_PRICE_EXACT_OPEN,1779292800000,0
SOLUSDT,1779321600001,-0.00000274,86.05689088,MARK_PRICE_PREVIOUS_FALLBACK,1779321600000,1
SOLUSDT,1779350400000,0.00006241,86.58992385,MARK_PRICE_EXACT_OPEN,1779350400000,0
SOLUSDT,1779379200000,0.00002943,86.42,MARK_PRICE_EXACT_OPEN,1779379200000,0
SOLUSDT,1779408000000,0.0001,87.32,MARK_PRICE_EXACT_OPEN,1779408000000,0
SOLUSDT,1779436800004,-0.00001571,87.01,MARK_PRICE_PREVIOUS_FALLBACK,1779436800000,4
SOLUSDT,1779465600001,-0.00000178,86.73,MARK_PRICE_PREVIOUS_FALLBACK,1779465600000,1
SOLUSDT,1779494400009,0.00002621,84.35,MARK_PRICE_PREVIOUS_FALLBACK,1779494400000,9
SOLUSDT,1779523200001,-0.0001267,82.13230329,MARK_PRICE_PREVIOUS_FALLBACK,1779523200000,1
SOLUSDT,1779552000003,-0.00028322,84.15,MARK_PRICE_PREVIOUS_FALLBACK,1779552000000,3
SOLUSDT,1779580800011,-0.00004389,85.76,MARK_PRICE_PREVIOUS_FALLBACK,1779580800000,11
SOLUSDT,1779609600008,0.00005791,86.02665301,MARK_PRICE_PREVIOUS_FALLBACK,1779609600000,8
SOLUSDT,1779638400000,0.00000958,85.26,MARK_PRICE_EXACT_OPEN,1779638400000,0
SOLUSDT,1779667200001,-0.00004636,85.25,MARK_PRICE_PREVIOUS_FALLBACK,1779667200000,1
SOLUSDT,1779696000001,-0.00004276,85.84,MARK_PRICE_PREVIOUS_FALLBACK,1779696000000,1
SOLUSDT,1779724800001,0.00003864,86.24,MARK_PRICE_PREVIOUS_FALLBACK,1779724800000,1
SOLUSDT,1779753600000,0.00004297,85.01,MARK_PRICE_EXACT_OPEN,1779753600000,0
SOLUSDT,1779782400003,-0.00010038,84.34,MARK_PRICE_PREVIOUS_FALLBACK,1779782400000,3
SOLUSDT,1779811200000,0.00004692,84.43535451,MARK_PRICE_EXACT_OPEN,1779811200000,0
SOLUSDT,1779840000000,-0.00014384,83.65686737,MARK_PRICE_EXACT_OPEN,1779840000000,0
SOLUSDT,1779868800004,-0.00008548,84.1740183,MARK_PRICE_PREVIOUS_FALLBACK,1779868800000,4
SOLUSDT,1779897600009,0.00001025,84.49,MARK_PRICE_PREVIOUS_FALLBACK,1779897600000,9
SOLUSDT,1779926400001,-0.00005061,82.48,MARK_PRICE_PREVIOUS_FALLBACK,1779926400000,1
SOLUSDT,1779955200000,-0.00014123,81.19948276,MARK_PRICE_EXACT_OPEN,1779955200000,0
SOLUSDT,1779984000001,-0.00003559,81.08,MARK_PRICE_PREVIOUS_FALLBACK,1779984000000,1
SOLUSDT,1780012800000,0.00004219,82.07,MARK_PRICE_EXACT_OPEN,1780012800000,0
SOLUSDT,1780041600001,0.000025,82.36,MARK_PRICE_PREVIOUS_FALLBACK,1780041600000,1
SOLUSDT,1780070400008,0.00006335,82.57,MARK_PRICE_PREVIOUS_FALLBACK,1780070400000,8
SOLUSDT,1780099200000,0.0000748,81.98,MARK_PRICE_EXACT_OPEN,1780099200000,0
SOLUSDT,1780128000001,0.00003702,82.31,MARK_PRICE_PREVIOUS_FALLBACK,1780128000000,1
SOLUSDT,1780156800000,0.00004292,82.65490617,MARK_PRICE_EXACT_OPEN,1780156800000,0
SOLUSDT,1780185600000,0.000023,82.69,MARK_PRICE_EXACT_OPEN,1780185600000,0
SOLUSDT,1780214400000,0.00003645,82.61848804,MARK_PRICE_EXACT_OPEN,1780214400000,0
SOLUSDT,1780243200004,0.00002671,81.80794209,MARK_PRICE_PREVIOUS_FALLBACK,1780243200000,4
SOLUSDT,1780272000001,0.00005009,82.37154958,MARK_PRICE_PREVIOUS_FALLBACK,1780272000000,1
SOLUSDT,1780300800001,-0.00002566,80.72006198,MARK_PRICE_PREVIOUS_FALLBACK,1780300800000,1
SOLUSDT,1780329600000,0.00003141,79.57367531,MARK_PRICE_EXACT_OPEN,1780329600000,0
SOLUSDT,1780358400000,0.0001,81.25,MARK_PRICE_EXACT_OPEN,1780358400000,0
SOLUSDT,1780387200000,0.00002624,79.63,MARK_PRICE_EXACT_OPEN,1780387200000,0
SOLUSDT,1780416000000,-0.0000438,76.3285926,MARK_PRICE_EXACT_OPEN,1780416000000,0
SOLUSDT,1780444800013,-0.00019668,74.3,MARK_PRICE_PREVIOUS_FALLBACK,1780444800000,13
SOLUSDT,1780473600000,-0.00004817,75.22140911,MARK_PRICE_EXACT_OPEN,1780473600000,0
SOLUSDT,1780502400001,-0.00004446,73.29,MARK_PRICE_PREVIOUS_FALLBACK,1780502400000,1
SOLUSDT,1780531200009,-0.00012086,71.85648503,MARK_PRICE_PREVIOUS_FALLBACK,1780531200000,9
SOLUSDT,1780560000000,-0.00018206,69.11502217,MARK_PRICE_EXACT_OPEN,1780560000000,0
SOLUSDT,1780588800003,-0.00006287,69.57,MARK_PRICE_PREVIOUS_FALLBACK,1780588800000,3
SOLUSDT,1780617600000,-0.00009673,68.82666542,MARK_PRICE_EXACT_OPEN,1780617600000,0
SOLUSDT,1780646400004,-0.00025721,66.04,MARK_PRICE_PREVIOUS_FALLBACK,1780646400000,4
SOLUSDT,1780675200009,-0.00008011,63.87040969,MARK_PRICE_PREVIOUS_FALLBACK,1780675200000,9
SOLUSDT,1780704000000,-0.0000732,63.59,MARK_PRICE_EXACT_OPEN,1780704000000,0
SOLUSDT,1780732800000,-0.00018542,62.75,MARK_PRICE_EXACT_OPEN,1780732800000,0
SOLUSDT,1780761600000,-0.00016398,62.01087707,MARK_PRICE_EXACT_OPEN,1780761600000,0
SOLUSDT,1780790400001,-0.0000723,62.19,MARK_PRICE_PREVIOUS_FALLBACK,1780790400000,1
SOLUSDT,1780819200000,-0.00023704,64.87489847,MARK_PRICE_EXACT_OPEN,1780819200000,0
SOLUSDT,1780848000000,-0.00038757,64.94,MARK_PRICE_EXACT_OPEN,1780848000000,0
SOLUSDT,1780876800000,-0.00025513,66.45104103,MARK_PRICE_EXACT_OPEN,1780876800000,0
SOLUSDT,1780905600005,-0.00022946,65.99212978,MARK_PRICE_PREVIOUS_FALLBACK,1780905600000,5
SOLUSDT,1780934400004,-0.00001174,67.01,MARK_PRICE_PREVIOUS_FALLBACK,1780934400000,4
SOLUSDT,1780963200000,-0.00006393,66.78426107,MARK_PRICE_EXACT_OPEN,1780963200000,0
SOLUSDT,1780992000000,-0.00002354,66.85493094,MARK_PRICE_EXACT_OPEN,1780992000000,0
SOLUSDT,1781020800001,-0.00009828,64.44,MARK_PRICE_PREVIOUS_FALLBACK,1781020800000,1
SOLUSDT,1781049600001,0.0000179,64.97051763,MARK_PRICE_PREVIOUS_FALLBACK,1781049600000,1
SOLUSDT,1781078400011,-0.00008438,64.45,MARK_PRICE_PREVIOUS_FALLBACK,1781078400000,11
SOLUSDT,1781107200009,-0.00001777,65.33386827,MARK_PRICE_PREVIOUS_FALLBACK,1781107200000,9
SOLUSDT,1781136000000,-0.00008243,63.16136146,MARK_PRICE_EXACT_OPEN,1781136000000,0
SOLUSDT,1781164800004,-0.00000825,65.07,MARK_PRICE_PREVIOUS_FALLBACK,1781164800000,4
SOLUSDT,1781193600000,-0.00000336,65.51,MARK_PRICE_EXACT_OPEN,1781193600000,0
SOLUSDT,1781222400000,-0.00009068,66.88,MARK_PRICE_EXACT_OPEN,1781222400000,0
SOLUSDT,1781251200000,-0.00009448,66.28,MARK_PRICE_EXACT_OPEN,1781251200000,0
SOLUSDT,1781280000000,-0.00002866,67.19,MARK_PRICE_EXACT_OPEN,1781280000000,0
SOLUSDT,1781308800000,-0.00005235,66.79,MARK_PRICE_EXACT_OPEN,1781308800000,0
SOLUSDT,1781337600007,-0.00002582,67.3,MARK_PRICE_PREVIOUS_FALLBACK,1781337600000,7
SOLUSDT,1781366400002,-0.00000455,68.39,MARK_PRICE_PREVIOUS_FALLBACK,1781366400000,2
SOLUSDT,1781395200005,-0.00012137,68.80453291,MARK_PRICE_PREVIOUS_FALLBACK,1781395200000,5
SOLUSDT,1781424000009,-0.00010682,68.15,MARK_PRICE_PREVIOUS_FALLBACK,1781424000000,9
SOLUSDT,1781452800000,-0.00009337,67.38852283,MARK_PRICE_EXACT_OPEN,1781452800000,0
SOLUSDT,1781481600013,-0.00003596,71.35161556,MARK_PRICE_PREVIOUS_FALLBACK,1781481600000,13
SOLUSDT,1781510400013,-0.00003856,71.18,MARK_PRICE_PREVIOUS_FALLBACK,1781510400000,13
SOLUSDT,1781539200004,-0.00004542,75,MARK_PRICE_PREVIOUS_FALLBACK,1781539200000,4
SOLUSDT,1781568000000,0.00001871,73.93618036,MARK_PRICE_EXACT_OPEN,1781568000000,0
SOLUSDT,1781596800000,-0.00001544,74.4241048,MARK_PRICE_EXACT_OPEN,1781596800000,0
SOLUSDT,1781625600001,-0.00002499,73.29722554,MARK_PRICE_PREVIOUS_FALLBACK,1781625600000,1
SOLUSDT,1781654400012,-0.0000017,73.5568995,MARK_PRICE_PREVIOUS_FALLBACK,1781654400000,12
SOLUSDT,1781683200000,-0.00005638,73.2313665,MARK_PRICE_EXACT_OPEN,1781683200000,0
SOLUSDT,1781712000000,-0.00003481,73.78022582,MARK_PRICE_EXACT_OPEN,1781712000000,0
SOLUSDT,1781740800002,-0.00005509,72.07,MARK_PRICE_PREVIOUS_FALLBACK,1781740800000,2
SOLUSDT,1781769600000,-0.00004124,71.7366206,MARK_PRICE_EXACT_OPEN,1781769600000,0
SOLUSDT,1781798400001,-0.0000267,68.67,MARK_PRICE_PREVIOUS_FALLBACK,1781798400000,1
SOLUSDT,1781827200005,0.0001,69.64,MARK_PRICE_PREVIOUS_FALLBACK,1781827200000,5
SOLUSDT,1781856000001,0.00006065,68.32656494,MARK_PRICE_PREVIOUS_FALLBACK,1781856000000,1
SOLUSDT,1781884800001,-0.00003617,69.23109176,MARK_PRICE_PREVIOUS_FALLBACK,1781884800000,1
SOLUSDT,1781913600001,-0.00003087,69.81,MARK_PRICE_PREVIOUS_FALLBACK,1781913600000,1
SOLUSDT,1781942400000,-0.00003337,71.54079445,MARK_PRICE_EXACT_OPEN,1781942400000,0
SOLUSDT,1781971200001,-0.00001391,71.76,MARK_PRICE_PREVIOUS_FALLBACK,1781971200000,1
SOLUSDT,1782000000000,0.00004438,73.18,MARK_PRICE_EXACT_OPEN,1782000000000,0
SOLUSDT,1782028800000,0.00002277,73.17526717,MARK_PRICE_EXACT_OPEN,1782028800000,0
SOLUSDT,1782057600000,0.00000745,74.11163908,MARK_PRICE_EXACT_OPEN,1782057600000,0
SOLUSDT,1782086400000,0.00004338,72.42195459,MARK_PRICE_EXACT_OPEN,1782086400000,0
SOLUSDT,1782115200000,-0.00004305,74.06541986,MARK_PRICE_EXACT_OPEN,1782115200000,0
SOLUSDT,1782144000002,-0.00003017,73.0831746,MARK_PRICE_PREVIOUS_FALLBACK,1782144000000,2
SOLUSDT,1782172800003,-0.00002964,71.97,MARK_PRICE_PREVIOUS_FALLBACK,1782172800000,3
SOLUSDT,1782201600005,-0.00009607,69.96,MARK_PRICE_PREVIOUS_FALLBACK,1782201600000,5
SOLUSDT,1782230400002,-0.00020855,68.91086918,MARK_PRICE_PREVIOUS_FALLBACK,1782230400000,2
SOLUSDT,1782259200005,-0.00008775,69.74,MARK_PRICE_PREVIOUS_FALLBACK,1782259200000,5
SOLUSDT,1782288000005,-0.00007233,69.29,MARK_PRICE_PREVIOUS_FALLBACK,1782288000000,5
SOLUSDT,1782316800003,-0.00001309,67.43,MARK_PRICE_PREVIOUS_FALLBACK,1782316800000,3
SOLUSDT,1782345600000,-0.00011854,68.07,MARK_PRICE_EXACT_OPEN,1782345600000,0
SOLUSDT,1782374400000,-0.00004028,69.40004536,MARK_PRICE_EXACT_OPEN,1782374400000,0
SOLUSDT,1782403200000,-0.00004827,66.28024903,MARK_PRICE_EXACT_OPEN,1782403200000,0
SOLUSDT,1782432000010,0.00003113,67.75467362,MARK_PRICE_PREVIOUS_FALLBACK,1782432000000,10
SOLUSDT,1782460800002,0.00008442,70.68193645,MARK_PRICE_PREVIOUS_FALLBACK,1782460800000,2
SOLUSDT,1782489600000,0.00006096,72.04,MARK_PRICE_EXACT_OPEN,1782489600000,0
SOLUSDT,1782518400000,0.0001,71.87,MARK_PRICE_EXACT_OPEN,1782518400000,0
SOLUSDT,1782547200000,0.0000481,72.27061564,MARK_PRICE_EXACT_OPEN,1782547200000,0
SOLUSDT,1782576000009,-0.0000193,72.77,MARK_PRICE_PREVIOUS_FALLBACK,1782576000000,9
SOLUSDT,1782604800000,0.0000163,70.47,MARK_PRICE_EXACT_OPEN,1782604800000,0
SOLUSDT,1782633600013,0.00002764,71.07,MARK_PRICE_PREVIOUS_FALLBACK,1782633600000,13
SOLUSDT,1782662400000,0.00000968,72.05,MARK_PRICE_EXACT_OPEN,1782662400000,0
SOLUSDT,1782691200006,0.00000521,71.36,MARK_PRICE_PREVIOUS_FALLBACK,1782691140000,60006
SOLUSDT,1782720000013,0.00003745,,MARK_PRICE_TOO_STALE,1782691140000,28860013
SOLUSDT,1782748800004,0.00004184,,MARK_PRICE_TOO_STALE,1782691140000,57660004
SOLUSDT,1782777600000,0.0001,75.13229717,MARK_PRICE_EXACT_OPEN,1782777600000,0
SOLUSDT,1782806400000,0.00007704,74.1212242,MARK_PRICE_EXACT_OPEN,1782806400000,0
SOLUSDT,1782835200005,0.00007228,73.17418847,MARK_PRICE_PREVIOUS_FALLBACK,1782835200000,5
SOLUSDT,1782864000000,0.0001,73.63778424,MARK_PRICE_EXACT_OPEN,1782864000000,0
SOLUSDT,1782892800000,0.0001,74.83093071,MARK_PRICE_EXACT_OPEN,1782892800000,0
SOLUSDT,1782921600000,0.00006848,77.40218899,MARK_PRICE_EXACT_OPEN,1782921600000,0
SOLUSDT,1782950400000,0.00002682,77.42,MARK_PRICE_EXACT_OPEN,1782950400000,0
SOLUSDT,1782979200000,-0.00002441,77.95,MARK_PRICE_EXACT_OPEN,1782979200000,0
SOLUSDT,1783008000000,0.00006544,80.81,MARK_PRICE_EXACT_OPEN,1783008000000,0
SOLUSDT,1783036800000,0.0000231,80.6814292,MARK_PRICE_EXACT_OPEN,1783036800000,0
SOLUSDT,1783065600007,0.00001188,81.18,MARK_PRICE_PREVIOUS_FALLBACK,1783065600000,7
SOLUSDT,1783094400000,-0.000032,81.17420782,MARK_PRICE_EXACT_OPEN,1783094400000,0
SOLUSDT,1783123200000,0.00007283,82.31847603,MARK_PRICE_EXACT_OPEN,1783123200000,0
SOLUSDT,1783152000000,0.0000874,82.68674953,MARK_PRICE_EXACT_OPEN,1783152000000,0
SOLUSDT,1783180800007,0.00004847,82.1,MARK_PRICE_PREVIOUS_FALLBACK,1783180800000,7
SOLUSDT,1783209600003,0.0000137,81.69276469,MARK_PRICE_PREVIOUS_FALLBACK,1783209600000,3
SOLUSDT,1783238400001,0.00005506,80.73895093,MARK_PRICE_PREVIOUS_FALLBACK,1783238400000,1
SOLUSDT,1783267200000,0.00003855,81.3118494,MARK_PRICE_EXACT_OPEN,1783267200000,0
SOLUSDT,1783296000000,0.0000682,81.55497647,MARK_PRICE_EXACT_OPEN,1783296000000,0
SOLUSDT,1783324800000,0.00003336,80.77085734,MARK_PRICE_EXACT_OPEN,1783324800000,0
SOLUSDT,1783353600000,0.00006227,81.45,MARK_PRICE_EXACT_OPEN,1783353600000,0
SOLUSDT,1783382400000,0.00006816,81.91,MARK_PRICE_EXACT_OPEN,1783382400000,0
SOLUSDT,1783411200000,0.00000546,81.45077219,MARK_PRICE_EXACT_OPEN,1783411200000,0
SOLUSDT,1783440000000,-0.00001996,82.09,MARK_PRICE_EXACT_OPEN,1783440000000,0
SOLUSDT,1783468800000,-0.00002939,80.53,MARK_PRICE_EXACT_OPEN,1783468800000,0
SOLUSDT,1783497600000,-0.00001042,78.24625246,MARK_PRICE_EXACT_OPEN,1783497600000,0
SOLUSDT,1783526400000,-0.00001721,76.71471894,MARK_PRICE_EXACT_OPEN,1783526400000,0
SOLUSDT,1783555200000,0.00004117,77.79239147,MARK_PRICE_EXACT_OPEN,1783555200000,0
SOLUSDT,1783584000001,0.00004411,78.13114453,MARK_PRICE_PREVIOUS_FALLBACK,1783584000000,1
SOLUSDT,1783612800001,0.00000246,77.62290728,MARK_PRICE_PREVIOUS_FALLBACK,1783612800000,1
SOLUSDT,1783641600000,0.00004254,78.00733506,MARK_PRICE_EXACT_OPEN,1783641600000,0
SOLUSDT,1783670400005,0.00001338,78.80499674,MARK_PRICE_PREVIOUS_FALLBACK,1783670400000,5
SOLUSDT,1783699200005,0.0001,78.08126266,MARK_PRICE_PREVIOUS_FALLBACK,1783699200000,5
SOLUSDT,1783728000000,0.00005263,78.08,MARK_PRICE_EXACT_OPEN,1783728000000,0
SOLUSDT,1783756800000,-0.00002607,77.95088122,MARK_PRICE_EXACT_OPEN,1783756800000,0
SOLUSDT,1783785600000,0.00007892,78.3506044,MARK_PRICE_EXACT_OPEN,1783785600000,0
SOLUSDT,1783814400000,0.00002546,76.74,MARK_PRICE_EXACT_OPEN,1783814400000,0
SOLUSDT,1783843200003,-0.00004011,76.43764342,MARK_PRICE_PREVIOUS_FALLBACK,1783843200000,3
SOLUSDT,1783872000000,0.00006891,77.44,MARK_PRICE_EXACT_OPEN,1783872000000,0
SOLUSDT,1783900800000,0.00005504,76.86620185,MARK_PRICE_EXACT_OPEN,1783900800000,0
SOLUSDT,1783929600001,-0.00005873,76.43,MARK_PRICE_PREVIOUS_FALLBACK,1783929600000,1
SOLUSDT,1783958400004,0.00002296,75.76,MARK_PRICE_PREVIOUS_FALLBACK,1783958400000,4
SOLUSDT,1783987200000,0.00000427,74.96243159,MARK_PRICE_EXACT_OPEN,1783987200000,0
SOLUSDT,1784016000002,0.00003868,74.92714992,MARK_PRICE_PREVIOUS_FALLBACK,1784016000000,2
SOLUSDT,1784044800001,0.00006297,77.30376075,MARK_PRICE_PREVIOUS_FALLBACK,1784044800000,1
SOLUSDT,1784073600005,0.00001428,77.79463893,MARK_PRICE_PREVIOUS_FALLBACK,1784073600000,5
SOLUSDT,1784102400002,0.0000248,77.39952244,MARK_PRICE_PREVIOUS_FALLBACK,1784102400000,2
SOLUSDT,1784131200000,-0.00000687,78.03320384,MARK_PRICE_EXACT_OPEN,1784131200000,0
SOLUSDT,1784160000000,0.00002874,77.23696724,MARK_PRICE_EXACT_OPEN,1784160000000,0
SOLUSDT,1784188800003,-0.00004349,76.44334163,MARK_PRICE_PREVIOUS_FALLBACK,1784188800000,3
SOLUSDT,1784217600002,-0.00000349,76.55215659,MARK_PRICE_PREVIOUS_FALLBACK,1784217600000,2
SOLUSDT,1784246400000,0.00001683,75.2825062,MARK_PRICE_EXACT_OPEN,1784246400000,0
SOLUSDT,1784275200010,-0.00002497,74.59,MARK_PRICE_PREVIOUS_FALLBACK,1784275200000,10
SOLUSDT,1784304000004,-0.0000444,74.75,MARK_PRICE_PREVIOUS_FALLBACK,1784304000000,4
SOLUSDT,1784332800000,0.00002897,75,MARK_PRICE_EXACT_OPEN,1784332800000,0
SOLUSDT,1784361600000,0.0000287,74.93,MARK_PRICE_EXACT_OPEN,1784361600000,0
SOLUSDT,1784390400001,0.00003433,74.92317508,MARK_PRICE_PREVIOUS_FALLBACK,1784390400000,1
SOLUSDT,1784419200003,-0.00000381,75.5,MARK_PRICE_PREVIOUS_FALLBACK,1784419200000,3
SOLUSDT,1784448000000,0.00004518,76.11,MARK_PRICE_EXACT_OPEN,1784448000000,0
SOLUSDT,1784476800001,0.00006396,76.19,MARK_PRICE_PREVIOUS_FALLBACK,1784476800000,1
SOLUSDT,1784505600000,0.00005638,76.33919487,MARK_PRICE_EXACT_OPEN,1784505600000,0
SOLUSDT,1784534400001,-0.00005079,76.2,MARK_PRICE_PREVIOUS_FALLBACK,1784534400000,1
SOLUSDT,1784563200004,0.00001312,77.75,MARK_PRICE_PREVIOUS_FALLBACK,1784563200000,4
SOLUSDT,1784592000001,0.0001,77.76159826,MARK_PRICE_PREVIOUS_FALLBACK,1784592000000,1
SOLUSDT,1784620800000,0.0000658,78.53634557,MARK_PRICE_EXACT_OPEN,1784620800000,0
SOLUSDT,1784649600002,0.00002609,78.09,MARK_PRICE_PREVIOUS_FALLBACK,1784649600000,2
SOLUSDT,1784678400000,0.00002725,78.1,MARK_PRICE_EXACT_OPEN,1784678400000,0
SOLUSDT,1784707200000,-0.00003237,77.0652699,MARK_PRICE_EXACT_OPEN,1784707200000,0
SOLUSDT,1784736000001,0.0000389,78.42962429,MARK_PRICE_PREVIOUS_FALLBACK,1784736000000,1
SOLUSDT,1784764800000,-0.00003674,77.93,MARK_PRICE_EXACT_OPEN,1784764800000,0
SOLUSDT,1784793600000,-0.00010642,77.11,MARK_PRICE_EXACT_OPEN,1784793600000,0
SOLUSDT,1784822400000,-0.00003609,76.33258375,MARK_PRICE_EXACT_OPEN,1784822400000,0
SOLUSDT,1784851200000,0.00003044,75.84,MARK_PRICE_EXACT_OPEN,1784851200000,0
SOLUSDT,1784880000000,0.00005692,76.0223541,MARK_PRICE_EXACT_OPEN,1784880000000,0
SOLUSDT,1784908800008,-0.00009588,73.98,MARK_PRICE_PREVIOUS_FALLBACK,1784908800000,8
SOLUSDT,1784937600002,-0.00004287,73.9309029,MARK_PRICE_PREVIOUS_FALLBACK,1784937600000,2
SOLUSDT,1784966400000,0.00000481,73.74509034,MARK_PRICE_EXACT_OPEN,1784966400000,0
SOLUSDT,1784995200000,-0.00004127,74.12683662,MARK_PRICE_EXACT_OPEN,1784995200000,0
SOLUSDT,1785024000000,0.00000181,74.48480712,MARK_PRICE_EXACT_OPEN,1785024000000,0
SOLUSDT,1785052800002,0.00006371,74.80221111,MARK_PRICE_PREVIOUS_FALLBACK,1785052800000,2
SOLUSDT,1785081600000,0.00001514,75.46003997,MARK_PRICE_EXACT_OPEN,1785081600000,0
SOLUSDT,1785110400010,0.00008751,76.68,MARK_PRICE_PREVIOUS_FALLBACK,1785110400000,10
SOLUSDT,1785139200000,0.00007729,76.43967459,MARK_PRICE_EXACT_OPEN,1785139200000,0
SOLUSDT,1785168000001,0.00003835,75.2,MARK_PRICE_PREVIOUS_FALLBACK,1785168000000,1
SOLUSDT,1785196800000,-0.00003055,74.16186708,MARK_PRICE_EXACT_OPEN,1785196800000,0
SOLUSDT,1785225600000,-0.00013328,73.24648874,MARK_PRICE_EXACT_OPEN,1785225600000,0
SOLUSDT,1785254400000,-0.00004712,74.31059229,MARK_PRICE_EXACT_OPEN,1785254400000,0
SOLUSDT,1785283200000,0.00002994,73.77820853,MARK_PRICE_EXACT_OPEN,1785283200000,0
SOLUSDT,1785312000002,-8.2e-7,74.2325317,MARK_PRICE_PREVIOUS_FALLBACK,1785312000000,2
SOLUSDT,1785340800000,-0.00000376,73.09812524,MARK_PRICE_EXACT_OPEN,1785340800000,0
SOLUSDT,1785369600000,0.0000221,73.65,MARK_PRICE_EXACT_OPEN,1785369600000,0
SOLUSDT,1785398400000,0.00008517,73.39,MARK_PRICE_EXACT_OPEN,1785398400000,0
SOLUSDT,1785427200000,0.00005752,74.61,MARK_PRICE_EXACT_OPEN,1785427200000,0
SOLUSDT,1785456000003,0.00009768,74.5,MARK_PRICE_PREVIOUS_FALLBACK,1785456000000,3
SOLUSDT,1785484800000,0.00004606,73.64538025,MARK_PRICE_EXACT_OPEN,1785484800000,0
SOLUSDT,1785513600000,0.00003736,73.05718379,MARK_PRICE_EXACT_OPEN,1785513600000,0
